mass_1,mass_2,chi_1,chi_2,luminosity_distance,dec,ra,theta_jn,psi,phase,geocent_time,log_likelihood,log_prior,log_likelihood_eob
36.77129541345694,31.83856495959676,0.03005913014157284,-0.6110179393763366,400.0,-1.2108,1.375,0.4,2.659,1.3,1126259642.413,31.20147830194415,-7.8601850574721635,-36304.688644374546
58.85556665712693,30.65556971053001,0.6671654243581614,-0.438346634981111,400.0,-1.2108,1.375,0.4,2.659,1.3,1126259642.413,31.31959052356224,-7.8601850574721635,-36163.384560995895
39.98363028713911,33.95540049327275,0.1584990875753759,-0.16770457272046527,400.0,-1.2108,1.375,0.4,2.659,1.3,1126259642.413,31.62545105144134,-7.8601850574721635,-36710.6852753247
45.39489124999477,32.28123143883805,-0.4916290450837717,0.5843845352049597,400.0,-1.2108,1.375,0.4,2.659,1.3,1126259642.413,31.822643230060706,-7.8601850574721635,-36746.81246398856
49.64547351388468,33.36101133251296,-0.07140055230030068,0.5183904122033289,400.0,-1.2108,1.375,0.4,2.659,1.3,1126259642.413,32.828707610597505,-7.8601850574721635,-36931.06518293504
38.476149773241644,31.919845510657083,0.25640557898947847,-0.7583717450310206,400.0,-1.2108,1.375,0.4,2.659,1.3,1126259642.413,33.148047133533744,-7.8601850574721635,-36372.97922629611
40.85394150465081,40.7600405893979,0.758975526219526,-0.4454498760824339,400.0,-1.2108,1.375,0.4,2.659,1.3,1126259642.413,33.23057680337669,-7.8601850574721635,-37092.37925912824
35.002447999614745,31.601695033926184,-0.6874550528175443,-0.08617535384358319,400.0,-1.2108,1.375,0.4,2.659,1.3,1126259642.413,33.28256469427244,-7.8601850574721635,-36318.53360845205
57.506960290545564,31.170928088057973,0.447182262574938,0.006356580302400938,400.0,-1.2108,1.375,0.4,2.659,1.3,1126259642.413,33.52233552253108,-7.8601850574721635,-36919.030193887695
39.66668514469669,30.534282561529118,-0.2621258717212905,-0.14557874734808812,400.0,-1.2108,1.375,0.4,2.659,1.3,1126259642.413,33.58152320960393,-7.8601850574721635,-36490.10071858014
44.571062709016836,36.69618697908794,0.4946810066830161,-0.3436523748833633,400.0,-1.2108,1.375,0.4,2.659,1.3,1126259642.413,33.60121148045904,-7.8601850574721635,-37110.373846480485
45.240666542289496,33.8487795332126,0.45250062430116655,-0.6239391986547944,400.0,-1.2108,1.375,0.4,2.659,1.3,1126259642.413,33.62087406029829,-7.8601850574721635,-36837.41757380146
44.463680725123865,38.49954891791902,-0.04901288959144394,0.454057477195913,400.0,-1.2108,1.375,0.4,2.659,1.3,1126259642.413,33.81973433216071,-7.8601850574721635,-36972.0058746954
39.1728756261635,33.44506123642743,-0.4798119687355484,0.4457200329802723,400.0,-1.2108,1.375,0.4,2.659,1.3,1126259642.413,33.89136598978097,-7.8601850574721635,-36683.493758437406
33.302530616593046,32.9903905697783,-0.32200536924268297,-0.508951203381527,400.0,-1.2108,1.375,0.4,2.659,1.3,1126259642.413,34.03242960091242,-7.8601850574721635,-36197.303191987354
38.81903922702364,33.648001682960135,0.09918237085449885,-0.27681353849887846,400.0,-1.2108,1.375,0.4,2.659,1.3,1126259642.413,34.05315485274674,-7.8601850574721635,-36709.05073230721
52.30264144872496,34.04896683043191,0.23707366989278642,0.4319181295456589,400.0,-1.2108,1.375,0.4,2.659,1.3,1126259642.413,34.16683463628613,-7.8601850574721635,-37092.64155190739
38.07108088043864,32.76184631769911,0.03512648885016805,-0.41360473887549337,400.0,-1.2108,1.375,0.4,2.659,1.3,1126259642.413,34.275398123999494,-7.8601850574721635,-36494.43356338585
49.66234677262483,34.38040790158825,0.03831950904878824,0.4655858007453985,400.0,-1.2108,1.375,0.4,2.659,1.3,1126259642.413,34.31550583614191,-7.8601850574721635,-36828.79898081701
40.54733760919062,39.170038466645636,0.3579569475114383,-0.2747606325166242,400.0,-1.2108,1.375,0.4,2.659,1.3,1126259642.413,34.3737326685094,-7.8601850574721635,-36961.861267336455
37.00959853094483,32.059413006429715,-0.7757378161360006,0.34125427706110684,400.0,-1.2108,1.375,0.4,2.659,1.3,1126259642.413,34.3813238432896,-7.8601850574721635,-36434.6651852614
40.242629046488005,34.1293522683585,-0.22419404627096298,0.32852625882816033,400.0,-1.2108,1.375,0.4,2.659,1.3,1126259642.413,34.440176315301876,-7.8601850574721635,-36836.85736211176
48.82579089988623,34.781574534285966,0.5142191922121152,-0.30327878602541464,400.0,-1.2108,1.375,0.4,2.659,1.3,1126259642.413,34.45315793532991,-7.8601850574721635,-36806.09960358893
44.81969017389763,36.56957296641819,0.01189073257744936,0.28818302328235146,400.0,-1.2108,1.375,0.4,2.659,1.3,1126259642.413,34.50989433676652,-7.8601850574721635,-37058.09548597394
40.86441090525138,37.21773011993274,0.26299717714027265,-0.31860934495965915,400.0,-1.2108,1.375,0.4,2.659,1.3,1126259642.413,34.531714300124186,-7.8601850574721635,-36925.018703179565
51.13635552191882,36.08755630868364,0.22171074162187648,0.5491767998915745,400.0,-1.2108,1.375,0.4,2.659,1.3,1126259642.413,34.63491391409376,-7.8601850574721635,-36621.74948337046
52.126881170100894,34.40137154576049,0.49575655678759706,-0.04367381424311751,400.0,-1.2108,1.375,0.4,2.659,1.3,1126259642.413,34.6695428591907,-7.8601850574721635,-37411.069424224035
49.263599222653156,34.907600846649444,-0.13177924896808402,0.7774016985426395,400.0,-1.2108,1.375,0.4,2.659,1.3,1126259642.413,34.70237073200161,-7.8601850574721635,-37071.29317968439
60.93166835912899,30.065388506083302,0.3685258490824649,0.4049399500061609,400.0,-1.2108,1.375,0.4,2.659,1.3,1126259642.413,34.76911456654979,-7.8601850574721635,-37024.65858614623
36.928677542771084,31.60728196021006,-0.18995651158353052,-0.4601668374771123,400.0,-1.2108,1.375,0.4,2.659,1.3,1126259642.413,34.79397508287568,-7.8601850574721635,-36279.282969310916
39.00625624205748,35.267261721149275,-0.4085312611087244,0.5167717202982852,400.0,-1.2108,1.375,0.4,2.659,1.3,1126259642.413,34.83008082140204,-7.8601850574721635,-36859.234285430204
48.54642546403001,30.836143637731116,0.38292170240235585,-0.7077747613773752,400.0,-1.2108,1.375,0.4,2.659,1.3,1126259642.413,34.84473423897782,-7.8601850574721635,-36741.604673531765
53.6034882737243,33.185245656683556,0.045772519049754656,0.7727531077659544,400.0,-1.2108,1.375,0.4,2.659,1.3,1126259642.413,34.88240908341143,-7.8601850574721635,-37096.823296886134
42.696645852913726,39.965549400450534,0.516092073886021,-0.18243371066556197,400.0,-1.2108,1.375,0.4,2.659,1.3,1126259642.413,34.90330807305169,-7.8601850574721635,-37020.25189193892
32.301656369583725,31.24181063241001,-0.784278388026523,-0.46969410121240934,400.0,-1.2108,1.375,0.4,2.659,1.3,1126259642.413,34.90698569752199,-7.8601850574721635,-35956.41306805637
44.12257474205607,34.219244876799344,0.45467591640168165,-0.6580506594675641,400.0,-1.2108,1.375,0.4,2.659,1.3,1126259642.413,34.90929321780981,-7.8601850574721635,-36873.80134170507
48.41475675183722,38.08268281946998,0.23352707288257032,0.5172731553336893,400.0,-1.2108,1.375,0.4,2.659,1.3,1126259642.413,34.951638302135365,-7.8601850574721635,-36689.64852821945
39.895829937339784,32.838094815146846,-0.4181667720031165,0.3994007977696149,400.0,-1.2108,1.375,0.4,2.659,1.3,1126259642.413,34.98078906703491,-7.8601850574721635,-36667.94455408714
49.15212175666685,31.236006501477014,0.10490425180797239,-0.11356248897716467,400.0,-1.2108,1.375,0.4,2.659,1.3,1126259642.413,35.0173064535733,-7.8601850574721635,-36749.794891137455
36.82737985970487,35.8258243039585,0.4713266873032039,-0.5539579934632635,400.0,-1.2108,1.375,0.4,2.659,1.3,1126259642.413,35.02307704846066,-7.8601850574721635,-36669.46526316733
50.38793341003702,35.5137881021967,0.32734359424850923,0.17978860946282246,400.0,-1.2108,1.375,0.4,2.659,1.3,1126259642.413,35.09306791895693,-7.8601850574721635,-37268.625752770095
40.51404702275447,32.204620421940646,0.28758802532732464,-0.5005401149444674,400.0,-1.2108,1.375,0.4,2.659,1.3,1126259642.413,35.1160953538145,-7.8601850574721635,-36677.72927048498
49.68183888128121,32.124228158153045,-0.0659624686886209,0.41537320673506783,400.0,-1.2108,1.375,0.4,2.659,1.3,1126259642.413,35.13236039359212,-7.8601850574721635,-36854.0918754529
36.99103303735153,35.58795456048866,-0.7350872816138747,0.6725009967582719,400.0,-1.2108,1.375,0.4,2.659,1.3,1126259642.413,35.138247028093375,-7.8601850574721635,-36678.39212921196
43.04031416799843,40.741840685988485,-0.19368940310405347,0.7277397091199206,400.0,-1.2108,1.375,0.4,2.659,1.3,1126259642.413,35.14430067787269,-7.8601850574721635,-37391.73804634434
42.385604929403286,31.985759564954495,-0.21167922853822993,0.3734975906040813,400.0,-1.2108,1.375,0.4,2.659,1.3,1126259642.413,35.14703767717793,-7.8601850574721635,-36649.56759945621
49.560674566652224,35.91827532515598,0.3642034195673309,0.09992388076513108,400.0,-1.2108,1.375,0.4,2.659,1.3,1126259642.413,35.17104249197617,-7.8601850574721635,-36965.04316028456
46.68532453542167,37.86300419531082,0.455248434728309,-0.04084581413192637,400.0,-1.2108,1.375,0.4,2.659,1.3,1126259642.413,35.176148054396535,-7.8601850574721635,-36981.63430138247
43.83946479572792,38.98327216895772,-0.0978969337484688,0.5051283249781742,400.0,-1.2108,1.375,0.4,2.659,1.3,1126259642.413,35.19589299848712,-7.8601850574721635,-36985.41534419018
46.35971472902235,36.282416058656274,0.04208129007606358,0.33123111756145596,400.0,-1.2108,1.375,0.4,2.659,1.3,1126259642.413,35.20911247829194,-7.8601850574721635,-37125.746973481
49.79357470564629,35.20515344173737,0.6209303121356561,-0.374326340758649,400.0,-1.2108,1.375,0.4,2.659,1.3,1126259642.413,35.25299900151947,-7.8601850574721635,-37010.15244025247
56.24547704816599,32.00868470742648,0.2734719074635883,0.4810106479613866,400.0,-1.2108,1.375,0.4,2.659,1.3,1126259642.413,35.281646941113394,-7.8601850574721635,-36869.84907757816
53.69961083357205,31.731065219842126,0.11393762540031212,0.47359566303304057,400.0,-1.2108,1.375,0.4,2.659,1.3,1126259642.413,35.28747780550936,-7.8601850574721635,-36822.33257554901
40.35246092332268,39.54535537739521,-0.18737562290170776,0.3757192881859938,400.0,-1.2108,1.375,0.4,2.659,1.3,1126259642.413,35.30376574393514,-7.8601850574721635,-36961.80388466495
33.85895064121662,32.435038454047806,-0.16615210365840277,-0.689695880566744,400.0,-1.2108,1.375,0.4,2.659,1.3,1126259642.413,35.33487644923593,-7.8601850574721635,-36186.71180983957
41.41045375303595,40.3376808665536,0.5237375812018754,-0.2067986793324483,400.0,-1.2108,1.375,0.4,2.659,1.3,1126259642.413,35.36874705132205,-7.8601850574721635,-37138.64341235724
46.662501416904824,37.18799507850889,0.33390816199120876,0.1176424671171406,400.0,-1.2108,1.375,0.4,2.659,1.3,1126259642.413,35.381173587196926,-7.8601850574721635,-37353.61390828867
45.50876447881426,38.25541529542095,0.3645184337786068,0.07435012952386713,400.0,-1.2108,1.375,0.4,2.659,1.3,1126259642.413,35.395393678636694,-7.8601850574721635,-37392.42668577193
49.14259157309776,34.667095785354924,0.40725878090881995,-0.14705224483754512,400.0,-1.2108,1.375,0.4,2.659,1.3,1126259642.413,35.39759453343591,-7.8601850574721635,-36803.658844948186
42.008356297266744,36.941556865597065,0.05261366777409202,-0.019560658683627732,400.0,-1.2108,1.375,0.4,2.659,1.3,1126259642.413,35.40751203019934,-7.8601850574721635,-37027.59387133251
38.10013226131743,32.96222303519254,0.28354244446312127,-0.5855122131497122,400.0,-1.2108,1.375,0.4,2.659,1.3,1126259642.413,35.42646079117541,-7.8601850574721635,-36588.77371386158
37.35438864446008,34.42999291562815,-0.06536155837559501,-0.08952944838576571,400.0,-1.2108,1.375,0.4,2.659,1.3,1126259642.413,35.44224053378592,-7.8601850574721635,-36639.20270776612
53.908568436252125,33.64801773476414,0.57519856681852,-0.11127570082382066,400.0,-1.2108,1.375,0.4,2.659,1.3,1126259642.413,35.4634669517782,-7.8601850574721635,-36783.36125104855
45.408261214519705,35.40271440533717,-0.3765222212162061,0.7172357326911414,400.0,-1.2108,1.375,0.4,2.659,1.3,1126259642.413,35.48261801588271,-7.8601850574721635,-37052.85577294098
54.02871001259215,32.766531536132426,0.6485786431701998,-0.4016102115300629,400.0,-1.2108,1.375,0.4,2.659,1.3,1126259642.413,35.48546840410816,-7.8601850574721635,-36853.60002284951
44.75196992487145,39.556368212047595,0.5824660703407606,-0.15555325339383036,400.0,-1.2108,1.375,0.4,2.659,1.3,1126259642.413,35.488217240162754,-7.8601850574721635,-37022.62129209808
36.42411327175617,30.494631275496104,-0.18425495578508194,-0.6852869938744476,400.0,-1.2108,1.375,0.4,2.659,1.3,1126259642.413,35.49114086901845,-7.8601850574721635,-36302.50429911554
50.5984148070641,35.251461915086026,0.10895453242063821,0.5557217252989731,400.0,-1.2108,1.375,0.4,2.659,1.3,1126259642.413,35.49386142677031,-7.8601850574721635,-37107.09691990829
38.99608451979792,32.14602417963273,0.29596893236268945,-0.683878947089158,400.0,-1.2108,1.375,0.4,2.659,1.3,1126259642.413,35.500547727221196,-7.8601850574721635,-36558.33702853741
52.1288771133414,33.14310860804231,0.446822127567541,-0.17347615639838176,400.0,-1.2108,1.375,0.4,2.659,1.3,1126259642.413,35.50380141595441,-7.8601850574721635,-37190.684665862405
51.9249178107835,33.94874509409211,0.08371912653268801,0.6140154811620988,400.0,-1.2108,1.375,0.4,2.659,1.3,1126259642.413,35.52229888680252,-7.8601850574721635,-36676.54980060285
43.214434631393374,37.72445856618284,0.4337791429137122,-0.3204601201639051,400.0,-1.2108,1.375,0.4,2.659,1.3,1126259642.413,35.530113516619835,-7.8601850574721635,-37206.81374350757
40.94928028807581,31.044524498712086,-0.4835636713004355,0.4910534437968412,400.0,-1.2108,1.375,0.4,2.659,1.3,1126259642.413,35.559422026696595,-7.8601850574721635,-36521.37589586167
44.164887895695,40.78916680476827,-0.09152112247059921,0.6730612408155912,400.0,-1.2108,1.375,0.4,2.659,1.3,1126259642.413,35.57429908714467,-7.8601850574721635,-37455.04092642198
46.89929457811419,33.09585232340856,0.0003068628860574685,0.08502140456915844,400.0,-1.2108,1.375,0.4,2.659,1.3,1126259642.413,35.586981514020906,-7.8601850574721635,-36941.49515889722
57.0761167724062,32.54245402731936,0.4932647442401289,0.15147378090547853,400.0,-1.2108,1.375,0.4,2.659,1.3,1126259642.413,35.598546364343775,-7.8601850574721635,-37556.86035935807
59.10567747697137,31.42685073928783,0.3656715215092501,0.4542123856984963,400.0,-1.2108,1.375,0.4,2.659,1.3,1126259642.413,35.61642022142725,-7.8601850574721635,-37450.76872615611
50.406109080212566,36.41743446328237,0.26956980095072336,0.4376375326598501,400.0,-1.2108,1.375,0.4,2.659,1.3,1126259642.413,35.62223684480801,-7.8601850574721635,-36631.64644264053
33.47870486737857,30.1777361491155,-0.5108149022184604,-0.733429456679781,400.0,-1.2108,1.375,0.4,2.659,1.3,1126259642.413,35.646719670568395,-7.8601850574721635,-35964.15953218643
47.83868497798064,33.962732544823695,0.3314793018661111,-0.26891474624377426,400.0,-1.2108,1.375,0.4,2.659,1.3,1126259642.413,35.649833846852175,-7.8601850574721635,-37047.416814209406
39.733572983215474,39.03842331621202,-0.10773722094136066,0.17914075140059804,400.0,-1.2108,1.375,0.4,2.659,1.3,1126259642.413,35.67906252837393,-7.8601850574721635,-37036.44913880572
38.92588926472592,33.50256899949925,0.2030434375277783,-0.3545628878012784,400.0,-1.2108,1.375,0.4,2.659,1.3,1126259642.413,35.702975718783705,-7.8601850574721635,-36712.31731307699
41.853447710171686,31.75435995002804,-0.22277871999596363,0.32865051306320797,400.0,-1.2108,1.375,0.4,2.659,1.3,1126259642.413,35.710744950212856,-7.8601850574721635,-36606.43910629487
43.04224002100512,30.871523502732476,-0.07705780206510453,0.1597107004072467,400.0,-1.2108,1.375,0.4,2.659,1.3,1126259642.413,35.71383314407244,-7.8601850574721635,-36578.896442719284
47.96020341548111,33.39776188847078,0.29651440450406036,-0.22864602975200152,400.0,-1.2108,1.375,0.4,2.659,1.3,1126259642.413,35.75167590562444,-7.8601850574721635,-36960.484038251634
50.59438271638793,30.919566311070046,-0.15999100821083417,0.5310290492801133,400.0,-1.2108,1.375,0.4,2.659,1.3,1126259642.413,35.76237989079796,-7.8601850574721635,-36692.415807624006
51.39266740641617,33.65079929454239,0.578931420388739,-0.3546024886084188,400.0,-1.2108,1.375,0.4,2.659,1.3,1126259642.413,35.809695535420396,-7.8601850574721635,-37229.73887524362
41.609775609345476,38.17124511052873,0.596549991649153,-0.5147450129086487,400.0,-1.2108,1.375,0.4,2.659,1.3,1126259642.413,35.81395097337107,-7.8601850574721635,-36954.39673175672
54.02240240053785,33.428080379478516,0.5999036389658217,-0.190698184416601,400.0,-1.2108,1.375,0.4,2.659,1.3,1126259642.413,35.83740837517111,-7.8601850574721635,-37087.52705753925
37.443337501397025,35.35854593934714,0.2963720041702854,-0.35951516946005874,400.0,-1.2108,1.375,0.4,2.659,1.3,1126259642.413,35.857538847307694,-7.8601850574721635,-36658.36889035531
45.04621504205458,38.91002230543964,0.4127587365710387,0.03973270652058759,400.0,-1.2108,1.375,0.4,2.659,1.3,1126259642.413,35.86820356752355,-7.8601850574721635,-37347.735054734505
42.005613895897945,40.89534148729876,0.6654276824660788,-0.23853548210422354,400.0,-1.2108,1.375,0.4,2.659,1.3,1126259642.413,35.88606196287142,-7.8601850574721635,-37033.26498176891
40.24588854628676,40.03500917888327,-0.43238374544038594,0.6199107390567942,400.0,-1.2108,1.375,0.4,2.659,1.3,1126259642.413,35.89416340075214,-7.8601850574721635,-37121.69312520414
48.06970382001237,35.115447246507294,0.5392139335205264,-0.3638928257981174,400.0,-1.2108,1.375,0.4,2.659,1.3,1126259642.413,35.91122890547733,-7.8601850574721635,-36970.00908349262
56.292053986198496,31.22154708993629,0.2052334243546691,0.4766005770063091,400.0,-1.2108,1.375,0.4,2.659,1.3,1126259642.413,35.913099329763085,-7.8601850574721635,-36570.49210762476
48.61840718312171,37.95885308902345,0.6253020070560069,-0.05187050788910146,400.0,-1.2108,1.375,0.4,2.659,1.3,1126259642.413,35.92541462780669,-7.8601850574721635,-36665.34012331099
47.58498388874724,36.197344868088784,0.43652146388962787,-0.10382399331208841,400.0,-1.2108,1.375,0.4,2.659,1.3,1126259642.413,35.93867803472445,-7.8601850574721635,-37100.46032417141
39.543579184499876,33.69721271657854,-0.0818850046523196,0.08231933983270397,400.0,-1.2108,1.375,0.4,2.659,1.3,1126259642.413,35.94661995892838,-7.8601850574721635,-36662.51401176596
43.822910554065075,37.0304813131342,0.23972404577848305,-0.07127377500463583,400.0,-1.2108,1.375,0.4,2.659,1.3,1126259642.413,35.956807365750876,-7.8601850574721635,-37213.78754863108
54.37201447039564,32.701673632562795,0.1337433825683999,0.6110588132862066,400.0,-1.2108,1.375,0.4,2.659,1.3,1126259642.413,35.973636133485726,-7.8601850574721635,-37123.79109095572
39.710502722181516,32.41584576687012,0.06802050027501608,-0.23657202683578676,400.0,-1.2108,1.375,0.4,2.659,1.3,1126259642.413,35.98502107659096,-7.8601850574721635,-36624.93937635338
34.55190626268649,31.379906813337332,-0.30605452398329214,-0.5951296729246839,400.0,-1.2108,1.375,0.4,2.659,1.3,1126259642.413,35.991150028611926,-7.8601850574721635,-36108.156031021506
38.362521563974965,30.86612452420905,-0.13352532023921176,-0.35517358219036294,400.0,-1.2108,1.375,0.4,2.659,1.3,1126259642.413,36.00945161112941,-7.8601850574721635,-36400.72559365606
39.27320608108661,32.54330232993417,0.449731757533399,-0.7500846480493519,400.0,-1.2108,1.375,0.4,2.659,1.3,1126259642.413,36.021699468438236,-7.8601850574721635,-36569.11831011021
49.49825831400038,31.51547870557904,-0.04868781122882945,0.27432781422776004,400.0,-1.2108,1.375,0.4,2.659,1.3,1126259642.413,36.02608196309253,-7.8601850574721635,-36814.65408924391
47.41371020290114,37.336491012898,0.432781633356632,0.00017574669105958896,400.0,-1.2108,1.375,0.4,2.659,1.3,1126259642.413,36.04748500981148,-7.8601850574721635,-36915.54195245926
42.59813086693256,41.08935857141452,-0.15911759584748042,0.6804189666211065,400.0,-1.2108,1.375,0.4,2.659,1.3,1126259642.413,36.06576177071348,-7.8601850574721635,-37429.38672853256
47.81553709935055,36.40354955495952,0.15526234001309658,0.39429829488994333,400.0,-1.2108,1.375,0.4,2.659,1.3,1126259642.413,36.066908807006065,-7.8601850574721635,-37352.573144594906
39.938815051428804,33.96116114885604,-0.25842555098683295,0.33142645073011473,400.0,-1.2108,1.375,0.4,2.659,1.3,1126259642.413,36.070475765066874,-7.8601850574721635,-36704.15383625089
34.277235992016,31.638305423201658,-0.5326654939990869,-0.35038064263844615,400.0,-1.2108,1.375,0.4,2.659,1.3,1126259642.413,36.07644253881475,-7.8601850574721635,-36105.89774902176
40.94502483737761,38.04055429213123,0.6234218272633913,-0.6560591516748049,400.0,-1.2108,1.375,0.4,2.659,1.3,1126259642.413,36.08227475821349,-7.8601850574721635,-37067.00261565666
46.62224326655809,36.53740610369167,0.5750998840039218,-0.33627230551537896,400.0,-1.2108,1.375,0.4,2.659,1.3,1126259642.413,36.086800920715476,-7.8601850574721635,-36912.16936560382
48.11615652314286,36.327350315576425,0.3173183128007173,0.12465815296479552,400.0,-1.2108,1.375,0.4,2.659,1.3,1126259642.413,36.11544508316433,-7.8601850574721635,-37253.135070441116
39.465107086638874,34.83093599750723,-0.6509173384714694,0.7933517628458717,400.0,-1.2108,1.375,0.4,2.659,1.3,1126259642.413,36.11578305424557,-7.8601850574721635,-36851.21910098311
41.040696423589935,39.42791653597726,-0.21751116948055807,0.4475680213466513,400.0,-1.2108,1.375,0.4,2.659,1.3,1126259642.413,36.12559225159619,-7.8601850574721635,-37211.252017489205
37.18298158150858,33.152177520712954,0.05465974708852019,-0.4161396388807476,400.0,-1.2108,1.375,0.4,2.659,1.3,1126259642.413,36.12563940183058,-7.8601850574721635,-36375.79097126823
47.86110744804916,36.10878060602335,0.6392040798667009,-0.4308599438303424,400.0,-1.2108,1.375,0.4,2.659,1.3,1126259642.413,36.126578125693285,-7.8601850574721635,-37240.84455970252
44.155187136902796,38.168297291694,0.09496821699758341,0.2555047562906433,400.0,-1.2108,1.375,0.4,2.659,1.3,1126259642.413,36.13505666956581,-7.8601850574721635,-37178.062267175555
45.10050143990267,34.64977865074627,0.4891427370009337,-0.5794602143893521,400.0,-1.2108,1.375,0.4,2.659,1.3,1126259642.413,36.135773071707234,-7.8601850574721635,-37006.39802529288
36.31884168478743,35.49620780618804,0.1730867441792382,-0.32140332285576967,400.0,-1.2108,1.375,0.4,2.659,1.3,1126259642.413,36.13761113092987,-7.8601850574721635,-36672.491922325804
44.87110395845439,37.48337548977454,-0.0658091936012278,0.45004760524779847,400.0,-1.2108,1.375,0.4,2.659,1.3,1126259642.413,36.13808308872827,-7.8601850574721635,-37176.56349921538
49.38776503358501,32.137486133881005,0.3170684222650896,-0.2931888048161512,400.0,-1.2108,1.375,0.4,2.659,1.3,1126259642.413,36.14869663828136,-7.8601850574721635,-36732.23573990217
38.85444164036781,32.080154929790424,0.26837389613292273,-0.607476750171159,400.0,-1.2108,1.375,0.4,2.659,1.3,1126259642.413,36.1970116208996,-7.8601850574721635,-36474.474412660136
44.490796528363774,35.07167488365933,0.2605838665559379,-0.27968293232793273,400.0,-1.2108,1.375,0.4,2.659,1.3,1126259642.413,36.19933478137389,-7.8601850574721635,-37022.62006505172
46.12304411035457,35.19116170008491,-0.16248993605161846,0.4970694941821747,400.0,-1.2108,1.375,0.4,2.659,1.3,1126259642.413,36.20362344849529,-7.8601850574721635,-37147.65894378176
35.51278875224199,33.87245960243314,-0.4304033781131929,-0.08210386569777109,400.0,-1.2108,1.375,0.4,2.659,1.3,1126259642.413,36.211679027057315,-7.8601850574721635,-36518.58482516249
44.76792537465819,37.30904923626355,0.4981889136891459,-0.32899425546312094,400.0,-1.2108,1.375,0.4,2.659,1.3,1126259642.413,36.21244608578709,-7.8601850574721635,-37127.92347773968
42.588653426815405,41.443959221083674,-0.17985060414781687,0.7037002100736955,400.0,-1.2108,1.375,0.4,2.659,1.3,1126259642.413,36.2304727731687,-7.8601850574721635,-37178.59357013671
46.11052911296281,37.01317320323998,-0.14462729590478893,0.6567347302560425,400.0,-1.2108,1.375,0.4,2.659,1.3,1126259642.413,36.23610193044824,-7.8601850574721635,-36911.2880762862
43.44540947044523,39.24068182478331,-0.12340870031165228,0.5532661794006839,400.0,-1.2108,1.375,0.4,2.659,1.3,1126259642.413,36.23727732487761,-7.8601850574721635,-37011.55077103421
43.9662991349951,35.16452717830041,0.4137786246522338,-0.47666565007724526,400.0,-1.2108,1.375,0.4,2.659,1.3,1126259642.413,36.24180809334138,-7.8601850574721635,-36962.75453904149
35.38688259006635,30.113640414835572,-0.2629838395757992,-0.7036695991419826,400.0,-1.2108,1.375,0.4,2.659,1.3,1126259642.413,36.25618652364062,-7.8601850574721635,-36104.755985424825
41.91016808639659,31.86267827953284,-0.5108185464375968,0.7307700664652884,400.0,-1.2108,1.375,0.4,2.659,1.3,1126259642.413,36.25665313003785,-7.8601850574721635,-36623.480951376136
38.03538368602694,31.694609218471584,-0.5915614563378915,0.22360049771676221,400.0,-1.2108,1.375,0.4,2.659,1.3,1126259642.413,36.301079587180254,-7.8601850574721635,-36509.34311736939
40.42550063168907,38.650346129820264,-0.17645996200285283,0.2726372171045646,400.0,-1.2108,1.375,0.4,2.659,1.3,1126259642.413,36.31251436791308,-7.8601850574721635,-37084.86214414432
48.218472745115214,34.755587512317994,0.6629637407538103,-0.6530310036974644,400.0,-1.2108,1.375,0.4,2.659,1.3,1126259642.413,36.316145069078885,-7.8601850574721635,-37075.628075261746
55.488427357136274,31.86726266970603,0.3992872393922244,0.10034477471982386,400.0,-1.2108,1.375,0.4,2.659,1.3,1126259642.413,36.327029955804996,-7.8601850574721635,-36905.75201901723
36.01390333129032,35.503587368483586,0.2730164884325139,-0.49327115154826207,400.0,-1.2108,1.375,0.4,2.659,1.3,1126259642.413,36.32837355089963,-7.8601850574721635,-36604.321703877846
44.79029883197671,39.93046635037149,-0.0485034936662702,0.61740124851169,400.0,-1.2108,1.375,0.4,2.659,1.3,1126259642.413,36.329746498722265,-7.8601850574721635,-37111.12487143778
45.95545238099748,34.46773614829057,0.1697352170947891,-0.06477324512699068,400.0,-1.2108,1.375,0.4,2.659,1.3,1126259642.413,36.338669869480654,-7.8601850574721635,-36841.05632123712
45.96633062299094,37.30501991408394,0.018802425070009895,0.45013507396319835,400.0,-1.2108,1.375,0.4,2.659,1.3,1126259642.413,36.34073913106226,-7.8601850574721635,-36969.30041104504
54.6240469531926,32.95684787874829,0.46200572962399444,0.02896286301350748,400.0,-1.2108,1.375,0.4,2.659,1.3,1126259642.413,36.34292855137843,-7.8601850574721635,-37164.71408473855
52.62702942043971,32.36194219327278,0.4821463022690671,-0.29088968699828743,400.0,-1.2108,1.375,0.4,2.659,1.3,1126259642.413,36.350028572936,-7.8601850574721635,-36756.66058958452
36.59612839727409,33.15748195844465,-0.1748970867938162,-0.3088296114725005,400.0,-1.2108,1.375,0.4,2.659,1.3,1126259642.413,36.35757623586684,-7.8601850574721635,-36538.57016411508
46.91630911346968,36.67499015240124,0.5884323516477781,-0.294793474232858,400.0,-1.2108,1.375,0.4,2.659,1.3,1126259642.413,36.36641378286515,-7.8601850574721635,-37080.51088715767
49.449259272880106,32.7972814983722,0.565206601581324,-0.6383129892998174,400.0,-1.2108,1.375,0.4,2.659,1.3,1126259642.413,36.36665050117061,-7.8601850574721635,-36980.77654418918
45.01296390717187,33.89764279926449,0.33783981906439686,-0.48208679071806765,400.0,-1.2108,1.375,0.4,2.659,1.3,1126259642.413,36.371645954513035,-7.8601850574721635,-36827.15277532006
35.17960363780151,30.735688373668804,-0.5322333507968902,-0.35529513012212866,400.0,-1.2108,1.375,0.4,2.659,1.3,1126259642.413,36.37767988122786,-7.8601850574721635,-36169.709119903884
40.25643224159755,32.773644644945314,-0.3824159435328124,0.3890396373464541,400.0,-1.2108,1.375,0.4,2.659,1.3,1126259642.413,36.37777326806083,-7.8601850574721635,-36621.462218052904
47.598414864257144,35.24407662216964,-0.1799487510570904,0.7113416587884465,400.0,-1.2108,1.375,0.4,2.659,1.3,1126259642.413,36.38043928099121,-7.8601850574721635,-37096.97603457442
51.319993378545675,34.31179522958524,0.38719208362290286,0.046371942553706524,400.0,-1.2108,1.375,0.4,2.659,1.3,1126259642.413,36.382272564459484,-7.8601850574721635,-36708.199305216214
49.500626834844596,35.899287442829824,0.05665351986018206,0.6225861213885605,400.0,-1.2108,1.375,0.4,2.659,1.3,1126259642.413,36.38483165377896,-7.8601850574721635,-36894.32528631279
45.93092230910469,33.8377001259237,0.1086427658874539,-0.0849975777136361,400.0,-1.2108,1.375,0.4,2.659,1.3,1126259642.413,36.39714900766177,-7.8601850574721635,-36979.436498355775
39.244456089048285,31.046031135031235,-0.736870754128264,0.49131305789363233,400.0,-1.2108,1.375,0.4,2.659,1.3,1126259642.413,36.39730750285923,-7.8601850574721635,-36457.10029164711
38.10470953571788,32.61559277055318,0.42726348811206394,-0.7991932835519284,400.0,-1.2108,1.375,0.4,2.659,1.3,1126259642.413,36.40632432469106,-7.8601850574721635,-36429.94511884619
54.57801730242335,30.004207611015964,0.42399511559871006,-0.4259780502419098,400.0,-1.2108,1.375,0.4,2.659,1.3,1126259642.413,36.417071763626105,-7.8601850574721635,-36682.17019844684
42.905500916019975,36.776458346900945,-0.17848374080359775,0.3045347002907538,400.0,-1.2108,1.375,0.4,2.659,1.3,1126259642.413,36.433797924222965,-7.8601850574721635,-36990.37702471863
56.09931238824358,32.65938018629819,0.20175329154817465,0.7140712564022798,400.0,-1.2108,1.375,0.4,2.659,1.3,1126259642.413,36.43410014240985,-7.8601850574721635,-36404.79519320601
55.811132879215954,30.841988704848575,0.685649204815341,-0.7432976088409097,400.0,-1.2108,1.375,0.4,2.659,1.3,1126259642.413,36.45054166739795,-7.8601850574721635,-36949.463755632714
50.89046043365431,35.51619767953087,0.738689826749834,-0.43169959960354437,400.0,-1.2108,1.375,0.4,2.659,1.3,1126259642.413,36.45473726425793,-7.8601850574721635,-37436.852205463045
41.749973216870174,40.181697442937796,0.2429599733811617,0.09878344041642059,400.0,-1.2108,1.375,0.4,2.659,1.3,1126259642.413,36.45998577231002,-7.8601850574721635,-37207.92197970403
53.30153411295999,31.631017595438962,0.39677448266981563,-0.18557277984544063,400.0,-1.2108,1.375,0.4,2.659,1.3,1126259642.413,36.46122403205459,-7.8601850574721635,-36549.77354159051
38.90051343140624,33.708806645817624,-0.7262285793442963,0.6763041549134046,400.0,-1.2108,1.375,0.4,2.659,1.3,1126259642.413,36.461775517326075,-7.8601850574721635,-36683.2009949262
41.77424848409831,38.90302692637225,-0.08870546422278167,0.29677938434948775,400.0,-1.2108,1.375,0.4,2.659,1.3,1126259642.413,36.46316941965896,-7.8601850574721635,-37239.1619086373
36.322200429403615,34.77708961723123,0.09569014520920607,-0.30933010562416347,400.0,-1.2108,1.375,0.4,2.659,1.3,1126259642.413,36.465559618399894,-7.8601850574721635,-36626.192326260716
39.49278976501978,39.25146096183744,-0.6186490242202622,0.6750656942407856,400.0,-1.2108,1.375,0.4,2.659,1.3,1126259642.413,36.47416242750475,-7.8601850574721635,-37032.24692478584
40.93718526126065,31.08851885266212,-0.02055509234069544,-0.20418701420043572,400.0,-1.2108,1.375,0.4,2.659,1.3,1126259642.413,36.47887886855556,-7.8601850574721635,-36522.33497227661
50.15497283948879,31.10896314501116,-0.09027423967538215,0.38303787895483443,400.0,-1.2108,1.375,0.4,2.659,1.3,1126259642.413,36.49417440782802,-7.8601850574721635,-36762.37118459965
44.16955345763407,38.86921764085997,0.7327598951445052,-0.41265536008938747,400.0,-1.2108,1.375,0.4,2.659,1.3,1126259642.413,36.495998604318274,-7.8601850574721635,-37011.0122147765
47.18819190411733,36.08882818867732,0.7153127788898634,-0.5715596504009626,400.0,-1.2108,1.375,0.4,2.659,1.3,1126259642.413,36.500879555560076,-7.8601850574721635,-36869.666739572756
34.70366462252278,34.45869812967249,-0.5050218093467893,-0.0331950568259767,400.0,-1.2108,1.375,0.4,2.659,1.3,1126259642.413,36.503847350709876,-7.8601850574721635,-36483.248110464985
50.6923278878203,35.028034350074364,0.09349113757706184,0.5685265683156719,400.0,-1.2108,1.375,0.4,2.659,1.3,1126259642.413,36.5054163603496,-7.8601850574721635,-36876.17919556309
41.63019292752862,37.59699643964853,0.4860468001797743,-0.49153022421906684,400.0,-1.2108,1.375,0.4,2.659,1.3,1126259642.413,36.5054662283276,-7.8601850574721635,-37077.47834811683
54.02298822884877,32.55537090903145,0.2723863011321782,0.29976695219851185,400.0,-1.2108,1.375,0.4,2.659,1.3,1126259642.413,36.526082335070065,-7.8601850574721635,-36577.49991917197
45.973623649805596,37.28164061944661,0.19012336776281485,0.2174649505087405,400.0,-1.2108,1.375,0.4,2.659,1.3,1126259642.413,36.52845923647105,-7.8601850574721635,-36960.73702286112
43.764584925491626,35.965482114987985,0.6398691806512057,-0.7072204656284682,400.0,-1.2108,1.375,0.4,2.659,1.3,1126259642.413,36.532922978983024,-7.8601850574721635,-36987.94760042079
46.66627177147244,33.94678583199143,-0.13820969602051036,0.3914613941770493,400.0,-1.2108,1.375,0.4,2.659,1.3,1126259642.413,36.54611979773896,-7.8601850574721635,-36803.99141640874
51.049519103517014,32.13189250590197,0.06365848884106338,0.3285363157410576,400.0,-1.2108,1.375,0.4,2.659,1.3,1126259642.413,36.54803293612521,-7.8601850574721635,-36752.84492204845
54.52039891100412,30.362117205651707,0.44789806579682856,-0.4251538009260106,400.0,-1.2108,1.375,0.4,2.659,1.3,1126259642.413,36.55222828233747,-7.8601850574721635,-36819.50460736533
47.21307899840487,37.17113852443346,0.3848497211270434,0.07163861571894782,400.0,-1.2108,1.375,0.4,2.659,1.3,1126259642.413,36.553755937361785,-7.8601850574721635,-37174.6512788881
40.175339383598846,39.116678090195,-0.5023668302208524,0.6059757081162891,400.0,-1.2108,1.375,0.4,2.659,1.3,1126259642.413,36.57341074398168,-7.8601850574721635,-37071.71944891405
50.67817702840341,32.29746472745838,0.15340753700873844,0.14005761153178972,400.0,-1.2108,1.375,0.4,2.659,1.3,1126259642.413,36.58142056938906,-7.8601850574721635,-36757.23850142145
43.60901349145774,39.256480784772975,0.4637436875820661,-0.13350004958094872,400.0,-1.2108,1.375,0.4,2.659,1.3,1126259642.413,36.58669596235762,-7.8601850574721635,-36981.33759150658
43.086271976931094,40.697319739837454,0.7232675286641518,-0.26846902128469186,400.0,-1.2108,1.375,0.4,2.659,1.3,1126259642.413,36.600289493716275,-7.8601850574721635,-37385.48877233449
43.41725244130533,40.7159040737284,0.23369300408869698,0.2889168084261463,400.0,-1.2108,1.375,0.4,2.659,1.3,1126259642.413,36.610916254333844,-7.8601850574721635,-37103.25775449238
43.70563142826509,38.3220835567178,0.6465648491490766,-0.46736665085447204,400.0,-1.2108,1.375,0.4,2.659,1.3,1126259642.413,36.61765416410337,-7.8601850574721635,-37158.754342720844
55.45338102800741,30.731910989994315,0.3531514313532278,-0.06420074051751991,400.0,-1.2108,1.375,0.4,2.659,1.3,1126259642.413,36.61879903001838,-7.8601850574721635,-36880.49404170578
48.981599673524,35.929161982367816,0.38212214960236496,0.03976639711888233,400.0,-1.2108,1.375,0.4,2.659,1.3,1126259642.413,36.63227081742265,-7.8601850574721635,-36937.29773476822
46.50628857491653,36.26255951072246,0.2536338684856649,0.06825223553423676,400.0,-1.2108,1.375,0.4,2.659,1.3,1126259642.413,36.64802945795751,-7.8601850574721635,-37089.86078356988
33.09284533135367,31.898087460616004,-0.2753881675248978,-0.7513084103509802,400.0,-1.2108,1.375,0.4,2.659,1.3,1126259642.413,36.64824809365896,-7.8601850574721635,-35842.54726521564
51.375583045350496,33.157856659461864,0.5031353726927936,-0.34524870430358295,400.0,-1.2108,1.375,0.4,2.659,1.3,1126259642.413,36.65355254284209,-7.8601850574721635,-36757.7934198074
46.82435286349337,36.14909863049043,-0.027241460250278307,0.517339887075293,400.0,-1.2108,1.375,0.4,2.659,1.3,1126259642.413,36.65423170583639,-7.8601850574721635,-36995.89630828765
42.16346710528437,31.361131217430653,-0.33770849269590913,0.48733646339597597,400.0,-1.2108,1.375,0.4,2.659,1.3,1126259642.413,36.65530521485476,-7.8601850574721635,-36578.73492056886
35.47758229925002,33.90506815991211,-0.16116887614799366,-0.29020125777878614,400.0,-1.2108,1.375,0.4,2.659,1.3,1126259642.413,36.66918571741675,-7.8601850574721635,-36518.80867070552
55.913370099339936,31.638157756874403,0.5422124737174524,-0.25456106756900726,400.0,-1.2108,1.375,0.4,2.659,1.3,1126259642.413,36.67010218698282,-7.8601850574721635,-36927.38277374337
43.519917557111185,30.7772863097925,-0.3165289603399915,0.5137331570101658,400.0,-1.2108,1.375,0.4,2.659,1.3,1126259642.413,36.67229953190608,-7.8601850574721635,-36577.35271903718
50.43494478881891,32.02298809957146,0.38015683742851586,-0.32077581362109314,400.0,-1.2108,1.375,0.4,2.659,1.3,1126259642.413,36.67772975629628,-7.8601850574721635,-36958.712490692946
48.870909394240144,36.35343051875837,0.035739166503441194,0.6471856956226576,400.0,-1.2108,1.375,0.4,2.659,1.3,1126259642.413,36.702566600716594,-7.8601850574721635,-36891.50174033161
46.36914042519431,34.455060723893794,0.08963290112966175,0.08853813480820122,400.0,-1.2108,1.375,0.4,2.659,1.3,1126259642.413,36.726785488345726,-7.8601850574721635,-36900.2941880317
38.89977738280166,33.83662066656762,0.22110237503674268,-0.3494507746132955,400.0,-1.2108,1.375,0.4,2.659,1.3,1126259642.413,36.728652762176175,-7.8601850574721635,-36658.06480027635
48.64055137086668,31.629102696621654,0.18544841671632106,-0.23296415874532955,400.0,-1.2108,1.375,0.4,2.659,1.3,1126259642.413,36.75710664926423,-7.8601850574721635,-36790.27763741977
43.84486243076835,38.78521027835053,0.5382769637613517,-0.2549521027089676,400.0,-1.2108,1.375,0.4,2.659,1.3,1126259642.413,36.76436619904291,-7.8601850574721635,-37047.27375150254
49.21745704921928,34.075131366461505,-0.04805460523615808,0.523530317463846,400.0,-1.2108,1.375,0.4,2.659,1.3,1126259642.413,36.77164505604951,-7.8601850574721635,-37016.95053960057
46.59969948619763,37.21015703922369,0.6328405910777939,-0.3291448274568822,400.0,-1.2108,1.375,0.4,2.659,1.3,1126259642.413,36.79296080586076,-7.8601850574721635,-37315.88705498504
47.21213220000386,37.463381639798705,0.4282592998535234,0.011592491214292011,400.0,-1.2108,1.375,0.4,2.659,1.3,1126259642.413,36.794286932716126,-7.8601850574721635,-36923.98005338434
39.053887336317544,32.30247772199418,-0.24585073424741002,0.021176393047975625,400.0,-1.2108,1.375,0.4,2.659,1.3,1126259642.413,36.8031513793715,-7.8601850574721635,-36591.82154842884
43.51867180775676,30.805523295385754,-0.20109031314769593,0.37569581312035655,400.0,-1.2108,1.375,0.4,2.659,1.3,1126259642.413,36.80652166105309,-7.8601850574721635,-36578.51237088501
40.46440555507166,39.41556382476773,0.7209687207745327,-0.6298618476775388,400.0,-1.2108,1.375,0.4,2.659,1.3,1126259642.413,36.809880840203434,-7.8601850574721635,-36966.02975629823
52.10328443778156,31.642371959823695,0.5872898105741609,-0.6692461696258547,400.0,-1.2108,1.375,0.4,2.659,1.3,1126259642.413,36.81676588245342,-7.8601850574721635,-36827.766412160185
46.707019020963415,33.61191090086223,-0.12648886231910803,0.3306954434780139,400.0,-1.2108,1.375,0.4,2.659,1.3,1126259642.413,36.82409615458456,-7.8601850574721635,-36894.39206008106
37.27003373059037,34.633918613241974,-0.6459387204476182,0.522186273927809,400.0,-1.2108,1.375,0.4,2.659,1.3,1126259642.413,36.8275466718842,-7.8601850574721635,-36681.00860709089
46.24777890737618,36.211108036257265,-0.0025602101732256077,0.3964194340728356,400.0,-1.2108,1.375,0.4,2.659,1.3,1126259642.413,36.84394040705697,-7.8601850574721635,-37144.2997802855
50.790334510777136,34.862315137577276,0.23695628070748836,0.2969243722476141,400.0,-1.2108,1.375,0.4,2.659,1.3,1126259642.413,36.84521860821947,-7.8601850574721635,-36785.923525054764
41.03570126518799,39.282497618408954,-0.19190331792515694,0.3644091554906272,400.0,-1.2108,1.375,0.4,2.659,1.3,1126259642.413,36.85342973114855,-7.8601850574721635,-37126.54131456951
43.1457621856191,38.73920174016196,0.4830340952107933,-0.24792951603900013,400.0,-1.2108,1.375,0.4,2.659,1.3,1126259642.413,36.85344394794176,-7.8601850574721635,-37131.63993347617
37.63217568678826,31.791138614512853,-0.4574683969686024,0.02496594033413107,400.0,-1.2108,1.375,0.4,2.659,1.3,1126259642.413,36.86208671632139,-7.8601850574721635,-36463.03372613672
41.85814571530379,32.371950944433706,-0.2933083895266798,0.4809292099426185,400.0,-1.2108,1.375,0.4,2.659,1.3,1126259642.413,36.86862418598092,-7.8601850574721635,-36658.836822297795
35.335949091533806,32.528041536531134,-0.5617913630998376,-0.14381657712641283,400.0,-1.2108,1.375,0.4,2.659,1.3,1126259642.413,36.86918787424034,-7.8601850574721635,-36386.45399696274
51.443048540982076,30.78780730896511,0.2812687891597158,-0.2538828351497969,400.0,-1.2108,1.375,0.4,2.659,1.3,1126259642.413,36.877112067978814,-7.8601850574721635,-36650.97409137704
38.29365637559208,33.559447582579395,0.2438926908774659,-0.49177027910757476,400.0,-1.2108,1.375,0.4,2.659,1.3,1126259642.413,36.88449146496363,-7.8601850574721635,-36623.07945236277
42.94928444804299,39.74672120149881,0.5215016912982926,-0.1859347919091786,400.0,-1.2108,1.375,0.4,2.659,1.3,1126259642.413,36.884721914062695,-7.8601850574721635,-36992.08359275459
43.54521410434616,38.37810167381676,-0.0894214032819158,0.43473150637406704,400.0,-1.2108,1.375,0.4,2.659,1.3,1126259642.413,36.88918641859986,-7.8601850574721635,-37150.88266443542
43.610744351968926,36.67883531966994,0.37426544724824684,-0.3002642662381162,400.0,-1.2108,1.375,0.4,2.659,1.3,1126259642.413,36.89431874142474,-7.8601850574721635,-36961.339687683794
36.46123289030595,33.76560422306764,-0.28524767267704854,-0.12148944273842908,400.0,-1.2108,1.375,0.4,2.659,1.3,1126259642.413,36.894505566051194,-7.8601850574721635,-36387.27681073277
38.097750316031984,32.63240540630691,-0.4910053380450395,0.21617135954676225,400.0,-1.2108,1.375,0.4,2.659,1.3,1126259642.413,36.8988963014534,-7.8601850574721635,-36435.414382253184
42.058129364676546,40.06048158019534,-0.04240401692085811,0.42931656578843114,400.0,-1.2108,1.375,0.4,2.659,1.3,1126259642.413,36.89976787372831,-7.8601850574721635,-37208.72568390764
41.96298311050189,38.38620907936617,0.332672623139063,-0.1951086691804539,400.0,-1.2108,1.375,0.4,2.659,1.3,1126259642.413,36.90222391688022,-7.8601850574721635,-37110.51524432986
39.023682469704816,33.25260921772265,0.32734303620460337,-0.5352452461630162,400.0,-1.2108,1.375,0.4,2.659,1.3,1126259642.413,36.905932392192284,-7.8601850574721635,-36709.97006808796
44.79357740257836,39.117172459828666,0.6522284844012946,-0.2629792943088817,400.0,-1.2108,1.375,0.4,2.659,1.3,1126259642.413,36.90725645115065,-7.8601850574721635,-37362.71376216653
49.476998349777716,32.966895555079226,0.2012715981621004,0.008577066324625127,400.0,-1.2108,1.375,0.4,2.659,1.3,1126259642.413,36.90756503686814,-7.8601850574721635,-36854.60424708408
53.88078931213818,33.88882429636838,0.46456953212506236,0.1375399425057588,400.0,-1.2108,1.375,0.4,2.659,1.3,1126259642.413,36.9119518906039,-7.8601850574721635,-36453.630725327304
38.31620621847664,33.66139942098471,-0.24077971790118938,0.10572995602160468,400.0,-1.2108,1.375,0.4,2.659,1.3,1126259642.413,36.919676357900116,-7.8601850574721635,-36663.982122997055
47.62874470127632,36.12335940950337,0.4149100471599769,-0.060684587903392574,400.0,-1.2108,1.375,0.4,2.659,1.3,1126259642.413,36.93209055520522,-7.8601850574721635,-37071.2865215351
40.75130014179364,33.171660472121566,-0.39125275584388364,0.5581185456223303,400.0,-1.2108,1.375,0.4,2.659,1.3,1126259642.413,36.93890271697706,-7.8601850574721635,-36672.36128461518
48.545323770351175,32.38136198397645,0.19072409799651674,-0.15131512639903694,400.0,-1.2108,1.375,0.4,2.659,1.3,1126259642.413,36.94392580309001,-7.8601850574721635,-36760.14504190083
43.559767500936,37.909333961508764,0.12268488875587322,0.1544748356073791,400.0,-1.2108,1.375,0.4,2.659,1.3,1126259642.413,36.94473257305465,-7.8601850574721635,-37011.2782856132
43.970922615529595,39.934144720894395,0.29408418277328396,0.195403481336872,400.0,-1.2108,1.375,0.4,2.659,1.3,1126259642.413,36.94643888772235,-7.8601850574721635,-37338.19887641283
45.786080570223724,36.421133038775025,0.01211558443366028,0.3491258660528827,400.0,-1.2108,1.375,0.4,2.659,1.3,1126259642.413,36.954068470697386,-7.8601850574721635,-37095.668855854514
49.82060145418771,31.180123929341143,0.3954839099074441,-0.5630531428908976,400.0,-1.2108,1.375,0.4,2.659,1.3,1126259642.413,36.954146707834894,-7.8601850574721635,-36836.36039238159
33.99632946609215,32.96556006142676,-0.6269834928215012,-0.18730067317762902,400.0,-1.2108,1.375,0.4,2.659,1.3,1126259642.413,36.95464797353223,-7.8601850574721635,-36276.34648611144
49.363291581876965,35.0796118201014,0.35473904008365303,0.0009231893923117157,400.0,-1.2108,1.375,0.4,2.659,1.3,1126259642.413,36.95664809824906,-7.8601850574721635,-37286.25181345184
36.444495488642616,35.41138606896845,-0.16864074176001248,0.005178635160601186,400.0,-1.2108,1.375,0.4,2.659,1.3,1126259642.413,36.96730155588199,-7.8601850574721635,-36682.954016778975
39.709775994824085,39.056314295279606,-0.7275672465338204,0.7992055768205965,400.0,-1.2108,1.375,0.4,2.659,1.3,1126259642.413,36.971733571968294,-7.8601850574721635,-37035.33655977284
50.76439754306089,30.255980223718893,0.26910827555710687,-0.3839297057256003,400.0,-1.2108,1.375,0.4,2.659,1.3,1126259642.413,36.97521068945497,-7.8601850574721635,-36723.52269799559
47.50360650653378,33.742010005856486,0.5055102355630647,-0.5664065658562598,400.0,-1.2108,1.375,0.4,2.659,1.3,1126259642.413,36.98326117165858,-7.8601850574721635,-36982.43000243484
42.519761445047806,38.617484271741105,0.04460853081446834,0.18492455395896285,400.0,-1.2108,1.375,0.4,2.659,1.3,1126259642.413,36.98925447261885,-7.8601850574721635,-37119.906750260576
36.06484942100508,31.236762178731603,-0.1563731197847924,-0.590067470664975,400.0,-1.2108,1.375,0.4,2.659,1.3,1126259642.413,36.99979478751004,-7.8601850574721635,-36275.54372816653
40.730447545386724,38.93021437668586,0.4708006860791958,-0.3999043456958301,400.0,-1.2108,1.375,0.4,2.659,1.3,1126259642.413,37.001851671656354,-7.8601850574721635,-36980.8952027855
47.642122007957646,33.67863519517722,-0.2778701289230292,0.6730511095294914,400.0,-1.2108,1.375,0.4,2.659,1.3,1126259642.413,37.00246585795468,-7.8601850574721635,-36995.19923585065
39.244780583077,31.000851741901773,-0.5993866490791302,0.35006239525876987,400.0,-1.2108,1.375,0.4,2.659,1.3,1126259642.413,37.00494049045754,-7.8601850574721635,-36472.42691180014
48.19923539901432,32.54787205436094,0.5575430430588426,-0.7822586405007967,400.0,-1.2108,1.375,0.4,2.659,1.3,1126259642.413,37.00530888499486,-7.8601850574721635,-36814.68038052461
51.3634809488206,31.004863676391594,0.3875176869119766,-0.44410294350063184,400.0,-1.2108,1.375,0.4,2.659,1.3,1126259642.413,37.00855709520819,-7.8601850574721635,-36792.3556729386
40.981145428386384,40.66245404921245,0.7109208737062739,-0.4083168898113736,400.0,-1.2108,1.375,0.4,2.659,1.3,1126259642.413,37.01147166332023,-7.8601850574721635,-37097.637550781394
39.05345419651372,32.966543932870216,0.10213711644116305,-0.2992196705683569,400.0,-1.2108,1.375,0.4,2.659,1.3,1126259642.413,37.01527009091167,-7.8601850574721635,-36636.32418774281
46.8227195366115,34.518988335729325,0.3352553803770736,-0.24816259796330659,400.0,-1.2108,1.375,0.4,2.659,1.3,1126259642.413,37.01617335541492,-7.8601850574721635,-37122.578847174824
54.521275242498184,32.65673225164205,0.623135570765383,-0.341384801157016,400.0,-1.2108,1.375,0.4,2.659,1.3,1126259642.413,37.026513001686624,-7.8601850574721635,-37212.269165136015
36.3211967934809,33.79257157711072,-0.44085309454967675,0.07516453250741914,400.0,-1.2108,1.375,0.4,2.659,1.3,1126259642.413,37.03935995747034,-7.8601850574721635,-36417.78325974509
37.73986206228321,31.727658038935388,-0.39093637156070477,-0.04768346536585646,400.0,-1.2108,1.375,0.4,2.659,1.3,1126259642.413,37.04047835430919,-7.8601850574721635,-36467.51862464942
40.75643278133313,30.147587764413256,-0.40877884117302665,0.21549505073900782,400.0,-1.2108,1.375,0.4,2.659,1.3,1126259642.413,37.04696452677601,-7.8601850574721635,-36307.44756693765
39.93631168981307,31.150663596914438,-0.30413319437318764,0.050550829543530476,400.0,-1.2108,1.375,0.4,2.659,1.3,1126259642.413,37.0515134778966,-7.8601850574721635,-36426.21614364941
41.59682253945185,38.080359547152845,0.7252580215877337,-0.6799348109982529,400.0,-1.2108,1.375,0.4,2.659,1.3,1126259642.413,37.062432862253075,-7.8601850574721635,-36975.152251392174
36.335818173264116,34.59363892160745,-0.43522615715360585,0.17131496639369106,400.0,-1.2108,1.375,0.4,2.659,1.3,1126259642.413,37.06430329874493,-7.8601850574721635,-36612.019592139426
43.10063493687829,37.154037478472645,0.5891468387224014,-0.5423376021389543,400.0,-1.2108,1.375,0.4,2.659,1.3,1126259642.413,37.06607979001407,-7.8601850574721635,-36984.16431232942
53.60654485935835,32.64058807071397,0.18196617631415568,0.40794856749679587,400.0,-1.2108,1.375,0.4,2.659,1.3,1126259642.413,37.071017614073114,-7.8601850574721635,-36614.3911425242
34.57810988118843,30.32237386559586,-0.41164847495138457,-0.6577676184825303,400.0,-1.2108,1.375,0.4,2.659,1.3,1126259642.413,37.07666255222951,-7.8601850574721635,-35977.757214331636
37.79499427551088,34.108476587568795,-0.337011226749374,0.16730692989593457,400.0,-1.2108,1.375,0.4,2.659,1.3,1126259642.413,37.07728198159757,-7.8601850574721635,-36664.15129796176
40.16634274205024,39.45951887197306,-0.43173693238962585,0.5500408063954288,400.0,-1.2108,1.375,0.4,2.659,1.3,1126259642.413,37.082720997407286,-7.8601850574721635,-36984.13978985748
42.80843331548261,37.11698177842816,0.5660085417597834,-0.5721501233820923,400.0,-1.2108,1.375,0.4,2.659,1.3,1126259642.413,37.08374186828874,-7.8601850574721635,-36921.74719936512
35.76038707858536,35.166033571571276,0.13077983367301707,-0.3517793440061395,400.0,-1.2108,1.375,0.4,2.659,1.3,1126259642.413,37.08434516744427,-7.8601850574721635,-36617.273946556394
50.79885732265316,31.94398354124658,0.18979451324827323,0.019569322895670982,400.0,-1.2108,1.375,0.4,2.659,1.3,1126259642.413,37.085095944408096,-7.8601850574721635,-36853.73284958355
55.30763087658369,32.29023370888509,0.5337127482035469,-0.16833557036731642,400.0,-1.2108,1.375,0.4,2.659,1.3,1126259642.413,37.087660445429314,-7.8601850574721635,-37297.87993287534
41.02147050722261,38.40699913554417,0.2797200876268159,-0.17681983547750207,400.0,-1.2108,1.375,0.4,2.659,1.3,1126259642.413,37.091710149029495,-7.8601850574721635,-37041.9956918097
47.05922948536721,33.47550633510547,-0.1559435733794692,0.3929127281021827,400.0,-1.2108,1.375,0.4,2.659,1.3,1126259642.413,37.10312284196515,-7.8601850574721635,-36832.0120853604
37.279338641334384,30.10726612507164,-0.3879880699437219,-0.30265207954109125,400.0,-1.2108,1.375,0.4,2.659,1.3,1126259642.413,37.103440935123444,-7.8601850574721635,-36235.70383564553
42.18763698169785,37.967382001069645,0.11726327205450389,0.04775691175740408,400.0,-1.2108,1.375,0.4,2.659,1.3,1126259642.413,37.10513198575434,-7.8601850574721635,-36997.0749667528
44.80915428922849,36.659803455567975,0.21362299262217943,0.02366957241783685,400.0,-1.2108,1.375,0.4,2.659,1.3,1126259642.413,37.106329398743625,-7.8601850574721635,-37017.85435938799
40.39843659070711,30.588780925077074,-0.3533375803967985,0.10424090385191388,400.0,-1.2108,1.375,0.4,2.659,1.3,1126259642.413,37.107618598166106,-7.8601850574721635,-36323.4086047315
49.14353322969512,33.440616235891866,0.18622352334587383,0.054701896416966475,400.0,-1.2108,1.375,0.4,2.659,1.3,1126259642.413,37.11048104387809,-7.8601850574721635,-36830.811604750656
38.163371398679814,33.87623792435167,-0.2519802032173696,0.12006056794656766,400.0,-1.2108,1.375,0.4,2.659,1.3,1126259642.413,37.11194743239162,-7.8601850574721635,-36693.518271367895
36.99700372807589,35.677355318438075,0.06412996815606237,-0.118644843537176,400.0,-1.2108,1.375,0.4,2.659,1.3,1126259642.413,37.111998508899966,-7.8601850574721635,-36665.32531200186
35.32805091264524,34.5047361360906,-0.566853085113969,0.16919370718498686,400.0,-1.2108,1.375,0.4,2.659,1.3,1126259642.413,37.11831738366682,-7.8601850574721635,-36515.80532792741
48.19109571087567,32.16942342956348,0.1890445862747039,-0.20921424110879056,400.0,-1.2108,1.375,0.4,2.659,1.3,1126259642.413,37.118983223875844,-7.8601850574721635,-36902.790812380124
52.84573919333516,31.15137681595368,0.11664417965361143,0.26534847007301765,400.0,-1.2108,1.375,0.4,2.659,1.3,1126259642.413,37.1190614900875,-7.8601850574721635,-36810.90656519364
39.69477159142058,32.273886457851,0.26417301452985,-0.5255091159364342,400.0,-1.2108,1.375,0.4,2.659,1.3,1126259642.413,37.120808662405594,-7.8601850574721635,-36576.24772643995
44.97235384254868,34.421195306227176,0.16167625820534914,-0.14203204039482537,400.0,-1.2108,1.375,0.4,2.659,1.3,1126259642.413,37.12293193682157,-7.8601850574721635,-36960.18313514796
52.6264933250917,32.30910297775373,0.2703360762552436,0.13051570135156262,400.0,-1.2108,1.375,0.4,2.659,1.3,1126259642.413,37.138075683996576,-7.8601850574721635,-36693.43433168408
44.123173571705166,35.66800379582227,0.4883570968984682,-0.5469694513026163,400.0,-1.2108,1.375,0.4,2.659,1.3,1126259642.413,37.14230170868356,-7.8601850574721635,-36978.41571350695
51.48386711933775,31.271297648419402,0.26099245279989874,-0.1163078588984855,400.0,-1.2108,1.375,0.4,2.659,1.3,1126259642.413,37.14532185159948,-7.8601850574721635,-36917.877726901075
38.993984715891145,32.641162580282725,-0.30262518475195105,0.110867522470914,400.0,-1.2108,1.375,0.4,2.659,1.3,1126259642.413,37.14557115205931,-7.8601850574721635,-36569.493114644596
35.03475939682701,31.242285095807347,-0.5196337098031354,-0.32449734294126475,400.0,-1.2108,1.375,0.4,2.659,1.3,1126259642.413,37.15400376023899,-7.8601850574721635,-36096.64294685405
37.95395343685608,33.81157195299476,-0.7811523548857812,0.6294632829093962,400.0,-1.2108,1.375,0.4,2.659,1.3,1126259642.413,37.15838029538831,-7.8601850574721635,-36614.54441802378
40.367481965305444,39.99645550001933,0.6533576085468609,-0.4693004250661216,400.0,-1.2108,1.375,0.4,2.659,1.3,1126259642.413,37.16780247603569,-7.8601850574721635,-37169.53812190966
43.6655201158549,39.87644091130381,0.5978548754740961,-0.16695991203852475,400.0,-1.2108,1.375,0.4,2.659,1.3,1126259642.413,37.17060208061986,-7.8601850574721635,-37428.606557643594
46.170168542849325,33.962363581594495,0.5451264472739681,-0.7601593588477453,400.0,-1.2108,1.375,0.4,2.659,1.3,1126259642.413,37.1708574499293,-7.8601850574721635,-36937.89306906769
52.50923187469618,32.831565063904684,0.2835773508923552,0.12065373079228625,400.0,-1.2108,1.375,0.4,2.659,1.3,1126259642.413,37.18750313869185,-7.8601850574721635,-37178.243952072924
50.125325571412596,35.465729645386794,0.1825188088639969,0.3932614253592895,400.0,-1.2108,1.375,0.4,2.659,1.3,1126259642.413,37.19318086313869,-7.8601850574721635,-36916.95478196076
51.719708090030394,30.256918575449067,0.3844752261398414,-0.5520687216467399,400.0,-1.2108,1.375,0.4,2.659,1.3,1126259642.413,37.193644714217484,-7.8601850574721635,-36581.36865868262
55.215155129315455,33.32632037556423,0.23521170077012882,0.6369508366255643,400.0,-1.2108,1.375,0.4,2.659,1.3,1126259642.413,37.19388062370945,-7.8601850574721635,-36658.937745324074
41.77769163981662,31.0715652644738,0.18499953706299238,-0.4066028381791764,400.0,-1.2108,1.375,0.4,2.659,1.3,1126259642.413,37.19597189451688,-7.8601850574721635,-36650.15517897414
38.72838890647701,32.91338299033344,-0.2646895321217121,0.10642332052857917,400.0,-1.2108,1.375,0.4,2.659,1.3,1126259642.413,37.20029720961244,-7.8601850574721635,-36574.08237419364
35.31493548273464,31.338307450762876,-0.7763281643503088,0.0028757929367586206,400.0,-1.2108,1.375,0.4,2.659,1.3,1126259642.413,37.200937792448826,-7.8601850574721635,-36320.95745195005
49.260794538415915,31.265155645150198,0.1326511327801166,-0.14743731985221187,400.0,-1.2108,1.375,0.4,2.659,1.3,1126259642.413,37.20310433578846,-7.8601850574721635,-36793.09387733626
46.78948850979472,33.56080752431341,0.1208911719382262,-0.056697714720996946,400.0,-1.2108,1.375,0.4,2.659,1.3,1126259642.413,37.20426714135466,-7.8601850574721635,-36887.626586935665
39.55678643419576,31.17773887165473,-0.3548642908956203,0.06361970507837462,400.0,-1.2108,1.375,0.4,2.659,1.3,1126259642.413,37.20713076639899,-7.8601850574721635,-36332.65065800928
42.10807969563915,40.79537984191686,0.4489222036622495,-0.04324886592218099,400.0,-1.2108,1.375,0.4,2.659,1.3,1126259642.413,37.20726445693672,-7.8601850574721635,-37031.72357973537
46.37185642013142,36.319044561213275,0.23337709025665754,0.12129027304128469,400.0,-1.2108,1.375,0.4,2.659,1.3,1126259642.413,37.221408313700806,-7.8601850574721635,-37112.35881723365
38.0781078257321,33.157698516371006,-0.19078005175440518,-0.060927477043131166,400.0,-1.2108,1.375,0.4,2.659,1.3,1126259642.413,37.223158396654156,-7.8601850574721635,-36608.29371373624
51.095269905800045,33.649007516221566,0.3398766147073986,0.02304531301742313,400.0,-1.2108,1.375,0.4,2.659,1.3,1126259642.413,37.223975859812526,-7.8601850574721635,-37109.02433548546
40.57710492019221,39.2690475881258,0.4643253591105463,-0.3248212691984909,400.0,-1.2108,1.375,0.4,2.659,1.3,1126259642.413,37.23388859303966,-7.8601850574721635,-36958.64390116651
34.781173473446486,31.46446987471102,-0.5681353503541456,-0.2978336533870809,400.0,-1.2108,1.375,0.4,2.659,1.3,1126259642.413,37.24333554386954,-7.8601850574721635,-36094.45218651244
38.31214688155333,32.42500423523069,0.027609976009599135,-0.35819492966466415,400.0,-1.2108,1.375,0.4,2.659,1.3,1126259642.413,37.24850647017791,-7.8601850574721635,-36421.07272321898
56.00458384572312,30.960698012507446,0.039314260858397114,0.7491176824279806,400.0,-1.2108,1.375,0.4,2.659,1.3,1126259642.413,37.25236997641528,-7.8601850574721635,-36599.56978416796
50.15155976169899,32.69384418629811,0.20211438590196992,0.03932121622321896,400.0,-1.2108,1.375,0.4,2.659,1.3,1126259642.413,37.25853890847375,-7.8601850574721635,-36783.69913066932
55.5484886869825,31.990986251984292,0.44613975576214915,-0.006149353534587246,400.0,-1.2108,1.375,0.4,2.659,1.3,1126259642.413,37.2639719840601,-7.8601850574721635,-37185.1295994005
46.133572491620946,38.189053120746,0.46868959841721436,-0.05284651949004689,400.0,-1.2108,1.375,0.4,2.659,1.3,1126259642.413,37.26939361962333,-7.8601850574721635,-37095.992659522446
39.74978579065216,39.64767909283061,0.48375762180693715,-0.39867501456936993,400.0,-1.2108,1.375,0.4,2.659,1.3,1126259642.413,37.27418219029695,-7.8601850574721635,-37047.210059367746
43.29029384149415,39.26758102388639,-0.09259466848690603,0.49987593334068486,400.0,-1.2108,1.375,0.4,2.659,1.3,1126259642.413,37.27520060417818,-7.8601850574721635,-37060.6194258005
34.08785039254236,30.98372375568314,-0.3066318435771723,-0.7236540013974293,400.0,-1.2108,1.375,0.4,2.659,1.3,1126259642.413,37.28104027456059,-7.8601850574721635,-35835.296028268625
51.11425710051415,32.07148604157817,0.157382152013937,0.15588343777069427,400.0,-1.2108,1.375,0.4,2.659,1.3,1126259642.413,37.287673354060914,-7.8601850574721635,-36744.82424741159
54.96368526553957,33.603044010151784,0.23773659120824367,0.6470241034187219,400.0,-1.2108,1.375,0.4,2.659,1.3,1126259642.413,37.288755798789396,-7.8601850574721635,-36951.61558700836
37.65756720375165,31.286804054032075,-0.03803942098965353,-0.5189323672058458,400.0,-1.2108,1.375,0.4,2.659,1.3,1126259642.413,37.29196453659444,-7.8601850574721635,-36364.24028956484
40.08339874687684,38.953262484829835,-0.480554416819353,0.5732499905233192,400.0,-1.2108,1.375,0.4,2.659,1.3,1126259642.413,37.29483328855588,-7.8601850574721635,-37087.21125226347
48.42487771865596,31.68287773271293,0.1928194043269672,-0.2658697634368657,400.0,-1.2108,1.375,0.4,2.659,1.3,1126259642.413,37.29613189972677,-7.8601850574721635,-36758.44581432193
40.570306368156935,30.775365500267547,-0.4890516092171665,0.3834884612017238,400.0,-1.2108,1.375,0.4,2.659,1.3,1126259642.413,37.304372822540145,-7.8601850574721635,-36479.34022773962
49.79649592754079,30.82192293062679,0.4653986828422392,-0.777651350326546,400.0,-1.2108,1.375,0.4,2.659,1.3,1126259642.413,37.30634991583035,-7.8601850574721635,-36734.778222457084
45.47346551132015,35.718588601660564,-0.03539334968160441,0.30029666869728067,400.0,-1.2108,1.375,0.4,2.659,1.3,1126259642.413,37.30796267971637,-7.8601850574721635,-37166.776832056115
35.023064726881486,34.86528644314278,-0.7383433040054188,0.33239372475240314,400.0,-1.2108,1.375,0.4,2.659,1.3,1126259642.413,37.31045397410857,-7.8601850574721635,-36493.875792111736
43.10533261037136,30.326505553838537,-0.19989845306338003,0.2019030330367799,400.0,-1.2108,1.375,0.4,2.659,1.3,1126259642.413,37.31349141910781,-7.8601850574721635,-36575.64100749914
35.414047122617035,30.89210305884062,-0.5050002373663158,-0.3336463939234694,400.0,-1.2108,1.375,0.4,2.659,1.3,1126259642.413,37.318714211630414,-7.8601850574721635,-36084.28301539543
45.2423181855634,35.44020251673022,-0.048475904717304105,0.2604277258632323,400.0,-1.2108,1.375,0.4,2.659,1.3,1126259642.413,37.3275729221789,-7.8601850574721635,-36994.59940246168
46.08415846348255,33.07589567426518,0.5012731863834855,-0.7910330916520355,400.0,-1.2108,1.375,0.4,2.659,1.3,1126259642.413,37.330609479168025,-7.8601850574721635,-36792.48170265227
36.17715269264913,30.523873036102753,-0.7244668025976391,-0.021492029779569218,400.0,-1.2108,1.375,0.4,2.659,1.3,1126259642.413,37.331960339960844,-7.8601850574721635,-36286.48116221809
44.48426120083695,36.694857130141294,0.013636804626209698,0.23041615998496362,400.0,-1.2108,1.375,0.4,2.659,1.3,1126259642.413,37.33259649320974,-7.8601850574721635,-37152.43743595897
37.47493093541539,30.24984384907605,-0.5014549655992412,-0.11998095232297273,400.0,-1.2108,1.375,0.4,2.659,1.3,1126259642.413,37.33856270543511,-7.8601850574721635,-36324.70566549198
37.56522515174497,31.099950353252815,-0.43755037676891834,-0.13599496133159103,400.0,-1.2108,1.375,0.4,2.659,1.3,1126259642.413,37.34143210976953,-7.8601850574721635,-36277.59575826197
39.573097859560676,33.502636745241944,-0.23432720254700592,0.2165180202551749,400.0,-1.2108,1.375,0.4,2.659,1.3,1126259642.413,37.34352586567722,-7.8601850574721635,-36637.119067810294
53.638205263112454,33.51038634748845,0.3874084573965469,0.19770459516534197,400.0,-1.2108,1.375,0.4,2.659,1.3,1126259642.413,37.344324443261186,-7.8601850574721635,-37352.338984465496
51.85924333207988,31.31324994245353,0.38258295082217186,-0.3351075974737721,400.0,-1.2108,1.375,0.4,2.659,1.3,1126259642.413,37.35127680401209,-7.8601850574721635,-36731.34841295013
42.47699111448353,38.25090445525774,0.2480358209128325,-0.044652897935704254,400.0,-1.2108,1.375,0.4,2.659,1.3,1126259642.413,37.35341211239158,-7.8601850574721635,-37238.15119593149
53.661308084477135,33.415826381020146,0.44016073229688835,0.08993974114723383,400.0,-1.2108,1.375,0.4,2.659,1.3,1126259642.413,37.36006346574751,-7.8601850574721635,-37384.718448334825
52.927473169823415,32.15278942814989,0.26391547474809496,0.1232146298469031,400.0,-1.2108,1.375,0.4,2.659,1.3,1126259642.413,37.36379339829722,-7.8601850574721635,-36729.988459385
50.53609860096939,30.01029799909461,0.17500936854094062,-0.27220946609543945,400.0,-1.2108,1.375,0.4,2.659,1.3,1126259642.413,37.36395783468373,-7.8601850574721635,-36571.46379484627
50.60475332102571,31.664630461242524,0.3486937633636569,-0.3258758481847787,400.0,-1.2108,1.375,0.4,2.659,1.3,1126259642.413,37.36558245077611,-7.8601850574721635,-36926.346799825435
51.348930064288446,31.87227602580444,0.31554978754566876,-0.2004013177926409,400.0,-1.2108,1.375,0.4,2.659,1.3,1126259642.413,37.36818316889929,-7.8601850574721635,-36724.30108297258
48.52679105752527,34.27938484010136,0.3351369306639416,-0.1503423910480968,400.0,-1.2108,1.375,0.4,2.659,1.3,1126259642.413,37.368568249459045,-7.8601850574721635,-37029.53787259481
38.85218479356788,30.494869371838746,0.18126943725290068,-0.7799179923233022,400.0,-1.2108,1.375,0.4,2.659,1.3,1126259642.413,37.369883000115365,-7.8601850574721635,-36393.56634282971
42.4467998040201,39.188361173694204,-0.11210564958948223,0.4375594988076083,400.0,-1.2108,1.375,0.4,2.659,1.3,1126259642.413,37.370930286503366,-7.8601850574721635,-37061.053511331476
40.85880614004459,40.50991247362573,-0.3730139472163303,0.6911261795981809,400.0,-1.2108,1.375,0.4,2.659,1.3,1126259642.413,37.374394449862685,-7.8601850574721635,-37039.15447429888
39.00817452525334,33.33393622102127,-0.10875233985662836,-0.022704606381723932,400.0,-1.2108,1.375,0.4,2.659,1.3,1126259642.413,37.37467878444744,-7.8601850574721635,-36716.040151556575
45.60897415901924,35.46242493235266,0.5179904547276548,-0.48994434143568316,400.0,-1.2108,1.375,0.4,2.659,1.3,1126259642.413,37.37849627990637,-7.8601850574721635,-37150.034788961064
50.21976587670162,31.461074119184882,0.5469635786450067,-0.7896429493833432,400.0,-1.2108,1.375,0.4,2.659,1.3,1126259642.413,37.38032493631306,-7.8601850574721635,-36648.47381815179
38.599196708882964,32.91988864534713,0.2969263562541524,-0.5717757573139196,400.0,-1.2108,1.375,0.4,2.659,1.3,1126259642.413,37.38319330781135,-7.8601850574721635,-36579.110977578624
51.05754153667438,34.65512710557984,0.18457687495233277,0.383346711900653,400.0,-1.2108,1.375,0.4,2.659,1.3,1126259642.413,37.38327818563087,-7.8601850574721635,-36765.809099062004
38.36638297776986,33.397692413827535,0.32143744023790455,-0.5876079246355334,400.0,-1.2108,1.375,0.4,2.659,1.3,1126259642.413,37.38508276268219,-7.8601850574721635,-36598.26900729361
45.52882841847347,36.15148630666614,0.1918484854042831,0.05868138370412512,400.0,-1.2108,1.375,0.4,2.659,1.3,1126259642.413,37.385435105540765,-7.8601850574721635,-36968.099748371635
49.30412414497073,32.45476763506798,0.5692416578972184,-0.7100245761817039,400.0,-1.2108,1.375,0.4,2.659,1.3,1126259642.413,37.38986360614957,-7.8601850574721635,-36932.339109335386
37.5514746222361,30.959733713871675,-0.7907405161730989,0.2685122343080853,400.0,-1.2108,1.375,0.4,2.659,1.3,1126259642.413,37.396043386887456,-7.8601850574721635,-36262.47470936828
40.34336916699667,38.57597261828578,0.4417792249384931,-0.39937594345863664,400.0,-1.2108,1.375,0.4,2.659,1.3,1126259642.413,37.39696674537241,-7.8601850574721635,-37070.139685554765
35.678748120665645,32.872179569338144,-0.46960567153646526,-0.08567903345881132,400.0,-1.2108,1.375,0.4,2.659,1.3,1126259642.413,37.3995119082838,-7.8601850574721635,-36332.447479486764
36.4399410726228,35.20392943501291,-0.6949043392429874,0.5117359414170564,400.0,-1.2108,1.375,0.4,2.659,1.3,1126259642.413,37.400110599863396,-7.8601850574721635,-36622.22214391914
48.54212311915948,34.34567548812536,0.10369947644108153,0.23489240531048433,400.0,-1.2108,1.375,0.4,2.659,1.3,1126259642.413,37.40161655937991,-7.8601850574721635,-37062.13481097383
50.151956120209,35.170722795924725,0.10867460820562583,0.5008497283191804,400.0,-1.2108,1.375,0.4,2.659,1.3,1126259642.413,37.40199043175744,-7.8601850574721635,-36787.67588873791
47.72776955486979,34.98907377124733,0.2310324052261835,0.04428576338730303,400.0,-1.2108,1.375,0.4,2.659,1.3,1126259642.413,37.40502346745491,-7.8601850574721635,-37095.222471172994
48.274636333249994,31.518938971873922,0.42576923737639,-0.7120104991027877,400.0,-1.2108,1.375,0.4,2.659,1.3,1126259642.413,37.4054462613137,-7.8601850574721635,-36699.89110857745
41.04650927676219,30.465933033711973,0.15258845894465106,-0.5387256089819795,400.0,-1.2108,1.375,0.4,2.659,1.3,1126259642.413,37.40694642211697,-7.8601850574721635,-36491.14299383048
40.657218130978855,39.01096194732198,0.5785171371844012,-0.5141457853979869,400.0,-1.2108,1.375,0.4,2.659,1.3,1126259642.413,37.419284427329515,-7.8601850574721635,-36979.59337690164
38.067654575495844,31.29473168217268,-0.6841718885680177,0.2527415749393717,400.0,-1.2108,1.375,0.4,2.659,1.3,1126259642.413,37.42069669712431,-7.8601850574721635,-36435.52139491336
35.819484014294254,30.886957975612066,-0.5936967533653477,-0.21173411667720743,400.0,-1.2108,1.375,0.4,2.659,1.3,1126259642.413,37.42447058180589,-7.8601850574721635,-36312.42460558641
43.25042956047667,36.45763637932423,0.6998928663960107,-0.7868384236564554,400.0,-1.2108,1.375,0.4,2.659,1.3,1126259642.413,37.42530013621538,-7.8601850574721635,-36988.61499147165
35.27728650595715,35.190464675762826,-0.4851093693821683,0.16486090688106364,400.0,-1.2108,1.375,0.4,2.659,1.3,1126259642.413,37.428174579898126,-7.8601850574721635,-36426.70252200284
39.886360908347186,39.61789083586702,-0.43110634069697634,0.5747017236070158,400.0,-1.2108,1.375,0.4,2.659,1.3,1126259642.413,37.42853921788492,-7.8601850574721635,-37016.216401214246
40.9075349410667,39.837958410370696,0.7539134211116539,-0.5528059079801297,400.0,-1.2108,1.375,0.4,2.659,1.3,1126259642.413,37.42987178829645,-7.8601850574721635,-37242.243414759294
40.31295887815177,31.690982145925297,0.3488030528054705,-0.669885282648965,400.0,-1.2108,1.375,0.4,2.659,1.3,1126259642.413,37.43005141721146,-7.8601850574721635,-36547.349129917595
35.94845539349376,30.176562207981856,-0.27460679067009186,-0.6446047746313659,400.0,-1.2108,1.375,0.4,2.659,1.3,1126259642.413,37.43521993358311,-7.8601850574721635,-36069.90523933683
42.004400405461155,30.754442111354816,0.2651809425650644,-0.5385279147352452,400.0,-1.2108,1.375,0.4,2.659,1.3,1126259642.413,37.435603052307556,-7.8601850574721635,-36622.04137861937
43.30101149047738,38.680407465328614,0.267385849478582,0.040167543619976154,400.0,-1.2108,1.375,0.4,2.659,1.3,1126259642.413,37.43818995318362,-7.8601850574721635,-37165.30056661955
37.29937330026447,34.706029255904106,-0.37581418293010466,0.22382638699796764,400.0,-1.2108,1.375,0.4,2.659,1.3,1126259642.413,37.43936331861645,-7.8601850574721635,-36711.60328575901
41.82271455032771,38.86340628327855,-0.18184671666150823,0.41607875392604476,400.0,-1.2108,1.375,0.4,2.659,1.3,1126259642.413,37.44009495808989,-7.8601850574721635,-37238.272647911355
39.94557613017957,32.33178947580347,0.1675969543858165,-0.37402039294677486,400.0,-1.2108,1.375,0.4,2.659,1.3,1126259642.413,37.44276295152737,-7.8601850574721635,-36658.95042470856
50.799813770672856,30.48782378328865,0.08033817466813355,0.03499945392917332,400.0,-1.2108,1.375,0.4,2.659,1.3,1126259642.413,37.445076174715844,-7.8601850574721635,-36797.68847299514
43.92442494113935,30.658718514409873,-0.14874947394700266,0.294072745348721,400.0,-1.2108,1.375,0.4,2.659,1.3,1126259642.413,37.44836943128149,-7.8601850574721635,-36563.09202559066
36.37933799078501,34.829991991413486,0.3399176243210801,-0.6138104619944199,400.0,-1.2108,1.375,0.4,2.659,1.3,1126259642.413,37.44895405919953,-7.8601850574721635,-36620.02981539599
55.07775397245724,32.77891295189388,0.3692381664937791,0.24910037266646537,400.0,-1.2108,1.375,0.4,2.659,1.3,1126259642.413,37.451580459066896,-7.8601850574721635,-36927.019832675156
34.94677488296616,33.64085131106266,-0.17972640694171024,-0.4314546183122483,400.0,-1.2108,1.375,0.4,2.659,1.3,1126259642.413,37.45244427843379,-7.8601850574721635,-36361.11116135567
43.45802572092373,30.21471500043922,0.0923821561296512,-0.211861824349536,400.0,-1.2108,1.375,0.4,2.659,1.3,1126259642.413,37.45309845761195,-7.8601850574721635,-36536.861347586186
36.9953945257299,34.341611396309204,0.01656513511002236,-0.22203819183281012,400.0,-1.2108,1.375,0.4,2.659,1.3,1126259642.413,37.45338107895176,-7.8601850574721635,-36604.85068601226
40.774248475326445,39.984762324724144,0.41015741557957797,-0.21265969177347727,400.0,-1.2108,1.375,0.4,2.659,1.3,1126259642.413,37.45419891102794,-7.8601850574721635,-37238.11770349905
45.9190978815538,35.38254807206326,0.6971106894361294,-0.751507335056803,400.0,-1.2108,1.375,0.4,2.659,1.3,1126259642.413,37.45872838413179,-7.8601850574721635,-37150.29526557361
43.79832999542295,38.66967716535086,0.7630751136420161,-0.5339751063165645,400.0,-1.2108,1.375,0.4,2.659,1.3,1126259642.413,37.45887460442416,-7.8601850574721635,-37113.08051699173
38.19394071028489,31.430229603793958,-0.20017951914523197,-0.24404858589323236,400.0,-1.2108,1.375,0.4,2.659,1.3,1126259642.413,37.45891701333076,-7.8601850574721635,-36478.09452436453
32.797844953767274,31.58559555522858,-0.4907086372405344,-0.6314604010228977,400.0,-1.2108,1.375,0.4,2.659,1.3,1126259642.413,37.461064610899804,-7.8601850574721635,-36072.468644073335
38.62430384190729,32.43020707916315,-0.08342921449056954,-0.18523477143901312,400.0,-1.2108,1.375,0.4,2.659,1.3,1126259642.413,37.46492741776657,-7.8601850574721635,-36555.31092701595
42.923937811617726,38.94628450717241,0.4955378218358445,-0.2233564140009883,400.0,-1.2108,1.375,0.4,2.659,1.3,1126259642.413,37.47378316734469,-7.8601850574721635,-37133.51635505243
36.5057333234927,32.930369520406664,0.22930683461192997,-0.7449942802167842,400.0,-1.2108,1.375,0.4,2.659,1.3,1126259642.413,37.48441278765014,-7.8601850574721635,-36507.86630082047
39.54521271437457,31.43434172300267,-0.6410628650838066,0.49184873491370074,400.0,-1.2108,1.375,0.4,2.659,1.3,1126259642.413,37.486330942618864,-7.8601850574721635,-36414.466896201535
37.57887804183602,34.5385627510712,0.12237576095801347,-0.28346632295606866,400.0,-1.2108,1.375,0.4,2.659,1.3,1126259642.413,37.49880137915463,-7.8601850574721635,-36728.198751681055
38.76572216036565,32.56588902525021,-0.720223557458507,0.5819734359281712,400.0,-1.2108,1.375,0.4,2.659,1.3,1126259642.413,37.501765712888144,-7.8601850574721635,-36597.047905637206
36.27794515203376,34.33889684268267,-0.3978491109914142,0.09209327531257969,400.0,-1.2108,1.375,0.4,2.659,1.3,1126259642.413,37.50206201354376,-7.8601850574721635,-36481.45725279495
40.9159211731954,31.45959743001167,-0.33904553140673777,0.31115227242765015,400.0,-1.2108,1.375,0.4,2.659,1.3,1126259642.413,37.503983434393476,-7.8601850574721635,-36607.80124803409
45.21363654734254,34.52647297269873,0.12311009394226141,-0.07534587946688784,400.0,-1.2108,1.375,0.4,2.659,1.3,1126259642.413,37.506142012110246,-7.8601850574721635,-37006.98935515795
41.10662119380817,31.80192618749259,0.10980342266110715,-0.22894843255681346,400.0,-1.2108,1.375,0.4,2.659,1.3,1126259642.413,37.50802785869106,-7.8601850574721635,-36648.02075752424
41.778620610475585,38.11012096092164,-0.2297515790963515,0.37041143841034047,400.0,-1.2108,1.375,0.4,2.659,1.3,1126259642.413,37.50812206143789,-7.8601850574721635,-36944.893377103
43.18285051696238,36.07381840558096,0.28049049288327843,-0.28913956251126294,400.0,-1.2108,1.375,0.4,2.659,1.3,1126259642.413,37.51365467299384,-7.8601850574721635,-37045.845468670144
40.49408615174466,31.717856857848552,0.21376692197851516,-0.4663933869459017,400.0,-1.2108,1.375,0.4,2.659,1.3,1126259642.413,37.51516057075264,-7.8601850574721635,-36587.83027560008
41.79242637698593,31.86708057469295,-0.5200880031916331,0.7375922399755385,400.0,-1.2108,1.375,0.4,2.659,1.3,1126259642.413,37.51634400451227,-7.8601850574721635,-36619.34351143523
50.103973142150316,34.48135380164686,0.3575755227494861,-0.012324755710573815,400.0,-1.2108,1.375,0.4,2.659,1.3,1126259642.413,37.51742041873014,-7.8601850574721635,-37243.60869323292
36.55377003145658,35.281404873720966,-0.7177450351293312,0.5653123540348939,400.0,-1.2108,1.375,0.4,2.659,1.3,1126259642.413,37.5181411267175,-7.8601850574721635,-36675.735379735226
47.36684324079315,35.50799373995217,0.18694441734386313,0.17806260884294547,400.0,-1.2108,1.375,0.4,2.659,1.3,1126259642.413,37.51826984995803,-7.8601850574721635,-37084.00084760471
40.507485555743116,33.570964008896496,-0.4948140949953531,0.6482680652915567,400.0,-1.2108,1.375,0.4,2.659,1.3,1126259642.413,37.52135944349337,-7.8601850574721635,-36716.957375199985
42.34066505662783,31.180377953305815,-0.07515844677520561,0.06591764353241966,400.0,-1.2108,1.375,0.4,2.659,1.3,1126259642.413,37.52174839421261,-7.8601850574721635,-36568.562180544635
37.13594769898616,33.87206641661477,-0.3320834564158811,0.03586186390885873,400.0,-1.2108,1.375,0.4,2.659,1.3,1126259642.413,37.521999768498645,-7.8601850574721635,-36612.91724604531
39.099907792282714,33.06863291917724,-0.6086354516064372,0.5181490624928095,400.0,-1.2108,1.375,0.4,2.659,1.3,1126259642.413,37.52462616021289,-7.8601850574721635,-36682.53093474649
40.092031575587995,32.812312073045035,-0.5578907057240922,0.583644606326053,400.0,-1.2108,1.375,0.4,2.659,1.3,1126259642.413,37.52589350255107,-7.8601850574721635,-36636.75849697919
53.31162575355661,30.228523583493814,0.2833970998493897,-0.18096397741513137,400.0,-1.2108,1.375,0.4,2.659,1.3,1126259642.413,37.52958466852601,-7.8601850574721635,-36740.7557592627
37.108894032634964,32.92362062629694,-0.4509503216965362,0.07622203268383669,400.0,-1.2108,1.375,0.4,2.659,1.3,1126259642.413,37.531008976247,-7.8601850574721635,-36469.88450852985
42.91417017094279,40.26273096088323,-0.34426499371755587,0.7903635743883279,400.0,-1.2108,1.375,0.4,2.659,1.3,1126259642.413,37.539981438695534,-7.8601850574721635,-37186.144224012605
41.23684187062165,39.17193356033933,0.6837005231229948,-0.5237407622729756,400.0,-1.2108,1.375,0.4,2.659,1.3,1126259642.413,37.54064647097307,-7.8601850574721635,-37172.17535068165
40.25532692181938,39.978144236582466,0.0013660345598608611,0.1648182721300716,400.0,-1.2108,1.375,0.4,2.659,1.3,1126259642.413,37.541484624226136,-7.8601850574721635,-37104.68782324916
36.890406544653615,34.775406095628625,0.474456702562599,-0.7001181217757839,400.0,-1.2108,1.375,0.4,2.659,1.3,1126259642.413,37.54373867945923,-7.8601850574721635,-36620.58426879014
49.27568684918491,35.30384754018024,0.33830631330184413,0.056486245194775936,400.0,-1.2108,1.375,0.4,2.659,1.3,1126259642.413,37.547927807075204,-7.8601850574721635,-37289.920825314795
46.35369940026701,36.048070048780744,0.2695684735763103,0.013696576050384074,400.0,-1.2108,1.375,0.4,2.659,1.3,1126259642.413,37.55197930754814,-7.8601850574721635,-37117.13734353312
48.13442951700836,34.82945316093583,0.4990333129960087,-0.37942039348168705,400.0,-1.2108,1.375,0.4,2.659,1.3,1126259642.413,37.55398985820441,-7.8601850574721635,-37076.57585543419
36.453105869862,30.673139185484928,-0.41910915659214426,-0.37020873239965113,400.0,-1.2108,1.375,0.4,2.659,1.3,1126259642.413,37.55937168826148,-7.8601850574721635,-36254.33610176501
38.25110526760662,31.008012448612877,-0.309018593124865,-0.20239936514147883,400.0,-1.2108,1.375,0.4,2.659,1.3,1126259642.413,37.560832982548234,-7.8601850574721635,-36411.7460561462
39.303598843453884,31.72392825093587,-0.3597301729978504,0.14048259510570144,400.0,-1.2108,1.375,0.4,2.659,1.3,1126259642.413,37.56452645928568,-7.8601850574721635,-36473.07908199727
41.2602848678015,39.248594264260845,-0.02656783063545891,0.22778340276085363,400.0,-1.2108,1.375,0.4,2.659,1.3,1126259642.413,37.56567821364911,-7.8601850574721635,-37215.511300007434
55.437491206075926,32.07502528079765,0.4545293849885412,-0.01184106609694964,400.0,-1.2108,1.375,0.4,2.659,1.3,1126259642.413,37.58439933125929,-7.8601850574721635,-37205.22373851978
42.153514879634855,37.23570676801375,0.5864340532680391,-0.5947413180965014,400.0,-1.2108,1.375,0.4,2.659,1.3,1126259642.413,37.59632007127868,-7.8601850574721635,-37057.92591902783
33.89589445367234,33.33591488886534,-0.7774826995342562,0.007649523762391246,400.0,-1.2108,1.375,0.4,2.659,1.3,1126259642.413,37.59717646813621,-7.8601850574721635,-36318.4235168579
41.67073664179742,40.50020578797366,0.5204247753461541,-0.18318715040424413,400.0,-1.2108,1.375,0.4,2.659,1.3,1126259642.413,37.59756119779047,-7.8601850574721635,-37203.217502092055
34.92585354433712,31.576349080742332,-0.3854561847616183,-0.48591449913891044,400.0,-1.2108,1.375,0.4,2.659,1.3,1126259642.413,37.59899792808403,-7.8601850574721635,-36276.194098735876
41.01027008470902,39.7465266555785,-0.3281062457575509,0.5634576356350292,400.0,-1.2108,1.375,0.4,2.659,1.3,1126259642.413,37.59986651726205,-7.8601850574721635,-37238.165440994766
44.859052286684005,38.07799682702712,0.34275661270887464,-0.02342822362583505,400.0,-1.2108,1.375,0.4,2.659,1.3,1126259642.413,37.60009455267074,-7.8601850574721635,-36941.729089986875
35.42071794381933,33.89446423546005,-0.3269685272562442,-0.18386379250134452,400.0,-1.2108,1.375,0.4,2.659,1.3,1126259642.413,37.60486798758565,-7.8601850574721635,-36505.20218414091
47.188456561939105,32.30672414966547,0.37312997545927545,-0.6061616541571448,400.0,-1.2108,1.375,0.4,2.659,1.3,1126259642.413,37.60527851507267,-7.8601850574721635,-36748.48498802037
36.83829767000377,33.83226950556578,-0.1713662395271913,-0.1752170404853562,400.0,-1.2108,1.375,0.4,2.659,1.3,1126259642.413,37.607428267411194,-7.8601850574721635,-36485.91865938051
41.23381337198415,31.3190448457286,-0.17493766761061852,0.12060273361462903,400.0,-1.2108,1.375,0.4,2.659,1.3,1126259642.413,37.6081252604814,-7.8601850574721635,-36637.34101228632
46.84100204262201,36.006161673414994,0.327842354279784,-0.044556896244419164,400.0,-1.2108,1.375,0.4,2.659,1.3,1126259642.413,37.60928878315411,-7.8601850574721635,-37063.99434746509
37.895536356056304,31.11068556225223,-0.48493405952727753,-0.032233078793854064,400.0,-1.2108,1.375,0.4,2.659,1.3,1126259642.413,37.609524293474394,-7.8601850574721635,-36373.228435052806
45.058665195174996,36.671841322396496,0.6226099499755721,-0.531842080450261,400.0,-1.2108,1.375,0.4,2.659,1.3,1126259642.413,37.615172288426855,-7.8601850574721635,-36975.75848176209
35.90554437688585,32.78939592801559,-0.49968582169269576,-0.032617357109480015,400.0,-1.2108,1.375,0.4,2.659,1.3,1126259642.413,37.61528759381673,-7.8601850574721635,-36376.523236942434
40.98319430764056,39.089566572893915,-0.00287600355998087,0.18656559158861744,400.0,-1.2108,1.375,0.4,2.659,1.3,1126259642.413,37.61714695961611,-7.8601850574721635,-37008.00003268542
50.86770673418951,32.6314272053144,0.15574788089056968,0.20905720923938606,400.0,-1.2108,1.375,0.4,2.659,1.3,1126259642.413,37.61756023349908,-7.8601850574721635,-36955.69412931845
54.12453794499084,33.259673909369496,0.4985682257455651,-0.00332152538893557,400.0,-1.2108,1.375,0.4,2.659,1.3,1126259642.413,37.617840348725124,-7.8601850574721635,-37245.667306589814
48.88891912090435,34.404597183735824,0.08513933603208226,0.327553117381744,400.0,-1.2108,1.375,0.4,2.659,1.3,1126259642.413,37.621635640974326,-7.8601850574721635,-36994.57794894972
51.26787983953701,30.03166149710007,0.12715872957337665,-0.08907696283289969,400.0,-1.2108,1.375,0.4,2.659,1.3,1126259642.413,37.62351213283232,-7.8601850574721635,-36759.25887157805
35.34421740680813,31.244922800283188,-0.6744516126008374,-0.1349653999221313,400.0,-1.2108,1.375,0.4,2.659,1.3,1126259642.413,37.62751080167634,-7.8601850574721635,-36296.19093266776
39.28880977078008,34.38686787273791,-0.320982841218899,0.38568946540138727,400.0,-1.2108,1.375,0.4,2.659,1.3,1126259642.413,37.63271094356724,-7.8601850574721635,-36695.87226242734
47.08835693094312,35.818467287554235,0.46216578969856414,-0.24585109503799846,400.0,-1.2108,1.375,0.4,2.659,1.3,1126259642.413,37.6334388325142,-7.8601850574721635,-37050.20980862173
38.453639589440755,32.11200277111803,-0.7298730269617636,0.46663877114908564,400.0,-1.2108,1.375,0.4,2.659,1.3,1126259642.413,37.63622828246967,-7.8601850574721635,-36356.6340682198
45.02306788054284,36.961571464004614,0.21962674206553362,0.040610411030347876,400.0,-1.2108,1.375,0.4,2.659,1.3,1126259642.413,37.638713607370974,-7.8601850574721635,-37068.21797957072
44.41748020171912,37.52968568316444,0.5463992766598025,-0.35746321296204614,400.0,-1.2108,1.375,0.4,2.659,1.3,1126259642.413,37.63877169048068,-7.8601850574721635,-37093.24937266369
39.556733915467234,39.14935595647496,0.541805713976718,-0.49962390034433307,400.0,-1.2108,1.375,0.4,2.659,1.3,1126259642.413,37.640276287313434,-7.8601850574721635,-37023.90738738012
48.51507701809599,32.59748791113184,-0.0015572034701131102,0.19571745953931005,400.0,-1.2108,1.375,0.4,2.659,1.3,1126259642.413,37.6462678215737,-7.8601850574721635,-36722.71415980443
50.058599237147305,32.49751301708563,0.5060896655177439,-0.562497247808624,400.0,-1.2108,1.375,0.4,2.659,1.3,1126259642.413,37.646484047250624,-7.8601850574721635,-36873.36638516854
34.21436787553649,30.903733656879787,-0.4136994100321157,-0.5977397109063496,400.0,-1.2108,1.375,0.4,2.659,1.3,1126259642.413,37.64768882864608,-7.8601850574721635,-35841.311951940916
45.45358210025453,33.625526462493795,0.45192270733115303,-0.6924248914224771,400.0,-1.2108,1.375,0.4,2.659,1.3,1126259642.413,37.64963236020899,-7.8601850574721635,-36816.52802525564
44.71968106105293,35.45328750657223,-0.057912947956925045,0.2427708698665086,400.0,-1.2108,1.375,0.4,2.659,1.3,1126259642.413,37.64976323270697,-7.8601850574721635,-36877.54668177168
35.17261120259444,30.35263269706728,-0.5888746959163166,-0.4048225203435763,400.0,-1.2108,1.375,0.4,2.659,1.3,1126259642.413,37.65010883218257,-7.8601850574721635,-36177.47667920339
37.516934784322586,35.43378893870449,-0.38459952646153756,0.369883038097259,400.0,-1.2108,1.375,0.4,2.659,1.3,1126259642.413,37.65252900102066,-7.8601850574721635,-36671.72423254301
38.65630282417402,34.620483561107726,-0.24115717252549926,0.2529418182155161,400.0,-1.2108,1.375,0.4,2.659,1.3,1126259642.413,37.652610589971225,-7.8601850574721635,-36691.556218603495
48.92514173720649,33.5845436207361,0.6444291146349611,-0.7422913719212167,400.0,-1.2108,1.375,0.4,2.659,1.3,1126259642.413,37.65828343254664,-7.8601850574721635,-36837.12209390933
38.413730501549466,31.191069381647033,-0.3629305118414913,-0.0415661046343595,400.0,-1.2108,1.375,0.4,2.659,1.3,1126259642.413,37.6583705621197,-7.8601850574721635,-36459.86214275625
36.2099967566254,33.712721120681316,-0.22348824745104504,-0.2203896910369914,400.0,-1.2108,1.375,0.4,2.659,1.3,1126259642.413,37.6627191150389,-7.8601850574721635,-36491.2195033485
40.191390399364636,31.607463163348292,-0.37100583111093316,0.26083578506133076,400.0,-1.2108,1.375,0.4,2.659,1.3,1126259642.413,37.66530597295921,-7.8601850574721635,-36545.57658073591
45.51713659975274,37.29034043743732,-0.003157770810786692,0.4060635200158811,400.0,-1.2108,1.375,0.4,2.659,1.3,1126259642.413,37.66532664591604,-7.8601850574721635,-37018.069288866885
41.18083448634092,37.69531933260832,0.3079798329391992,-0.29216467456866124,400.0,-1.2108,1.375,0.4,2.659,1.3,1126259642.413,37.66767110771079,-7.8601850574721635,-37039.74984047855
48.957425146390435,34.65651841455433,0.0788671511613564,0.3746458057706171,400.0,-1.2108,1.375,0.4,2.659,1.3,1126259642.413,37.66783391220774,-7.8601850574721635,-36800.411700168464
34.892164756023234,33.693111570879054,0.04071962681125613,-0.6619245645141665,400.0,-1.2108,1.375,0.4,2.659,1.3,1126259642.413,37.67532066785882,-7.8601850574721635,-36360.95719196363
40.87287638829054,33.22200981859621,-0.3179091111592361,0.4639448009397964,400.0,-1.2108,1.375,0.4,2.659,1.3,1126259642.413,37.676033217676675,-7.8601850574721635,-36696.50733435419
47.413809936918824,33.87221423279405,0.595308788454857,-0.7419774516506593,400.0,-1.2108,1.375,0.4,2.659,1.3,1126259642.413,37.67784329693455,-7.8601850574721635,-37013.220846157754
33.858020490993525,32.32631399567916,-0.41613353240179085,-0.4736839371927046,400.0,-1.2108,1.375,0.4,2.659,1.3,1126259642.413,37.68024567672045,-7.8601850574721635,-36100.361830868
39.972939211237936,38.87426160324695,0.6804442418958534,-0.6744459048345959,400.0,-1.2108,1.375,0.4,2.659,1.3,1126259642.413,37.68169175269299,-7.8601850574721635,-37053.963725451686
43.40436355042355,37.09719110152273,0.16627394142655366,-0.01628368812876836,400.0,-1.2108,1.375,0.4,2.659,1.3,1126259642.413,37.68568321728705,-7.8601850574721635,-37110.85985074948
40.07475634253578,39.90188143033238,0.16161365137419742,0.01580581884306409,400.0,-1.2108,1.375,0.4,2.659,1.3,1126259642.413,37.68898002340981,-7.8601850574721635,-36984.09272985455
40.40756488233624,32.75076620956402,-0.04349922577221519,0.008887623553797797,400.0,-1.2108,1.375,0.4,2.659,1.3,1126259642.413,37.69193810815412,-7.8601850574721635,-36618.2886650948
39.76757453789635,34.28091878241584,-0.5464185244666365,0.6948815420896781,400.0,-1.2108,1.375,0.4,2.659,1.3,1126259642.413,37.69735743175319,-7.8601850574721635,-36753.37007797545
47.94181366034668,33.04081038657784,0.5159276520585562,-0.659200004411475,400.0,-1.2108,1.375,0.4,2.659,1.3,1126259642.413,37.69898782325035,-7.8601850574721635,-36753.03720122471
46.88587465239985,35.65612133947599,0.131582686031236,0.21833170462866947,400.0,-1.2108,1.375,0.4,2.659,1.3,1126259642.413,37.701455776489894,-7.8601850574721635,-37101.37944169742
44.35929521155838,35.810553242300436,0.05703946539223971,0.08504600409891269,400.0,-1.2108,1.375,0.4,2.659,1.3,1126259642.413,37.70256689457267,-7.8601850574721635,-36891.839849734155
39.03016768224685,32.42274643011975,-0.22136060023400794,0.04425488993409865,400.0,-1.2108,1.375,0.4,2.659,1.3,1126259642.413,37.702880830511,-7.8601850574721635,-36584.91251045426
47.780598262683824,33.40835480263116,0.5313807124726504,-0.6403393831829425,400.0,-1.2108,1.375,0.4,2.659,1.3,1126259642.413,37.71033965046253,-7.8601850574721635,-36866.34783198004
39.861740931512706,34.10506979355832,-0.28100485820943066,0.37306088979751606,400.0,-1.2108,1.375,0.4,2.659,1.3,1126259642.413,37.711244511374744,-7.8601850574721635,-36724.04225779496
35.513741520173674,35.281866076787274,-0.3942919947790103,0.11220107425548942,400.0,-1.2108,1.375,0.4,2.659,1.3,1126259642.413,37.71181752342676,-7.8601850574721635,-36578.41984637675
45.26535188026077,37.180285198634756,0.49530478682550266,-0.2703184414022378,400.0,-1.2108,1.375,0.4,2.659,1.3,1126259642.413,37.713159404868634,-7.8601850574721635,-37159.161609486066
37.87038096877218,34.348700262460056,-0.22406032340311588,0.0911476448547521,400.0,-1.2108,1.375,0.4,2.659,1.3,1126259642.413,37.71358550950575,-7.8601850574721635,-36731.80180082679
41.172966389403726,40.49992174078895,0.5249572409309747,-0.2153872541824694,400.0,-1.2108,1.375,0.4,2.659,1.3,1126259642.413,37.71854370018425,-7.8601850574721635,-37102.925974075784
41.728498470686866,38.42266508271149,0.5015946730526366,-0.37064724396441084,400.0,-1.2108,1.375,0.4,2.659,1.3,1126259642.413,37.718888812666414,-7.8601850574721635,-37023.46400925589
43.93580399031538,36.921631516477234,-0.08063245487831017,0.282514022681688,400.0,-1.2108,1.375,0.4,2.659,1.3,1126259642.413,37.721231947583576,-7.8601850574721635,-37211.266182876716
42.605118693495285,30.608618667533527,-0.0519030955458363,0.021199177321210308,400.0,-1.2108,1.375,0.4,2.659,1.3,1126259642.413,37.721841473275134,-7.8601850574721635,-36610.83339265644
47.26434468579322,36.30471182159454,0.005578348237914185,0.4962856693923027,400.0,-1.2108,1.375,0.4,2.659,1.3,1126259642.413,37.72332208113076,-7.8601850574721635,-36982.1045351483
34.83635632719103,31.71864289324223,-0.6173387854904503,-0.19529440399022277,400.0,-1.2108,1.375,0.4,2.659,1.3,1126259642.413,37.72335611216752,-7.8601850574721635,-36307.72602503469
38.62616687929482,32.423730938991454,-0.5441738357930701,0.3254131183633598,400.0,-1.2108,1.375,0.4,2.659,1.3,1126259642.413,37.72376854033669,-7.8601850574721635,-36553.69627006797
43.33720224054655,37.37146992358005,0.4355253386322083,-0.3100200442693888,400.0,-1.2108,1.375,0.4,2.659,1.3,1126259642.413,37.72577756781412,-7.8601850574721635,-37208.72067214853
40.42318567312665,31.728100028502393,0.21007306729071445,-0.4571252339561337,400.0,-1.2108,1.375,0.4,2.659,1.3,1126259642.413,37.72583544023867,-7.8601850574721635,-36575.783009175306
37.79704511818993,33.393851193839204,-0.7706397897117827,0.5373697730627478,400.0,-1.2108,1.375,0.4,2.659,1.3,1126259642.413,37.72587428479744,-7.8601850574721635,-36612.68889053655
43.73919562699821,38.20746483255178,0.06264874762460292,0.24825372866338957,400.0,-1.2108,1.375,0.4,2.659,1.3,1126259642.413,37.72723929613415,-7.8601850574721635,-37149.62114006396
43.156343734785516,36.89440625203483,0.6731228289114222,-0.6937909022804334,400.0,-1.2108,1.375,0.4,2.659,1.3,1126259642.413,37.72884488315475,-7.8601850574721635,-36928.390270829885
42.30870954420813,37.75491016461914,0.6525124604291369,-0.628736852802571,400.0,-1.2108,1.375,0.4,2.659,1.3,1126259642.413,37.741842274416896,-7.8601850574721635,-36960.004940222236
47.00948233241604,35.16792998958841,0.5394382682350164,-0.4599381635377557,400.0,-1.2108,1.375,0.4,2.659,1.3,1126259642.413,37.74906023045764,-7.8601850574721635,-36933.50015480611
42.68668342353385,37.30066988963828,-0.17986196786893313,0.32797101791286287,400.0,-1.2108,1.375,0.4,2.659,1.3,1126259642.413,37.75039855399751,-7.8601850574721635,-36934.63236005816
42.607547777143225,30.247217195770016,-0.19127725562774162,0.11391214911260572,400.0,-1.2108,1.375,0.4,2.659,1.3,1126259642.413,37.751353584399546,-7.8601850574721635,-36586.79882440485
39.96052610281324,31.423039443202235,0.20603659612842984,-0.561079374240971,400.0,-1.2108,1.375,0.4,2.659,1.3,1126259642.413,37.75226230135121,-7.8601850574721635,-36558.034678175936
46.75461570757049,33.78115911226918,0.46676515017964637,-0.6050795928780769,400.0,-1.2108,1.375,0.4,2.659,1.3,1126259642.413,37.7529259912566,-7.8601850574721635,-36816.56277761073
41.211986581765174,37.714133560869726,0.36788106941636356,-0.36364845831804893,400.0,-1.2108,1.375,0.4,2.659,1.3,1126259642.413,37.758682349708884,-7.8601850574721635,-37045.94652831125
34.805205502651305,33.06195731042928,-0.5996767710385641,-0.10356772588004048,400.0,-1.2108,1.375,0.4,2.659,1.3,1126259642.413,37.76446201541272,-7.8601850574721635,-36380.10212773891
35.99622747876829,30.9237423393124,-0.1611102451225453,-0.6531688389525465,400.0,-1.2108,1.375,0.4,2.659,1.3,1126259642.413,37.76593227334033,-7.8601850574721635,-36296.763425384364
37.41539186541872,34.20354311436646,-0.6266206595962538,0.4405992561640307,400.0,-1.2108,1.375,0.4,2.659,1.3,1126259642.413,37.76816804567591,-7.8601850574721635,-36599.93411319255
49.27186228818582,30.70585165228399,0.3361277524437223,-0.608527228349057,400.0,-1.2108,1.375,0.4,2.659,1.3,1126259642.413,37.770898752216354,-7.8601850574721635,-36644.27601254263
39.46526077107845,31.27047710983376,0.31452808532014065,-0.7261187643690543,400.0,-1.2108,1.375,0.4,2.659,1.3,1126259642.413,37.77462661747301,-7.8601850574721635,-36336.55352358533
46.24483105328465,35.81583192330434,0.2753006617390916,-0.04988227865181212,400.0,-1.2108,1.375,0.4,2.659,1.3,1126259642.413,37.775672840227,-7.8601850574721635,-36967.137309651334
47.41292770234774,33.19057572696279,-0.0012088393784519258,0.134565149045004,400.0,-1.2108,1.375,0.4,2.659,1.3,1126259642.413,37.77724718471782,-7.8601850574721635,-36824.36249483734
42.5163245418611,40.13316934993726,0.5728214008012458,-0.22525173513733554,400.0,-1.2108,1.375,0.4,2.659,1.3,1126259642.413,37.78058707284232,-7.8601850574721635,-37021.09511114037
38.51830818726191,30.892326452736533,-0.33373441661238,-0.09933375587658362,400.0,-1.2108,1.375,0.4,2.659,1.3,1126259642.413,37.783914271741565,-7.8601850574721635,-36421.27946906312
43.34950627310505,36.108540497789754,0.21240891395164235,-0.1727480388354907,400.0,-1.2108,1.375,0.4,2.659,1.3,1126259642.413,37.784087921314416,-7.8601850574721635,-37042.824257654574
41.959946593122005,38.908764692862434,-0.02896565996315925,0.24947106968844873,400.0,-1.2108,1.375,0.4,2.659,1.3,1126259642.413,37.788736548279225,-7.8601850574721635,-37218.60860129964
40.253458091842525,39.858871129777114,-0.3709793320200456,0.563347302293884,400.0,-1.2108,1.375,0.4,2.659,1.3,1126259642.413,37.795521380897064,-7.8601850574721635,-37041.08915661799
34.59862347309324,30.315937019451997,-0.3175969660033885,-0.7661479348830548,400.0,-1.2108,1.375,0.4,2.659,1.3,1126259642.413,37.804662346142365,-7.8601850574721635,-35965.98592413533
42.0628542457106,31.186009215143937,-0.4830327752006812,0.6275690118467516,400.0,-1.2108,1.375,0.4,2.659,1.3,1126259642.413,37.80596181319553,-7.8601850574721635,-36590.319302561824
35.35808129350003,33.355308794264865,-0.5120547865491072,-0.022291920227724527,400.0,-1.2108,1.375,0.4,2.659,1.3,1126259642.413,37.810003930435016,-7.8601850574721635,-36397.589526363605
36.25076310946202,33.81002218028098,-0.442261167997876,0.05975647451097113,400.0,-1.2108,1.375,0.4,2.659,1.3,1126259642.413,37.810159703874916,-7.8601850574721635,-36434.5506028975
44.39557731330491,35.58737515197457,-0.09230994073216678,0.2563694825732722,400.0,-1.2108,1.375,0.4,2.659,1.3,1126259642.413,37.81144872802544,-7.8601850574721635,-36928.48728888203
40.016140450741986,31.961942567317443,0.0565959846773965,-0.2801609530852821,400.0,-1.2108,1.375,0.4,2.659,1.3,1126259642.413,37.81526468730194,-7.8601850574721635,-36559.4180278952
35.36105222084677,31.280834503926,-0.5214217292350082,-0.2843395977111409,400.0,-1.2108,1.375,0.4,2.659,1.3,1126259642.413,37.82185970633015,-7.8601850574721635,-36316.106844006776
40.652700669521536,39.65607999173112,-0.1896637376377709,0.3939046935732299,400.0,-1.2108,1.375,0.4,2.659,1.3,1126259642.413,37.82428998179576,-7.8601850574721635,-37128.59072571665
42.4210455496052,39.48245786469455,0.5218706551359555,-0.2346098527116865,400.0,-1.2108,1.375,0.4,2.659,1.3,1126259642.413,37.82607906875382,-7.8601850574721635,-37175.2625097431
34.08531059489331,32.912797051130106,-0.26313123258051235,-0.5127844514224115,400.0,-1.2108,1.375,0.4,2.659,1.3,1126259642.413,37.829480293231384,-7.8601850574721635,-36273.38657181864
35.309609987072776,33.651971741029705,0.22058004670771708,-0.7633899371862627,400.0,-1.2108,1.375,0.4,2.659,1.3,1126259642.413,37.830307900801884,-7.8601850574721635,-36458.018887543905
45.089467051049695,35.82782439578412,-0.3700477540166621,0.7116133578844736,400.0,-1.2108,1.375,0.4,2.659,1.3,1126259642.413,37.83316806746816,-7.8601850574721635,-37156.652278679205
40.0564639572362,32.217483182989206,-0.6191073208581707,0.6098536727908317,400.0,-1.2108,1.375,0.4,2.659,1.3,1126259642.413,37.83414166238708,-7.8601850574721635,-36650.10058663968
41.713594857297,41.00271423575421,0.5918507641245442,-0.21258131738080654,400.0,-1.2108,1.375,0.4,2.659,1.3,1126259642.413,37.8401950550908,-7.8601850574721635,-37005.96806988584
39.9455172588162,31.546393698006753,-0.009475073690724575,-0.25959057792778806,400.0,-1.2108,1.375,0.4,2.659,1.3,1126259642.413,37.84538180053342,-7.8601850574721635,-36571.52766835432
47.95868843558163,32.72097903054472,0.1715911560805873,-0.13737958856341975,400.0,-1.2108,1.375,0.4,2.659,1.3,1126259642.413,37.850093043941804,-7.8601850574721635,-36822.47117165612
49.09297269104371,33.6565995711112,0.2552038463933238,-0.06691904764605369,400.0,-1.2108,1.375,0.4,2.659,1.3,1126259642.413,37.850875929930275,-7.8601850574721635,-36898.34543590672
38.15365411058107,31.689134089261863,0.03136765254825986,-0.4859559822047395,400.0,-1.2108,1.375,0.4,2.659,1.3,1126259642.413,37.85346248377003,-7.8601850574721635,-36520.383377441605
50.525325288427005,31.878353442565643,0.29087827927897697,-0.1991812671794838,400.0,-1.2108,1.375,0.4,2.659,1.3,1126259642.413,37.854552816551454,-7.8601850574721635,-36971.704364969526
37.52736494552368,34.767885827586234,0.005812654910129791,-0.13278549345753315,400.0,-1.2108,1.375,0.4,2.659,1.3,1126259642.413,37.85609962639394,-7.8601850574721635,-36733.37718231863
49.242149430296635,31.708741269477144,0.27330536626408547,-0.3253498537957456,400.0,-1.2108,1.375,0.4,2.659,1.3,1126259642.413,37.85919262325139,-7.8601850574721635,-36820.239816272384
42.550703067502646,37.62141260921246,-0.47702307183623066,0.6863959659344809,400.0,-1.2108,1.375,0.4,2.659,1.3,1126259642.413,37.862485792816635,-7.8601850574721635,-36985.464822295275
42.41024569280154,37.8298257454571,-0.22476158188402898,0.41340865894337864,400.0,-1.2108,1.375,0.4,2.659,1.3,1126259642.413,37.86797197027553,-7.8601850574721635,-37029.000686422005
40.39885618760869,32.899739054087775,-0.09324372630561838,0.0887940152243388,400.0,-1.2108,1.375,0.4,2.659,1.3,1126259642.413,37.86949077228333,-7.8601850574721635,-36633.93134229727
34.276997685936514,32.19613871704315,-0.0861347311931786,-0.7670101943540817,400.0,-1.2108,1.375,0.4,2.659,1.3,1126259642.413,37.87046991176935,-7.8601850574721635,-36291.63214833597
38.763424158556916,30.55345585450444,-0.2447582374706664,-0.21973209971243876,400.0,-1.2108,1.375,0.4,2.659,1.3,1126259642.413,37.87147360988208,-7.8601850574721635,-36393.536034856574
34.74928500988532,34.678839724875544,-0.49527299793568447,0.049349721355996023,400.0,-1.2108,1.375,0.4,2.659,1.3,1126259642.413,37.872426227626896,-7.8601850574721635,-36531.68814121488
47.297753302719975,33.68995470175495,0.28295128258083785,-0.2599702953712332,400.0,-1.2108,1.375,0.4,2.659,1.3,1126259642.413,37.87356986214178,-7.8601850574721635,-36839.17182914419
48.89117366941199,33.906637142293924,0.5354817966805575,-0.5184834883039237,400.0,-1.2108,1.375,0.4,2.659,1.3,1126259642.413,37.87795723702406,-7.8601850574721635,-36963.43586599291
48.991871371255066,33.21844756569267,0.3397249665795953,-0.2613863664292481,400.0,-1.2108,1.375,0.4,2.659,1.3,1126259642.413,37.88551677409209,-7.8601850574721635,-36951.46452964264
34.85287537035917,34.133384373218604,-0.1815938216342221,-0.31664777375478825,400.0,-1.2108,1.375,0.4,2.659,1.3,1126259642.413,37.88561445431087,-7.8601850574721635,-36464.73278253508
42.30520459209862,37.10962668228525,0.625198322153446,-0.6519290616507619,400.0,-1.2108,1.375,0.4,2.659,1.3,1126259642.413,37.88677047846117,-7.8601850574721635,-37053.33376890088
41.867658196209845,39.48596946944605,0.19330289318001936,0.09939924169886843,400.0,-1.2108,1.375,0.4,2.659,1.3,1126259642.413,37.88726591750364,-7.8601850574721635,-37033.03446046608
50.825809960619814,31.8207934981556,0.29677362228933557,-0.21672055314620564,400.0,-1.2108,1.375,0.4,2.659,1.3,1126259642.413,37.88744926391092,-7.8601850574721635,-36908.179761354215
45.75782369663853,34.39106393620218,0.32136598377358694,-0.33112015344445217,400.0,-1.2108,1.375,0.4,2.659,1.3,1126259642.413,37.88771794456738,-7.8601850574721635,-36909.78452518465
42.25715154802684,40.6132197944201,-0.18726163783037653,0.6045998167122711,400.0,-1.2108,1.375,0.4,2.659,1.3,1126259642.413,37.88938772896878,-7.8601850574721635,-37014.183977716515
37.90903762238722,32.627804036403525,-0.47923312638354676,0.139151713048474,400.0,-1.2108,1.375,0.4,2.659,1.3,1126259642.413,37.890886208132514,-7.8601850574721635,-36372.93709066407
45.34195880667646,37.38984028965395,0.053275905372898655,0.3108617123326086,400.0,-1.2108,1.375,0.4,2.659,1.3,1126259642.413,37.89125357717923,-7.8601850574721635,-37033.398339427185
43.894301365960054,38.319201783785275,0.526465639255076,-0.3048870725463024,400.0,-1.2108,1.375,0.4,2.659,1.3,1126259642.413,37.895615235776745,-7.8601850574721635,-37191.320803189024
40.23720503279582,33.347908553437605,-0.5903314431263286,0.7543242933163898,400.0,-1.2108,1.375,0.4,2.659,1.3,1126259642.413,37.895909264853344,-7.8601850574721635,-36671.57795751618
42.42536558745097,39.131314068066644,0.010097337380047484,0.28902476262986515,400.0,-1.2108,1.375,0.4,2.659,1.3,1126259642.413,37.90038875395402,-7.8601850574721635,-37045.44491338908
39.921582160376346,30.879825255351165,-0.7532122984829221,0.6197979350376923,400.0,-1.2108,1.375,0.4,2.659,1.3,1126259642.413,37.90129605699008,-7.8601850574721635,-36323.9258556022
50.230906427838406,31.093053431947084,0.4590041088486999,-0.6688723949246349,400.0,-1.2108,1.375,0.4,2.659,1.3,1126259642.413,37.90242512010598,-7.8601850574721635,-36748.06063796047
42.119771265104475,38.26135511044243,-0.4781720016832064,0.698586161415079,400.0,-1.2108,1.375,0.4,2.659,1.3,1126259642.413,37.90651639777859,-7.8601850574721635,-37116.68696396265
44.67211932346223,34.75033537322724,0.49950576281403736,-0.6249285129495623,400.0,-1.2108,1.375,0.4,2.659,1.3,1126259642.413,37.90750212426183,-7.8601850574721635,-36985.91888871614
51.546509783723856,30.942984145834608,0.3256910383040865,-0.33439367027165967,400.0,-1.2108,1.375,0.4,2.659,1.3,1126259642.413,37.90980191487098,-7.8601850574721635,-36836.831119288465
38.19765789152955,33.10169970005503,-0.4127071378209388,0.20181818444053978,400.0,-1.2108,1.375,0.4,2.659,1.3,1126259642.413,37.911204098857915,-7.8601850574721635,-36605.019460988144
44.15992379822608,39.215967915190554,-0.13588168218979702,0.5918287653393804,400.0,-1.2108,1.375,0.4,2.659,1.3,1126259642.413,37.91401594424328,-7.8601850574721635,-37292.22010054294
36.9152171159235,30.875343679034653,-0.7110007162703152,0.0669633550017206,400.0,-1.2108,1.375,0.4,2.659,1.3,1126259642.413,37.9141165665095,-7.8601850574721635,-36381.91040171199
41.25046927791252,31.050100637080117,-0.6539856530566266,0.7319223704820577,400.0,-1.2108,1.375,0.4,2.659,1.3,1126259642.413,37.914741141702514,-7.8601850574721635,-36546.05682369245
44.73991741358845,36.002157946668056,-0.21493632343949287,0.4887680107370413,400.0,-1.2108,1.375,0.4,2.659,1.3,1126259642.413,37.92416041669607,-7.8601850574721635,-37093.290657774385
37.97882618210544,32.62664257593311,-0.4181464197156103,0.0807270012529446,400.0,-1.2108,1.375,0.4,2.659,1.3,1126259642.413,37.92476197417474,-7.8601850574721635,-36388.854163769436
35.52316492173745,34.24892540762983,-0.0362511451836976,-0.37078876352728174,400.0,-1.2108,1.375,0.4,2.659,1.3,1126259642.413,37.92683878832152,-7.8601850574721635,-36532.931694696745
42.83853144605745,37.20002093579794,0.5994555592969076,-0.5998449617865536,400.0,-1.2108,1.375,0.4,2.659,1.3,1126259642.413,37.93145054663033,-7.8601850574721635,-36928.88933462694
44.762314710632495,37.3029248585205,0.33368110875713153,-0.10018412033848868,400.0,-1.2108,1.375,0.4,2.659,1.3,1126259642.413,37.93472242320493,-7.8601850574721635,-37126.52892244195
36.2898541541005,35.30841694083871,-0.26159045193776037,0.09883186085683277,400.0,-1.2108,1.375,0.4,2.659,1.3,1126259642.413,37.93544500053117,-7.8601850574721635,-36612.857480505874
40.018986177870985,34.106723410690265,-0.5663982086394781,0.7153999846807184,400.0,-1.2108,1.375,0.4,2.659,1.3,1126259642.413,37.93751821060835,-7.8601850574721635,-36768.124994783146
42.018162693128595,36.73158167942419,0.5866061672580696,-0.6861335212037618,400.0,-1.2108,1.375,0.4,2.659,1.3,1126259642.413,37.93988280135047,-7.8601850574721635,-36973.21624835067
51.14164394680602,32.03981720999226,0.2007887950806701,0.06250304593589515,400.0,-1.2108,1.375,0.4,2.659,1.3,1126259642.413,37.94463193548897,-7.8601850574721635,-36740.43651738792
38.42254637347051,33.80401132852652,-0.1304974533061652,-0.015498020798106943,400.0,-1.2108,1.375,0.4,2.659,1.3,1126259642.413,37.94693067755381,-7.8601850574721635,-36722.10440058769
35.40541462368095,34.445944405397455,-0.11428617135844663,-0.3212190001321013,400.0,-1.2108,1.375,0.4,2.659,1.3,1126259642.413,37.953863696961264,-7.8601850574721635,-36510.550071780264
44.91248896595547,35.69261720100659,0.08052293663180668,0.07360450532666793,400.0,-1.2108,1.375,0.4,2.659,1.3,1126259642.413,37.95452081451338,-7.8601850574721635,-36997.26386796493
47.654616271178824,33.35839109941364,0.5371320853944374,-0.6692938578065863,400.0,-1.2108,1.375,0.4,2.659,1.3,1126259642.413,37.956257343218034,-7.8601850574721635,-36795.37960950325
36.035922275234,34.03952934555548,-0.7703290339317194,0.3834131015086253,400.0,-1.2108,1.375,0.4,2.659,1.3,1126259642.413,37.9582213648638,-7.8601850574721635,-36427.18189718291
40.30907571796145,30.573128989432412,-0.466079948495691,0.25368062452304885,400.0,-1.2108,1.375,0.4,2.659,1.3,1126259642.413,37.95912345467944,-7.8601850574721635,-36314.66380043463
44.825185813119,34.221084573625944,0.4260538884949098,-0.5763392354830162,400.0,-1.2108,1.375,0.4,2.659,1.3,1126259642.413,37.95978280463595,-7.8601850574721635,-36865.25196078037
43.56540368010247,36.526622492676,0.5480337919681335,-0.5690116551848264,400.0,-1.2108,1.375,0.4,2.659,1.3,1126259642.413,37.9634967571962,-7.8601850574721635,-36916.2389339193
38.02503764977469,34.06746789254969,-0.6601002965896324,0.5594860628141656,400.0,-1.2108,1.375,0.4,2.659,1.3,1126259642.413,37.964877594866806,-7.8601850574721635,-36713.748454603134
35.21247295940968,33.29448787896798,-0.6038542459901779,0.044956730666503575,400.0,-1.2108,1.375,0.4,2.659,1.3,1126259642.413,37.96570331026227,-7.8601850574721635,-36330.67233047159
35.6761394937783,32.22592486140986,-0.6730653292358905,-0.012710201854754882,400.0,-1.2108,1.375,0.4,2.659,1.3,1126259642.413,37.96656902702198,-7.8601850574721635,-36380.6744502913
40.5953229284527,30.703254654268793,-0.5046704733003402,0.3730323010164581,400.0,-1.2108,1.375,0.4,2.659,1.3,1126259642.413,37.96851782750098,-7.8601850574721635,-36446.08073560953
49.96845974995931,30.67433181952686,0.4511433865914421,-0.772093065348137,400.0,-1.2108,1.375,0.4,2.659,1.3,1126259642.413,37.975802817284816,-7.8601850574721635,-36711.12768817351
45.44438714672535,37.01470555248814,0.23291308402515404,0.07389090026910863,400.0,-1.2108,1.375,0.4,2.659,1.3,1126259642.413,37.97729661124374,-7.8601850574721635,-37158.00648773947
42.64882876465379,39.60073717645423,0.5504941885970127,-0.23679586197795127,400.0,-1.2108,1.375,0.4,2.659,1.3,1126259642.413,37.97812503135316,-7.8601850574721635,-37188.4847018797
40.94874565865435,39.02339857056338,0.703513158804623,-0.6006543950116419,400.0,-1.2108,1.375,0.4,2.659,1.3,1126259642.413,37.979586753686704,-7.8601850574721635,-36974.63202540628
35.88391048363356,35.28044394813616,0.027081366309696833,-0.22873016029739546,400.0,-1.2108,1.375,0.4,2.659,1.3,1126259642.413,37.98224164740562,-7.8601850574721635,-36623.78511328838
42.2235566951935,30.000268648879462,0.2828835800372732,-0.6782278213238153,400.0,-1.2108,1.375,0.4,2.659,1.3,1126259642.413,37.983200033202266,-7.8601850574721635,-36491.45243803664
40.99891379925632,40.070214759566696,0.6908941829621084,-0.4653115897603358,400.0,-1.2108,1.375,0.4,2.659,1.3,1126259642.413,37.98353075035027,-7.8601850574721635,-37129.9791296309
40.96489089594847,40.73345818542407,-0.09809459060986328,0.4353620842458193,400.0,-1.2108,1.375,0.4,2.659,1.3,1126259642.413,37.98504976304989,-7.8601850574721635,-37108.45644865706
35.40554253435897,30.960741594834882,-0.49321148492438033,-0.3518023951685635,400.0,-1.2108,1.375,0.4,2.659,1.3,1126259642.413,37.98514092474675,-7.8601850574721635,-36126.27120641561
43.32693512231648,36.68030452355157,0.3145532770559531,-0.26319350125467106,400.0,-1.2108,1.375,0.4,2.659,1.3,1126259642.413,37.98643592406809,-7.8601850574721635,-36914.79903349537
39.76508016562761,31.44713451598045,-0.5103645669632663,0.3655864641403932,400.0,-1.2108,1.375,0.4,2.659,1.3,1126259642.413,37.98668073068235,-7.8601850574721635,-36516.05575540717
47.23709943783295,35.23542438752262,0.2539791630917124,-0.013993182203765052,400.0,-1.2108,1.375,0.4,2.659,1.3,1126259642.413,37.991364109812295,-7.8601850574721635,-37045.588896577385
34.77994764759687,32.89944409073183,-0.7723707903938312,0.06256701894386285,400.0,-1.2108,1.375,0.4,2.659,1.3,1126259642.413,37.996620996002136,-7.8601850574721635,-36412.330952426644
35.5922171171194,34.18426733973248,-0.45472698793746985,0.043513741088155145,400.0,-1.2108,1.375,0.4,2.659,1.3,1126259642.413,37.99850792542703,-7.8601850574721635,-36532.3347071459
35.60655139041846,35.45357976611029,0.32059613761528005,-0.5789373211043541,400.0,-1.2108,1.375,0.4,2.659,1.3,1126259642.413,37.9995394122459,-7.8601850574721635,-36630.16525959831
48.24880831719472,32.30015980330615,0.506453300183143,-0.7655789114703013,400.0,-1.2108,1.375,0.4,2.659,1.3,1126259642.413,37.99982766227988,-7.8601850574721635,-36894.00557040096
41.44151148723011,41.05447632867052,0.27444042024356646,0.1191360844677069,400.0,-1.2108,1.375,0.4,2.659,1.3,1126259642.413,38.000873524909274,-7.8601850574721635,-37068.454961328476
40.820406101186556,32.26790088020574,-0.0033229695082384325,-0.03043668233444334,400.0,-1.2108,1.375,0.4,2.659,1.3,1126259642.413,38.008555906313404,-7.8601850574721635,-36611.750076447475
39.15213487703062,33.023612102771544,-0.22827851272953611,0.09039864330659106,400.0,-1.2108,1.375,0.4,2.659,1.3,1126259642.413,38.00877275877606,-7.8601850574721635,-36681.44717140179
50.40638887423786,32.01613796635004,0.5894496671062209,-0.7622688787634477,400.0,-1.2108,1.375,0.4,2.659,1.3,1126259642.413,38.01064032503069,-7.8601850574721635,-36967.055316258025
34.93353879588419,32.08802135003761,-0.5985880156970134,-0.19401673717269605,400.0,-1.2108,1.375,0.4,2.659,1.3,1126259642.413,38.014093221244025,-7.8601850574721635,-36270.236255093114
42.057878458080175,39.070388611916854,-0.13716596006344006,0.391755104772246,400.0,-1.2108,1.375,0.4,2.659,1.3,1126259642.413,38.01438456043177,-7.8601850574721635,-37094.420660332005
43.31727698065525,30.19609594611672,-0.038692782420100595,-0.027573272340971483,400.0,-1.2108,1.375,0.4,2.659,1.3,1126259642.413,38.01696773847375,-7.8601850574721635,-36559.36690791497
47.6937740608727,32.087179974482794,0.4505461083547229,-0.7529005499209219,400.0,-1.2108,1.375,0.4,2.659,1.3,1126259642.413,38.017904142666715,-7.8601850574721635,-36750.282010872776
37.54869132483887,33.133505130652374,-0.6552214286413373,0.3439672690709647,400.0,-1.2108,1.375,0.4,2.659,1.3,1126259642.413,38.02161598727436,-7.8601850574721635,-36452.169174879775
42.96704177442799,39.60839020930038,0.4808544441679465,-0.13142474482740957,400.0,-1.2108,1.375,0.4,2.659,1.3,1126259642.413,38.022303593476906,-7.8601850574721635,-37055.871214044535
42.91933425870944,37.7504331730778,0.6047349989840565,-0.4853183505161538,400.0,-1.2108,1.375,0.4,2.659,1.3,1126259642.413,38.02357098754897,-7.8601850574721635,-37218.364744534185
45.50538557210265,35.22788332623434,0.19397936580298214,-0.05813911245799452,400.0,-1.2108,1.375,0.4,2.659,1.3,1126259642.413,38.02444150507522,-7.8601850574721635,-36986.01038724651
41.35132435020771,40.91803918745809,-0.191831741565119,0.5790047452469425,400.0,-1.2108,1.375,0.4,2.659,1.3,1126259642.413,38.02542411454157,-7.8601850574721635,-37171.75098501191
33.692584145828995,33.28778635512614,-0.5620077348754865,-0.22195541399998328,400.0,-1.2108,1.375,0.4,2.659,1.3,1126259642.413,38.03010354038122,-7.8601850574721635,-36274.95279226999
43.42047453565816,38.8895492129992,-0.10209243897068787,0.4691674700361461,400.0,-1.2108,1.375,0.4,2.659,1.3,1126259642.413,38.03017827472571,-7.8601850574721635,-37177.2569624495
37.72376307663096,31.284160946617792,-0.033521090896816194,-0.5228695337056776,400.0,-1.2108,1.375,0.4,2.659,1.3,1126259642.413,38.034361342843795,-7.8601850574721635,-36384.847453092094
43.79607897026133,37.99094762316078,0.6658008709691936,-0.49501711515577695,400.0,-1.2108,1.375,0.4,2.659,1.3,1126259642.413,38.03589775015996,-7.8601850574721635,-37063.78695657282
49.53545721793903,32.82248750826006,0.4079656109091001,-0.3662460124030425,400.0,-1.2108,1.375,0.4,2.659,1.3,1126259642.413,38.03648766546772,-7.8601850574721635,-36906.98288428378
38.157352884965924,34.88250819952896,-0.24465093085967812,0.23008853113142344,400.0,-1.2108,1.375,0.4,2.659,1.3,1126259642.413,38.038132090983794,-7.8601850574721635,-36670.807647951675
41.389340549292754,30.981427267775143,-0.2968747497918771,0.24288313977054676,400.0,-1.2108,1.375,0.4,2.659,1.3,1126259642.413,38.04004555379967,-7.8601850574721635,-36553.45839404483
40.40740508507223,39.990247808972086,0.17147565713940915,0.03716324599454274,400.0,-1.2108,1.375,0.4,2.659,1.3,1126259642.413,38.04101221650647,-7.8601850574721635,-37178.28441318345
39.82827928041398,30.831080622296625,0.11213139296835525,-0.5090307740775306,400.0,-1.2108,1.375,0.4,2.659,1.3,1126259642.413,38.047190438687466,-7.8601850574721635,-36342.460644431936
40.89588530785974,40.213831481000284,-0.0859170053927917,0.3758172549326658,400.0,-1.2108,1.375,0.4,2.659,1.3,1126259642.413,38.04926502859572,-7.8601850574721635,-37098.19530279316
36.50678148898463,32.53221741927841,-0.09468796888185338,-0.4361390357731202,400.0,-1.2108,1.375,0.4,2.659,1.3,1126259642.413,38.05016607437996,-7.8601850574721635,-36445.84048957389
41.57798247031282,38.66382697626425,0.7953986278868895,-0.7140438269762975,400.0,-1.2108,1.375,0.4,2.659,1.3,1126259642.413,38.05588220220203,-7.8601850574721635,-37065.92739004049
35.96395392193225,30.14460418658506,-0.2843641319515507,-0.6134277690328609,400.0,-1.2108,1.375,0.4,2.659,1.3,1126259642.413,38.05661218931481,-7.8601850574721635,-36085.75930497177
46.01501559790571,36.06705255749852,0.2650136617332603,-0.007818867657992105,400.0,-1.2108,1.375,0.4,2.659,1.3,1126259642.413,38.05690930514647,-7.8601850574721635,-37002.066239261854
32.96339063144463,32.80918906502202,-0.7753396161615405,-0.18599326456534837,400.0,-1.2108,1.375,0.4,2.659,1.3,1126259642.413,38.05798152133564,-7.8601850574721635,-36185.60595580143
42.860168584835094,36.19214276441785,0.6185391108719303,-0.732614546513604,400.0,-1.2108,1.375,0.4,2.659,1.3,1126259642.413,38.05918931346713,-7.8601850574721635,-37012.16416662119
37.01729824173817,34.865514466912785,0.06549956279410316,-0.2355969168378794,400.0,-1.2108,1.375,0.4,2.659,1.3,1126259642.413,38.06102872303534,-7.8601850574721635,-36681.254956337274
41.029948608432285,40.51673342666944,0.045582773642748715,0.2577386003082614,400.0,-1.2108,1.375,0.4,2.659,1.3,1126259642.413,38.06136883408047,-7.8601850574721635,-37062.41465418645
47.88990900413508,32.02489478682036,0.3751930296614287,-0.5988380615336154,400.0,-1.2108,1.375,0.4,2.659,1.3,1126259642.413,38.06288256565928,-7.8601850574721635,-36769.07665466619
40.434398798173895,40.24630064041704,0.7880047127175518,-0.6064213315570905,400.0,-1.2108,1.375,0.4,2.659,1.3,1126259642.413,38.06944915649322,-7.8601850574721635,-37250.50917343084
37.14000919625985,30.672929932868335,-0.30756444615357387,-0.3998504783383896,400.0,-1.2108,1.375,0.4,2.659,1.3,1126259642.413,38.069691717883615,-7.8601850574721635,-36375.857910249455
40.6897574387074,33.180827403497084,-0.37961033624393586,0.5313847569076408,400.0,-1.2108,1.375,0.4,2.659,1.3,1126259642.413,38.07377312362762,-7.8601850574721635,-36668.23302670962
35.16862530103609,34.641415644129765,-0.20622071624918253,-0.18517625535545446,400.0,-1.2108,1.375,0.4,2.659,1.3,1126259642.413,38.074150601521524,-7.8601850574721635,-36522.25215145144
41.310444856327564,30.907300879791098,0.15561453305927095,-0.4418581402429462,400.0,-1.2108,1.375,0.4,2.659,1.3,1126259642.413,38.07498805106605,-7.8601850574721635,-36520.60606916441
41.280923908359824,39.9577783988992,0.024283007814151533,0.2605104409397722,400.0,-1.2108,1.375,0.4,2.659,1.3,1126259642.413,38.07556700059436,-7.8601850574721635,-37055.084781187805
47.44067221788574,33.15942119396873,0.17046039055913376,-0.13527286078358622,400.0,-1.2108,1.375,0.4,2.659,1.3,1126259642.413,38.07984089134102,-7.8601850574721635,-36825.42150042534
37.21911297575252,30.102031492847733,-0.31013489432112235,-0.46521216128192877,400.0,-1.2108,1.375,0.4,2.659,1.3,1126259642.413,38.08034897705739,-7.8601850574721635,-36237.91007761677
43.78104767249857,36.031167901943476,0.4215222068068376,-0.4119165117390199,400.0,-1.2108,1.375,0.4,2.659,1.3,1126259642.413,38.08035260606337,-7.8601850574721635,-36970.34791954757
40.70815066044265,33.311579386408035,-0.38469831198456755,0.540288173303435,400.0,-1.2108,1.375,0.4,2.659,1.3,1126259642.413,38.08067666105306,-7.8601850574721635,-36688.69045251714
42.659000754568744,37.6667289510096,0.605410321230363,-0.536329017716416,400.0,-1.2108,1.375,0.4,2.659,1.3,1126259642.413,38.08181515218898,-7.8601850574721635,-37065.92678856422
38.2200128114935,30.577592532547843,-0.22897095092675057,-0.30083180513481883,400.0,-1.2108,1.375,0.4,2.659,1.3,1126259642.413,38.08608200830555,-7.8601850574721635,-36269.02716091053
41.22131908163995,40.18878714651969,-0.13773030403352127,0.44767480071353505,400.0,-1.2108,1.375,0.4,2.659,1.3,1126259642.413,38.087198926955736,-7.8601850574721635,-37034.91934399638
45.22305887739479,37.21411126329706,0.48078332397925905,-0.2359494118285762,400.0,-1.2108,1.375,0.4,2.659,1.3,1126259642.413,38.089880497496935,-7.8601850574721635,-37161.111487897855
47.001804637645854,33.78292152272107,0.19383560063254196,-0.13146213964071296,400.0,-1.2108,1.375,0.4,2.659,1.3,1126259642.413,38.09812389777137,-7.8601850574721635,-36801.24066627444
44.18955527302471,38.09383243584735,0.4838155052409041,-0.2591066831018217,400.0,-1.2108,1.375,0.4,2.659,1.3,1126259642.413,38.10206824672733,-7.8601850574721635,-37187.65467665161
41.217466367897345,39.36994013603555,-0.06280461931589194,0.2756499506643958,400.0,-1.2108,1.375,0.4,2.659,1.3,1126259642.413,38.10215589984308,-7.8601850574721635,-37240.73456187656
32.81193235019135,31.41471820092798,-0.5450294955281472,-0.6014372041812335,400.0,-1.2108,1.375,0.4,2.659,1.3,1126259642.413,38.10367255867289,-7.8601850574721635,-35985.45090129831
46.36888483115593,35.882308799236455,0.5384483387056701,-0.394511199641707,400.0,-1.2108,1.375,0.4,2.659,1.3,1126259642.413,38.10374347941449,-7.8601850574721635,-37039.82820847892
40.515958243525645,38.58674290483701,0.3487951892055192,-0.29073475358664524,400.0,-1.2108,1.375,0.4,2.659,1.3,1126259642.413,38.105082740752195,-7.8601850574721635,-37082.69311947131
36.4623748439558,32.55101230375449,-0.09785613044078145,-0.4806456976962705,400.0,-1.2108,1.375,0.4,2.659,1.3,1126259642.413,38.106973533155895,-7.8601850574721635,-36443.22671736493
42.16242353271289,38.96605491736875,0.26975881064519686,-0.009629291439300025,400.0,-1.2108,1.375,0.4,2.659,1.3,1126259642.413,38.10753619844551,-7.8601850574721635,-37095.36377349695
47.262667431457416,32.672834252222806,0.31861283735216506,-0.4747814847609271,400.0,-1.2108,1.375,0.4,2.659,1.3,1126259642.413,38.10788234077608,-7.8601850574721635,-36872.653545628804
46.429558721196265,36.17722572559305,0.5096807925631733,-0.31485388254421726,400.0,-1.2108,1.375,0.4,2.659,1.3,1126259642.413,38.108145466201776,-7.8601850574721635,-37134.8780142385
36.42143402194731,31.442244529195477,-0.6419648480928672,0.009361411860252411,400.0,-1.2108,1.375,0.4,2.659,1.3,1126259642.413,38.112585977878254,-7.8601850574721635,-36396.09933737912
42.26346564269984,39.00862943215649,0.1637211581332178,0.11551095039767734,400.0,-1.2108,1.375,0.4,2.659,1.3,1126259642.413,38.112976326143084,-7.8601850574721635,-37049.167891599296
37.29463820149159,32.61366613012644,0.14089815995430077,-0.5977830711705721,400.0,-1.2108,1.375,0.4,2.659,1.3,1126259642.413,38.11302892460906,-7.8601850574721635,-36517.166396060704
48.3680545080494,32.71962490505023,0.27283413277088664,-0.28330758566911063,400.0,-1.2108,1.375,0.4,2.659,1.3,1126259642.413,38.116106036877326,-7.8601850574721635,-36732.49540848547
33.98646497614351,30.629784174019342,-0.4539930808601072,-0.6492838462332092,400.0,-1.2108,1.375,0.4,2.659,1.3,1126259642.413,38.1174538128678,-7.8601850574721635,-36122.48178924891
49.17960100859244,31.18569048306567,0.3547316495725138,-0.5632900581543234,400.0,-1.2108,1.375,0.4,2.659,1.3,1126259642.413,38.1206391674003,-7.8601850574721635,-36735.831560855484
44.633364076300325,37.59698962031833,0.5483611065385418,-0.3279520578711299,400.0,-1.2108,1.375,0.4,2.659,1.3,1126259642.413,38.12126575181429,-7.8601850574721635,-37184.07959534489
48.667065265589514,34.679740758753,0.19337474150520056,0.15630108012276184,400.0,-1.2108,1.375,0.4,2.659,1.3,1126259642.413,38.12344485543669,-7.8601850574721635,-36941.979302666936
37.901730604509,33.252000441932516,-0.29494032137131293,0.056272640060890056,400.0,-1.2108,1.375,0.4,2.659,1.3,1126259642.413,38.12616057204061,-7.8601850574721635,-36610.947560782384
44.3011818045514,38.89383181476019,0.04282487130272486,0.3771203051458836,400.0,-1.2108,1.375,0.4,2.659,1.3,1126259642.413,38.127387878121596,-7.8601850574721635,-37110.92868383329
49.18151348722475,32.92867941069428,0.4887602120399129,-0.5229803078898361,400.0,-1.2108,1.375,0.4,2.659,1.3,1126259642.413,38.129469578764855,-7.8601850574721635,-37008.02785136259
41.198533577771094,39.20030727708771,0.7073038163628332,-0.5824208060342441,400.0,-1.2108,1.375,0.4,2.659,1.3,1126259642.413,38.13102049011282,-7.8601850574721635,-37170.37185483617
40.264430421306635,33.491485026737024,-0.2327681945427504,0.32628786240282637,400.0,-1.2108,1.375,0.4,2.659,1.3,1126259642.413,38.13449851731974,-7.8601850574721635,-36678.23750395568
37.60073052102199,30.897062358683506,0.05044637808673037,-0.7320632481028946,400.0,-1.2108,1.375,0.4,2.659,1.3,1126259642.413,38.13451899790016,-7.8601850574721635,-36262.32611689097
46.191275656179215,36.81303597047884,0.17306084739218536,0.21609289748288954,400.0,-1.2108,1.375,0.4,2.659,1.3,1126259642.413,38.13655009648788,-7.8601850574721635,-36955.27559682323
34.063313360334476,31.275841917712004,-0.40699880410960565,-0.5820554748068709,400.0,-1.2108,1.375,0.4,2.659,1.3,1126259642.413,38.140925574512394,-7.8601850574721635,-36096.63513957916
43.01164777898849,38.857846875243006,0.6802550333321432,-0.46664004222393074,400.0,-1.2108,1.375,0.4,2.659,1.3,1126259642.413,38.14503861073797,-7.8601850574721635,-37130.92151858396
39.821408283697416,30.15330953779478,-0.6010997548734882,0.3309943460366815,400.0,-1.2108,1.375,0.4,2.659,1.3,1126259642.413,38.14617915369154,-7.8601850574721635,-36451.52916141352
42.22758283866448,38.051343099712454,-0.21321330276795802,0.40258724572138027,400.0,-1.2108,1.375,0.4,2.659,1.3,1126259642.413,38.14830673545646,-7.8601850574721635,-37054.89822742839
36.14791549851233,30.832337807639572,-0.23748807807224587,-0.60314062892962,400.0,-1.2108,1.375,0.4,2.659,1.3,1126259642.413,38.14840899302533,-7.8601850574721635,-36284.682253021834
38.71721629851368,31.75942484866069,0.2607940076821385,-0.7357671183703384,400.0,-1.2108,1.375,0.4,2.659,1.3,1126259642.413,38.152550846401766,-7.8601850574721635,-36360.240475708546
36.000304370711945,34.8337939404254,-0.08427632680435315,-0.2113024268437122,400.0,-1.2108,1.375,0.4,2.659,1.3,1126259642.413,38.15778971956029,-7.8601850574721635,-36591.90584287958
38.47932065085163,32.650026199529044,-0.4997458318268833,0.24914003663079856,400.0,-1.2108,1.375,0.4,2.659,1.3,1126259642.413,38.15969531757079,-7.8601850574721635,-36588.78489864322
33.236367200645866,33.2030350556435,-0.47845821510195324,-0.36007509883658084,400.0,-1.2108,1.375,0.4,2.659,1.3,1126259642.413,38.15981186006375,-7.8601850574721635,-36293.84655269607
48.0055210575242,33.21918305806668,0.5039952029160936,-0.6085244444245416,400.0,-1.2108,1.375,0.4,2.659,1.3,1126259642.413,38.161768734298306,-7.8601850574721635,-36844.38675034205
43.06588411741222,39.17132842861594,0.6674442890387949,-0.38749467940973675,400.0,-1.2108,1.375,0.4,2.659,1.3,1126259642.413,38.16259687137925,-7.8601850574721635,-37192.79951059009
45.37240212716685,36.33313698308052,0.3823339239508741,-0.21645592634652053,400.0,-1.2108,1.375,0.4,2.659,1.3,1126259642.413,38.16532125184173,-7.8601850574721635,-36972.32514643595
43.48929877391674,38.02160631873588,0.7702695386886933,-0.6460305646745064,400.0,-1.2108,1.375,0.4,2.659,1.3,1126259642.413,38.16570127701192,-7.8601850574721635,-37015.77469293003
39.734049993719005,39.47701248193729,-0.018314515584855195,0.11260717813274268,400.0,-1.2108,1.375,0.4,2.659,1.3,1126259642.413,38.166871610784,-7.8601850574721635,-37080.70138272377
40.916637357385994,40.01613773355444,0.33030384794769674,-0.11420800461105275,400.0,-1.2108,1.375,0.4,2.659,1.3,1126259642.413,38.16862525712439,-7.8601850574721635,-37185.02068593019
39.806446421465,30.935499484352587,-0.4130632372138712,0.154002235443519,400.0,-1.2108,1.375,0.4,2.659,1.3,1126259642.413,38.17333796581049,-7.8601850574721635,-36326.335829046715
38.46031402030117,33.14175285335509,0.2481406522291254,-0.5284610153245703,400.0,-1.2108,1.375,0.4,2.659,1.3,1126259642.413,38.17352138795754,-7.8601850574721635,-36578.51811920742
40.15414456344276,31.49517097345361,-0.22308797465034935,0.04844478555380416,400.0,-1.2108,1.375,0.4,2.659,1.3,1126259642.413,38.17424162488137,-7.8601850574721635,-36560.27155072212
51.58257879497126,31.430230150670088,0.35410460081049044,-0.31182975736016616,400.0,-1.2108,1.375,0.4,2.659,1.3,1126259642.413,38.17641303622944,-7.8601850574721635,-36789.91126965261
37.47664891873263,32.07898466338178,-0.7355909488404986,0.3007676864788371,400.0,-1.2108,1.375,0.4,2.659,1.3,1126259642.413,38.17709948505945,-7.8601850574721635,-36498.494381525066
36.50279882578136,33.00488854698208,-0.7401435280628115,0.3042067155002018,400.0,-1.2108,1.375,0.4,2.659,1.3,1126259642.413,38.17724332846136,-7.8601850574721635,-36523.63475452018
39.807257380291695,31.187770333006856,-0.5084865042092542,0.3120404907234599,400.0,-1.2108,1.375,0.4,2.659,1.3,1126259642.413,38.1805888970604,-7.8601850574721635,-36390.93311069641
40.77500287314659,31.301130051420138,0.24927790405071004,-0.5420482711847522,400.0,-1.2108,1.375,0.4,2.659,1.3,1126259642.413,38.18104306288183,-7.8601850574721635,-36532.15068837898
44.80979902628627,36.117497365540196,-0.25331769824916206,0.5444076697403779,400.0,-1.2108,1.375,0.4,2.659,1.3,1126259642.413,38.18174466069809,-7.8601850574721635,-37174.04222765456
37.96001816000916,30.91331959679296,-0.36079380794007276,-0.1313014108657771,400.0,-1.2108,1.375,0.4,2.659,1.3,1126259642.413,38.191737629017396,-7.8601850574721635,-36318.17227824209
46.411689536946845,34.10514782017384,0.4647881981750005,-0.5738090011034078,400.0,-1.2108,1.375,0.4,2.659,1.3,1126259642.413,38.19435052980793,-7.8601850574721635,-36824.51425517065
52.230924013176526,30.632357955456243,0.4486342760328133,-0.5610158078957317,400.0,-1.2108,1.375,0.4,2.659,1.3,1126259642.413,38.1981970234356,-7.8601850574721635,-36877.9256894064
44.266024693046674,37.97815356668916,0.4708080667265534,-0.24939566702955576,400.0,-1.2108,1.375,0.4,2.659,1.3,1126259642.413,38.199255229762585,-7.8601850574721635,-37185.48455647217
39.68300123807522,31.027406385601704,0.2094214235464149,-0.5976222984982518,400.0,-1.2108,1.375,0.4,2.659,1.3,1126259642.413,38.19971736423598,-7.8601850574721635,-36329.45751223838
39.132060710739964,31.468425558697824,-0.5579796745671847,0.2963190676386793,400.0,-1.2108,1.375,0.4,2.659,1.3,1126259642.413,38.20024731026045,-7.8601850574721635,-36341.67294643591
38.825787976728925,33.353759817103736,-0.31813166632374945,0.18990195054695969,400.0,-1.2108,1.375,0.4,2.659,1.3,1126259642.413,38.20212921652684,-7.8601850574721635,-36701.9096459232
37.505672710203896,30.044972412094772,-0.7640024875510555,0.14762028202355673,400.0,-1.2108,1.375,0.4,2.659,1.3,1126259642.413,38.20269504884253,-7.8601850574721635,-36258.51678464535
37.81779427725729,34.80676859715926,0.07599180145841045,-0.14773996761237634,400.0,-1.2108,1.375,0.4,2.659,1.3,1126259642.413,38.204074440050334,-7.8601850574721635,-36672.32866865346
43.157863009416445,36.63057479606169,0.012306442708387925,0.09434483386338083,400.0,-1.2108,1.375,0.4,2.659,1.3,1126259642.413,38.208705749033,-7.8601850574721635,-36956.96257446453
39.861386626356726,30.17852606577847,-0.6913275476154179,0.4550128361561888,400.0,-1.2108,1.375,0.4,2.659,1.3,1126259642.413,38.208847333407775,-7.8601850574721635,-36463.88217607982
42.02000191513796,39.897633698136175,0.6155716464429434,-0.34259505243149735,400.0,-1.2108,1.375,0.4,2.659,1.3,1126259642.413,38.21412527503574,-7.8601850574721635,-37180.83893437819
42.634679417943616,38.36943205955403,0.016354668140225792,0.21255045037308692,400.0,-1.2108,1.375,0.4,2.659,1.3,1126259642.413,38.21437630532065,-7.8601850574721635,-37175.74672379171
48.06887342365792,34.19892933800727,0.3687249385279193,-0.25576689584819434,400.0,-1.2108,1.375,0.4,2.659,1.3,1126259642.413,38.21589340315238,-7.8601850574721635,-36876.7946266631
44.33586791940705,34.50199781186672,0.5473207830236125,-0.7644230330223598,400.0,-1.2108,1.375,0.4,2.659,1.3,1126259642.413,38.21706870602308,-7.8601850574721635,-36860.498745627105
42.50287121584081,38.089811617708826,-0.04063709563646658,0.24531582841032773,400.0,-1.2108,1.375,0.4,2.659,1.3,1126259642.413,38.221521620739196,-7.8601850574721635,-37202.4031581887
37.173336796939175,34.32010622720824,0.28243471721971297,-0.520579687935404,400.0,-1.2108,1.375,0.4,2.659,1.3,1126259642.413,38.225391784573446,-7.8601850574721635,-36595.08439834426
42.621460875185576,40.08875759076635,0.15603203528069548,0.24240899631353097,400.0,-1.2108,1.375,0.4,2.659,1.3,1126259642.413,38.22555235356728,-7.8601850574721635,-36995.659902339146
50.92696369061037,31.75122988138149,0.28163226053866647,-0.17788137341889582,400.0,-1.2108,1.375,0.4,2.659,1.3,1126259642.413,38.22621373162315,-7.8601850574721635,-36904.363799948456
46.72902595956572,33.45061828313251,0.5591755786745725,-0.7935848938978125,400.0,-1.2108,1.375,0.4,2.659,1.3,1126259642.413,38.228019710808724,-7.8601850574721635,-36943.66320914494
45.993542431785734,37.10835745183993,0.2528674702957701,0.10461583567155874,400.0,-1.2108,1.375,0.4,2.659,1.3,1126259642.413,38.229458191074855,-7.8601850574721635,-36915.78787032897
48.516852944843215,32.524362402819406,0.42010772408502933,-0.563461204829538,400.0,-1.2108,1.375,0.4,2.659,1.3,1126259642.413,38.23083061976946,-7.8601850574721635,-36730.16539613701
38.352995115833295,34.59770442524143,-0.6871446663406852,0.6878014184956294,400.0,-1.2108,1.375,0.4,2.659,1.3,1126259642.413,38.23284295455128,-7.8601850574721635,-36655.32740075838
50.08268990645796,33.47728348800016,0.1332521960367533,0.23777319353131832,400.0,-1.2108,1.375,0.4,2.659,1.3,1126259642.413,38.23773585351489,-7.8601850574721635,-36966.62682206437
48.01538727117736,34.681797623206975,0.29480798798615976,-0.10025504252772112,400.0,-1.2108,1.375,0.4,2.659,1.3,1126259642.413,38.23804147609168,-7.8601850574721635,-37052.36953181773
39.136019531143006,31.98723234307355,-0.23561679297816662,0.0007106733503632959,400.0,-1.2108,1.375,0.4,2.659,1.3,1126259642.413,38.24066616966029,-7.8601850574721635,-36540.39028833794
36.352647769228774,30.99756678940028,-0.5193095238882597,-0.19419437119391014,400.0,-1.2108,1.375,0.4,2.659,1.3,1126259642.413,38.24097419611815,-7.8601850574721635,-36274.247020781346
41.16962856455221,31.121788922990053,-0.18707279613999617,0.0902039216588029,400.0,-1.2108,1.375,0.4,2.659,1.3,1126259642.413,38.24193054157675,-7.8601850574721635,-36550.77426609602
38.59784463691521,33.68197579496549,-0.5127362724089242,0.41258233867605115,400.0,-1.2108,1.375,0.4,2.659,1.3,1126259642.413,38.24289593390281,-7.8601850574721635,-36721.924327301924
38.68055272091966,32.379454458461566,-0.051090900711422124,-0.2697889410954951,400.0,-1.2108,1.375,0.4,2.659,1.3,1126259642.413,38.24686424878433,-7.8601850574721635,-36553.16665726314
41.13136647644057,30.66035212040925,0.22231342679012162,-0.5713528743577574,400.0,-1.2108,1.375,0.4,2.659,1.3,1126259642.413,38.24706621689078,-7.8601850574721635,-36538.15873979163
49.61088514276711,32.27749361295265,0.38600143165179324,-0.403225743105885,400.0,-1.2108,1.375,0.4,2.659,1.3,1126259642.413,38.24740213782259,-7.8601850574721635,-36931.45258058659
33.97904603088464,32.15656402283855,-0.16288760300390198,-0.7359235410097337,400.0,-1.2108,1.375,0.4,2.659,1.3,1126259642.413,38.24921326000414,-7.8601850574721635,-36072.99273146294
51.32866041615671,31.060410427067048,0.35859569946649067,-0.39819167405940314,400.0,-1.2108,1.375,0.4,2.659,1.3,1126259642.413,38.24939602122209,-7.8601850574721635,-36836.5187035968
33.560530565743825,31.6124496685869,-0.5528407285062947,-0.4665676149992205,400.0,-1.2108,1.375,0.4,2.659,1.3,1126259642.413,38.250883805575604,-7.8601850574721635,-35916.40362411075
41.05332372621011,39.20287223044465,0.4385698928949419,-0.30413700302722146,400.0,-1.2108,1.375,0.4,2.659,1.3,1126259642.413,38.25113190469273,-7.8601850574721635,-37102.883573824736
41.74298787294241,39.77413746477745,-0.05032561720980974,0.3538953198150676,400.0,-1.2108,1.375,0.4,2.659,1.3,1126259642.413,38.25177967500798,-7.8601850574721635,-37050.06828877056
49.59859017896454,31.764600206129987,0.5473041060175562,-0.7852812248424328,400.0,-1.2108,1.375,0.4,2.659,1.3,1126259642.413,38.2574372040573,-7.8601850574721635,-36683.80248375572
48.83737708309621,33.76851147129263,0.3715442243416617,-0.24746929453002958,400.0,-1.2108,1.375,0.4,2.659,1.3,1126259642.413,38.25768944753845,-7.8601850574721635,-36870.60760510335
43.58931424600701,39.00379892787298,0.49792453061910963,-0.18153244829461834,400.0,-1.2108,1.375,0.4,2.659,1.3,1126259642.413,38.25817031698723,-7.8601850574721635,-37052.23455060988
44.15119127564024,36.12497701495129,0.21106968304461982,-0.10122165876259484,400.0,-1.2108,1.375,0.4,2.659,1.3,1126259642.413,38.259602559587265,-7.8601850574721635,-36916.57306864306
41.31509924412598,40.88620989854511,0.7619874142277628,-0.4355530126372593,400.0,-1.2108,1.375,0.4,2.659,1.3,1126259642.413,38.26089546023047,-7.8601850574721635,-37196.03625529128
36.80183592987598,31.04282078704894,-0.17339434783618718,-0.49962641481689524,400.0,-1.2108,1.375,0.4,2.659,1.3,1126259642.413,38.26167322707557,-7.8601850574721635,-36391.33919193975
40.31011263350099,30.425729348588714,-0.21047095055718718,-0.12094682515609316,400.0,-1.2108,1.375,0.4,2.659,1.3,1126259642.413,38.26188441628986,-7.8601850574721635,-36338.57551366327
35.227847040425736,32.55354636552712,-0.33392640998882783,-0.3293092903878571,400.0,-1.2108,1.375,0.4,2.659,1.3,1126259642.413,38.2627224558546,-7.8601850574721635,-36403.91045629151
43.71911560650486,35.188959751247026,0.520829467070825,-0.670982925788913,400.0,-1.2108,1.375,0.4,2.659,1.3,1126259642.413,38.26385182961616,-7.8601850574721635,-36911.1008271819
36.23234058404432,34.85238141550331,-0.2827040135867432,0.025015011720919383,400.0,-1.2108,1.375,0.4,2.659,1.3,1126259642.413,38.26506111617637,-7.8601850574721635,-36628.886102212295
40.326071264205495,31.772788462907496,-0.37709429174926645,0.3096910560367588,400.0,-1.2108,1.375,0.4,2.659,1.3,1126259642.413,38.265788689285515,-7.8601850574721635,-36565.293456710846
41.28043005155321,31.983522734414727,-0.21562897976150913,0.2595510166708194,400.0,-1.2108,1.375,0.4,2.659,1.3,1126259642.413,38.268666695956284,-7.8601850574721635,-36597.08304652955
41.933165019584195,38.3126107868122,-0.06402810736244044,0.23237656324629832,400.0,-1.2108,1.375,0.4,2.659,1.3,1126259642.413,38.27093194132954,-7.8601850574721635,-37055.045764997296
39.36942295365676,31.233399679602215,-0.20311045300399683,-0.14652513336748416,400.0,-1.2108,1.375,0.4,2.659,1.3,1126259642.413,38.27177718695853,-7.8601850574721635,-36345.55239496507
38.31262363930498,34.491338030383154,-0.0009385575608299723,-0.05727726930080748,400.0,-1.2108,1.375,0.4,2.659,1.3,1126259642.413,38.27193811084812,-7.8601850574721635,-36652.01266559959
43.30278888344814,36.4437805221258,0.06231231455390929,0.030617185425112742,400.0,-1.2108,1.375,0.4,2.659,1.3,1126259642.413,38.276246025511554,-7.8601850574721635,-36979.80599632425
41.119458465694116,39.15982830579732,-0.08793303295308609,0.26054962366456125,400.0,-1.2108,1.375,0.4,2.659,1.3,1126259642.413,38.27807944439022,-7.8601850574721635,-37111.60976555978
39.406424109340946,30.1859691292941,0.11615114007543852,-0.692214802412739,400.0,-1.2108,1.375,0.4,2.659,1.3,1126259642.413,38.27916041288877,-7.8601850574721635,-36400.08109115022
41.86483225981821,36.90124880678869,0.6121808069869746,-0.7033136368592718,400.0,-1.2108,1.375,0.4,2.659,1.3,1126259642.413,38.279196401523016,-7.8601850574721635,-36984.38365523832
43.86127707607726,39.075255681447345,0.14631366453371958,0.247966471656257,400.0,-1.2108,1.375,0.4,2.659,1.3,1126259642.413,38.282680939180636,-7.8601850574721635,-36993.14425137789
34.59761818164255,34.413263805089116,-0.21190822899715261,-0.2811743154351164,400.0,-1.2108,1.375,0.4,2.659,1.3,1126259642.413,38.28483152148594,-7.8601850574721635,-36468.794822471216
44.65020781595024,36.486142885822346,0.517657582039984,-0.42561171361295447,400.0,-1.2108,1.375,0.4,2.659,1.3,1126259642.413,38.28585728350207,-7.8601850574721635,-37176.060667914826
44.44124192429068,38.34443723970905,0.29026324897926004,0.050981672904731185,400.0,-1.2108,1.375,0.4,2.659,1.3,1126259642.413,38.28890226100836,-7.8601850574721635,-36994.84734001024
35.67118662865199,30.767870919418762,-0.2607530944714977,-0.6291282040000472,400.0,-1.2108,1.375,0.4,2.659,1.3,1126259642.413,38.289029024750036,-7.8601850574721635,-36163.20272435626
39.98440859306147,39.96744374272082,0.5375500800993808,-0.4010677249837873,400.0,-1.2108,1.375,0.4,2.659,1.3,1126259642.413,38.29025020929587,-7.8601850574721635,-36977.007920784876
36.25631213547436,31.105157461853665,-0.6931376549596208,0.0032607977975156743,400.0,-1.2108,1.375,0.4,2.659,1.3,1126259642.413,38.29083075650005,-7.8601850574721635,-36282.69590169815
42.28076449160263,38.630843876056964,0.4552620474199202,-0.24996755179590782,400.0,-1.2108,1.375,0.4,2.659,1.3,1126259642.413,38.290985423957416,-7.8601850574721635,-37210.017104171304
36.79860611141676,31.929824083215312,-0.37775494050097,-0.21323530067305874,400.0,-1.2108,1.375,0.4,2.659,1.3,1126259642.413,38.29259670532976,-7.8601850574721635,-36346.9519424385
38.042724986731436,34.027830926411774,-0.6864633271498729,0.5651942428984214,400.0,-1.2108,1.375,0.4,2.659,1.3,1126259642.413,38.295307667785316,-7.8601850574721635,-36705.1482499883
40.93005394404085,30.09487103318653,-0.4388022880733711,0.23536982904739853,400.0,-1.2108,1.375,0.4,2.659,1.3,1126259642.413,38.299040661542726,-7.8601850574721635,-36296.040856282394
43.40160608493777,37.01660748651641,-0.4258855110207217,0.6529576014013411,400.0,-1.2108,1.375,0.4,2.659,1.3,1126259642.413,38.299796929194585,-7.8601850574721635,-37056.477286951114
45.1472869173709,36.65713884420537,0.6612848550755723,-0.5701116826936925,400.0,-1.2108,1.375,0.4,2.659,1.3,1126259642.413,38.30045164781507,-7.8601850574721635,-36983.51198295539
43.03776210363673,37.74592098392794,0.6725599496092015,-0.5698040630692944,400.0,-1.2108,1.375,0.4,2.659,1.3,1126259642.413,38.300818924734834,-7.8601850574721635,-37228.48833089632
40.53649655395557,40.52343070106016,0.059802664406571046,0.21736522516054416,400.0,-1.2108,1.375,0.4,2.659,1.3,1126259642.413,38.301659345075706,-7.8601850574721635,-37133.22988767194
37.699992180388854,33.6566121073853,0.15939807571477504,-0.3996067521349783,400.0,-1.2108,1.375,0.4,2.659,1.3,1126259642.413,38.30334209621126,-7.8601850574721635,-36600.5041560818
40.11039371333104,32.194958071508196,-0.009716740079600099,-0.14243022922615234,400.0,-1.2108,1.375,0.4,2.659,1.3,1126259642.413,38.30558538887366,-7.8601850574721635,-36655.12210131377
45.2446864006998,35.30136039588443,0.6438617197451614,-0.6914121163508649,400.0,-1.2108,1.375,0.4,2.659,1.3,1126259642.413,38.30751965597188,-7.8601850574721635,-36917.49105911424
39.17508994565384,32.303664215919426,-0.23240360045654312,0.05874751735566294,400.0,-1.2108,1.375,0.4,2.659,1.3,1126259642.413,38.309635777546745,-7.8601850574721635,-36581.989451484726
33.96556470938033,31.470970361590886,-0.7415437285932569,-0.23117080362148423,400.0,-1.2108,1.375,0.4,2.659,1.3,1126259642.413,38.31233617728207,-7.8601850574721635,-36226.37873777534
33.861336403813034,32.75446630710616,-0.4942633262025565,-0.32760003171242635,400.0,-1.2108,1.375,0.4,2.659,1.3,1126259642.413,38.31244715478083,-7.8601850574721635,-36331.955597011685
36.32316436604191,33.38544630633161,0.0017694599939799896,-0.4857629869647094,400.0,-1.2108,1.375,0.4,2.659,1.3,1126259642.413,38.31258109796997,-7.8601850574721635,-36543.314642636695
38.49008360040805,33.54230152325333,-0.654894332118209,0.5400017748629315,400.0,-1.2108,1.375,0.4,2.659,1.3,1126259642.413,38.314724365237836,-7.8601850574721635,-36676.65618103583
51.16938635836574,31.402520679345486,0.44837092712646653,-0.51021885480132,400.0,-1.2108,1.375,0.4,2.659,1.3,1126259642.413,38.31598924124273,-7.8601850574721635,-36941.401358751005
49.73173388695166,30.626880994980628,0.4024970674181384,-0.711271117791142,400.0,-1.2108,1.375,0.4,2.659,1.3,1126259642.413,38.317485590886925,-7.8601850574721635,-36636.01282812494
36.44626636103218,35.40615890676059,0.36388241141766886,-0.5426697005347236,400.0,-1.2108,1.375,0.4,2.659,1.3,1126259642.413,38.31817459998998,-7.8601850574721635,-36681.95225433633
38.74655616315016,31.589560437676063,-0.6630513958796825,0.3827800645712313,400.0,-1.2108,1.375,0.4,2.659,1.3,1126259642.413,38.323662937899826,-7.8601850574721635,-36408.71025116517
40.73174797914795,30.207976817046294,-0.37887029851611365,0.16676457749909332,400.0,-1.2108,1.375,0.4,2.659,1.3,1126259642.413,38.32637905029537,-7.8601850574721635,-36304.211940341855
49.954831853655364,32.94839495975325,0.3463369930386423,-0.19848083952381693,400.0,-1.2108,1.375,0.4,2.659,1.3,1126259642.413,38.328921226231216,-7.8601850574721635,-36819.346405519675
33.02258637353232,32.131001010907305,-0.35590217387056283,-0.6532766825892279,400.0,-1.2108,1.375,0.4,2.659,1.3,1126259642.413,38.32917444000008,-7.8601850574721635,-35920.670275952776
37.820279742878135,30.206863536153378,-0.018461680204550076,-0.7267388902343392,400.0,-1.2108,1.375,0.4,2.659,1.3,1126259642.413,38.33140328837194,-7.8601850574721635,-36373.62001384204
45.34018386049773,35.09375167869178,0.48332974642862014,-0.5222552736879982,400.0,-1.2108,1.375,0.4,2.659,1.3,1126259642.413,38.33162168557556,-7.8601850574721635,-36869.69456646913
40.28759925934477,40.07445275852471,0.34982170053024875,-0.15184846396790005,400.0,-1.2108,1.375,0.4,2.659,1.3,1126259642.413,38.332174289894894,-7.8601850574721635,-37170.11189519513
48.886939974421274,31.275642699665973,0.40307257675293134,-0.6681788036236241,400.0,-1.2108,1.375,0.4,2.659,1.3,1126259642.413,38.33516936889897,-7.8601850574721635,-36700.861068411854
46.07571832461582,36.629938996284714,0.4036211735380835,-0.13046084611316547,400.0,-1.2108,1.375,0.4,2.659,1.3,1126259642.413,38.33548507624081,-7.8601850574721635,-37085.40390021028
46.098537554927354,34.08612043171736,0.0967448189523306,-0.017792329223232234,400.0,-1.2108,1.375,0.4,2.659,1.3,1126259642.413,38.337302865149525,-7.8601850574721635,-36922.693961802186
39.721808189662866,31.15339265093602,-0.5700639008572451,0.39901395825670244,400.0,-1.2108,1.375,0.4,2.659,1.3,1126259642.413,38.337774512289215,-7.8601850574721635,-36348.982767721966
41.26715163213995,41.09024849746266,0.0875735961341665,0.2974063383807384,400.0,-1.2108,1.375,0.4,2.659,1.3,1126259642.413,38.33827618438602,-7.8601850574721635,-37129.026015099844
44.54098941053246,37.35510061079525,0.6548487227235287,-0.5263984416908554,400.0,-1.2108,1.375,0.4,2.659,1.3,1126259642.413,38.338737757293885,-7.8601850574721635,-37052.36569889704
44.20060799575509,38.68259301840209,0.21623158762788647,0.1564124332427151,400.0,-1.2108,1.375,0.4,2.659,1.3,1126259642.413,38.33980204709776,-7.8601850574721635,-36961.13724957299
41.73297061015896,37.58086013034381,0.5009287000838305,-0.4977473921697775,400.0,-1.2108,1.375,0.4,2.659,1.3,1126259642.413,38.34281915942901,-7.8601850574721635,-37071.05224350802
37.42282046474233,31.834976743369946,0.0716435389935799,-0.6125160317323374,400.0,-1.2108,1.375,0.4,2.659,1.3,1126259642.413,38.343944845485424,-7.8601850574721635,-36446.15712021465
41.105982219454106,39.38405408051403,0.150354289221887,0.04372359406007503,400.0,-1.2108,1.375,0.4,2.659,1.3,1126259642.413,38.344735747196054,-7.8601850574721635,-37214.27540547647
36.82721073531422,34.47235518330698,-0.5818235982964635,0.34541634210765637,400.0,-1.2108,1.375,0.4,2.659,1.3,1126259642.413,38.344866197047224,-7.8601850574721635,-36608.09971962445
41.92183644772556,30.22874943114765,-0.2516795452295183,0.13730317289122515,400.0,-1.2108,1.375,0.4,2.659,1.3,1126259642.413,38.346122802800885,-7.8601850574721635,-36500.05445084793
47.42910549871169,35.02530442877601,0.3272326148867934,-0.14548554632134675,400.0,-1.2108,1.375,0.4,2.659,1.3,1126259642.413,38.34954880894905,-7.8601850574721635,-36998.18731090739
42.77050325345955,37.262102956366554,0.6630779233504631,-0.6677612423463186,400.0,-1.2108,1.375,0.4,2.659,1.3,1126259642.413,38.35362944970114,-7.8601850574721635,-36930.29041723395
37.71540235121019,32.30906477760556,-0.1708870017981846,-0.23316080702220673,400.0,-1.2108,1.375,0.4,2.659,1.3,1126259642.413,38.358906626881506,-7.8601850574721635,-36491.097947970804
49.79661951472619,32.77578718230147,0.3900374477381874,-0.3232743923155671,400.0,-1.2108,1.375,0.4,2.659,1.3,1126259642.413,38.35891319707708,-7.8601850574721635,-36836.1143702244
41.017479694838144,31.202615401269153,-0.5187178911706102,0.5413998857232983,400.0,-1.2108,1.375,0.4,2.659,1.3,1126259642.413,38.35900670218958,-7.8601850574721635,-36542.188525135585
34.36399044740705,32.1734454413207,-0.2456199999206979,-0.5910995581608275,400.0,-1.2108,1.375,0.4,2.659,1.3,1126259642.413,38.35966490142433,-7.8601850574721635,-36318.02648619725
37.007832330072965,34.56951076639687,0.16624764215569893,-0.37588406112330197,400.0,-1.2108,1.375,0.4,2.659,1.3,1126259642.413,38.36070837114984,-7.8601850574721635,-36602.12684416755
44.342566720390955,35.229282988402744,0.20111540290874558,-0.1713005462333656,400.0,-1.2108,1.375,0.4,2.659,1.3,1126259642.413,38.36142039840294,-7.8601850574721635,-37023.446385828465
48.07264302004755,33.955936483819755,0.3640315909185331,-0.2872045499168739,400.0,-1.2108,1.375,0.4,2.659,1.3,1126259642.413,38.36313967631011,-7.8601850574721635,-36942.60370842658
39.582327334684656,34.37151839647149,-0.5002417529850864,0.6186297064343129,400.0,-1.2108,1.375,0.4,2.659,1.3,1126259642.413,38.363566430738615,-7.8601850574721635,-36735.51453892927
36.4829061030117,30.472658181156277,-0.1951093563570519,-0.6542243481141148,400.0,-1.2108,1.375,0.4,2.659,1.3,1126259642.413,38.36465188777086,-7.8601850574721635,-36296.8469623738
38.871874504465076,31.06943903589815,-0.6021505099543321,0.2806640405468387,400.0,-1.2108,1.375,0.4,2.659,1.3,1126259642.413,38.36917094774351,-7.8601850574721635,-36505.02790339192
40.93842943863403,39.67275365947042,0.012771512629575044,0.2036665255827924,400.0,-1.2108,1.375,0.4,2.659,1.3,1126259642.413,38.37348858954992,-7.8601850574721635,-37243.92274519866
46.24717880826319,34.288357995836456,0.41588572735915164,-0.4694934560254782,400.0,-1.2108,1.375,0.4,2.659,1.3,1126259642.413,38.37387604602608,-7.8601850574721635,-36821.629546727774
43.021894214596784,37.49469260491593,0.5663587885631619,-0.4777340438565202,400.0,-1.2108,1.375,0.4,2.659,1.3,1126259642.413,38.374451062979176,-7.8601850574721635,-37139.281054413936
37.553154353118394,31.618771493814304,-0.7251858894830965,0.3012156894250252,400.0,-1.2108,1.375,0.4,2.659,1.3,1126259642.413,38.375353191511614,-7.8601850574721635,-36429.85051658265
41.17065446282061,38.45887579217472,0.132661407326963,-0.0324181288699945,400.0,-1.2108,1.375,0.4,2.659,1.3,1126259642.413,38.376377584652104,-7.8601850574721635,-36981.64569608184
35.40737876461495,33.054160789500855,-0.7432121670029793,0.1642075441240052,400.0,-1.2108,1.375,0.4,2.659,1.3,1126259642.413,38.3773906858476,-7.8601850574721635,-36312.80420717409
41.68551870704765,40.219112889619026,0.505915358715154,-0.212160178493559,400.0,-1.2108,1.375,0.4,2.659,1.3,1126259642.413,38.377707279196656,-7.8601850574721635,-37183.17200867741
40.1154046965605,40.05223526270355,-0.04972564190905212,0.21655036498613847,400.0,-1.2108,1.375,0.4,2.659,1.3,1126259642.413,38.381438371861265,-7.8601850574721635,-37063.47541333268
38.7851767348453,32.21471163248065,-0.6017057928634869,0.37860838966561416,400.0,-1.2108,1.375,0.4,2.659,1.3,1126259642.413,38.38143987895401,-7.8601850574721635,-36513.17020225324
43.50391796876859,36.13861346286095,0.5057137089090472,-0.5303647572306802,400.0,-1.2108,1.375,0.4,2.659,1.3,1126259642.413,38.38295716091453,-7.8601850574721635,-37013.42758450083
46.40674297763914,33.24587586873785,0.49447858014207957,-0.7511948509673296,400.0,-1.2108,1.375,0.4,2.659,1.3,1126259642.413,38.38398494635122,-7.8601850574721635,-36881.36952138117
46.80335533652074,34.54525351725244,0.6267406796266007,-0.724252394147305,400.0,-1.2108,1.375,0.4,2.659,1.3,1126259642.413,38.38910680354546,-7.8601850574721635,-37123.91383851458
40.222315386484524,30.74680537859857,-0.129632073066953,-0.14558031891943804,400.0,-1.2108,1.375,0.4,2.659,1.3,1126259642.413,38.3896570193769,-7.8601850574721635,-36333.707112609765
45.14437830802613,35.393785074214655,0.0604499199321762,0.10220772732004328,400.0,-1.2108,1.375,0.4,2.659,1.3,1126259642.413,38.389809452632875,-7.8601850574721635,-36926.072879335945
46.40236463803606,34.664110664773766,0.5687260871433072,-0.6144126091515458,400.0,-1.2108,1.375,0.4,2.659,1.3,1126259642.413,38.390392856169264,-7.8601850574721635,-37061.39412584105
40.132161705034896,30.86693139952051,-0.48892012582879507,0.3047860663782045,400.0,-1.2108,1.375,0.4,2.659,1.3,1126259642.413,38.39148960847987,-7.8601850574721635,-36355.31460280203
37.07334040259202,33.19595212955594,0.32454592606637706,-0.7479670988628093,400.0,-1.2108,1.375,0.4,2.659,1.3,1126259642.413,38.39226008277984,-7.8601850574721635,-36383.02003178603
46.55974338707092,34.75204062830468,0.624694965344437,-0.6845798483368851,400.0,-1.2108,1.375,0.4,2.659,1.3,1126259642.413,38.39284251998879,-7.8601850574721635,-37132.984434097736
40.24961850568512,31.01671857492253,-0.2678717266134336,0.0692829328278313,400.0,-1.2108,1.375,0.4,2.659,1.3,1126259642.413,38.393068387516955,-7.8601850574721635,-36483.20382302323
38.73859458659431,31.108054233828426,-0.3309709641829664,-0.05317747948914404,400.0,-1.2108,1.375,0.4,2.659,1.3,1126259642.413,38.39384120452717,-7.8601850574721635,-36496.189448574376
35.89759137139925,32.52412408867924,-0.12605743817794518,-0.47097085481999057,400.0,-1.2108,1.375,0.4,2.659,1.3,1126259642.413,38.396045694976365,-7.8601850574721635,-36291.01552653203
38.864121242390475,31.891221880181767,-0.7493193437905716,0.543485985500489,400.0,-1.2108,1.375,0.4,2.659,1.3,1126259642.413,38.39752732731391,-7.8601850574721635,-36379.4446358899
36.383927592609325,35.08604693874809,0.42963536757855547,-0.658306823871935,400.0,-1.2108,1.375,0.4,2.659,1.3,1126259642.413,38.397787856536695,-7.8601850574721635,-36600.51727578971
38.205951736671395,30.94219028205744,0.028314826955278073,-0.628886430665717,400.0,-1.2108,1.375,0.4,2.659,1.3,1126259642.413,38.39877001433969,-7.8601850574721635,-36389.5910780434
45.23234170429268,35.8338272470406,0.5707563348640857,-0.5182335555099233,400.0,-1.2108,1.375,0.4,2.659,1.3,1126259642.413,38.40006451008531,-7.8601850574721635,-37177.807208577426
39.543495361403124,32.26586691400282,-0.0817617811111306,-0.09621797095261089,400.0,-1.2108,1.375,0.4,2.659,1.3,1126259642.413,38.400395935974174,-7.8601850574721635,-36558.59869940989
37.187081358984614,33.01951942731385,0.19883953213640637,-0.6545807390176432,400.0,-1.2108,1.375,0.4,2.659,1.3,1126259642.413,38.40104177037945,-7.8601850574721635,-36404.12644569119
42.4626067918865,40.03534586099228,0.23254698267357182,0.14798439095907212,400.0,-1.2108,1.375,0.4,2.659,1.3,1126259642.413,38.40124234622121,-7.8601850574721635,-37071.803347643225
35.121569537349984,34.22876785000166,-0.08552920796970384,-0.4173534797309435,400.0,-1.2108,1.375,0.4,2.659,1.3,1126259642.413,38.40252824574823,-7.8601850574721635,-36515.61111345762
48.208174653215686,33.65782596895016,0.5340492579702142,-0.5924367757050513,400.0,-1.2108,1.375,0.4,2.659,1.3,1126259642.413,38.40350973676355,-7.8601850574721635,-37053.31983683493
37.93884601105389,33.28484539658474,0.15545061931247567,-0.4216994034115593,400.0,-1.2108,1.375,0.4,2.659,1.3,1126259642.413,38.40536220326461,-7.8601850574721635,-36610.54158275023
33.978702329559496,32.12764931476811,-0.13070760775944076,-0.7777968863193128,400.0,-1.2108,1.375,0.4,2.659,1.3,1126259642.413,38.40571494531204,-7.8601850574721635,-36049.635707776826
38.82317439016334,30.517508542922048,-0.5336705583039735,0.10402144756787712,400.0,-1.2108,1.375,0.4,2.659,1.3,1126259642.413,38.406368530901766,-7.8601850574721635,-36394.179382611015
40.05460460449544,30.646962159851608,0.17259449327777557,-0.6546296239936921,400.0,-1.2108,1.375,0.4,2.659,1.3,1126259642.413,38.40680452160021,-7.8601850574721635,-36338.491332344754
32.993500314711845,31.895967426573055,-0.6475770422966034,-0.44303013440408234,400.0,-1.2108,1.375,0.4,2.659,1.3,1126259642.413,38.411919493336754,-7.8601850574721635,-35881.91151706443
33.484255826984935,32.782830998506036,-0.301105875811556,-0.5759910480034466,400.0,-1.2108,1.375,0.4,2.659,1.3,1126259642.413,38.413106968257644,-7.8601850574721635,-36167.197765080586
38.34245555948457,33.57318526117901,0.09011767508364177,-0.2947664499639959,400.0,-1.2108,1.375,0.4,2.659,1.3,1126259642.413,38.414050454267496,-7.8601850574721635,-36643.586447045986
38.15383562755443,33.2395787442982,-0.23580844400557546,0.0442694373934336,400.0,-1.2108,1.375,0.4,2.659,1.3,1126259642.413,38.414804787482026,-7.8601850574721635,-36595.1763912113
35.36033589310118,33.412613554635186,-0.04979722402146959,-0.545142348975904,400.0,-1.2108,1.375,0.4,2.659,1.3,1126259642.413,38.415241048675504,-7.8601850574721635,-36420.11315131708
44.56524081264139,36.71827673634363,0.6612481250773712,-0.5831482033701303,400.0,-1.2108,1.375,0.4,2.659,1.3,1126259642.413,38.416063739174994,-7.8601850574721635,-37106.6046438557
43.50820313029042,38.0043099082103,0.6030300644056482,-0.42898418129646876,400.0,-1.2108,1.375,0.4,2.659,1.3,1126259642.413,38.41628335122401,-7.8601850574721635,-37014.34590580385
35.0976200164847,32.818338865258625,-0.22996932410753723,-0.47502724514862354,400.0,-1.2108,1.375,0.4,2.659,1.3,1126259642.413,38.41725925226618,-7.8601850574721635,-36371.66285432584
43.70527988862663,30.55469582356152,-0.45764327785110515,0.7609754146031342,400.0,-1.2108,1.375,0.4,2.659,1.3,1126259642.413,38.418277663144515,-7.8601850574721635,-36570.4309467991
44.54488669627005,35.96715388683566,0.386132842333472,-0.3301040877316427,400.0,-1.2108,1.375,0.4,2.659,1.3,1126259642.413,38.418465407223124,-7.8601850574721635,-36978.748175173656
36.6469116055508,31.70291522045342,-0.3779483294585422,-0.2593361994661412,400.0,-1.2108,1.375,0.4,2.659,1.3,1126259642.413,38.41849077656707,-7.8601850574721635,-36276.743233704925
45.56434799982635,34.489325367771606,0.4848074169012442,-0.6084228305522864,400.0,-1.2108,1.375,0.4,2.659,1.3,1126259642.413,38.419531376297805,-7.8601850574721635,-36942.524407324556
47.19881339069932,35.15619020121068,0.38392199991306675,-0.22146538769558333,400.0,-1.2108,1.375,0.4,2.659,1.3,1126259642.413,38.41998477526658,-7.8601850574721635,-36992.700295583
45.2870736989365,35.754548876538976,0.5452704856709878,-0.4874207617356624,400.0,-1.2108,1.375,0.4,2.659,1.3,1126259642.413,38.42116091716229,-7.8601850574721635,-37175.10200812078
48.37764789528407,33.34307371833488,0.5761440311167273,-0.7065580459234253,400.0,-1.2108,1.375,0.4,2.659,1.3,1126259642.413,38.42251530339637,-7.8601850574721635,-37069.48729897223
38.2128236928995,33.02609674518503,-0.774634549519942,0.585884484984252,400.0,-1.2108,1.375,0.4,2.659,1.3,1126259642.413,38.42366750326442,-7.8601850574721635,-36606.48532551052
48.592579984438174,32.96896206388187,0.5089952016337144,-0.6214522459261664,400.0,-1.2108,1.375,0.4,2.659,1.3,1126259642.413,38.42689169008233,-7.8601850574721635,-36945.353559402276
44.458514432766506,37.77743723502345,0.38307136924469126,-0.14317724460713568,400.0,-1.2108,1.375,0.4,2.659,1.3,1126259642.413,38.42884267130074,-7.8601850574721635,-37184.94114828635
37.12647106408141,33.600779651667686,0.27088595010785144,-0.6091655465005081,400.0,-1.2108,1.375,0.4,2.659,1.3,1126259642.413,38.43090675949715,-7.8601850574721635,-36499.23942465352
40.14366957922165,31.069639992648067,-0.774704446991796,0.7385522169092029,400.0,-1.2108,1.375,0.4,2.659,1.3,1126259642.413,38.43098324436242,-7.8601850574721635,-36464.61046582968
35.53777374058235,30.57447303114793,-0.20964543371798972,-0.7060255243651986,400.0,-1.2108,1.375,0.4,2.659,1.3,1126259642.413,38.43322061467241,-7.8601850574721635,-36051.1541572467
36.993555524843615,32.816155237495586,0.08154023485601854,-0.5715498436841138,400.0,-1.2108,1.375,0.4,2.659,1.3,1126259642.413,38.43595441503959,-7.8601850574721635,-36532.24572052569
36.59159659129679,34.983713867380935,0.14891214391147556,-0.34590013258962543,400.0,-1.2108,1.375,0.4,2.659,1.3,1126259642.413,38.437341758933364,-7.8601850574721635,-36606.63924966755
37.98275298312207,33.430619448099904,-0.696539181498116,0.5132618200652732,400.0,-1.2108,1.375,0.4,2.659,1.3,1126259642.413,38.43905697247833,-7.8601850574721635,-36594.38345019082
43.51012397052967,37.15973767924177,-0.03891681235788248,0.2404013629518874,400.0,-1.2108,1.375,0.4,2.659,1.3,1126259642.413,38.44070817040476,-7.8601850574721635,-37177.45563237706
33.482713317369544,33.395848426385236,-0.048907921589314465,-0.7726404981629872,400.0,-1.2108,1.375,0.4,2.659,1.3,1126259642.413,38.44093188655795,-7.8601850574721635,-36282.78312782335
34.908802979045724,33.63359160386976,-0.07994989445319171,-0.48158898166183806,400.0,-1.2108,1.375,0.4,2.659,1.3,1126259642.413,38.4425553729281,-7.8601850574721635,-36347.23437639503
39.26915377726187,32.774912793897364,-0.38794348900922737,0.28546625103717255,400.0,-1.2108,1.375,0.4,2.659,1.3,1126259642.413,38.442805516264066,-7.8601850574721635,-36629.93376680949
42.210001456876036,30.213702405815354,-0.4658225486363985,0.4938123541040692,400.0,-1.2108,1.375,0.4,2.659,1.3,1126259642.413,38.44341178993295,-7.8601850574721635,-36490.51263229833
50.46619156177597,33.208325367363585,0.1077715235870783,0.30603180106855854,400.0,-1.2108,1.375,0.4,2.659,1.3,1126259642.413,38.4457588108467,-7.8601850574721635,-36937.732997891064
41.694785819871406,38.767770260371584,0.34289472360255524,-0.17027598036275732,400.0,-1.2108,1.375,0.4,2.659,1.3,1126259642.413,38.44674837092393,-7.8601850574721635,-37177.60535669432
41.738401315792956,37.713292434221664,0.04371967682268586,0.05678688477154964,400.0,-1.2108,1.375,0.4,2.659,1.3,1126259642.413,38.44797836393367,-7.8601850574721635,-37041.03409217674
40.490118917216556,30.361737019333003,-0.6346435056930033,0.49440958575185506,400.0,-1.2108,1.375,0.4,2.659,1.3,1126259642.413,38.448124436986106,-7.8601850574721635,-36313.22533049899
39.81716396704536,30.993257341065565,-0.6628661866187826,0.5007599650478879,400.0,-1.2108,1.375,0.4,2.659,1.3,1126259642.413,38.448218742193426,-7.8601850574721635,-36327.86482832668
44.694036834692156,35.09720715038952,0.23041663889291242,-0.21114077463233757,400.0,-1.2108,1.375,0.4,2.659,1.3,1126259642.413,38.44822157079795,-7.8601850574721635,-36995.67539405022
44.16053888915161,35.9786989114363,0.4056762515102668,-0.39588800904027444,400.0,-1.2108,1.375,0.4,2.659,1.3,1126259642.413,38.44893554656066,-7.8601850574721635,-36896.394168236104
33.81389925929381,31.597221284788674,-0.7408324232049976,-0.23838733447370863,400.0,-1.2108,1.375,0.4,2.659,1.3,1126259642.413,38.4521432503841,-7.8601850574721635,-36209.78359185999
43.5335662549228,30.225202887276687,-0.3154846208708521,0.44001602208791335,400.0,-1.2108,1.375,0.4,2.659,1.3,1126259642.413,38.45240244804566,-7.8601850574721635,-36531.27336713197
46.408909088766315,34.484766141615445,0.025482235718069825,0.15999406490459567,400.0,-1.2108,1.375,0.4,2.659,1.3,1126259642.413,38.453131354918575,-7.8601850574721635,-36941.17638790069
41.07632543920927,39.30783265827759,0.21849756738668258,-0.055818935771275134,400.0,-1.2108,1.375,0.4,2.659,1.3,1126259642.413,38.4532964745563,-7.8601850574721635,-37169.24680092377
41.032619854576794,38.663062733352305,0.1891512081493204,-0.0638884530047549,400.0,-1.2108,1.375,0.4,2.659,1.3,1126259642.413,38.4534040409163,-7.8601850574721635,-36960.09066502658
48.481919579796106,34.054914161588364,0.38081820617497286,-0.2843387952172611,400.0,-1.2108,1.375,0.4,2.659,1.3,1126259642.413,38.45464955509729,-7.8601850574721635,-36892.10374497101
39.88792228334032,31.39579172122866,-0.5323458734603621,0.3879258951602133,400.0,-1.2108,1.375,0.4,2.659,1.3,1126259642.413,38.455119583219535,-7.8601850574721635,-36532.112482566954
43.6108597859673,36.01664325187545,0.229479848735691,-0.19922919203803133,400.0,-1.2108,1.375,0.4,2.659,1.3,1126259642.413,38.45543250075311,-7.8601850574721635,-37018.642540563094
41.34902622857624,39.44078084581815,0.7333439294794021,-0.5369216411735191,400.0,-1.2108,1.375,0.4,2.659,1.3,1126259642.413,38.45558078867607,-7.8601850574721635,-37231.93983804421
41.759981625680304,38.32301114378501,0.42507834564287456,-0.3246216965789462,400.0,-1.2108,1.375,0.4,2.659,1.3,1126259642.413,38.45605659437247,-7.8601850574721635,-36988.04515979854
35.726572208058435,32.72503572687143,0.15348132732607245,-0.771119424621443,400.0,-1.2108,1.375,0.4,2.659,1.3,1126259642.413,38.456685551270596,-7.8601850574721635,-36302.163516838686
36.41526480013498,34.1150711536937,0.26433375884833316,-0.6446793174332435,400.0,-1.2108,1.375,0.4,2.659,1.3,1126259642.413,38.4596792291197,-7.8601850574721635,-36433.48129727842
47.20434664126563,34.47756333911757,0.6238771762597823,-0.7075154628392908,400.0,-1.2108,1.375,0.4,2.659,1.3,1126259642.413,38.46171163550797,-7.8601850574721635,-37058.908138527244
40.72715449564231,39.17453578694224,0.2986982783369081,-0.1498857917709574,400.0,-1.2108,1.375,0.4,2.659,1.3,1126259642.413,38.46199581926568,-7.8601850574721635,-36958.06074506087
40.922633797133784,40.907165338096156,0.3263623392821702,0.005216355900424435,400.0,-1.2108,1.375,0.4,2.659,1.3,1126259642.413,38.4628856045732,-7.8601850574721635,-37179.73691996886
42.06489228898288,30.63000440625208,-0.3161500284083965,0.3213229882567442,400.0,-1.2108,1.375,0.4,2.659,1.3,1126259642.413,38.46341280213093,-7.8601850574721635,-36597.95878890202
52.5964521940035,31.42085424698409,0.138426748185559,0.24411206142439312,400.0,-1.2108,1.375,0.4,2.659,1.3,1126259642.413,38.46396517651727,-7.8601850574721635,-36884.1632886097
37.60389184834422,33.7023919017627,-0.5341746871164,0.3207599734190333,400.0,-1.2108,1.375,0.4,2.659,1.3,1126259642.413,38.46709075799145,-7.8601850574721635,-36604.85453242672
39.15932447283664,30.74327757872827,0.04935060085984627,-0.5683479405083517,400.0,-1.2108,1.375,0.4,2.659,1.3,1126259642.413,38.4672743797677,-7.8601850574721635,-36482.73954100499
39.12997188173708,32.11301496699028,-0.13804907399383326,-0.07625820551603028,400.0,-1.2108,1.375,0.4,2.659,1.3,1126259642.413,38.468509914532696,-7.8601850574721635,-36578.98345347233
46.983307312170595,35.04322345955099,0.47490751364308625,-0.40442888200526406,400.0,-1.2108,1.375,0.4,2.659,1.3,1126259642.413,38.47030034095857,-7.8601850574721635,-36913.31863855649
33.52880795657455,32.42883648647608,-0.7041564981537105,-0.25927756739484864,400.0,-1.2108,1.375,0.4,2.659,1.3,1126259642.413,38.470546410859214,-7.8601850574721635,-36062.201393433716
35.89942753748511,33.97990081839262,0.11286647066617557,-0.5265468799391337,400.0,-1.2108,1.375,0.4,2.659,1.3,1126259642.413,38.4721116497421,-7.8601850574721635,-36502.59797624638
39.51781222496356,32.191396436159955,-0.5535358419412072,0.4758114543503778,400.0,-1.2108,1.375,0.4,2.659,1.3,1126259642.413,38.47235265867508,-7.8601850574721635,-36559.14812570417
48.29567946830528,34.26803736204488,0.3497533485644719,-0.21004756835457108,400.0,-1.2108,1.375,0.4,2.659,1.3,1126259642.413,38.47297317335138,-7.8601850574721635,-36937.23812295108
36.01582187337167,34.47094750150712,-0.4160045084003402,0.08364805397086975,400.0,-1.2108,1.375,0.4,2.659,1.3,1126259642.413,38.47318533457365,-7.8601850574721635,-36426.50657389818
45.637499389294504,34.18073797686273,0.38055662603499396,-0.4644128870844756,400.0,-1.2108,1.375,0.4,2.659,1.3,1126259642.413,38.47406835436777,-7.8601850574721635,-36995.52594543152
33.52590767455112,33.02286846109409,-0.5892158175657218,-0.24796023097556127,400.0,-1.2108,1.375,0.4,2.659,1.3,1126259642.413,38.474621038164024,-7.8601850574721635,-36334.03077699131
35.03675946484967,34.8231893928457,0.3401083022669373,-0.7542029117252402,400.0,-1.2108,1.375,0.4,2.659,1.3,1126259642.413,38.475039231917215,-7.8601850574721635,-36503.583157787005
45.09054179240241,35.299122174365124,0.10170132607873929,0.04887037263219668,400.0,-1.2108,1.375,0.4,2.659,1.3,1126259642.413,38.47807724140298,-7.8601850574721635,-36877.64402265834
39.73433305889928,31.45214298717113,-0.7647611494210644,0.687280970118139,400.0,-1.2108,1.375,0.4,2.659,1.3,1126259642.413,38.47845767631425,-7.8601850574721635,-36507.84325164858
35.70201406064191,34.95212781942877,-0.38496980240356893,0.0725467538596786,400.0,-1.2108,1.375,0.4,2.659,1.3,1126259642.413,38.478924073976714,-7.8601850574721635,-36510.62958536694
35.80428885185534,35.114125216552154,0.14116421615515906,-0.37080387852347685,400.0,-1.2108,1.375,0.4,2.659,1.3,1126259642.413,38.47945256999545,-7.8601850574721635,-36615.53278441171
37.96186081657995,30.076337173886877,-0.5057853454868441,-0.11112229395428541,400.0,-1.2108,1.375,0.4,2.659,1.3,1126259642.413,38.47957624819731,-7.8601850574721635,-36370.45071519089
41.995805299947754,38.02622720057377,0.004343352101642911,0.12303958691481845,400.0,-1.2108,1.375,0.4,2.659,1.3,1126259642.413,38.481196163171134,-7.8601850574721635,-36960.33984341597
42.567044334660444,30.09749222702392,-0.1645922020696187,0.08705040183152848,400.0,-1.2108,1.375,0.4,2.659,1.3,1126259642.413,38.48165588121935,-7.8601850574721635,-36521.27511081968
38.95675791916533,31.65191400363223,-0.749283662694357,0.5485069147839947,400.0,-1.2108,1.375,0.4,2.659,1.3,1126259642.413,38.48382744967684,-7.8601850574721635,-36344.55080404875
36.353122263425604,34.03977809494941,0.3853762777114844,-0.7992328431275031,400.0,-1.2108,1.375,0.4,2.659,1.3,1126259642.413,38.4848144218537,-7.8601850574721635,-36390.39895423327
37.50043028012455,34.12629995043771,-0.663961445761788,0.48594154652157073,400.0,-1.2108,1.375,0.4,2.659,1.3,1126259642.413,38.48536895894184,-7.8601850574721635,-36599.27641210584
48.21751331101225,33.14946854814904,0.4893735386015135,-0.585912737946536,400.0,-1.2108,1.375,0.4,2.659,1.3,1126259642.413,38.48546181437961,-7.8601850574721635,-36896.8821941192
45.09973112309177,36.024019266269555,0.1608384205895718,0.03826290567756822,400.0,-1.2108,1.375,0.4,2.659,1.3,1126259642.413,38.491755881797246,-7.8601850574721635,-37179.041404292584
50.76878086357453,32.68106469714997,0.1640633541370382,0.1719946888616403,400.0,-1.2108,1.375,0.4,2.659,1.3,1126259642.413,38.49455590236934,-7.8601850574721635,-36957.26723756464
41.04878777978557,30.130551309953777,-0.31100629005967134,0.11600489636922723,400.0,-1.2108,1.375,0.4,2.659,1.3,1126259642.413,38.49522089465889,-7.8601850574721635,-36319.04592266449
41.509394161252594,40.95817892889156,0.45842314002744133,-0.0837488400415688,400.0,-1.2108,1.375,0.4,2.659,1.3,1126259642.413,38.49685278998953,-7.8601850574721635,-37075.819961049005
37.65484448616411,32.37922994440293,0.3109293703692923,-0.7852958149974008,400.0,-1.2108,1.375,0.4,2.659,1.3,1126259642.413,38.49722769798652,-7.8601850574721635,-36485.636561111525
38.86764039353794,32.90328570573515,-0.5286122082883796,0.4163812255303911,400.0,-1.2108,1.375,0.4,2.659,1.3,1126259642.413,38.500078796468166,-7.8601850574721635,-36578.60688341399
38.5691747014358,31.78077377620444,-0.2743978186685167,-0.10081103963188945,400.0,-1.2108,1.375,0.4,2.659,1.3,1126259642.413,38.50102441143617,-7.8601850574721635,-36395.97646469849
39.333755971213904,32.46256483389223,-0.22994827302698234,0.0599399072755851,400.0,-1.2108,1.375,0.4,2.659,1.3,1126259642.413,38.50316716512871,-7.8601850574721635,-36564.61786994446
44.32814867694751,34.72581040467695,0.5710471874376507,-0.751829858247737,400.0,-1.2108,1.375,0.4,2.659,1.3,1126259642.413,38.503940034199026,-7.8601850574721635,-36906.13878244265
45.99062926556248,33.66038843168016,0.4595195607000294,-0.6593242099873426,400.0,-1.2108,1.375,0.4,2.659,1.3,1126259642.413,38.50708036282675,-7.8601850574721635,-36931.64069218593
43.96010062457572,36.355143134346434,0.2335795934412163,-0.14513170939774694,400.0,-1.2108,1.375,0.4,2.659,1.3,1126259642.413,38.508924141544355,-7.8601850574721635,-36943.66008064126
41.78025222200886,30.224121909769117,-0.2251621381826996,0.10201482224959973,400.0,-1.2108,1.375,0.4,2.659,1.3,1126259642.413,38.51056745535364,-7.8601850574721635,-36516.38847888982
41.893385701607166,39.01049040659132,0.24313326698779142,-0.01947611388112358,400.0,-1.2108,1.375,0.4,2.659,1.3,1126259642.413,38.510824620332414,-7.8601850574721635,-37196.84315622886
37.665663658917566,33.557350269220464,-0.5393678020685914,0.2889701084337969,400.0,-1.2108,1.375,0.4,2.659,1.3,1126259642.413,38.51163421295969,-7.8601850574721635,-36613.46263770564
42.93483533526428,30.024779866268656,-0.2664859427614071,0.24903342132625855,400.0,-1.2108,1.375,0.4,2.659,1.3,1126259642.413,38.51424479670436,-7.8601850574721635,-36580.38249625959
33.97159433882783,30.975536691634474,-0.6779008359468204,-0.3591010118711221,400.0,-1.2108,1.375,0.4,2.659,1.3,1126259642.413,38.5143506243875,-7.8601850574721635,-35875.43026440253
40.65968785783217,30.293724314166152,-0.533005339176628,0.3648309471833501,400.0,-1.2108,1.375,0.4,2.659,1.3,1126259642.413,38.51513602059683,-7.8601850574721635,-36303.05197376605
50.37448780483948,31.87528967378605,0.4032124412217213,-0.44168200324119244,400.0,-1.2108,1.375,0.4,2.659,1.3,1126259642.413,38.51814614914386,-7.8601850574721635,-36968.52893418778
45.14762345574809,36.702893223563365,0.5389330534240095,-0.4029428324685862,400.0,-1.2108,1.375,0.4,2.659,1.3,1126259642.413,38.52018958865243,-7.8601850574721635,-36993.74016669773
37.08136604332302,30.78653840940288,-0.5866802737566859,-0.024825583134109486,400.0,-1.2108,1.375,0.4,2.659,1.3,1126259642.413,38.52226142957665,-7.8601850574721635,-36385.76399986655
34.91545431375348,32.82117028799983,-0.7089363488190743,0.02079503615966366,400.0,-1.2108,1.375,0.4,2.659,1.3,1126259642.413,38.52411202116649,-7.8601850574721635,-36406.69289280755
36.5873283590854,34.919071072287196,-0.5558353560287017,0.38292076087230287,400.0,-1.2108,1.375,0.4,2.659,1.3,1126259642.413,38.524479514862676,-7.8601850574721635,-36600.037323138284
37.06354438997909,30.69698752226316,-0.605777713678067,-0.0191689108800735,400.0,-1.2108,1.375,0.4,2.659,1.3,1126259642.413,38.5256708223416,-7.8601850574721635,-36369.87657316441
39.47694810209742,30.168371157728693,-0.5837239246591216,0.23911850519771236,400.0,-1.2108,1.375,0.4,2.659,1.3,1126259642.413,38.52571780433818,-7.8601850574721635,-36402.148361664906
44.07631333829207,36.345450100717976,0.43143367149827755,-0.3791129679755436,400.0,-1.2108,1.375,0.4,2.659,1.3,1126259642.413,38.526344672875624,-7.8601850574721635,-36984.568374799055
48.15193520729346,32.29468550416258,0.3997655820851437,-0.5935180466255527,400.0,-1.2108,1.375,0.4,2.659,1.3,1126259642.413,38.526691262232696,-7.8601850574721635,-36911.26868931284
33.399747524965804,33.26272112375702,-0.26039891652424857,-0.5413373288111023,400.0,-1.2108,1.375,0.4,2.659,1.3,1126259642.413,38.53022392295198,-7.8601850574721635,-36331.29840469261
40.95065397178266,38.602230923216304,0.0028322213188566037,0.10779800375314993,400.0,-1.2108,1.375,0.4,2.659,1.3,1126259642.413,38.534622626734446,-7.8601850574721635,-37008.75383922131
42.46341908075361,37.63362340697934,-0.10746809855205372,0.26911869455170995,400.0,-1.2108,1.375,0.4,2.659,1.3,1126259642.413,38.53576901976657,-7.8601850574721635,-36961.390460263385
41.1182914856986,30.218381545297266,-0.5669771139384384,0.4917955234299249,400.0,-1.2108,1.375,0.4,2.659,1.3,1126259642.413,38.538402394720116,-7.8601850574721635,-36385.36631987454
36.21721941864498,33.58144300555941,0.28470009008142366,-0.7683935159740759,400.0,-1.2108,1.375,0.4,2.659,1.3,1126259642.413,38.539456104049606,-7.8601850574721635,-36530.828547961784
41.318935240905866,30.33598060518796,-0.21930167932361094,0.07082618327100856,400.0,-1.2108,1.375,0.4,2.659,1.3,1126259642.413,38.54095294893742,-7.8601850574721635,-36513.042743370665
44.29642971394808,37.366319639958945,0.5917980172683733,-0.45293546577783433,400.0,-1.2108,1.375,0.4,2.659,1.3,1126259642.413,38.54137594334408,-7.8601850574721635,-36999.16189156143
39.27836472703061,33.84574670200767,-0.6506229296547932,0.6858257426515993,400.0,-1.2108,1.375,0.4,2.659,1.3,1126259642.413,38.54251085853991,-7.8601850574721635,-36653.5091393988
32.95149033030462,31.59247423286177,-0.487896534509498,-0.6491571464020043,400.0,-1.2108,1.375,0.4,2.659,1.3,1126259642.413,38.54261012460371,-7.8601850574721635,-36128.46585887366
39.298840630200964,30.24488327110848,-0.39338494201241736,0.003546897507053892,400.0,-1.2108,1.375,0.4,2.659,1.3,1126259642.413,38.54542447801913,-7.8601850574721635,-36398.53547843729
43.89389251495313,38.26483062757392,0.2879229115245583,0.0010976808097234447,400.0,-1.2108,1.375,0.4,2.659,1.3,1126259642.413,38.54723944104738,-7.8601850574721635,-37197.72976129174
37.86086175325631,32.23649561589348,-0.4636343258203691,0.07012154194657744,400.0,-1.2108,1.375,0.4,2.659,1.3,1126259642.413,38.5485122331354,-7.8601850574721635,-36469.272975571
41.827368416216046,37.9381367042407,0.3112637812822669,-0.23969115200400748,400.0,-1.2108,1.375,0.4,2.659,1.3,1126259642.413,38.549970483421845,-7.8601850574721635,-36951.05009727421
43.909162811883284,30.490286131820113,-0.35797089562186624,0.6030935469655117,400.0,-1.2108,1.375,0.4,2.659,1.3,1126259642.413,38.55056882442572,-7.8601850574721635,-36563.18919209366
38.702775551710474,32.027159697303674,-0.09471264177678752,-0.2618242853369905,400.0,-1.2108,1.375,0.4,2.659,1.3,1126259642.413,38.55168299423856,-7.8601850574721635,-36383.23156250687
41.152574026350436,40.10388023496591,0.5411911868710916,-0.29172578638208113,400.0,-1.2108,1.375,0.4,2.659,1.3,1126259642.413,38.55220680740061,-7.8601850574721635,-37055.72484382673
42.498956642642625,37.326623647284705,-0.0413955200280838,0.1694200096275225,400.0,-1.2108,1.375,0.4,2.659,1.3,1126259642.413,38.55232565753279,-7.8601850574721635,-36942.181052960266
36.74875212916005,34.1274814436988,-0.4412901813881549,0.15100930145136066,400.0,-1.2108,1.375,0.4,2.659,1.3,1126259642.413,38.55558869573942,-7.8601850574721635,-36589.567148037095
42.86440951975846,36.6048403918668,0.6772553445826812,-0.7588281620868254,400.0,-1.2108,1.375,0.4,2.659,1.3,1126259642.413,38.55724642489898,-7.8601850574721635,-37045.68300276389
49.726705547877735,31.146700429379592,0.441370927972914,-0.6772240732499214,400.0,-1.2108,1.375,0.4,2.659,1.3,1126259642.413,38.55736778622632,-7.8601850574721635,-36845.697827976255
44.247205734458056,35.47164395950679,0.2093856365744341,-0.17373526969883954,400.0,-1.2108,1.375,0.4,2.659,1.3,1126259642.413,38.55765834302706,-7.8601850574721635,-37005.591597802995
36.30769847811325,33.238862603431066,-0.6424289195247205,0.17141027652253107,400.0,-1.2108,1.375,0.4,2.659,1.3,1126259642.413,38.55851508149662,-7.8601850574721635,-36534.2918552232
47.65203438918111,33.67611639133175,0.5988326793911712,-0.7416711567090939,400.0,-1.2108,1.375,0.4,2.659,1.3,1126259642.413,38.5604679562344,-7.8601850574721635,-36996.36647939657
47.131718630674676,34.538564761824844,0.6090068313649809,-0.6765784247428073,400.0,-1.2108,1.375,0.4,2.659,1.3,1126259642.413,38.56104062219505,-7.8601850574721635,-37062.26186173714
39.75741940026502,39.55298055180421,-0.5425719431574613,0.6680311055574033,400.0,-1.2108,1.375,0.4,2.659,1.3,1126259642.413,38.56355609429433,-7.8601850574721635,-37067.47060981018
37.353961039336,32.48018328387514,-0.7831821412045659,0.4002761295123559,400.0,-1.2108,1.375,0.4,2.659,1.3,1126259642.413,38.569936137080916,-7.8601850574721635,-36529.50982909733
35.86812641237313,31.779126616326934,-0.09320729760928574,-0.6709960361887994,400.0,-1.2108,1.375,0.4,2.659,1.3,1126259642.413,38.57007814006038,-7.8601850574721635,-36397.32214404274
33.02249505290728,31.38095468007823,-0.4104716600972268,-0.7485419838479288,400.0,-1.2108,1.375,0.4,2.659,1.3,1126259642.413,38.570596800397425,-7.8601850574721635,-36077.92115724676
34.63209025475376,32.98823572855136,-0.4023710161556067,-0.28587829062731884,400.0,-1.2108,1.375,0.4,2.659,1.3,1126259642.413,38.57091400904834,-7.8601850574721635,-36412.961332985506
41.131896094199156,39.89382642598903,0.4424177352949936,-0.18770110702578963,400.0,-1.2108,1.375,0.4,2.659,1.3,1126259642.413,38.57209196657201,-7.8601850574721635,-37141.90541472251
38.934669181104134,30.154763479747096,-0.17062825600096393,-0.3982963782869709,400.0,-1.2108,1.375,0.4,2.659,1.3,1126259642.413,38.57257900945508,-7.8601850574721635,-36307.12130080709
45.123880514061966,36.330777515089366,0.6721291122936376,-0.6135835395328214,400.0,-1.2108,1.375,0.4,2.659,1.3,1126259642.413,38.57333915450441,-7.8601850574721635,-37048.62199832178
42.874997128076544,38.67914140717927,0.2154418278694341,0.055174830011714054,400.0,-1.2108,1.375,0.4,2.659,1.3,1126259642.413,38.573589541904276,-7.8601850574721635,-37029.295642450874
44.154053065892725,34.86289858055723,0.5544188109813935,-0.7213517988199682,400.0,-1.2108,1.375,0.4,2.659,1.3,1126259642.413,38.57381613017603,-7.8601850574721635,-36909.77195894622
42.0011241470126,30.315956067030612,0.14514345709498502,-0.4395290232854674,400.0,-1.2108,1.375,0.4,2.659,1.3,1126259642.413,38.57444614328088,-7.8601850574721635,-36491.31720667584
45.02816522996868,34.72405279710924,0.42168560014994455,-0.4855479092029737,400.0,-1.2108,1.375,0.4,2.659,1.3,1126259642.413,38.57748241170327,-7.8601850574721635,-37005.32658066048
35.87716925209563,33.830950854603756,0.23683831758471469,-0.6950748398488149,400.0,-1.2108,1.375,0.4,2.659,1.3,1126259642.413,38.57780504915182,-7.8601850574721635,-36543.734101516035
32.664703838754264,32.342301524388866,-0.3428544970417842,-0.7178958150908122,400.0,-1.2108,1.375,0.4,2.659,1.3,1126259642.413,38.5787446199829,-7.8601850574721635,-35842.225844893524
46.00276470372558,35.534144957045356,0.6298614474912176,-0.6100280806463021,400.0,-1.2108,1.375,0.4,2.659,1.3,1126259642.413,38.57939174396543,-7.8601850574721635,-37068.17777940793
40.19145541968139,31.76963537815219,-0.42715058296489417,0.36613391781878,400.0,-1.2108,1.375,0.4,2.659,1.3,1126259642.413,38.5819955782939,-7.8601850574721635,-36547.14679041833
35.24844018652929,31.106383438047217,-0.2876126224139538,-0.6008161907452301,400.0,-1.2108,1.375,0.4,2.659,1.3,1126259642.413,38.58297821064935,-7.8601850574721635,-36133.16105796728
41.085197196941444,30.980709831098306,0.04964178779693977,-0.29168703892944503,400.0,-1.2108,1.375,0.4,2.659,1.3,1126259642.413,38.58411036313568,-7.8601850574721635,-36518.48334550135
36.41460041962516,34.29507485222424,0.2157836077609413,-0.5614302233543075,400.0,-1.2108,1.375,0.4,2.659,1.3,1126259642.413,38.585025759955066,-7.8601850574721635,-36527.55625372064
41.450895662063765,40.66603981158648,0.27776549654516086,0.06030897885388911,400.0,-1.2108,1.375,0.4,2.659,1.3,1126259642.413,38.58560485533375,-7.8601850574721635,-37208.81476965334
44.05013584345922,36.83419065433687,0.5998083503633413,-0.5190397249738431,400.0,-1.2108,1.375,0.4,2.659,1.3,1126259642.413,38.58565346806813,-7.8601850574721635,-37208.62195360469
42.09814846825586,39.97369367286676,-0.03750702610389924,0.3841738592309176,400.0,-1.2108,1.375,0.4,2.659,1.3,1126259642.413,38.585955502664795,-7.8601850574721635,-37215.406934411956
37.26975001145696,33.1359648479255,0.23276863693953365,-0.6617489078241061,400.0,-1.2108,1.375,0.4,2.659,1.3,1126259642.413,38.586931406373736,-7.8601850574721635,-36372.76764769448
41.83915690239033,37.748735272737335,0.4828002888502478,-0.45579107694617105,400.0,-1.2108,1.375,0.4,2.659,1.3,1126259642.413,38.588735573545975,-7.8601850574721635,-37002.42128090119
50.62227354566019,32.41155028961025,0.26629523012483053,-0.06485417006344094,400.0,-1.2108,1.375,0.4,2.659,1.3,1126259642.413,38.58977434033865,-7.8601850574721635,-36768.940327686614
35.31561980388891,34.74552789330481,-0.41176029785449,0.01724147570640866,400.0,-1.2108,1.375,0.4,2.659,1.3,1126259642.413,38.59053964870006,-7.8601850574721635,-36426.44226389665
35.81557038974717,31.020244316670734,-0.47122841825315126,-0.3351189265608904,400.0,-1.2108,1.375,0.4,2.659,1.3,1126259642.413,38.59059509683228,-7.8601850574721635,-36311.842029552165
35.817766906908595,33.70411647892392,-0.7774052724040553,0.30684289873609705,400.0,-1.2108,1.375,0.4,2.659,1.3,1126259642.413,38.59062306287864,-7.8601850574721635,-36539.02265865159
35.09086449673301,33.81783549696006,0.23638054589285168,-0.7809094417785596,400.0,-1.2108,1.375,0.4,2.659,1.3,1126259642.413,38.59128579423155,-7.8601850574721635,-36453.089920075705
37.72854912234927,34.10848694453158,0.08370203167448526,-0.2754798564615042,400.0,-1.2108,1.375,0.4,2.659,1.3,1126259642.413,38.59237490667603,-7.8601850574721635,-36646.38852768294
43.47912904440944,38.87846436065952,0.1241589389188941,0.21315659461121692,400.0,-1.2108,1.375,0.4,2.659,1.3,1126259642.413,38.593959597321,-7.8601850574721635,-37158.08385313082
34.62101640085668,34.59509718466009,-0.08921489475718064,-0.4195971787694465,400.0,-1.2108,1.375,0.4,2.659,1.3,1126259642.413,38.59544033653777,-7.8601850574721635,-36492.49961349283
38.696263623874174,31.218799921050245,-0.6737331354953546,0.3499905422739869,400.0,-1.2108,1.375,0.4,2.659,1.3,1126259642.413,38.59904488310542,-7.8601850574721635,-36509.25887411385
47.15328375564452,33.89927640695624,0.2944629397666321,-0.2631232029979896,400.0,-1.2108,1.375,0.4,2.659,1.3,1126259642.413,38.60030779989959,-7.8601850574721635,-36904.093892612866
37.19938139123382,33.531114924552696,0.40387581591439414,-0.770680660425736,400.0,-1.2108,1.375,0.4,2.659,1.3,1126259642.413,38.60088353866356,-7.8601850574721635,-36496.38704876656
44.90470279881036,36.33469544423729,0.5231915597136227,-0.419215571149955,400.0,-1.2108,1.375,0.4,2.659,1.3,1126259642.413,38.60098976055636,-7.8601850574721635,-37144.48221200149
41.72582785211772,39.48652830777521,0.4702057044351109,-0.2171565256381812,400.0,-1.2108,1.375,0.4,2.659,1.3,1126259642.413,38.60115195988243,-7.8601850574721635,-37057.43721779349
41.481710804302985,40.57899298126631,0.23214711734769178,0.09857746475151,400.0,-1.2108,1.375,0.4,2.659,1.3,1126259642.413,38.60156141996876,-7.8601850574721635,-37217.86423217904
38.109611998744626,31.98486950599092,-0.7825120617986536,0.46242736500100523,400.0,-1.2108,1.375,0.4,2.659,1.3,1126259642.413,38.60206704172131,-7.8601850574721635,-36479.448356581044
39.82429255046974,39.51836925162306,-0.3520285966261847,0.47919547150854225,400.0,-1.2108,1.375,0.4,2.659,1.3,1126259642.413,38.60370886615304,-7.8601850574721635,-37059.12047755496
36.92322570448482,32.978115395425185,-0.42898904371712304,0.02857834890776212,400.0,-1.2108,1.375,0.4,2.659,1.3,1126259642.413,38.60379555946594,-7.8601850574721635,-36513.01167753773
39.76213744794279,30.575944117890963,0.08723266878356269,-0.5356807252426496,400.0,-1.2108,1.375,0.4,2.659,1.3,1126259642.413,38.60437251802108,-7.8601850574721635,-36464.5986031481
38.63276090742404,31.5054732557164,0.13909644236276003,-0.6363566533949965,400.0,-1.2108,1.375,0.4,2.659,1.3,1126259642.413,38.6044752971182,-7.8601850574721635,-36483.240633499656
40.3577609422927,30.616798627473088,-0.32359786077444797,0.08991812678826366,400.0,-1.2108,1.375,0.4,2.659,1.3,1126259642.413,38.60519757601665,-7.8601850574721635,-36323.77862810986
35.151970241235794,34.55392871849894,-0.40920079930178493,-0.009806187127484156,400.0,-1.2108,1.375,0.4,2.659,1.3,1126259642.413,38.60654350165427,-7.8601850574721635,-36543.87797751979
38.225141066175844,33.12215680404516,0.1583182259251794,-0.4174348185918869,400.0,-1.2108,1.375,0.4,2.659,1.3,1126259642.413,38.60670011671832,-7.8601850574721635,-36598.855278683695
46.82763445558046,34.369771123232134,0.6507323233946685,-0.7755928041545896,400.0,-1.2108,1.375,0.4,2.659,1.3,1126259642.413,38.609395463468736,-7.8601850574721635,-37056.86953005139
42.34211044229949,37.581566109712405,0.5784943771410611,-0.5486612964760005,400.0,-1.2108,1.375,0.4,2.659,1.3,1126259642.413,38.609535833103806,-7.8601850574721635,-36936.59592941325
41.958764358241865,39.741356258040476,0.5968842275750256,-0.32405917846845417,400.0,-1.2108,1.375,0.4,2.659,1.3,1126259642.413,38.609940168399135,-7.8601850574721635,-37100.4461419072
42.04182795126014,39.71747912592028,0.5758599611709697,-0.299329457617086,400.0,-1.2108,1.375,0.4,2.659,1.3,1126259642.413,38.61062828822378,-7.8601850574721635,-37133.49525374386
34.410074465348046,33.710712531056764,-0.39596963592636847,-0.268326354724952,400.0,-1.2108,1.375,0.4,2.659,1.3,1126259642.413,38.610962861249575,-7.8601850574721635,-36307.64239537526
41.716025162176095,37.29364629829047,0.5368331852066335,-0.5590993170307287,400.0,-1.2108,1.375,0.4,2.659,1.3,1126259642.413,38.61143740229958,-7.8601850574721635,-37055.56118258423
37.9769456211011,31.420323715569108,-0.5556554312234381,0.10130500985952451,400.0,-1.2108,1.375,0.4,2.659,1.3,1126259642.413,38.61241359893961,-7.8601850574721635,-36441.75143579484
42.07285441656014,30.440631309320253,0.25424901315826764,-0.5849681955988982,400.0,-1.2108,1.375,0.4,2.659,1.3,1126259642.413,38.6134523522454,-7.8601850574721635,-36525.99537714087
41.69382051878764,38.32898074820252,0.13061609476100805,0.00840094875877015,400.0,-1.2108,1.375,0.4,2.659,1.3,1126259642.413,38.61468555476549,-7.8601850574721635,-36971.24801749472
42.021020477886715,38.35382414415786,0.5222316453492135,-0.4019239441402322,400.0,-1.2108,1.375,0.4,2.659,1.3,1126259642.413,38.615467799538365,-7.8601850574721635,-37118.18417048251
43.36547823326567,30.698765149084345,-0.19593394322607527,0.31799803446572616,400.0,-1.2108,1.375,0.4,2.659,1.3,1126259642.413,38.61664387231634,-7.8601850574721635,-36574.20040651111
41.84451351643361,40.137787480177096,0.7258267386131873,-0.4212131362405267,400.0,-1.2108,1.375,0.4,2.659,1.3,1126259642.413,38.616863482651794,-7.8601850574721635,-37206.555737051545
43.88935447753345,37.45106167831652,0.5916856215552287,-0.47298393158320223,400.0,-1.2108,1.375,0.4,2.659,1.3,1126259642.413,38.61955785486103,-7.8601850574721635,-37060.01880898345
47.24633178224471,33.459527580132175,0.4960699677783458,-0.6557699616781882,400.0,-1.2108,1.375,0.4,2.659,1.3,1126259642.413,38.6204003731157,-7.8601850574721635,-36796.39216486107
45.78210152240115,34.33297151243144,0.5326056550456708,-0.6906567924345359,400.0,-1.2108,1.375,0.4,2.659,1.3,1126259642.413,38.620908558319854,-7.8601850574721635,-36932.03222164908
35.6530781597696,35.222436367621334,-0.324938466295305,0.049349866213868276,400.0,-1.2108,1.375,0.4,2.659,1.3,1126259642.413,38.6210410614898,-7.8601850574721635,-36606.58449269562
36.84312360959763,32.5670917931952,0.07986996831487017,-0.5884125165785514,400.0,-1.2108,1.375,0.4,2.659,1.3,1126259642.413,38.62110214832525,-7.8601850574721635,-36491.2776019248
44.62353399977143,35.59523079177794,0.39833622793813817,-0.3938448144372187,400.0,-1.2108,1.375,0.4,2.659,1.3,1126259642.413,38.62236376525691,-7.8601850574721635,-36885.80384870915
40.939429610760556,40.88207205200036,-0.15803576052046842,0.4924510650407621,400.0,-1.2108,1.375,0.4,2.659,1.3,1126259642.413,38.62285593696049,-7.8601850574721635,-37179.21392375853
38.48080263986186,32.50637066832923,-0.49920954971399367,0.23828904565458556,400.0,-1.2108,1.375,0.4,2.659,1.3,1126259642.413,38.623589239409974,-7.8601850574721635,-36533.974568157035
37.886114771206124,33.61755819984555,-0.4019278560704217,0.23382281335103153,400.0,-1.2108,1.375,0.4,2.659,1.3,1126259642.413,38.62490998482143,-7.8601850574721635,-36587.11923648552
40.37948446212952,39.13401913683515,-0.17054637786571072,0.28984993661616315,400.0,-1.2108,1.375,0.4,2.659,1.3,1126259642.413,38.62524721340236,-7.8601850574721635,-37015.61282785473
41.71381179127336,30.545938799929466,-0.17913853291950918,0.05074518678364573,400.0,-1.2108,1.375,0.4,2.659,1.3,1126259642.413,38.62620472007015,-7.8601850574721635,-36501.452616971605
40.39519121251669,39.84490383766451,0.7474231274629237,-0.5925332300294823,400.0,-1.2108,1.375,0.4,2.659,1.3,1126259642.413,38.633001506641236,-7.8601850574721635,-37106.84970078468
39.78637927330044,30.584621765496834,-0.3954723929850396,0.12366513976637167,400.0,-1.2108,1.375,0.4,2.659,1.3,1126259642.413,38.633245707032074,-7.8601850574721635,-36455.22463560759
38.67779620811233,31.215044068828014,-0.322200464478949,-0.09666703466008073,400.0,-1.2108,1.375,0.4,2.659,1.3,1126259642.413,38.63425944681589,-7.8601850574721635,-36507.95746320087
38.75341635619155,33.21116037351317,-0.019354314707926597,-0.17423421921134374,400.0,-1.2108,1.375,0.4,2.659,1.3,1126259642.413,38.63528430136557,-7.8601850574721635,-36636.843727452695
40.506609292703246,31.037966916133573,0.2660637878984289,-0.6237453578800466,400.0,-1.2108,1.375,0.4,2.659,1.3,1126259642.413,38.63610219058994,-7.8601850574721635,-36552.83753750713
32.94861989894502,32.047146759231005,-0.5856040434409526,-0.45772887342112895,400.0,-1.2108,1.375,0.4,2.659,1.3,1126259642.413,38.64040791429358,-7.8601850574721635,-35841.809187951876
41.53194854177448,30.055551225091406,0.1777316825030532,-0.5619879837888045,400.0,-1.2108,1.375,0.4,2.659,1.3,1126259642.413,38.64132129987922,-7.8601850574721635,-36455.88267071985
36.38521525345497,33.085722367603026,-0.31979404836215447,-0.14138946440706696,400.0,-1.2108,1.375,0.4,2.659,1.3,1126259642.413,38.64434086503607,-7.8601850574721635,-36518.80881609364
38.80415006287888,30.09343162440067,-0.5320463199733347,0.05164315754708623,400.0,-1.2108,1.375,0.4,2.659,1.3,1126259642.413,38.6469778205416,-7.8601850574721635,-36252.674254661346
41.19600787959493,30.156933435684124,-0.3417567230459738,0.1700527724352429,400.0,-1.2108,1.375,0.4,2.659,1.3,1126259642.413,38.64887017073025,-7.8601850574721635,-36381.39513762885
41.72932017025516,39.2973618088452,0.4772864173231671,-0.2481900984908559,400.0,-1.2108,1.375,0.4,2.659,1.3,1126259642.413,38.65008868212248,-7.8601850574721635,-37142.64526232895
36.526225739587986,32.40888447867129,-0.776584818673434,0.2466753032078818,400.0,-1.2108,1.375,0.4,2.659,1.3,1126259642.413,38.650266261079736,-7.8601850574721635,-36424.523408815185
42.54329953414567,37.44936931472081,0.559558541928414,-0.5234832001498766,400.0,-1.2108,1.375,0.4,2.659,1.3,1126259642.413,38.65233311599099,-7.8601850574721635,-36940.15921041985
39.80370190112006,31.135422494736908,-0.4518705201636335,0.240112690207631,400.0,-1.2108,1.375,0.4,2.659,1.3,1126259642.413,38.65272759623166,-7.8601850574721635,-36366.555103234066
34.05892071170948,31.32740042693438,-0.5774493007081465,-0.44490945741221244,400.0,-1.2108,1.375,0.4,2.659,1.3,1126259642.413,38.65363285727053,-7.8601850574721635,-36158.071915556604
39.045133751348224,32.100782097939415,0.06547664561698005,-0.34041643631093177,400.0,-1.2108,1.375,0.4,2.659,1.3,1126259642.413,38.65464493765707,-7.8601850574721635,-36556.05856446226
43.49137684017482,36.45696125557568,0.35723861415289937,-0.31242383448814603,400.0,-1.2108,1.375,0.4,2.659,1.3,1126259642.413,38.65483530288786,-7.8601850574721635,-36922.84299338258
37.64047283000595,31.24309842035548,0.06230433466905404,-0.6931637121582622,400.0,-1.2108,1.375,0.4,2.659,1.3,1126259642.413,38.65544732014879,-7.8601850574721635,-36345.86735140196
42.66220401179312,38.98204812025879,0.6442933785085289,-0.41555208324232634,400.0,-1.2108,1.375,0.4,2.659,1.3,1126259642.413,38.657758121894744,-7.8601850574721635,-37057.23484260389
47.243140168211646,33.54736188664158,0.5059640743789451,-0.6642491740475854,400.0,-1.2108,1.375,0.4,2.659,1.3,1126259642.413,38.6587972163354,-7.8601850574721635,-36788.64298619304
44.15024512058017,36.50825785025037,0.504974034774344,-0.46143190239911747,400.0,-1.2108,1.375,0.4,2.659,1.3,1126259642.413,38.659266304789085,-7.8601850574721635,-37113.33626397613
39.7430741931866,31.15730109683391,-0.7919460590962503,0.679772470390233,400.0,-1.2108,1.375,0.4,2.659,1.3,1126259642.413,38.66227198364032,-7.8601850574721635,-36355.2091540904
34.86992714791094,30.417987282306996,-0.6029888124767582,-0.4057878028626007,400.0,-1.2108,1.375,0.4,2.659,1.3,1126259642.413,38.66288672103521,-7.8601850574721635,-35904.54108049131
46.77086388167193,34.572465384409014,0.5986388287512685,-0.6717983289512595,400.0,-1.2108,1.375,0.4,2.659,1.3,1126259642.413,38.66334437856419,-7.8601850574721635,-37125.475129816594
40.1781014414202,31.36076456876993,-0.4547990566784078,0.37417544770870276,400.0,-1.2108,1.375,0.4,2.659,1.3,1126259642.413,38.66350291161034,-7.8601850574721635,-36565.79808813426
38.09378474325098,31.04149254679435,-0.056626753839939176,-0.4813626046926296,400.0,-1.2108,1.375,0.4,2.659,1.3,1126259642.413,38.66682953577746,-7.8601850574721635,-36397.74261109304
39.274461262855084,31.601526434965397,-0.21640788801565333,-0.05681944774371332,400.0,-1.2108,1.375,0.4,2.659,1.3,1126259642.413,38.667050663448734,-7.8601850574721635,-36395.11463591435
41.39444773154629,40.41218140653971,0.5801286770053181,-0.28896174490745485,400.0,-1.2108,1.375,0.4,2.659,1.3,1126259642.413,38.667740829630645,-7.8601850574721635,-37148.171979328865
50.59083824154983,32.11559105178603,0.3616043366671677,-0.28837852310702405,400.0,-1.2108,1.375,0.4,2.659,1.3,1126259642.413,38.66792419028102,-7.8601850574721635,-36855.09773821738
41.27783691707564,37.97146962912569,0.3806819456687405,-0.3370883189394811,400.0,-1.2108,1.375,0.4,2.659,1.3,1126259642.413,38.66989560474009,-7.8601850574721635,-37074.877921072155
39.289686755003494,33.39155481012961,0.07223156160100772,-0.17101691098726152,400.0,-1.2108,1.375,0.4,2.659,1.3,1126259642.413,38.67059568959683,-7.8601850574721635,-36673.5562272058
45.608593021630725,34.089108584111536,0.4585576503176573,-0.6219248923743121,400.0,-1.2108,1.375,0.4,2.659,1.3,1126259642.413,38.671092833015756,-7.8601850574721635,-36976.03175151053
42.57225859158988,39.36969404427839,0.16694555581162468,0.15137930156196008,400.0,-1.2108,1.375,0.4,2.659,1.3,1126259642.413,38.67113589781463,-7.8601850574721635,-37175.54900685875
36.36259097101228,33.25231236836924,-0.19169132976828032,-0.2968092287290132,400.0,-1.2108,1.375,0.4,2.659,1.3,1126259642.413,38.67177594297001,-7.8601850574721635,-36540.50070080958
45.951973909373315,35.767847161365125,0.5634439633172341,-0.49208771589067424,400.0,-1.2108,1.375,0.4,2.659,1.3,1126259642.413,38.67307645254564,-7.8601850574721635,-36981.50131599032
37.82210273909005,32.27204697210572,-0.46749912904500956,0.07431905871693527,400.0,-1.2108,1.375,0.4,2.659,1.3,1126259642.413,38.67322741672454,-7.8601850574721635,-36469.27839366132
41.847025860866566,30.471587503359252,-0.24430493196837594,0.162020121264522,400.0,-1.2108,1.375,0.4,2.659,1.3,1126259642.413,38.67443539646273,-7.8601850574721635,-36500.33450407882
40.03806262155201,31.45029302987431,-0.006835617165096272,-0.2600514585196832,400.0,-1.2108,1.375,0.4,2.659,1.3,1126259642.413,38.674497489673286,-7.8601850574721635,-36568.319478790676
36.534688782475435,35.09264759407898,-0.2868721981482654,0.11603509931969308,400.0,-1.2108,1.375,0.4,2.659,1.3,1126259642.413,38.67523789969513,-7.8601850574721635,-36615.52997007787
39.990833494593936,30.22709665706787,-0.5024609614259704,0.22464966437297232,400.0,-1.2108,1.375,0.4,2.659,1.3,1126259642.413,38.675515858278786,-7.8601850574721635,-36484.86606793026
43.751101277828326,37.5939610488689,0.4404943344364443,-0.2613564514640439,400.0,-1.2108,1.375,0.4,2.659,1.3,1126259642.413,38.67558193559552,-7.8601850574721635,-37037.67244488023
40.619484155078034,40.4819302079289,0.5172482987539988,-0.256266000568704,400.0,-1.2108,1.375,0.4,2.659,1.3,1126259642.413,38.67588818706637,-7.8601850574721635,-37099.34241325133
40.03545296661275,39.88302417110581,-0.6041986523148963,0.7799161224396625,400.0,-1.2108,1.375,0.4,2.659,1.3,1126259642.413,38.6758975790934,-7.8601850574721635,-36967.63979962998
35.96258205208163,31.913015785789984,-0.48049904603197263,-0.21114358118727597,400.0,-1.2108,1.375,0.4,2.659,1.3,1126259642.413,38.676620295904684,-7.8601850574721635,-36391.27819507437
38.67997068430584,32.7092016747931,0.4253753398891976,-0.761841878548557,400.0,-1.2108,1.375,0.4,2.659,1.3,1126259642.413,38.677024302838994,-7.8601850574721635,-36595.6102713997
44.72450694592762,36.00045948142787,0.047031235426069656,0.13023633637525356,400.0,-1.2108,1.375,0.4,2.659,1.3,1126259642.413,38.67752672196513,-7.8601850574721635,-37087.44439845479
34.2069639164628,30.23644089138583,-0.49299284397394566,-0.6401073953764174,400.0,-1.2108,1.375,0.4,2.659,1.3,1126259642.413,38.678348468704826,-7.8601850574721635,-36040.748779633046
41.349551670172126,40.70889754691538,0.7765720206789357,-0.45369288229465465,400.0,-1.2108,1.375,0.4,2.659,1.3,1126259642.413,38.67974007974797,-7.8601850574721635,-37218.1508176187
46.38231404779661,34.48420817954141,0.04862008789500846,0.13413638383374,400.0,-1.2108,1.375,0.4,2.659,1.3,1126259642.413,38.68085726252836,-7.8601850574721635,-36931.64851253318
40.847537432709665,40.82260440041499,0.1748131543840771,0.14016201436331074,400.0,-1.2108,1.375,0.4,2.659,1.3,1126259642.413,38.6814304785349,-7.8601850574721635,-37104.10373358953
40.743890708328486,38.568165694298635,0.4893574266621916,-0.4378140366819655,400.0,-1.2108,1.375,0.4,2.659,1.3,1126259642.413,38.6825359558314,-7.8601850574721635,-37068.20247198874
37.37550577481079,33.55568822138034,-0.35618280557520826,0.05757732856635641,400.0,-1.2108,1.375,0.4,2.659,1.3,1126259642.413,38.68487409730636,-7.8601850574721635,-36584.63802004
35.61912445328423,33.529185145165286,-0.0009653659848567007,-0.5445943952322895,400.0,-1.2108,1.375,0.4,2.659,1.3,1126259642.413,38.68681186808803,-7.8601850574721635,-36477.10110463602
35.5097483761427,31.509745290935367,-0.2299164979603956,-0.6054904997396217,400.0,-1.2108,1.375,0.4,2.659,1.3,1126259642.413,38.68898095583303,-7.8601850574721635,-36264.50874999495
43.2878930444141,30.753320216655485,-0.4929725693646648,0.7908398154042711,400.0,-1.2108,1.375,0.4,2.659,1.3,1126259642.413,38.68935116246556,-7.8601850574721635,-36576.55347854912
38.71824635931335,30.839135569073502,-0.6138346656774538,0.2508809008714481,400.0,-1.2108,1.375,0.4,2.659,1.3,1126259642.413,38.69010299883327,-7.8601850574721635,-36432.778511633005
40.58763444569794,30.415821973392717,-0.21026764520986235,-0.08346932726731539,400.0,-1.2108,1.375,0.4,2.659,1.3,1126259642.413,38.69099876691581,-7.8601850574721635,-36312.58863242968
37.568027181375605,34.13007848361315,0.014497335801486128,-0.21550011562988616,400.0,-1.2108,1.375,0.4,2.659,1.3,1126259642.413,38.691040019918795,-7.8601850574721635,-36611.908079138084
44.421436870601134,37.57770606055811,0.5514989075680851,-0.3721995872919851,400.0,-1.2108,1.375,0.4,2.659,1.3,1126259642.413,38.6922951275636,-7.8601850574721635,-37104.49768985654
39.00133797477196,30.056562938435857,0.0601074173367047,-0.6775084554518873,400.0,-1.2108,1.375,0.4,2.659,1.3,1126259642.413,38.692556785704944,-7.8601850574721635,-36289.3433034138
38.78846134513415,31.70675219368266,0.2985924315054692,-0.777288874872467,400.0,-1.2108,1.375,0.4,2.659,1.3,1126259642.413,38.69278156432128,-7.8601850574721635,-36357.42438053933
41.04906336756364,38.96674549327116,0.4318468329905588,-0.31141891296331464,400.0,-1.2108,1.375,0.4,2.659,1.3,1126259642.413,38.69329702117004,-7.8601850574721635,-36985.80941612194
36.14084560709688,34.67932515455894,-0.19735256331243023,-0.07915603903627419,400.0,-1.2108,1.375,0.4,2.659,1.3,1126259642.413,38.69483426071224,-7.8601850574721635,-36580.60145697218
34.4462334628172,33.00421972667763,-0.6875610051759892,-0.05354115562661574,400.0,-1.2108,1.375,0.4,2.659,1.3,1126259642.413,38.69528303500964,-7.8601850574721635,-36384.387244554666
35.17808886560872,34.790341801053415,-0.41960038339974687,0.030864437132565203,400.0,-1.2108,1.375,0.4,2.659,1.3,1126259642.413,38.69576404682793,-7.8601850574721635,-36464.77820639272
45.088772132228506,34.52563190859257,0.4820065031656293,-0.6047009468804834,400.0,-1.2108,1.375,0.4,2.659,1.3,1126259642.413,38.69682939176974,-7.8601850574721635,-37008.33058213865
36.39814937291179,35.13705656022091,-0.1324934427364495,-0.05655410983360657,400.0,-1.2108,1.375,0.4,2.659,1.3,1126259642.413,38.698533472986355,-7.8601850574721635,-36603.83761770022
44.45159007467785,37.05940641927564,0.4025891879686965,-0.2275648812553713,400.0,-1.2108,1.375,0.4,2.659,1.3,1126259642.413,38.699374728170476,-7.8601850574721635,-37014.206381674965
35.533978748787824,34.31676266989219,0.2842004868426394,-0.7327579356327305,400.0,-1.2108,1.375,0.4,2.659,1.3,1126259642.413,38.69962996636996,-7.8601850574721635,-36511.48545148132
38.430968254607194,32.26019894027825,-0.6675742191589198,0.40180803639076623,400.0,-1.2108,1.375,0.4,2.659,1.3,1126259642.413,38.70459863074963,-7.8601850574721635,-36388.936888255186
40.02286384071203,33.28143025941689,-0.2708629807466055,0.30353725539885046,400.0,-1.2108,1.375,0.4,2.659,1.3,1126259642.413,38.704879081319,-7.8601850574721635,-36653.66733369422
44.674623847649336,35.08494655504113,0.552409909406573,-0.6560903918279531,400.0,-1.2108,1.375,0.4,2.659,1.3,1126259642.413,38.70555489851995,-7.8601850574721635,-37003.291795794765
38.795430124042134,30.868372138790363,-0.5412746748665972,0.1622118852587096,400.0,-1.2108,1.375,0.4,2.659,1.3,1126259642.413,38.70576374498413,-7.8601850574721635,-36449.32382396111
40.64752297548076,30.351363774938804,-0.373818251724489,0.1535182781523998,400.0,-1.2108,1.375,0.4,2.659,1.3,1126259642.413,38.706246162660165,-7.8601850574721635,-36308.05962689251
37.968215563889636,31.817369265397694,0.25146089959475537,-0.7966580403226564,400.0,-1.2108,1.375,0.4,2.659,1.3,1126259642.413,38.70642380157196,-7.8601850574721635,-36521.81657552934
42.64198194782692,37.964759395415875,-0.13005336690225205,0.32799916860558054,400.0,-1.2108,1.375,0.4,2.659,1.3,1126259642.413,38.70982083164002,-7.8601850574721635,-37201.10412655889
41.10039035051047,39.14081724845644,0.20571053513806073,-0.034931717869155735,400.0,-1.2108,1.375,0.4,2.659,1.3,1126259642.413,38.71057303687448,-7.8601850574721635,-37096.49488069441
41.81581652735101,37.702948467422104,0.640875963552376,-0.6276404427721787,400.0,-1.2108,1.375,0.4,2.659,1.3,1126259642.413,38.71084312057444,-7.8601850574721635,-37027.25438177516
36.00245277841748,32.29011480933347,-0.3710172330015981,-0.22680040836576948,400.0,-1.2108,1.375,0.4,2.659,1.3,1126259642.413,38.71245603618632,-7.8601850574721635,-36283.552929743724
38.19534017545961,31.490104373113933,-0.6475220385261634,0.2626382893129109,400.0,-1.2108,1.375,0.4,2.659,1.3,1126259642.413,38.71331432168806,-7.8601850574721635,-36492.44995989812
38.78617265332423,31.06794161491547,-0.12543701285097297,-0.31083441078435026,400.0,-1.2108,1.375,0.4,2.659,1.3,1126259642.413,38.7143709641487,-7.8601850574721635,-36494.98392507873
35.238230190748645,32.62473790863207,0.0007549827152615596,-0.6829748970401933,400.0,-1.2108,1.375,0.4,2.659,1.3,1126259642.413,38.714721758165105,-7.8601850574721635,-36385.74226521488
35.58904244796372,33.49304034404719,-0.3194243177104077,-0.22747888774215425,400.0,-1.2108,1.375,0.4,2.659,1.3,1126259642.413,38.71551131343702,-7.8601850574721635,-36467.91951392078
43.56016028097166,36.42893197683568,0.2178005810337289,-0.16030852887767313,400.0,-1.2108,1.375,0.4,2.659,1.3,1126259642.413,38.71558647847933,-7.8601850574721635,-36922.59870949704
42.03648600339422,30.57811381013668,-0.11377103561005283,-0.011543404277760072,400.0,-1.2108,1.375,0.4,2.659,1.3,1126259642.413,38.71941210534069,-7.8601850574721635,-36568.985658977086
43.085016054356025,37.99899610248281,0.6076090795636763,-0.4542490203947793,400.0,-1.2108,1.375,0.4,2.659,1.3,1126259642.413,38.72004368563516,-7.8601850574721635,-37140.31419389827
43.242389583746665,36.25764531131459,0.4873190672261258,-0.5274789847270641,400.0,-1.2108,1.375,0.4,2.659,1.3,1126259642.413,38.72133774377504,-7.8601850574721635,-37041.18923626227
39.81816272432452,31.53022464000705,0.2818671845433317,-0.6385555673963251,400.0,-1.2108,1.375,0.4,2.659,1.3,1126259642.413,38.72156645841764,-7.8601850574721635,-36559.895307364764
40.355198401385906,30.734335866811737,-0.400830204807535,0.20415104227348013,400.0,-1.2108,1.375,0.4,2.659,1.3,1126259642.413,38.72245422688614,-7.8601850574721635,-36367.28099767214
38.39787701621694,31.812182269121944,-0.13784504847044274,-0.27926383936035853,400.0,-1.2108,1.375,0.4,2.659,1.3,1126259642.413,38.72351724818377,-7.8601850574721635,-36447.57849343622
38.442699813839184,33.38013144049432,-0.7077264039541742,0.6116183982544169,400.0,-1.2108,1.375,0.4,2.659,1.3,1126259642.413,38.724390864459075,-7.8601850574721635,-36608.55217346204
38.39500567281894,31.34793797022314,-0.6168386759846719,0.24373417772584527,400.0,-1.2108,1.375,0.4,2.659,1.3,1126259642.413,38.72498701761756,-7.8601850574721635,-36494.34742015864
36.69309092174378,33.74727053885049,0.007583295119295503,-0.3861087885818484,400.0,-1.2108,1.375,0.4,2.659,1.3,1126259642.413,38.725670350509,-7.8601850574721635,-36393.48075159215
37.72138283843465,34.17114482605225,-0.2850451670629859,0.1278295047922754,400.0,-1.2108,1.375,0.4,2.659,1.3,1126259642.413,38.725910859802006,-7.8601850574721635,-36663.62818168908
42.88748477371325,30.16060050958042,0.017417671486557464,-0.17738767558963162,400.0,-1.2108,1.375,0.4,2.659,1.3,1126259642.413,38.7268533081333,-7.8601850574721635,-36608.82788986704
37.592901972116735,32.67631485075168,0.2572241647999529,-0.6903254469017596,400.0,-1.2108,1.375,0.4,2.659,1.3,1126259642.413,38.73073844764432,-7.8601850574721635,-36387.53113533574
36.21073344497129,31.218078097389576,-0.4513431262937707,-0.2735404607293572,400.0,-1.2108,1.375,0.4,2.659,1.3,1126259642.413,38.73305820366909,-7.8601850574721635,-36308.00075438438
37.85456669512385,33.87244409793662,-0.07914480408789772,-0.11858681345927627,400.0,-1.2108,1.375,0.4,2.659,1.3,1126259642.413,38.73376086783325,-7.8601850574721635,-36608.96007427823
34.540597419151986,33.21744609312094,-0.78409073231322,0.1023945114972627,400.0,-1.2108,1.375,0.4,2.659,1.3,1126259642.413,38.73526321538455,-7.8601850574721635,-36405.493951757875
46.73639549528003,34.57156304903828,0.591506346614258,-0.6580783804850692,400.0,-1.2108,1.375,0.4,2.659,1.3,1126259642.413,38.7368578933603,-7.8601850574721635,-37125.076331110795
43.314405489804706,36.31806632551253,0.2999290087654931,-0.27590157441955226,400.0,-1.2108,1.375,0.4,2.659,1.3,1126259642.413,38.73721595936021,-7.8601850574721635,-37013.27070823498
41.28577189933111,38.82716330020209,-0.08065677564794181,0.26224979916925706,400.0,-1.2108,1.375,0.4,2.659,1.3,1126259642.413,38.73772774530556,-7.8601850574721635,-37015.054744350484
39.378333561033,32.23418428403778,-0.5963027569860337,0.5134262772045151,400.0,-1.2108,1.375,0.4,2.659,1.3,1126259642.413,38.73784528418025,-7.8601850574721635,-36566.443431416395
41.07498725983769,30.259361096879864,0.005049141692365637,-0.3353645094914489,400.0,-1.2108,1.375,0.4,2.659,1.3,1126259642.413,38.738786623786766,-7.8601850574721635,-36391.130772430886
41.40460068413239,38.548876410303194,0.4273479475310069,-0.32178828234648355,400.0,-1.2108,1.375,0.4,2.659,1.3,1126259642.413,38.73929271681301,-7.8601850574721635,-36958.70638049336
37.5777586750749,31.92500967956282,-0.30662764694210476,-0.1822124379004213,400.0,-1.2108,1.375,0.4,2.659,1.3,1126259642.413,38.73993792711998,-7.8601850574721635,-36481.36846985992
44.44872520433941,35.012327194858706,0.5915749530107075,-0.7336681638756237,400.0,-1.2108,1.375,0.4,2.659,1.3,1126259642.413,38.74110543961008,-7.8601850574721635,-37013.05455864562
36.405993362485574,32.906198964025045,-0.7825471813608675,0.2943131550684337,400.0,-1.2108,1.375,0.4,2.659,1.3,1126259642.413,38.74315349149121,-7.8601850574721635,-36486.331349236265
40.92347713813439,38.44592696980109,0.729956348245186,-0.710501538247907,400.0,-1.2108,1.375,0.4,2.659,1.3,1126259642.413,38.74756303430573,-7.8601850574721635,-37055.39113419987
40.84893740892716,39.53580513260937,0.4491730088466768,-0.2748995816570434,400.0,-1.2108,1.375,0.4,2.659,1.3,1126259642.413,38.748401963137155,-7.8601850574721635,-37171.96731462804
34.31923451631499,32.577052750089386,-0.5129582243755372,-0.2941135834722516,400.0,-1.2108,1.375,0.4,2.659,1.3,1126259642.413,38.74874153775325,-7.8601850574721635,-36281.044798254574
38.979746715226284,32.480884227204406,-0.6595918449758648,0.5580593386332804,400.0,-1.2108,1.375,0.4,2.659,1.3,1126259642.413,38.75246732017356,-7.8601850574721635,-36584.7253530087
36.16613803799722,34.28689667577016,-0.5539367363409372,0.2054231233875726,400.0,-1.2108,1.375,0.4,2.659,1.3,1126259642.413,38.75273639543176,-7.8601850574721635,-36411.58202617048
38.25292485821166,33.365887141190726,-0.20976310496412343,0.004209335438047357,400.0,-1.2108,1.375,0.4,2.659,1.3,1126259642.413,38.75299605858717,-7.8601850574721635,-36581.81679136394
41.159059541892006,30.502768520713868,0.21841696031549723,-0.582688093181077,400.0,-1.2108,1.375,0.4,2.659,1.3,1126259642.413,38.75373523175977,-7.8601850574721635,-36530.12262453554
45.94100031726403,34.337932684863496,0.3356147600408333,-0.36218925643236566,400.0,-1.2108,1.375,0.4,2.659,1.3,1126259642.413,38.755692440833705,-7.8601850574721635,-36868.73926968103
38.50565231305748,31.204135431038672,0.17312803577775518,-0.7280292365238523,400.0,-1.2108,1.375,0.4,2.659,1.3,1126259642.413,38.75598831913445,-7.8601850574721635,-36479.91868053867
39.5125551059319,31.98624510922749,0.18949208271540663,-0.4927018889630747,400.0,-1.2108,1.375,0.4,2.659,1.3,1126259642.413,38.75632665630748,-7.8601850574721635,-36579.89673041305
33.491379149417675,33.176886897001935,-0.34738097809489515,-0.47222573287816105,400.0,-1.2108,1.375,0.4,2.659,1.3,1126259642.413,38.7569959216262,-7.8601850574721635,-36330.29177354657
51.507255479811455,32.15978326376394,0.16776124201965653,0.17137550918303612,400.0,-1.2108,1.375,0.4,2.659,1.3,1126259642.413,38.75990351192033,-7.8601850574721635,-36919.1140676084
51.14743292236576,31.732624187370213,0.37007648227575657,-0.3234523154077854,400.0,-1.2108,1.375,0.4,2.659,1.3,1126259642.413,38.7599929192897,-7.8601850574721635,-36804.891144523426
46.165417836073736,34.090111202613755,0.34133334948316524,-0.3916809142519415,400.0,-1.2108,1.375,0.4,2.659,1.3,1126259642.413,38.76029685084644,-7.8601850574721635,-36893.2796306992
36.294267366308105,32.560785805420636,-0.059675938250762006,-0.5440185789530078,400.0,-1.2108,1.375,0.4,2.659,1.3,1126259642.413,38.76054704863155,-7.8601850574721635,-36414.848769316915
46.303612850434426,33.81385989538728,0.4725096014323385,-0.6375882176059264,400.0,-1.2108,1.375,0.4,2.659,1.3,1126259642.413,38.76152862820688,-7.8601850574721635,-36949.054087985816
42.64841926322302,38.13162232650784,-0.3270150894700773,0.564510091883762,400.0,-1.2108,1.375,0.4,2.659,1.3,1126259642.413,38.76172208999777,-7.8601850574721635,-37232.69328859681
35.99034870353762,30.63101433133765,-0.19100745213266362,-0.690161961353452,400.0,-1.2108,1.375,0.4,2.659,1.3,1126259642.413,38.76236130329664,-7.8601850574721635,-36261.646624030145
38.57259842338909,30.91408968769074,-0.6454631484378366,0.2809927567139132,400.0,-1.2108,1.375,0.4,2.659,1.3,1126259642.413,38.76357124764535,-7.8601850574721635,-36427.60311845179
40.60771027261029,31.208037372888842,-0.1513760746407398,-0.019164760492550698,400.0,-1.2108,1.375,0.4,2.659,1.3,1126259642.413,38.76390037832244,-7.8601850574721635,-36539.9279096244
47.8163479211879,34.04208534520521,0.4760740871917251,-0.4857930630517646,400.0,-1.2108,1.375,0.4,2.659,1.3,1126259642.413,38.76395026366505,-7.8601850574721635,-37030.18095154143
45.409342468003636,36.011458436558364,0.6210944401487157,-0.5645646410888162,400.0,-1.2108,1.375,0.4,2.659,1.3,1126259642.413,38.765423748157296,-7.8601850574721635,-37086.02620542064
37.403635245285614,33.114309097513306,0.22742369732882123,-0.6177063603391159,400.0,-1.2108,1.375,0.4,2.659,1.3,1126259642.413,38.770937794747496,-7.8601850574721635,-36390.56274242402
37.043542647749774,31.88882751834607,-0.08491533701560464,-0.4668810134973191,400.0,-1.2108,1.375,0.4,2.659,1.3,1126259642.413,38.77152884848087,-7.8601850574721635,-36402.410425075024
34.99408705795029,34.65995951115504,0.026776168085924354,-0.44782675906081015,400.0,-1.2108,1.375,0.4,2.659,1.3,1126259642.413,38.772823795485536,-7.8601850574721635,-36549.44375325806
32.560039104040406,32.333746170365735,-0.45029596243886705,-0.6488072356821959,400.0,-1.2108,1.375,0.4,2.659,1.3,1126259642.413,38.77337976953322,-7.8601850574721635,-35875.264667077245
34.725251795373254,30.44692226001091,-0.6609574413444677,-0.33754081984118145,400.0,-1.2108,1.375,0.4,2.659,1.3,1126259642.413,38.77444758858755,-7.8601850574721635,-35836.41193957349
38.56618365433427,33.34117985351849,-0.43511901285555027,0.28498350608038314,400.0,-1.2108,1.375,0.4,2.659,1.3,1126259642.413,38.77640764111771,-7.8601850574721635,-36629.72301343111
35.2516104134301,34.69076783970415,-0.4221086768675713,0.031739233223821495,400.0,-1.2108,1.375,0.4,2.659,1.3,1126259642.413,38.77826176311571,-7.8601850574721635,-36474.64765130467
42.1225281404139,39.88351726814655,0.614686885767342,-0.30538528468609766,400.0,-1.2108,1.375,0.4,2.659,1.3,1126259642.413,38.779563302496555,-7.8601850574721635,-37202.93923635852
37.29553876664298,33.31426111579105,0.29206377154999,-0.6924814016315453,400.0,-1.2108,1.375,0.4,2.659,1.3,1126259642.413,38.78185657221608,-7.8601850574721635,-36429.45631795983
38.11689691273044,30.94840958814964,0.10466041335891452,-0.730042946445785,400.0,-1.2108,1.375,0.4,2.659,1.3,1126259642.413,38.78221212205442,-7.8601850574721635,-36374.663083008934
35.61169217769418,34.45217855623821,-0.1813071114541709,-0.22178812686839577,400.0,-1.2108,1.375,0.4,2.659,1.3,1126259642.413,38.78304055214236,-7.8601850574721635,-36427.21905766019
42.31441347521938,30.035324490485745,-0.32608486005635073,0.2760412111310012,400.0,-1.2108,1.375,0.4,2.659,1.3,1126259642.413,38.786232322612804,-7.8601850574721635,-36480.59159443826
39.14395938729333,30.944551544651283,-0.5188648594040954,0.20425286995287548,400.0,-1.2108,1.375,0.4,2.659,1.3,1126259642.413,38.78626881350764,-7.8601850574721635,-36502.51721632509
33.44007760179213,31.520865055674946,-0.3066683365824614,-0.780328830728461,400.0,-1.2108,1.375,0.4,2.659,1.3,1126259642.413,38.78674706771998,-7.8601850574721635,-35853.37318255084
40.05966987241874,31.810084088916142,-0.7304017643129496,0.7414758300326528,400.0,-1.2108,1.375,0.4,2.659,1.3,1126259642.413,38.78819088271337,-7.8601850574721635,-36545.60851309274
44.50004097280242,35.04592865954684,0.3369141337242478,-0.36968471966632077,400.0,-1.2108,1.375,0.4,2.659,1.3,1126259642.413,38.78973915058347,-7.8601850574721635,-37023.62829114954
38.108123061210875,33.444233024224395,-0.5606525509232216,0.3840798813008545,400.0,-1.2108,1.375,0.4,2.659,1.3,1126259642.413,38.791820008147674,-7.8601850574721635,-36583.59047197816
40.822846507116594,39.938784784914255,0.13968712230898556,0.08526220527517239,400.0,-1.2108,1.375,0.4,2.659,1.3,1126259642.413,38.79268848024469,-7.8601850574721635,-37237.66393725754
38.54282014953858,34.50741517771999,-0.2969542219834047,0.29834990136848394,400.0,-1.2108,1.375,0.4,2.659,1.3,1126259642.413,38.79481864274167,-7.8601850574721635,-36664.60674229543
45.29554643618602,34.46764754571686,0.304014928733915,-0.3453275313451142,400.0,-1.2108,1.375,0.4,2.659,1.3,1126259642.413,38.79574843753834,-7.8601850574721635,-37003.98337912285
40.032568368804114,39.78506705696845,0.171054107322192,-0.023853831464176245,400.0,-1.2108,1.375,0.4,2.659,1.3,1126259642.413,38.79632061939486,-7.8601850574721635,-36956.92429203315
39.597512378676406,30.63918885522665,-0.4265890151814189,0.11791541712514012,400.0,-1.2108,1.375,0.4,2.659,1.3,1126259642.413,38.79695546363758,-7.8601850574721635,-36485.29531267411
39.32610982976835,31.243259151585697,-0.249968720841666,-0.09021335028872693,400.0,-1.2108,1.375,0.4,2.659,1.3,1126259642.413,38.79834832364719,-7.8601850574721635,-36351.20190807655
40.05042949920547,39.55916750817174,0.08239283240593642,0.05590865177266563,400.0,-1.2108,1.375,0.4,2.659,1.3,1126259642.413,38.79886456896557,-7.8601850574721635,-36984.35519051475
35.42604839764288,33.52656667494724,-0.6136159042235455,0.10292619966149277,400.0,-1.2108,1.375,0.4,2.659,1.3,1126259642.413,38.799437435418575,-7.8601850574721635,-36455.2590751578
33.45386132400877,32.22402445616064,-0.7797029220565105,-0.1852385537853261,400.0,-1.2108,1.375,0.4,2.659,1.3,1126259642.413,38.80016564510147,-7.8601850574721635,-36279.516062450224
34.897674742763016,31.661084275340528,-0.37826375185861083,-0.47242286009286155,400.0,-1.2108,1.375,0.4,2.659,1.3,1126259642.413,38.80110800329527,-7.8601850574721635,-36306.765876829864
41.99199915298567,39.60303374985718,0.5954696473810602,-0.3336290157095596,400.0,-1.2108,1.375,0.4,2.659,1.3,1126259642.413,38.804125050803364,-7.8601850574721635,-37062.01300474486
42.16915636271152,37.58789013192634,0.0384856045409534,0.07027518665972177,400.0,-1.2108,1.375,0.4,2.659,1.3,1126259642.413,38.80413395752071,-7.8601850574721635,-36965.19764854739
43.388498257642944,36.19010817346978,0.4902518038264216,-0.5328478547257752,400.0,-1.2108,1.375,0.4,2.659,1.3,1126259642.413,38.80504847208475,-7.8601850574721635,-37027.2125668434
37.6762245050559,34.03098065127752,-0.2083374623279815,0.022988465443008005,400.0,-1.2108,1.375,0.4,2.659,1.3,1126259642.413,38.805164130118314,-7.8601850574721635,-36610.43533962249
34.80294608408165,30.164754906245808,-0.5228524305661554,-0.5493655208421027,400.0,-1.2108,1.375,0.4,2.659,1.3,1126259642.413,38.80622886192722,-7.8601850574721635,-35939.210573704455
42.35492168688619,30.075204390530846,0.10279385193126744,-0.37900370942225614,400.0,-1.2108,1.375,0.4,2.659,1.3,1126259642.413,38.80638390756875,-7.8601850574721635,-36481.925923614544
35.37600899572698,33.944651440520424,0.2893147103620751,-0.7919422837933976,400.0,-1.2108,1.375,0.4,2.659,1.3,1126259642.413,38.80701003190076,-7.8601850574721635,-36507.00977414493
37.287038189917325,32.49935980055307,-0.6265528909648418,0.20813591107902296,400.0,-1.2108,1.375,0.4,2.659,1.3,1126259642.413,38.80761129259891,-7.8601850574721635,-36533.54601465142
45.02373000127325,34.812878706607925,0.2307079089417321,-0.2095153407150771,400.0,-1.2108,1.375,0.4,2.659,1.3,1126259642.413,38.80782854723482,-7.8601850574721635,-36990.73035483382
45.25679797547791,34.810132318666255,0.4581113746986018,-0.5323097301035651,400.0,-1.2108,1.375,0.4,2.659,1.3,1126259642.413,38.81044211023884,-7.8601850574721635,-36920.67813241543
35.03782167192672,32.41881650495744,-0.4811092587523807,-0.25224902632228463,400.0,-1.2108,1.375,0.4,2.659,1.3,1126259642.413,38.81219873566236,-7.8601850574721635,-36378.34326829241
42.70504077304175,30.032856256852718,-0.10101132991844872,-0.013435391315382052,400.0,-1.2108,1.375,0.4,2.659,1.3,1126259642.413,38.81278966395301,-7.8601850574721635,-36529.18991291517
40.035910154249216,39.855563302684956,-0.6339016300276344,0.7945851852939827,400.0,-1.2108,1.375,0.4,2.659,1.3,1126259642.413,38.81290654355638,-7.8601850574721635,-36961.913204213226
41.953720344201706,37.604672299792576,0.37351699666211247,-0.31838532929836355,400.0,-1.2108,1.375,0.4,2.659,1.3,1126259642.413,38.813522965703605,-7.8601850574721635,-37009.46297010373
44.37558761017,37.70338209685641,0.43203056679826934,-0.20878911563723662,400.0,-1.2108,1.375,0.4,2.659,1.3,1126259642.413,38.815383617742555,-7.8601850574721635,-37144.04505372116
41.064539067143706,40.3391628444386,0.4614897564440179,-0.19124922457321303,400.0,-1.2108,1.375,0.4,2.659,1.3,1126259642.413,38.820428182814084,-7.8601850574721635,-37034.90605285445
37.35156761458705,32.32851238237866,-0.478634060660164,0.055128688084712524,400.0,-1.2108,1.375,0.4,2.659,1.3,1126259642.413,38.821532498873296,-7.8601850574721635,-36526.28888003771
35.27788508231178,34.45666764625825,0.17882811930053122,-0.6056293246869626,400.0,-1.2108,1.375,0.4,2.659,1.3,1126259642.413,38.822085826460494,-7.8601850574721635,-36540.397701573704
41.72051605166498,38.24337308632976,0.3969222073895665,-0.2875813417107105,400.0,-1.2108,1.375,0.4,2.659,1.3,1126259642.413,38.82211867181736,-7.8601850574721635,-36953.05963851029
41.942737237613905,38.127394982156915,-0.33194567910707823,0.5048207143707879,400.0,-1.2108,1.375,0.4,2.659,1.3,1126259642.413,38.82236236369239,-7.8601850574721635,-36976.19061072801
35.46498954578172,33.566161906825435,0.09901289652057549,-0.6655635944382747,400.0,-1.2108,1.375,0.4,2.659,1.3,1126259642.413,38.82379687481778,-7.8601850574721635,-36465.305100797974
37.76518439455087,32.87480184036058,0.3567434509225561,-0.7790572836209841,400.0,-1.2108,1.375,0.4,2.659,1.3,1126259642.413,38.823870125865135,-7.8601850574721635,-36414.34847828925
40.59138209956758,31.10799987574371,-0.007624495803110656,-0.23978212492157408,400.0,-1.2108,1.375,0.4,2.659,1.3,1126259642.413,38.824053648536776,-7.8601850574721635,-36551.8704774627
35.94353177314935,33.4788971169425,-0.5022013306308211,0.00861505235591481,400.0,-1.2108,1.375,0.4,2.659,1.3,1126259642.413,38.82580010072892,-7.8601850574721635,-36519.21004291041
40.494437258502145,39.0655129739502,0.39641224153415733,-0.3080641118853419,400.0,-1.2108,1.375,0.4,2.659,1.3,1126259642.413,38.82645495824151,-7.8601850574721635,-37006.92063291926
38.502971692291865,30.478205291932376,-0.6595898201346423,0.2122129995466187,400.0,-1.2108,1.375,0.4,2.659,1.3,1126259642.413,38.82649889052344,-7.8601850574721635,-36309.821712103316
37.50382988043762,34.16810496062881,-0.025880080895614915,-0.16441867519352288,400.0,-1.2108,1.375,0.4,2.659,1.3,1126259642.413,38.82695910906628,-7.8601850574721635,-36608.253840085745
37.474639738444885,33.80924709986166,-0.7939571266783284,0.5770570941131289,400.0,-1.2108,1.375,0.4,2.659,1.3,1126259642.413,38.826985917737346,-7.8601850574721635,-36610.87209527814
40.60560950200571,39.45895413043236,0.5759819242976384,-0.4483124773298246,400.0,-1.2108,1.375,0.4,2.659,1.3,1126259642.413,38.83141828687798,-7.8601850574721635,-37010.99848989369
33.81592546996757,33.530515829672176,-0.6840363030398064,-0.06831025914695357,400.0,-1.2108,1.375,0.4,2.659,1.3,1126259642.413,38.83163950660375,-7.8601850574721635,-36359.45835288173
35.79857593579212,30.994542224461266,-0.22204243912306879,-0.6363842487121784,400.0,-1.2108,1.375,0.4,2.659,1.3,1126259642.413,38.834586025808896,-7.8601850574721635,-36315.497298552524
37.361900924952806,31.63389557734773,-0.42112928109080916,-0.06734197465648586,400.0,-1.2108,1.375,0.4,2.659,1.3,1126259642.413,38.83553091188849,-7.8601850574721635,-36402.18700061929
41.92623887309837,37.850700264267324,-0.02579062463280718,0.14807087758535278,400.0,-1.2108,1.375,0.4,2.659,1.3,1126259642.413,38.83591749827846,-7.8601850574721635,-36950.18095231852
44.61100957337514,36.97832872939847,0.4093277252008409,-0.23296478652855315,400.0,-1.2108,1.375,0.4,2.659,1.3,1126259642.413,38.83686872582342,-7.8601850574721635,-36990.385175880765
39.72151083370562,33.45941026626223,-0.22114818722216098,0.2229669493155904,400.0,-1.2108,1.375,0.4,2.659,1.3,1126259642.413,38.8370303013955,-7.8601850574721635,-36645.942383814734
34.331493675038196,32.08766110379638,-0.22942482451847443,-0.6424966786259836,400.0,-1.2108,1.375,0.4,2.659,1.3,1126259642.413,38.837543505307764,-7.8601850574721635,-36259.875912056814
37.88798235817635,30.201794045034518,-0.38587794725574065,-0.20963389745859845,400.0,-1.2108,1.375,0.4,2.659,1.3,1126259642.413,38.83760155884225,-7.8601850574721635,-36371.95887719587
34.65241100409165,30.666489889537118,-0.43999207620397746,-0.5653967022825945,400.0,-1.2108,1.375,0.4,2.659,1.3,1126259642.413,38.84050040470992,-7.8601850574721635,-35992.25310471394
35.84375412197913,32.77961527065916,-0.0854988570181491,-0.48592211612333247,400.0,-1.2108,1.375,0.4,2.659,1.3,1126259642.413,38.841610042336484,-7.8601850574721635,-36350.18861444779
41.67023095329624,30.57662354960644,-0.028783030637572975,-0.17214108133417813,400.0,-1.2108,1.375,0.4,2.659,1.3,1126259642.413,38.844801928241,-7.8601850574721635,-36502.50920160433
41.76560149473966,37.56396951898399,0.662624140922923,-0.6804685468829624,400.0,-1.2108,1.375,0.4,2.659,1.3,1126259642.413,38.8463978148521,-7.8601850574721635,-37067.59675152321
40.175184807776,39.526775174512956,-0.4681660660733082,0.5982855088692391,400.0,-1.2108,1.375,0.4,2.659,1.3,1126259642.413,38.84706254098967,-7.8601850574721635,-36962.56945410864
35.40375925625017,35.04713709529135,0.35414936957151016,-0.6926017535474083,400.0,-1.2108,1.375,0.4,2.659,1.3,1126259642.413,38.84783905020507,-7.8601850574721635,-36420.52956769265
40.95133858995503,30.575189079963735,0.10582294309816687,-0.4494341439294768,400.0,-1.2108,1.375,0.4,2.659,1.3,1126259642.413,38.84818778063399,-7.8601850574721635,-36511.65864373138
42.0218695117226,39.61740619706756,0.3039706459189376,-0.009552902305304402,400.0,-1.2108,1.375,0.4,2.659,1.3,1126259642.413,38.85116504153328,-7.8601850574721635,-37085.81218664506
42.11734842849607,38.64077668547773,0.20360756871407737,0.0032773489780951737,400.0,-1.2108,1.375,0.4,2.659,1.3,1126259642.413,38.85223608389791,-7.8601850574721635,-37239.08754422339
40.60561185791582,32.42402575719487,-0.15510492653505487,0.15140971558792632,400.0,-1.2108,1.375,0.4,2.659,1.3,1126259642.413,38.852776402464244,-7.8601850574721635,-36618.48937735207
44.563837340843875,36.98183412067743,0.5307678112738069,-0.39561815436076375,400.0,-1.2108,1.375,0.4,2.659,1.3,1126259642.413,38.85301426558499,-7.8601850574721635,-36990.848694388245
36.12833101260855,30.673314482539556,-0.2562125177591965,-0.5934213909835391,400.0,-1.2108,1.375,0.4,2.659,1.3,1126259642.413,38.85541060571668,-7.8601850574721635,-36309.44017124501
43.31275018086756,37.02447250357184,0.1552678954017192,-0.03049256178272146,400.0,-1.2108,1.375,0.4,2.659,1.3,1126259642.413,38.85737289249779,-7.8601850574721635,-37012.038989378016
40.61711449840127,31.036995190765182,-0.5901257961587971,0.5595439233470278,400.0,-1.2108,1.375,0.4,2.659,1.3,1126259642.413,38.85950069207906,-7.8601850574721635,-36554.78448605479
40.45445245370883,38.901988764537464,0.6108019334964948,-0.5563555840779315,400.0,-1.2108,1.375,0.4,2.659,1.3,1126259642.413,38.86222396850309,-7.8601850574721635,-37056.15078947735
33.59142684308246,33.45476995986632,-0.10065218572899909,-0.7021780052668962,400.0,-1.2108,1.375,0.4,2.659,1.3,1126259642.413,38.862359061854974,-7.8601850574721635,-36274.505843977604
48.4467735540712,32.724043002914705,0.3234654586962448,-0.35359560629768866,400.0,-1.2108,1.375,0.4,2.659,1.3,1126259642.413,38.862633257060224,-7.8601850574721635,-36739.55712121249
34.12291633317813,33.98346138938739,-0.5401436737290973,-0.07892621350005372,400.0,-1.2108,1.375,0.4,2.659,1.3,1126259642.413,38.865089472703445,-7.8601850574721635,-36310.17230548232
34.91216148306987,34.08016288721807,0.05274178161139765,-0.6026793610516479,400.0,-1.2108,1.375,0.4,2.659,1.3,1126259642.413,38.867055177455285,-7.8601850574721635,-36465.1040910982
45.54972517159738,34.83557779059781,0.23354514443160768,-0.16686752008400096,400.0,-1.2108,1.375,0.4,2.659,1.3,1126259642.413,38.86741060182597,-7.8601850574721635,-36857.19464225462
35.388909778248994,34.783889239561645,-0.005587005357320485,-0.38309942181499035,400.0,-1.2108,1.375,0.4,2.659,1.3,1126259642.413,38.867767787493435,-7.8601850574721635,-36393.706876655066
40.843910725864234,39.4607529242965,-0.3380147866245734,0.5229308865926671,400.0,-1.2108,1.375,0.4,2.659,1.3,1126259642.413,38.86856056068362,-7.8601850574721635,-37124.42377514487
33.165124224243925,32.75825067336689,-0.7697252731463217,-0.18797125600824263,400.0,-1.2108,1.375,0.4,2.659,1.3,1126259642.413,38.86921397479248,-7.8601850574721635,-36073.83776073855
37.06169692858653,31.24383402675443,-0.36045010678905975,-0.22775093955125275,400.0,-1.2108,1.375,0.4,2.659,1.3,1126259642.413,38.86960498066247,-7.8601850574721635,-36291.801661648125
42.74128517256981,37.08347942367095,0.5372756181875359,-0.5267848404407272,400.0,-1.2108,1.375,0.4,2.659,1.3,1126259642.413,38.86972975643004,-7.8601850574721635,-36938.750840656874
36.30648329895253,33.35847178764579,0.22014055917510572,-0.7123919025762414,400.0,-1.2108,1.375,0.4,2.659,1.3,1126259642.413,38.870062889037115,-7.8601850574721635,-36545.210364403414
41.05164668239177,38.595001896994255,0.6905140420137449,-0.6257370368248432,400.0,-1.2108,1.375,0.4,2.659,1.3,1126259642.413,38.8720054248564,-7.8601850574721635,-36979.595179766686
33.80518623124054,33.77731292077149,-0.6256390825361435,-0.11145147168660482,400.0,-1.2108,1.375,0.4,2.659,1.3,1126259642.413,38.8721189768456,-7.8601850574721635,-36413.70865559015
34.66075429343237,32.3298292465466,-0.01913186012388708,-0.7974718597475704,400.0,-1.2108,1.375,0.4,2.659,1.3,1126259642.413,38.8725378688503,-7.8601850574721635,-36273.471078428614
41.18710531003292,30.166605691512245,-0.3321446618875166,0.14660648694766143,400.0,-1.2108,1.375,0.4,2.659,1.3,1126259642.413,38.872680579790995,-7.8601850574721635,-36383.36072589454
34.422607068666004,30.74483059473015,-0.6180490851375133,-0.4039958013690298,400.0,-1.2108,1.375,0.4,2.659,1.3,1126259642.413,38.874550017196476,-7.8601850574721635,-35853.067865118486
41.169816627440525,30.055004938763435,0.08297986805447621,-0.438516806328762,400.0,-1.2108,1.375,0.4,2.659,1.3,1126259642.413,38.87461150720373,-7.8601850574721635,-36321.11149240851
40.765005491390966,30.45748354406461,-0.3904655488177521,0.22757980203987815,400.0,-1.2108,1.375,0.4,2.659,1.3,1126259642.413,38.87682954266792,-7.8601850574721635,-36380.30635214752
37.53105819391946,30.908549327706453,-0.48871601573581286,-0.05382115248298419,400.0,-1.2108,1.375,0.4,2.659,1.3,1126259642.413,38.878663172387085,-7.8601850574721635,-36267.214188656646
35.718166666590434,35.145642570562956,0.3205167042615447,-0.6039408312487119,400.0,-1.2108,1.375,0.4,2.659,1.3,1126259642.413,38.880883526362005,-7.8601850574721635,-36603.3711098288
42.696455474577036,30.043990484264413,-0.21125080736268048,0.1587549337046932,400.0,-1.2108,1.375,0.4,2.659,1.3,1126259642.413,38.882414094662266,-7.8601850574721635,-36531.28025751312
40.88384134677055,30.87773289058478,-0.24349409814404904,0.11801796297608694,400.0,-1.2108,1.375,0.4,2.659,1.3,1126259642.413,38.88274905715911,-7.8601850574721635,-36544.023530315586
35.23084415776918,34.71607121473128,-0.2812498278986455,-0.10612514677126636,400.0,-1.2108,1.375,0.4,2.659,1.3,1126259642.413,38.883323201931304,-7.8601850574721635,-36473.043939721814
35.792094984172,33.23097976303093,0.04497329247641124,-0.6178170069272451,400.0,-1.2108,1.375,0.4,2.659,1.3,1126259642.413,38.88353277486512,-7.8601850574721635,-36459.477618985606
39.90505848079315,31.700757349392813,-0.5720918668890173,0.4920740202846288,400.0,-1.2108,1.375,0.4,2.659,1.3,1126259642.413,38.88516093341605,-7.8601850574721635,-36566.15396995738
36.85798482488837,30.21828563890719,-0.5357725591975939,-0.2084976479851004,400.0,-1.2108,1.375,0.4,2.659,1.3,1126259642.413,38.889908455262955,-7.8601850574721635,-36275.948627210455
33.985405524923905,31.191747943110226,-0.5910467842170285,-0.44450682592035773,400.0,-1.2108,1.375,0.4,2.659,1.3,1126259642.413,38.89279836247239,-7.8601850574721635,-35891.925176055345
40.9642437267309,38.82945001489367,-0.12963879978503423,0.2792565585975048,400.0,-1.2108,1.375,0.4,2.659,1.3,1126259642.413,38.89293078489736,-7.8601850574721635,-36961.633398177655
37.81199404073114,30.95048119142589,-0.697009124117323,0.24020066032804122,400.0,-1.2108,1.375,0.4,2.659,1.3,1126259642.413,38.89611624545918,-7.8601850574721635,-36288.19285030148
36.67163675732465,32.117553052206944,-0.442303178141782,-0.13334534411749557,400.0,-1.2108,1.375,0.4,2.659,1.3,1126259642.413,38.896503998591626,-7.8601850574721635,-36373.82696782834
40.70329927606096,38.51948419214896,0.5070163086608893,-0.45168963325300493,400.0,-1.2108,1.375,0.4,2.659,1.3,1126259642.413,38.89700294112315,-7.8601850574721635,-37079.39382730229
40.81276753283452,39.06527820178602,0.5610641642017044,-0.4497786433311728,400.0,-1.2108,1.375,0.4,2.659,1.3,1126259642.413,38.90122730413192,-7.8601850574721635,-36961.48446349938
39.0651664083064,30.668472634912188,-0.4167778154392402,0.040997716868864414,400.0,-1.2108,1.375,0.4,2.659,1.3,1126259642.413,38.90263301741859,-7.8601850574721635,-36448.05931210147
36.833809834518796,30.670241097765604,-0.0004991227566051512,-0.7474741798395503,400.0,-1.2108,1.375,0.4,2.659,1.3,1126259642.413,38.90573426843074,-7.8601850574721635,-36293.49225076826
38.63577022482431,31.295587370840632,0.18411105884531676,-0.7180492435225245,400.0,-1.2108,1.375,0.4,2.659,1.3,1126259642.413,38.90974919392028,-7.8601850574721635,-36512.10404964381
41.89756997460288,38.812100709493315,-0.48270192859737154,0.714637255141598,400.0,-1.2108,1.375,0.4,2.659,1.3,1126259642.413,38.9099009149319,-7.8601850574721635,-37243.20068988433
34.9300893984063,32.37015125674819,-0.6105231626673285,-0.14786710529785213,400.0,-1.2108,1.375,0.4,2.659,1.3,1126259642.413,38.911842714534274,-7.8601850574721635,-36323.35847060757
42.24346913022093,39.17749511375817,0.2954881255941261,-0.027008151060511465,400.0,-1.2108,1.375,0.4,2.659,1.3,1126259642.413,38.9119697327348,-7.8601850574721635,-37032.124566583014
38.167853437162336,33.55249028076737,-0.45374980798228937,0.28297028892773923,400.0,-1.2108,1.375,0.4,2.659,1.3,1126259642.413,38.914727961585555,-7.8601850574721635,-36595.10274894175
40.13180731732903,39.252205017932376,-0.15635032251893216,0.27180660338170665,400.0,-1.2108,1.375,0.4,2.659,1.3,1126259642.413,38.915231374806,-7.8601850574721635,-37050.216220692164
38.9677706551855,33.17118868381531,-0.6230393309783425,0.5433180855415025,400.0,-1.2108,1.375,0.4,2.659,1.3,1126259642.413,38.91583014885579,-7.8601850574721635,-36681.98500026047
36.10912522076178,30.60083801264863,-0.06519749773451447,-0.7959321514345105,400.0,-1.2108,1.375,0.4,2.659,1.3,1126259642.413,38.9158922776777,-7.8601850574721635,-36296.18872463324
43.451652327293026,37.924306397482724,0.553524965390645,-0.3939658711345469,400.0,-1.2108,1.375,0.4,2.659,1.3,1126259642.413,38.9166986138782,-7.8601850574721635,-37034.03092681711
44.55602991845822,35.11584404616112,0.3502977247929184,-0.3811158037110318,400.0,-1.2108,1.375,0.4,2.659,1.3,1126259642.413,38.91980472717648,-7.8601850574721635,-37017.26014391887
40.92442155648861,39.143111245905644,0.42345725024754516,-0.28982044497778875,400.0,-1.2108,1.375,0.4,2.659,1.3,1126259642.413,38.923127799434035,-7.8601850574721635,-37007.13053068235
40.538889878459976,39.25777663168776,0.5333045508554473,-0.4203488191976908,400.0,-1.2108,1.375,0.4,2.659,1.3,1126259642.413,38.92350071568719,-7.8601850574721635,-36952.55088964538
36.301544621921025,30.341711946914376,-0.2508339140407959,-0.582645598663167,400.0,-1.2108,1.375,0.4,2.659,1.3,1126259642.413,38.924680640259645,-7.8601850574721635,-36240.960858095656
37.14101664137035,34.6696899143387,-0.6742926037758936,0.5269682242753592,400.0,-1.2108,1.375,0.4,2.659,1.3,1126259642.413,38.92567562236189,-7.8601850574721635,-36657.35779397288
33.8750052546832,30.759609973983952,-0.4396532307767828,-0.671976192302874,400.0,-1.2108,1.375,0.4,2.659,1.3,1126259642.413,38.92613526946606,-7.8601850574721635,-36119.40640185762
39.69870325897486,30.509997713610968,0.20802471901744768,-0.7248154327687437,400.0,-1.2108,1.375,0.4,2.659,1.3,1126259642.413,38.926290735676524,-7.8601850574721635,-36489.558862307385
38.29864679135478,33.593515852084764,-0.31466343068807423,0.16875590954642108,400.0,-1.2108,1.375,0.4,2.659,1.3,1126259642.413,38.926556157617036,-7.8601850574721635,-36638.91978523072
41.386760492950934,40.106970727161624,0.14659975318239715,0.1484573188463101,400.0,-1.2108,1.375,0.4,2.659,1.3,1126259642.413,38.92732627302253,-7.8601850574721635,-37045.478158839185
41.12254929453233,38.939262054047475,0.2598872801905438,-0.10828664365389368,400.0,-1.2108,1.375,0.4,2.659,1.3,1126259642.413,38.92875628520457,-7.8601850574721635,-37000.23737452793
39.43543544452468,31.143884580795394,-0.6156477447964055,0.3978742237165327,400.0,-1.2108,1.375,0.4,2.659,1.3,1126259642.413,38.928942162153334,-7.8601850574721635,-36350.969815555225
34.87843371340045,34.851271099453996,0.22058348985853998,-0.6625667141735798,400.0,-1.2108,1.375,0.4,2.659,1.3,1126259642.413,38.92941525986557,-7.8601850574721635,-36540.95910171577
36.31389508829614,33.28225995126089,-0.07299438863473182,-0.3773318250727674,400.0,-1.2108,1.375,0.4,2.659,1.3,1126259642.413,38.93038265933473,-7.8601850574721635,-36539.79969936127
39.88215608267978,39.34620716566556,0.30810582877920195,-0.21161216047414277,400.0,-1.2108,1.375,0.4,2.659,1.3,1126259642.413,38.931536886671616,-7.8601850574721635,-37078.27469060652
36.655505714947274,30.82859094292686,-0.49920154621939894,-0.20898810497585374,400.0,-1.2108,1.375,0.4,2.659,1.3,1126259642.413,38.932544211434674,-7.8601850574721635,-36299.17561432869
39.30679462900765,30.70972923972761,-0.51155812222592,0.19750352968062046,400.0,-1.2108,1.375,0.4,2.659,1.3,1126259642.413,38.932985450378894,-7.8601850574721635,-36495.296852062624
35.884301265665634,32.96863337872016,0.05147579370558508,-0.6569416864248838,400.0,-1.2108,1.375,0.4,2.659,1.3,1126259642.413,38.934795904785304,-7.8601850574721635,-36426.755757037565
35.88059854733743,32.5288033654512,-0.10263529646830302,-0.5529447499433593,400.0,-1.2108,1.375,0.4,2.659,1.3,1126259642.413,38.937598674878195,-7.8601850574721635,-36289.09550918202
37.08190782833476,30.970379583004373,-0.23090639954831804,-0.4602294062134522,400.0,-1.2108,1.375,0.4,2.659,1.3,1126259642.413,38.938769196290956,-7.8601850574721635,-36367.84522327587
44.81446411176889,36.62520657991002,0.589349224833737,-0.49236950467384166,400.0,-1.2108,1.375,0.4,2.659,1.3,1126259642.413,38.93884632737272,-7.8601850574721635,-37048.16815444702
42.617230375116236,36.97911712789333,0.4255881794416966,-0.42101162771964457,400.0,-1.2108,1.375,0.4,2.659,1.3,1126259642.413,38.939773196599326,-7.8601850574721635,-37006.96903853318
38.748747854516935,31.214232720175232,-0.0335078997049789,-0.43780634556312714,400.0,-1.2108,1.375,0.4,2.659,1.3,1126259642.413,38.94001658514702,-7.8601850574721635,-36509.979683603786
37.54092960753702,34.014877670497015,0.05106126213289683,-0.2731972717885691,400.0,-1.2108,1.375,0.4,2.659,1.3,1126259642.413,38.940685399299156,-7.8601850574721635,-36591.534977840034
37.77505361936461,33.67904678685158,-0.38573221449860473,0.18293851047663665,400.0,-1.2108,1.375,0.4,2.659,1.3,1126259642.413,38.9408579763201,-7.8601850574721635,-36589.671262671676
41.02900683797707,38.19112664865513,0.5082695661182447,-0.4670508685484138,400.0,-1.2108,1.375,0.4,2.659,1.3,1126259642.413,38.94299041897509,-7.8601850574721635,-37078.89036886334
38.061516234263486,32.80370928386124,-0.367535670568553,0.06326379249314742,400.0,-1.2108,1.375,0.4,2.659,1.3,1126259642.413,38.94439081123866,-7.8601850574721635,-36511.2704838128
38.77491931663925,34.33016765667578,-0.329848862656524,0.33648952814131755,400.0,-1.2108,1.375,0.4,2.659,1.3,1126259642.413,38.94449146836408,-7.8601850574721635,-36665.081993055275
37.34239793220354,33.56359533850456,-0.3524290188331251,0.05506901910130091,400.0,-1.2108,1.375,0.4,2.659,1.3,1126259642.413,38.94581761094718,-7.8601850574721635,-36577.53378067987
37.773887893503854,33.53705816417981,-0.35323716064329136,0.11552526759346485,400.0,-1.2108,1.375,0.4,2.659,1.3,1126259642.413,38.94707289983798,-7.8601850574721635,-36603.61126577629
37.51270116970782,33.14261263595013,-0.5456325018240344,0.22789816137243488,400.0,-1.2108,1.375,0.4,2.659,1.3,1126259642.413,38.94858772893938,-7.8601850574721635,-36441.86169205673
41.51723306864703,40.06064100416476,0.3631064689251665,-0.07142830971330555,400.0,-1.2108,1.375,0.4,2.659,1.3,1126259642.413,38.94896045906961,-7.8601850574721635,-37065.092027302635
33.85349500656743,33.50240457233945,-0.3498315104472556,-0.417642147500365,400.0,-1.2108,1.375,0.4,2.659,1.3,1126259642.413,38.950073987344304,-7.8601850574721635,-36362.87292429329
36.24594614623766,35.25932424474065,-0.6103981757399621,0.4345080745658736,400.0,-1.2108,1.375,0.4,2.659,1.3,1126259642.413,38.95299312481218,-7.8601850574721635,-36602.42614027094
38.043785693322945,31.32666129256358,-0.0709186630464523,-0.4706574483295303,400.0,-1.2108,1.375,0.4,2.659,1.3,1126259642.413,38.95315650915899,-7.8601850574721635,-36437.74044030039
45.62858447199528,34.907875008262664,0.172763331034685,-0.06681383946553046,400.0,-1.2108,1.375,0.4,2.659,1.3,1126259642.413,38.95599174638153,-7.8601850574721635,-36868.93882415582
40.95631372378542,40.251081328990885,0.5960471153467337,-0.3423921851479446,400.0,-1.2108,1.375,0.4,2.659,1.3,1126259642.413,38.95676807192711,-7.8601850574721635,-37057.68503954759
36.94421218693288,33.21527718264997,-0.1841516129819076,-0.19541988206709432,400.0,-1.2108,1.375,0.4,2.659,1.3,1126259642.413,38.95803424692477,-7.8601850574721635,-36413.78841323668
40.10648203736639,31.2260068867231,0.02897476774542998,-0.29651528893455886,400.0,-1.2108,1.375,0.4,2.659,1.3,1126259642.413,38.96035585511795,-7.8601850574721635,-36528.056395007145
38.36668446260714,32.30441959944207,-0.6540437499159515,0.38369503413853306,400.0,-1.2108,1.375,0.4,2.659,1.3,1126259642.413,38.960380337951676,-7.8601850574721635,-36386.51686194848
36.469335500267945,30.534597181451726,-0.38603666842293544,-0.3837315035995926,400.0,-1.2108,1.375,0.4,2.659,1.3,1126259642.413,38.961297278424205,-7.8601850574721635,-36284.97904657062
46.070168210842866,34.63766243391198,0.4229690785539092,-0.4320899353337827,400.0,-1.2108,1.375,0.4,2.659,1.3,1126259642.413,38.96191706482038,-7.8601850574721635,-36887.97400565841
38.90627898672979,34.10042589068765,-0.18581768529274267,0.17394067461165894,400.0,-1.2108,1.375,0.4,2.659,1.3,1126259642.413,38.963108963755424,-7.8601850574721635,-36648.2637518175
41.569172124003245,30.40121252324828,0.2921189480072819,-0.6929793776102547,400.0,-1.2108,1.375,0.4,2.659,1.3,1126259642.413,38.96530088438845,-7.8601850574721635,-36521.48184633434
38.039115061792465,31.9467563513561,-0.5279095645770379,0.14740028806752822,400.0,-1.2108,1.375,0.4,2.659,1.3,1126259642.413,38.966674842573134,-7.8601850574721635,-36510.86556134415
40.34855515098607,39.34199134479767,-0.5304835636004627,0.6643684509883714,400.0,-1.2108,1.375,0.4,2.659,1.3,1126259642.413,38.96682394707537,-7.8601850574721635,-36962.21287138845
39.83307413920382,31.315585765126816,0.18903829384320064,-0.5318463443568571,400.0,-1.2108,1.375,0.4,2.659,1.3,1126259642.413,38.968150426064575,-7.8601850574721635,-36471.941209827855
35.77097770362753,31.659803099323263,-0.4752458658704549,-0.2551674787455746,400.0,-1.2108,1.375,0.4,2.659,1.3,1126259642.413,38.9686290347481,-7.8601850574721635,-36335.39194235976
38.020052644341185,32.56317743646897,0.2364804018366467,-0.6582834275061472,400.0,-1.2108,1.375,0.4,2.659,1.3,1126259642.413,38.96937771110864,-7.8601850574721635,-36379.779132848154
39.54930780952277,30.840292190632702,-0.3497533691181778,0.058987706189148476,400.0,-1.2108,1.375,0.4,2.659,1.3,1126259642.413,38.969704221001386,-7.8601850574721635,-36431.349813561064
34.82345909472541,31.556382678571392,-0.11687794455941516,-0.7624703793851662,400.0,-1.2108,1.375,0.4,2.659,1.3,1126259642.413,38.96984830697191,-7.8601850574721635,-36198.62538473289
38.0148009089422,33.786566060558165,-0.6540678706537534,0.5335340671760171,400.0,-1.2108,1.375,0.4,2.659,1.3,1126259642.413,38.97037888176464,-7.8601850574721635,-36621.14186428451
37.92803196988045,32.83491154324725,-0.11558876187786432,-0.22830855393836175,400.0,-1.2108,1.375,0.4,2.659,1.3,1126259642.413,38.970594004334785,-7.8601850574721635,-36464.29049543258
33.69594755872222,31.554298049192372,-0.6612759888222791,-0.3635369671168005,400.0,-1.2108,1.375,0.4,2.659,1.3,1126259642.413,38.97140496437638,-7.8601850574721635,-35992.985799367234
34.82795704941392,32.03887710194761,-0.3436242138814992,-0.487874113542512,400.0,-1.2108,1.375,0.4,2.659,1.3,1126259642.413,38.97156506353443,-7.8601850574721635,-36292.83308242241
36.38302305920313,34.51852033662577,0.4019392210911214,-0.71030725322345,400.0,-1.2108,1.375,0.4,2.659,1.3,1126259642.413,38.97226591156775,-7.8601850574721635,-36605.347347836854
37.4299619025869,32.88536372075883,-0.4336155511225007,0.06593299464071944,400.0,-1.2108,1.375,0.4,2.659,1.3,1126259642.413,38.972472356739516,-7.8601850574721635,-36377.14554210524
35.04284421279753,33.854036568230846,-0.5621282492405483,0.049307891959319436,400.0,-1.2108,1.375,0.4,2.659,1.3,1126259642.413,38.97327296993399,-7.8601850574721635,-36451.7440198854
33.14864778024801,32.20522077163673,-0.3241350901565818,-0.6894266129319879,400.0,-1.2108,1.375,0.4,2.659,1.3,1126259642.413,38.973676387307435,-7.8601850574721635,-36180.88203258245
41.71978197788779,39.536064603033104,0.5339826849090976,-0.2964145604906212,400.0,-1.2108,1.375,0.4,2.659,1.3,1126259642.413,38.97395515679791,-7.8601850574721635,-37053.87011987662
40.210250308748805,39.687168413770635,0.41846663618063773,-0.274545975274468,400.0,-1.2108,1.375,0.4,2.659,1.3,1126259642.413,38.974577636668556,-7.8601850574721635,-36962.991697808175
39.39219081784792,30.72613112677973,-0.2175429280102602,-0.1866767380578507,400.0,-1.2108,1.375,0.4,2.659,1.3,1126259642.413,38.97510957468139,-7.8601850574721635,-36498.13191671495
40.09027841407981,39.76333438158174,0.49478932040139456,-0.35667127229001094,400.0,-1.2108,1.375,0.4,2.659,1.3,1126259642.413,38.97569213553379,-7.8601850574721635,-36963.132155106636
41.55585907500619,39.69306200465074,0.6534748251972836,-0.4250297326147236,400.0,-1.2108,1.375,0.4,2.659,1.3,1126259642.413,38.97709643620906,-7.8601850574721635,-37055.169446326596
35.375296466588225,35.21044609688691,0.3012238441030995,-0.633103392540397,400.0,-1.2108,1.375,0.4,2.659,1.3,1126259642.413,38.97883399270478,-7.8601850574721635,-36481.11931899478
34.01751671421995,33.68005730751129,-0.46175534210733415,-0.2165136628853962,400.0,-1.2108,1.375,0.4,2.659,1.3,1126259642.413,38.97973096984221,-7.8601850574721635,-36411.03611079885
35.3270912802972,35.10160474049227,-0.35559694953943033,0.018194114630464303,400.0,-1.2108,1.375,0.4,2.659,1.3,1126259642.413,38.981474274649656,-7.8601850574721635,-36413.904938628446
49.42530415591634,31.303636750372,0.48270814027416337,-0.7703261355850242,400.0,-1.2108,1.375,0.4,2.659,1.3,1126259642.413,38.98149546640183,-7.8601850574721635,-36845.34728271404
36.684289100027584,34.03068375875481,0.08263685807930496,-0.39063600966951517,400.0,-1.2108,1.375,0.4,2.659,1.3,1126259642.413,38.98308207357377,-7.8601850574721635,-36520.402328863485
39.14199693587409,30.733184411194973,-0.32180506040526297,-0.08725423890290655,400.0,-1.2108,1.375,0.4,2.659,1.3,1126259642.413,38.98340294589457,-7.8601850574721635,-36477.88465237635
36.99390694781881,33.14826626842752,-0.33190830945576105,-0.046987587624578914,400.0,-1.2108,1.375,0.4,2.659,1.3,1126259642.413,38.98410708752418,-7.8601850574721635,-36420.1161053765
51.98196073922769,31.486444957062634,0.2913932033849953,-0.14025726151604453,400.0,-1.2108,1.375,0.4,2.659,1.3,1126259642.413,38.984420235882055,-7.8601850574721635,-36703.326995126394
40.2905743378683,30.265734275846405,-0.4009024738906791,0.1230255465354746,400.0,-1.2108,1.375,0.4,2.659,1.3,1126259642.413,38.98599542102736,-7.8601850574721635,-36411.535136608305
33.27433818126961,31.932444476949893,-0.5280057035708031,-0.5174722914834361,400.0,-1.2108,1.375,0.4,2.659,1.3,1126259642.413,38.9873117402555,-7.8601850574721635,-35967.34274388848
39.30067423270762,34.381169716582676,-0.5714614899422309,0.6756159182891778,400.0,-1.2108,1.375,0.4,2.659,1.3,1126259642.413,38.98801044130424,-7.8601850574721635,-36696.44544188767
36.036954013575624,34.80247557855619,0.07544791483644753,-0.3702595670439484,400.0,-1.2108,1.375,0.4,2.659,1.3,1126259642.413,38.98814756487467,-7.8601850574721635,-36593.220204487
36.13352851275227,30.980941157406075,-0.062303801266250486,-0.7828198271099707,400.0,-1.2108,1.375,0.4,2.659,1.3,1126259642.413,38.988191516414744,-7.8601850574721635,-36260.37157073581
32.84608504920526,32.59718145218821,-0.4601468845692379,-0.5374578486891542,400.0,-1.2108,1.375,0.4,2.659,1.3,1126259642.413,38.988329128980354,-7.8601850574721635,-36285.45452460253
43.58084895585767,37.29878632449417,-0.06010282815607018,0.2733968323871263,400.0,-1.2108,1.375,0.4,2.659,1.3,1126259642.413,38.988572010156005,-7.8601850574721635,-37216.6619514406
38.33482955216769,30.434138918749287,0.09007229195432677,-0.7275458461552811,400.0,-1.2108,1.375,0.4,2.659,1.3,1126259642.413,38.98857434972003,-7.8601850574721635,-36256.25698068345
43.10542013140153,36.82056385896736,0.22873860964015513,-0.156889191835872,400.0,-1.2108,1.375,0.4,2.659,1.3,1126259642.413,38.989718606847944,-7.8601850574721635,-36931.46041423999
40.1961062945519,30.294735778190432,-0.6938826398755225,0.5344681692457744,400.0,-1.2108,1.375,0.4,2.659,1.3,1126259642.413,38.99016817219405,-7.8601850574721635,-36435.054137759944
45.024717946098995,36.47150841693879,0.466052492274081,-0.33149946673633723,400.0,-1.2108,1.375,0.4,2.659,1.3,1126259642.413,38.990751496900735,-7.8601850574721635,-37013.08829324519
41.87536392558274,38.33807814927985,0.27339065352925906,-0.13311448762231123,400.0,-1.2108,1.375,0.4,2.659,1.3,1126259642.413,38.99075918404267,-7.8601850574721635,-37043.69061749329
39.6370336033595,30.169526654103837,-0.44116714523717704,0.08057827487321628,400.0,-1.2108,1.375,0.4,2.659,1.3,1126259642.413,38.995459398684865,-7.8601850574721635,-36422.60434236967
40.08084889968991,31.641506445652897,-0.20366445259947413,0.05617062232337172,400.0,-1.2108,1.375,0.4,2.659,1.3,1126259642.413,38.99548377385561,-7.8601850574721635,-36551.63681513762
35.89040802229257,32.25392862515558,-0.35990398211743574,-0.2623664159871905,400.0,-1.2108,1.375,0.4,2.659,1.3,1126259642.413,38.99562310966297,-7.8601850574721635,-36311.6440793554
37.857061830876475,30.561659601830122,-0.3017158960299421,-0.26111635502048397,400.0,-1.2108,1.375,0.4,2.659,1.3,1126259642.413,38.9960919736282,-7.8601850574721635,-36282.44745047815
35.65062915337206,31.94292802680145,-0.3040227711016094,-0.44498982551460237,400.0,-1.2108,1.375,0.4,2.659,1.3,1126259642.413,38.996154193159434,-7.8601850574721635,-36393.21136740164
34.64024703817476,33.94642411197286,-0.0357722803627665,-0.5147819938828321,400.0,-1.2108,1.375,0.4,2.659,1.3,1126259642.413,38.99678901365379,-7.8601850574721635,-36364.20427548777
44.67081203986002,36.08837301231544,0.3951681018076736,-0.31566026108524176,400.0,-1.2108,1.375,0.4,2.659,1.3,1126259642.413,38.996960878017774,-7.8601850574721635,-37128.05573140393
42.13225527894981,38.6407898899686,0.28077608887845396,-0.08428856054140978,400.0,-1.2108,1.375,0.4,2.659,1.3,1126259642.413,38.99744473029943,-7.8601850574721635,-37237.23417195307
35.74803541035622,35.16247872381,-0.0516753885354974,-0.21592493579532812,400.0,-1.2108,1.375,0.4,2.659,1.3,1126259642.413,38.99844242645392,-7.8601850574721635,-36614.29084468176
36.65338686342385,31.318976706441738,-0.2053798059740143,-0.5002078167008901,400.0,-1.2108,1.375,0.4,2.659,1.3,1126259642.413,39.002114491233904,-7.8601850574721635,-36378.97512805755
34.08030195917822,32.33467811265194,-0.11876849453750743,-0.763320913884886,400.0,-1.2108,1.375,0.4,2.659,1.3,1126259642.413,39.003433783980945,-7.8601850574721635,-36267.72897139836
36.79120113421472,30.29431630432152,-0.5897449733777779,-0.13833486220399097,400.0,-1.2108,1.375,0.4,2.659,1.3,1126259642.413,39.004593081565616,-7.8601850574721635,-36272.16614733119
36.70828576609389,33.45274063410393,-0.23869545121826097,-0.16781299013077078,400.0,-1.2108,1.375,0.4,2.659,1.3,1126259642.413,39.0069715811508,-7.8601850574721635,-36409.46878428238
39.76043767371565,30.904653094761112,-0.11349047447592997,-0.2205309184096199,400.0,-1.2108,1.375,0.4,2.659,1.3,1126259642.413,39.007456428963806,-7.8601850574721635,-36339.645546262676
43.57011824245688,36.99377148100901,0.5848148358959547,-0.5333981135795146,400.0,-1.2108,1.375,0.4,2.659,1.3,1126259642.413,39.00904362555674,-7.8601850574721635,-37122.538591789715
41.42190822959028,37.93995331782976,0.49733496504192976,-0.4664711068745085,400.0,-1.2108,1.375,0.4,2.659,1.3,1126259642.413,39.01007641485181,-7.8601850574721635,-37060.66794315511
38.09491568439832,30.5360410413251,-0.48013029756683445,-0.014565729432467978,400.0,-1.2108,1.375,0.4,2.659,1.3,1126259642.413,39.01080751588856,-7.8601850574721635,-36247.44589214264
40.24719760314259,39.04125925534548,0.01746778680714116,0.0924485017604357,400.0,-1.2108,1.375,0.4,2.659,1.3,1126259642.413,39.011037544371156,-7.8601850574721635,-37072.2880813694
37.95488740720014,33.62116930816989,-0.2800432981068669,0.10302879507179838,400.0,-1.2108,1.375,0.4,2.659,1.3,1126259642.413,39.01141515738003,-7.8601850574721635,-36586.390503224124
41.69058678487031,30.108185829249265,-0.11459557559534449,-0.08593793914376979,400.0,-1.2108,1.375,0.4,2.659,1.3,1126259642.413,39.01282344882988,-7.8601850574721635,-36514.42136278664
37.23999076263337,31.634785417820584,0.04533241498894183,-0.6654012025270413,400.0,-1.2108,1.375,0.4,2.659,1.3,1126259642.413,39.01292370109067,-7.8601850574721635,-36369.34414593296
37.16046011215358,32.7560201060114,0.2674546066888841,-0.7570404708465117,400.0,-1.2108,1.375,0.4,2.659,1.3,1126259642.413,39.01299418917716,-7.8601850574721635,-36512.97078740649
43.82959612187032,37.43571820120124,0.5814006921365857,-0.4539267676591294,400.0,-1.2108,1.375,0.4,2.659,1.3,1126259642.413,39.01424403913558,-7.8601850574721635,-37076.51328506629
36.56296117038369,32.36525352507387,0.07626563821652382,-0.6527636564753703,400.0,-1.2108,1.375,0.4,2.659,1.3,1126259642.413,39.01658380570687,-7.8601850574721635,-36421.72586184845
35.251250952749196,30.22179642776564,-0.5071644821273154,-0.4575077168557159,400.0,-1.2108,1.375,0.4,2.659,1.3,1126259642.413,39.017394717194776,-7.8601850574721635,-36093.99149515988
38.85093179226654,32.89957121806952,-0.5231660996787852,0.3823778431591803,400.0,-1.2108,1.375,0.4,2.659,1.3,1126259642.413,39.01991004582486,-7.8601850574721635,-36576.82918497098
40.94806908527839,38.950744129247866,0.361126195104548,-0.23253490219773654,400.0,-1.2108,1.375,0.4,2.659,1.3,1126259642.413,39.02121205840479,-7.8601850574721635,-36963.92894002261
44.03947395602076,35.81370312659511,0.2582579351006512,-0.2217238998129315,400.0,-1.2108,1.375,0.4,2.659,1.3,1126259642.413,39.02201203544997,-7.8601850574721635,-36964.35186610654
36.11386862790182,33.884577266345794,-0.2631414099425434,-0.1282437408827305,400.0,-1.2108,1.375,0.4,2.659,1.3,1126259642.413,39.02268992731474,-7.8601850574721635,-36461.46633972312
45.9700398181868,35.43283824586068,0.5055120130746807,-0.4492418045503538,400.0,-1.2108,1.375,0.4,2.659,1.3,1126259642.413,39.02682010144537,-7.8601850574721635,-37121.9990213316
41.5530378082144,38.37266557516101,0.25380901935882666,-0.12460520966328831,400.0,-1.2108,1.375,0.4,2.659,1.3,1126259642.413,39.02765619932536,-7.8601850574721635,-36957.41987243412
41.87690774569626,30.03860462227606,-0.05095569421754528,-0.17943453094055575,400.0,-1.2108,1.375,0.4,2.659,1.3,1126259642.413,39.0277919560041,-7.8601850574721635,-36516.58848897192
35.7031401622,32.501144657387435,-0.7613851598762023,0.1305447970614408,400.0,-1.2108,1.375,0.4,2.659,1.3,1126259642.413,39.02981633020093,-7.8601850574721635,-36298.19783589029
44.87137396246656,35.82193448526977,0.11133918339457742,0.05391403956620561,400.0,-1.2108,1.375,0.4,2.659,1.3,1126259642.413,39.03025340814348,-7.8601850574721635,-37061.2090863612
36.060762415639495,30.368978583863786,-0.18011525894610006,-0.691387699479013,400.0,-1.2108,1.375,0.4,2.659,1.3,1126259642.413,39.03109157433221,-7.8601850574721635,-36099.86852827524
38.1460360510187,32.64101849185138,0.09382981473911596,-0.43561427379496787,400.0,-1.2108,1.375,0.4,2.659,1.3,1126259642.413,39.03362895659096,-7.8601850574721635,-36459.22977985491
41.37027933358325,39.22025962122918,0.5734796343065334,-0.40045495138819154,400.0,-1.2108,1.375,0.4,2.659,1.3,1126259642.413,39.03392444402134,-7.8601850574721635,-37240.0658301062
36.58798038790255,31.711035478089677,-0.50857948975864,-0.11560639755357151,400.0,-1.2108,1.375,0.4,2.659,1.3,1126259642.413,39.037310429569445,-7.8601850574721635,-36281.72812395006
36.20973625607305,30.540733660082395,-0.32309630272575807,-0.48697182960259666,400.0,-1.2108,1.375,0.4,2.659,1.3,1126259642.413,39.03838650540405,-7.8601850574721635,-36303.97769381249
39.991292325531525,30.019109694606236,-0.1454353956935578,-0.28610830124653003,400.0,-1.2108,1.375,0.4,2.659,1.3,1126259642.413,39.038869716695885,-7.8601850574721635,-36446.257559154365
37.61399970768357,32.35298681672761,-0.46570487238025593,0.06886518505648881,400.0,-1.2108,1.375,0.4,2.659,1.3,1126259642.413,39.039017622101774,-7.8601850574721635,-36507.47467282726
40.61063049011527,30.725147138378286,0.08961275028523533,-0.4375153877043565,400.0,-1.2108,1.375,0.4,2.659,1.3,1126259642.413,39.04250308964781,-7.8601850574721635,-36468.79814629062
40.43468647395188,30.868611425463858,0.13934626109146764,-0.4677506993369228,400.0,-1.2108,1.375,0.4,2.659,1.3,1126259642.413,39.04371777674761,-7.8601850574721635,-36477.12681403714
39.66653238697437,32.216095463616455,-0.38704392784588376,0.2836929777124909,400.0,-1.2108,1.375,0.4,2.659,1.3,1126259642.413,39.04373925989471,-7.8601850574721635,-36561.19202474154
38.59324348956897,31.698653694671314,-0.19771613862380444,-0.19395191090657204,400.0,-1.2108,1.375,0.4,2.659,1.3,1126259642.413,39.04559443843198,-7.8601850574721635,-36418.76765187113
36.706096468889136,33.06078810924872,-0.32733588162754934,-0.1039716609480455,400.0,-1.2108,1.375,0.4,2.659,1.3,1126259642.413,39.04564109711359,-7.8601850574721635,-36537.36774915214
40.36093272744526,39.20040911789514,-0.49917187788003414,0.6295194142537988,400.0,-1.2108,1.375,0.4,2.659,1.3,1126259642.413,39.04565924125416,-7.8601850574721635,-37005.843434441864
41.09226593910708,30.189961763925073,-0.04688114149118419,-0.22900592772072456,400.0,-1.2108,1.375,0.4,2.659,1.3,1126259642.413,39.05105579879064,-7.8601850574721635,-36356.742284891094
36.73018179850257,30.99955957347278,-0.5458608940490748,-0.10729652237928392,400.0,-1.2108,1.375,0.4,2.659,1.3,1126259642.413,39.05139345138413,-7.8601850574721635,-36380.68603059968
35.254872214763985,32.05305579430355,-0.6292893772870916,-0.10722651428605198,400.0,-1.2108,1.375,0.4,2.659,1.3,1126259642.413,39.051735436122435,-7.8601850574721635,-36313.94390218505
36.6269259215047,33.84247112994704,0.34632281490742495,-0.7332077135785127,400.0,-1.2108,1.375,0.4,2.659,1.3,1126259642.413,39.05306885305187,-7.8601850574721635,-36404.87563120329
38.18716341296396,31.519424582962884,-0.5382238851859779,0.13704878294885162,400.0,-1.2108,1.375,0.4,2.659,1.3,1126259642.413,39.05316161696858,-7.8601850574721635,-36497.765598905906
39.5265854567383,32.01693485966283,-0.2493380590367868,0.06583620029768161,400.0,-1.2108,1.375,0.4,2.659,1.3,1126259642.413,39.053677053361795,-7.8601850574721635,-36574.03715203467
34.68431684923209,30.95957257804655,-0.784337496553364,-0.16485195408276407,400.0,-1.2108,1.375,0.4,2.659,1.3,1126259642.413,39.05486016655555,-7.8601850574721635,-36315.99280986544
35.543797852005255,34.25897219655675,0.24182718257775038,-0.6894310064454713,400.0,-1.2108,1.375,0.4,2.659,1.3,1126259642.413,39.05525055623829,-7.8601850574721635,-36525.45230399777
38.399622079094875,31.306650840419458,-0.08373611437565216,-0.3782916712291055,400.0,-1.2108,1.375,0.4,2.659,1.3,1126259642.413,39.05548675073594,-7.8601850574721635,-36486.069467802234
37.97256498188875,31.777608669938815,-0.5359146469845051,0.12860203795173095,400.0,-1.2108,1.375,0.4,2.659,1.3,1126259642.413,39.056172407095694,-7.8601850574721635,-36514.76342023781
41.28708685416327,39.464411457188305,0.5084838276675319,-0.32441429697929103,400.0,-1.2108,1.375,0.4,2.659,1.3,1126259642.413,39.05718189622527,-7.8601850574721635,-37241.532964056656
36.97541547616194,34.5742825131477,-0.05412749412967664,-0.1445292940391119,400.0,-1.2108,1.375,0.4,2.659,1.3,1126259642.413,39.05985734529455,-7.8601850574721635,-36599.30735934132
41.35681658885697,38.61412900411739,0.19726781927341375,-0.05800557793930644,400.0,-1.2108,1.375,0.4,2.659,1.3,1126259642.413,39.060001817486295,-7.8601850574721635,-36965.036196674475
35.1381689693884,34.88329558287367,-0.240780179621772,-0.13046252165873873,400.0,-1.2108,1.375,0.4,2.659,1.3,1126259642.413,39.06066210303098,-7.8601850574721635,-36439.600760392794
40.70426631185151,38.794212619781014,-0.06209714551409499,0.18692673917255181,400.0,-1.2108,1.375,0.4,2.659,1.3,1126259642.413,39.06109326336809,-7.8601850574721635,-37017.83097535
33.96461857663817,33.22456566163134,-0.45502562692836446,-0.3031693048590861,400.0,-1.2108,1.375,0.4,2.659,1.3,1126259642.413,39.06271243925482,-7.8601850574721635,-36303.90973884743
33.9678732348459,33.54742061189002,-0.060295093427536306,-0.6878592660957352,400.0,-1.2108,1.375,0.4,2.659,1.3,1126259642.413,39.063855776499736,-7.8601850574721635,-36406.000698321346
33.483403736193665,31.661317638329994,-0.48057951057815373,-0.5943957944988154,400.0,-1.2108,1.375,0.4,2.659,1.3,1126259642.413,39.06458808674138,-7.8601850574721635,-35895.15568137786
37.3730990882993,34.330836553515766,-0.37267319300986357,0.20569219773666006,400.0,-1.2108,1.375,0.4,2.659,1.3,1126259642.413,39.06462359373169,-7.8601850574721635,-36618.342350072315
35.77730771015772,34.704362416636826,-0.1175286683795686,-0.22451505151240184,400.0,-1.2108,1.375,0.4,2.659,1.3,1126259642.413,39.06481713528778,-7.8601850574721635,-36428.58006710501
36.60845418131755,34.31926658359847,-0.09052934636996858,-0.19637604276529658,400.0,-1.2108,1.375,0.4,2.659,1.3,1126259642.413,39.065676540676954,-7.8601850574721635,-36606.97201521676
36.563722719321134,34.87954915174798,-0.6426251840244327,0.4622608026179402,400.0,-1.2108,1.375,0.4,2.659,1.3,1126259642.413,39.069883291703455,-7.8601850574721635,-36599.06375658458
40.54167621691478,39.44391274394516,-0.21302295289962786,0.3823735435145408,400.0,-1.2108,1.375,0.4,2.659,1.3,1126259642.413,39.07099301151075,-7.8601850574721635,-36984.48192486605
33.154367386674345,31.940542521952878,-0.35106057709447414,-0.6767240986573125,400.0,-1.2108,1.375,0.4,2.659,1.3,1126259642.413,39.071175438360115,-7.8601850574721635,-35870.16148334613
35.26046320330582,33.82125437658662,-0.033693939286737654,-0.5104330572973723,400.0,-1.2108,1.375,0.4,2.659,1.3,1126259642.413,39.07134202536652,-7.8601850574721635,-36471.76716141978
36.10534187977932,32.2636780004767,-0.20910023806764383,-0.3867955668601591,400.0,-1.2108,1.375,0.4,2.659,1.3,1126259642.413,39.07401197159784,-7.8601850574721635,-36284.38478554023
41.01433060604336,30.652686954700886,-0.5296787452453667,0.49480810155416033,400.0,-1.2108,1.375,0.4,2.659,1.3,1126259642.413,39.0742788240868,-7.8601850574721635,-36539.505774789795
39.22937534248843,32.04031604603862,-0.3358707212415192,0.1211407206403888,400.0,-1.2108,1.375,0.4,2.659,1.3,1126259642.413,39.075198853170896,-7.8601850574721635,-36579.007629876774
41.168338461738166,30.522512532634956,-0.29158708717264703,0.16610426830024078,400.0,-1.2108,1.375,0.4,2.659,1.3,1126259642.413,39.07786587061211,-7.8601850574721635,-36533.591187589365
44.06512378228284,30.119996197800457,-0.1103687173125125,0.19518289038690093,400.0,-1.2108,1.375,0.4,2.659,1.3,1126259642.413,39.07861126538584,-7.8601850574721635,-36543.90359921875
40.24236797241757,39.83516324568915,-0.15105918490210482,0.3201941645105044,400.0,-1.2108,1.375,0.4,2.659,1.3,1126259642.413,39.08163474981735,-7.8601850574721635,-37018.63734731487
35.424165019303565,34.40090470349504,-0.3549147986558405,-0.052142250224391035,400.0,-1.2108,1.375,0.4,2.659,1.3,1126259642.413,39.08501493951172,-7.8601850574721635,-36518.58641872462
38.56721327406349,31.663181043614912,-0.37085364856633146,0.010791121251898822,400.0,-1.2108,1.375,0.4,2.659,1.3,1126259642.413,39.08899416023117,-7.8601850574721635,-36447.04851255167
34.940292357017114,34.07750718050487,-0.7537229898285426,0.21188682376406073,400.0,-1.2108,1.375,0.4,2.659,1.3,1126259642.413,39.09004283070698,-7.8601850574721635,-36468.376889325875
36.527772127995405,32.602086369783784,0.2025896838694798,-0.7736767844662695,400.0,-1.2108,1.375,0.4,2.659,1.3,1126259642.413,39.09010392070744,-7.8601850574721635,-36455.79880284695
36.15744640971124,31.332893164318357,-0.5303257669212436,-0.1911423128119329,400.0,-1.2108,1.375,0.4,2.659,1.3,1126259642.413,39.09137563627833,-7.8601850574721635,-36336.60252457821
48.04935123905861,32.8822534682149,0.47291093312295857,-0.6368481759776837,400.0,-1.2108,1.375,0.4,2.659,1.3,1126259642.413,39.0926416958948,-7.8601850574721635,-36749.047839210914
39.107963789827316,31.78176673101433,-0.14851929296647504,-0.1709708343198767,400.0,-1.2108,1.375,0.4,2.659,1.3,1126259642.413,39.0943898187974,-7.8601850574721635,-36418.91157205941
38.44988952755641,33.44671774685775,-0.49234779483041186,0.36318304959473524,400.0,-1.2108,1.375,0.4,2.659,1.3,1126259642.413,39.099234092777415,-7.8601850574721635,-36632.806219351965
39.87088845175164,30.097142747705636,-0.36631020129837033,0.013221082411643777,400.0,-1.2108,1.375,0.4,2.659,1.3,1126259642.413,39.10077105662022,-7.8601850574721635,-36445.36299617887
35.6963351063069,35.418550446250215,-0.5505044880399429,0.3203821361430525,400.0,-1.2108,1.375,0.4,2.659,1.3,1126259642.413,39.10103421527434,-7.8601850574721635,-36627.24080001102
36.89237308892708,32.275686448981276,-0.2578373869165187,-0.24532143789357763,400.0,-1.2108,1.375,0.4,2.659,1.3,1126259642.413,39.10114823073667,-7.8601850574721635,-36450.89395394587
37.82590517658855,31.753929618687284,0.06114817754426499,-0.5939949570182097,400.0,-1.2108,1.375,0.4,2.659,1.3,1126259642.413,39.10294515925236,-7.8601850574721635,-36487.47186722423
37.86404419741263,33.83068618778002,-0.13240113034897327,-0.04888290635445611,400.0,-1.2108,1.375,0.4,2.659,1.3,1126259642.413,39.10345335823129,-7.8601850574721635,-36600.600812667755
39.78120063969858,39.5016221662829,-0.36356994030876855,0.47520928759588543,400.0,-1.2108,1.375,0.4,2.659,1.3,1126259642.413,39.103813456279255,-7.8601850574721635,-37072.76100785587
41.211749627107274,30.388193124942443,-0.40448304586985234,0.313767981239941,400.0,-1.2108,1.375,0.4,2.659,1.3,1126259642.413,39.10394082226422,-7.8601850574721635,-36507.97553194439
38.84265449961608,31.69427756124629,0.18733216249314932,-0.6151359633981408,400.0,-1.2108,1.375,0.4,2.659,1.3,1126259642.413,39.10584831446944,-7.8601850574721635,-36351.82929037884
39.44362419694177,31.008435588846563,0.03797400784235136,-0.4738071834173721,400.0,-1.2108,1.375,0.4,2.659,1.3,1126259642.413,39.10831152054914,-7.8601850574721635,-36399.58076330632
33.11700151860253,32.525993961372535,-0.6352134834929707,-0.3627383978180688,400.0,-1.2108,1.375,0.4,2.659,1.3,1126259642.413,39.1091827477589,-7.8601850574721635,-36294.557506726145
39.263003178742295,33.6804142277154,-0.06421455705494558,0.02351286859300991,400.0,-1.2108,1.375,0.4,2.659,1.3,1126259642.413,39.10967576221324,-7.8601850574721635,-36638.083572745934
34.75128590936606,30.595991451650153,-0.39341152333244167,-0.6147755145024482,400.0,-1.2108,1.375,0.4,2.659,1.3,1126259642.413,39.11017390923551,-7.8601850574721635,-36013.53601882279
33.069441613689705,31.788844760917993,-0.5492377866786811,-0.5342504791682008,400.0,-1.2108,1.375,0.4,2.659,1.3,1126259642.413,39.111627683622714,-7.8601850574721635,-35925.34308464681
38.12420803816062,31.19832844805857,-0.5674540855325354,0.14948897694820043,400.0,-1.2108,1.375,0.4,2.659,1.3,1126259642.413,39.11207588113761,-7.8601850574721635,-36426.63270673795
40.00748737410515,31.415018129619128,-0.1461611720601868,-0.07154716948729972,400.0,-1.2108,1.375,0.4,2.659,1.3,1126259642.413,39.11454991920396,-7.8601850574721635,-36562.46657471014
39.967111082365655,31.801427104735264,-0.4884063489169846,0.40611265543274966,400.0,-1.2108,1.375,0.4,2.659,1.3,1126259642.413,39.11519231064644,-7.8601850574721635,-36550.36299691372
37.34526863405712,33.172776642593185,-0.013755189786098312,-0.3660090846459903,400.0,-1.2108,1.375,0.4,2.659,1.3,1126259642.413,39.11577160669036,-7.8601850574721635,-36393.168824094784
35.685232501478275,34.184075448906476,-0.007823315067238074,-0.4054099743233437,400.0,-1.2108,1.375,0.4,2.659,1.3,1126259642.413,39.11594203508132,-7.8601850574721635,-36503.78258026992
34.70007195270773,30.64281212175549,-0.5978145748947616,-0.39554474068856305,400.0,-1.2108,1.375,0.4,2.659,1.3,1126259642.413,39.11627176689796,-7.8601850574721635,-36016.01542642075
36.516745584067394,30.27083911231465,-0.25557198566075295,-0.5628305062104008,400.0,-1.2108,1.375,0.4,2.659,1.3,1126259642.413,39.117759787564715,-7.8601850574721635,-36295.28260547384
37.7186524560417,33.50352491556062,0.3737938626205631,-0.6806002610769871,400.0,-1.2108,1.375,0.4,2.659,1.3,1126259642.413,39.1184171402882,-7.8601850574721635,-36612.71451462956
36.60305898820543,30.741808886350405,-0.5511397506213114,-0.16389698245722523,400.0,-1.2108,1.375,0.4,2.659,1.3,1126259642.413,39.118889098477645,-7.8601850574721635,-36261.270564381965
36.25739775515386,33.62306260981088,-0.48911687008506655,0.05877178886925624,400.0,-1.2108,1.375,0.4,2.659,1.3,1126259642.413,39.11920608286904,-7.8601850574721635,-36509.406156897145
40.546807682036885,39.53897961726055,0.16560323284356798,0.0037642355781363213,400.0,-1.2108,1.375,0.4,2.659,1.3,1126259642.413,39.121279785113956,-7.8601850574721635,-37019.3125415784
37.71240858065459,31.800077705898154,0.07547372558000637,-0.6241341816829328,400.0,-1.2108,1.375,0.4,2.659,1.3,1126259642.413,39.12228828837453,-7.8601850574721635,-36477.167206524005
36.183350349795006,31.359623839835066,-0.15821044138611273,-0.5598472174913289,400.0,-1.2108,1.375,0.4,2.659,1.3,1126259642.413,39.12476904554935,-7.8601850574721635,-36356.80149959812
36.219396543107976,34.19281135734203,0.33963186189837824,-0.7256510540178454,400.0,-1.2108,1.375,0.4,2.659,1.3,1126259642.413,39.12903346267164,-7.8601850574721635,-36397.11458891128
35.11931621503547,32.38477960089623,-0.09252074440152072,-0.6817581153268407,400.0,-1.2108,1.375,0.4,2.659,1.3,1126259642.413,39.13103775612469,-7.8601850574721635,-36385.10720570933
36.545189133850904,33.43579270939751,0.21063783965828187,-0.6686882620644231,400.0,-1.2108,1.375,0.4,2.659,1.3,1126259642.413,39.13188122722736,-7.8601850574721635,-36475.92678804745
38.7264194814861,32.22293768752523,-0.2889623530177924,0.005786563824762864,400.0,-1.2108,1.375,0.4,2.659,1.3,1126259642.413,39.1322272632569,-7.8601850574721635,-36494.30250606492
35.66316106757745,34.5362299138229,-0.08288458844436337,-0.3039425669974116,400.0,-1.2108,1.375,0.4,2.659,1.3,1126259642.413,39.13229707041243,-7.8601850574721635,-36390.29167643983
41.068179749430534,38.617269159744296,0.2391061299441939,-0.13799504991455408,400.0,-1.2108,1.375,0.4,2.659,1.3,1126259642.413,39.13284982064731,-7.8601850574721635,-36977.52945943426
35.84321774282692,34.69628676842218,0.3798553551637627,-0.7391636582500696,400.0,-1.2108,1.375,0.4,2.659,1.3,1126259642.413,39.1330944472653,-7.8601850574721635,-36450.69647045335
35.97220050044584,30.51462612807427,-0.27989461055543824,-0.5694660308519498,400.0,-1.2108,1.375,0.4,2.659,1.3,1126259642.413,39.13386720574509,-7.8601850574721635,-36164.5697256126
34.787298865653746,32.31813293307696,-0.31175623157582316,-0.467949184364455,400.0,-1.2108,1.375,0.4,2.659,1.3,1126259642.413,39.13545538559503,-7.8601850574721635,-36271.19489614194
35.33043323539948,34.92462312161609,-0.2637384315781051,-0.08364090443752448,400.0,-1.2108,1.375,0.4,2.659,1.3,1126259642.413,39.13632646704009,-7.8601850574721635,-36386.97543260254
37.11447313644046,32.026481691399916,-0.22213925041385868,-0.3231211533570627,400.0,-1.2108,1.375,0.4,2.659,1.3,1126259642.413,39.13752335558752,-7.8601850574721635,-36441.66158867252
40.165091165297106,39.88826903092439,-0.15570192317451606,0.32377304394251744,400.0,-1.2108,1.375,0.4,2.659,1.3,1126259642.413,39.13819841626727,-7.8601850574721635,-37010.310607286
35.830623736182666,31.64975291718188,-0.16956994331145692,-0.5588338467320502,400.0,-1.2108,1.375,0.4,2.659,1.3,1126259642.413,39.14070436697156,-7.8601850574721635,-36352.7725466487
40.23159589040008,30.054209216112834,-0.08484371427899665,-0.3681792998177438,400.0,-1.2108,1.375,0.4,2.659,1.3,1126259642.413,39.14226670896818,-7.8601850574721635,-36478.61064092844
37.6305784060859,32.26970976528568,-0.663544166881129,0.2798502406741427,400.0,-1.2108,1.375,0.4,2.659,1.3,1126259642.413,39.14252984589939,-7.8601850574721635,-36522.74241141991
39.41775074609268,30.19292272374804,0.07850878304954223,-0.6663618037482353,400.0,-1.2108,1.375,0.4,2.659,1.3,1126259642.413,39.14527785602899,-7.8601850574721635,-36399.65863179599
43.69609715675491,37.04938778702231,0.5510107637565507,-0.4860492210260511,400.0,-1.2108,1.375,0.4,2.659,1.3,1126259642.413,39.14531156211173,-7.8601850574721635,-37199.951826132674
35.29363224292597,31.74847473241391,-0.24915355055474123,-0.546830637562385,400.0,-1.2108,1.375,0.4,2.659,1.3,1126259642.413,39.14550762288691,-7.8601850574721635,-36267.81039679764
39.30901367043072,32.06665404223309,0.06305399693613008,-0.34892323754611054,400.0,-1.2108,1.375,0.4,2.659,1.3,1126259642.413,39.14654906433105,-7.8601850574721635,-36585.8341877943
41.55200259866693,39.22943843036825,0.4318955455676578,-0.24050979528626384,400.0,-1.2108,1.375,0.4,2.659,1.3,1126259642.413,39.147654525365084,-7.8601850574721635,-37234.756060578016
35.889357071241,34.714903486286524,-0.15087321594055011,-0.16972747217589867,400.0,-1.2108,1.375,0.4,2.659,1.3,1126259642.413,39.147997176731025,-7.8601850574721635,-36484.43225303228
34.661129358324395,30.219097124426362,-0.34676855614064095,-0.7515935389692002,400.0,-1.2108,1.375,0.4,2.659,1.3,1126259642.413,39.149994216333766,-7.8601850574721635,-36003.49887243673
37.751102803005196,31.274663897075786,-0.1708853876768208,-0.35655770902170275,400.0,-1.2108,1.375,0.4,2.659,1.3,1126259642.413,39.15111960596932,-7.8601850574721635,-36387.64928380347
39.768601828465066,32.06300668502045,-0.4887278641273879,0.4035122493701621,400.0,-1.2108,1.375,0.4,2.659,1.3,1126259642.413,39.15651552659949,-7.8601850574721635,-36552.75042944127
35.79098588668038,32.73239968138194,-0.5518844390481576,-0.05472308299544809,400.0,-1.2108,1.375,0.4,2.659,1.3,1126259642.413,39.15794619434114,-7.8601850574721635,-36319.92287661435
40.397360937074765,31.228850156440835,0.08153881129588808,-0.3548406946765834,400.0,-1.2108,1.375,0.4,2.659,1.3,1126259642.413,39.16017168632277,-7.8601850574721635,-36560.67190978545
35.50749171141001,34.305256350541605,0.12333961231596724,-0.5509245084024719,400.0,-1.2108,1.375,0.4,2.659,1.3,1126259642.413,39.160333316099006,-7.8601850574721635,-36522.61494989627
38.67964761983023,31.280037594101465,-0.4045367148207586,0.03552242053357943,400.0,-1.2108,1.375,0.4,2.659,1.3,1126259642.413,39.16314572968592,-7.8601850574721635,-36511.23305341644
43.723222565290385,36.97799205427964,0.5310987083566935,-0.4672717356768529,400.0,-1.2108,1.375,0.4,2.659,1.3,1126259642.413,39.16469356332425,-7.8601850574721635,-37173.11659968663
37.45787471619181,33.48758939386868,-0.20218556090462964,-0.09035945348489186,400.0,-1.2108,1.375,0.4,2.659,1.3,1126259642.413,39.16617962851117,-7.8601850574721635,-36585.63120312459
38.4413267434804,30.764666144072752,-0.03594482984365059,-0.536336342420055,400.0,-1.2108,1.375,0.4,2.659,1.3,1126259642.413,39.16622015140297,-7.8601850574721635,-36391.89129886685
37.929397083170976,31.6174305725101,-0.2609705825185602,-0.18762197421889065,400.0,-1.2108,1.375,0.4,2.659,1.3,1126259642.413,39.167908610161604,-7.8601850574721635,-36473.90285165971
41.108641278290676,39.14064608651593,-0.02422902438605984,0.19894544786099205,400.0,-1.2108,1.375,0.4,2.659,1.3,1126259642.413,39.16791518013319,-7.8601850574721635,-37099.17504900115
37.75405676983541,32.26446117845489,-0.39333372425099566,0.010696695399579181,400.0,-1.2108,1.375,0.4,2.659,1.3,1126259642.413,39.16998969189319,-7.8601850574721635,-36493.98318527479
36.01359921333327,34.525536424636314,0.2550135655673833,-0.6104877845377343,400.0,-1.2108,1.375,0.4,2.659,1.3,1126259642.413,39.17074347575246,-7.8601850574721635,-36447.4425178999
37.11087419619085,33.21696114888086,0.2880270829163699,-0.7237573015136323,400.0,-1.2108,1.375,0.4,2.659,1.3,1126259642.413,39.171499156246576,-7.8601850574721635,-36376.843320096064
37.23610742762726,33.72545686259254,-0.04093621483903429,-0.23902389037389696,400.0,-1.2108,1.375,0.4,2.659,1.3,1126259642.413,39.171718113762275,-7.8601850574721635,-36598.56756227733
37.558464744743574,33.137929420383415,-0.08174683483833063,-0.2416107438603249,400.0,-1.2108,1.375,0.4,2.659,1.3,1126259642.413,39.172132863269844,-7.8601850574721635,-36458.162841613695
36.52765886324,33.255459578710024,-0.4701585834110288,0.046965260842438405,400.0,-1.2108,1.375,0.4,2.659,1.3,1126259642.413,39.17214067014663,-7.8601850574721635,-36536.02402037979
38.47389520338727,32.98156543005557,-0.24718288577789427,0.05776777844678427,400.0,-1.2108,1.375,0.4,2.659,1.3,1126259642.413,39.174678544981774,-7.8601850574721635,-36588.49428931942
35.17594054204684,30.210535079153168,-0.5875006310366829,-0.3981884157572769,400.0,-1.2108,1.375,0.4,2.659,1.3,1126259642.413,39.1761171321106,-7.8601850574721635,-35992.03912940155
34.008925646991685,33.63699657450547,-0.06003616514317908,-0.6672815154225298,400.0,-1.2108,1.375,0.4,2.659,1.3,1126259642.413,39.179952612051856,-7.8601850574721635,-36415.35137250488
33.04866217788801,32.28452587546062,-0.3159388651897378,-0.6782034035129003,400.0,-1.2108,1.375,0.4,2.659,1.3,1126259642.413,39.1805578992487,-7.8601850574721635,-36159.33372423658
37.09915491616239,33.00433937870085,-0.40820166897767296,0.022336897756412705,400.0,-1.2108,1.375,0.4,2.659,1.3,1126259642.413,39.18064793857715,-7.8601850574721635,-36436.51222456176
37.46992167388385,32.92768725954632,0.1422774176657977,-0.5609737159782837,400.0,-1.2108,1.375,0.4,2.659,1.3,1126259642.413,39.18268457193121,-7.8601850574721635,-36368.33973207225
38.783808862341544,31.308859054628734,-0.3580007056650903,-0.00495555711040907,400.0,-1.2108,1.375,0.4,2.659,1.3,1126259642.413,39.18749346755557,-7.8601850574721635,-36499.88255362074
35.01919743259568,32.95740548398455,-0.41283909564286525,-0.27261179893310994,400.0,-1.2108,1.375,0.4,2.659,1.3,1126259642.413,39.1876081028907,-7.8601850574721635,-36350.86543517649
38.15650880166559,33.423413679127265,0.06851872509292621,-0.2978080687383648,400.0,-1.2108,1.375,0.4,2.659,1.3,1126259642.413,39.19101813592255,-7.8601850574721635,-36583.36249935517
38.18415966348678,32.78839464098865,-0.04160289708197189,-0.2587960597162466,400.0,-1.2108,1.375,0.4,2.659,1.3,1126259642.413,39.1971392792087,-7.8601850574721635,-36555.16229298496
38.51961195087734,31.39052910631112,-0.25398453035571256,-0.1472780434748652,400.0,-1.2108,1.375,0.4,2.659,1.3,1126259642.413,39.19717144881926,-7.8601850574721635,-36513.936936321435
38.60060605509723,32.37898239923318,0.3047364692940806,-0.6563099880725412,400.0,-1.2108,1.375,0.4,2.659,1.3,1126259642.413,39.19776311442782,-7.8601850574721635,-36520.67651368602
39.18524993261521,31.124847700450104,-0.21514385979966774,-0.12820856736104239,400.0,-1.2108,1.375,0.4,2.659,1.3,1126259642.413,39.20007507919242,-7.8601850574721635,-36446.716216274595
41.78751704776464,30.756865447803364,-0.03940821232706175,-0.107733573868014,400.0,-1.2108,1.375,0.4,2.659,1.3,1126259642.413,39.20303630817936,-7.8601850574721635,-36573.413028208946
40.97776637840325,38.954384712431555,-0.28192055525948784,0.44182845370390283,400.0,-1.2108,1.375,0.4,2.659,1.3,1126259642.413,39.20537684860099,-7.8601850574721635,-36963.032585790716
40.66475190688387,30.874553234277506,-0.502772367753562,0.44389080692304667,400.0,-1.2108,1.375,0.4,2.659,1.3,1126259642.413,39.20590221184173,-7.8601850574721635,-36540.96462172381
36.48197783059082,30.2649552791969,-0.2549158727242739,-0.5688658793945531,400.0,-1.2108,1.375,0.4,2.659,1.3,1126259642.413,39.20660759046635,-7.8601850574721635,-36281.558403471245
40.859082570069354,39.8061420441468,0.6927324677504213,-0.509889534758466,400.0,-1.2108,1.375,0.4,2.659,1.3,1126259642.413,39.2068616160255,-7.8601850574721635,-37251.27331305832
37.68238645516485,33.11586418473885,0.09558433269638103,-0.44652139606160046,400.0,-1.2108,1.375,0.4,2.659,1.3,1126259642.413,39.20689578729063,-7.8601850574721635,-36506.36499758153
46.283386567487625,34.3019073024325,0.5525412627026064,-0.6774953567184274,400.0,-1.2108,1.375,0.4,2.659,1.3,1126259642.413,39.20947330532981,-7.8601850574721635,-36828.2755320447
38.80961938071674,32.27944599985822,-0.09761784053228541,-0.18489697571246105,400.0,-1.2108,1.375,0.4,2.659,1.3,1126259642.413,39.20953384372945,-7.8601850574721635,-36554.21265386688
36.60331538599498,34.87079554005316,-0.32023142324569215,0.1285509327319634,400.0,-1.2108,1.375,0.4,2.659,1.3,1126259642.413,39.209793940553354,-7.8601850574721635,-36599.48675183977
37.17934125493681,32.78449442811477,-0.4368888143772257,0.018116529943871584,400.0,-1.2108,1.375,0.4,2.659,1.3,1126259642.413,39.2099659077259,-7.8601850574721635,-36496.94851084084
35.17876407130473,31.83750955434464,-0.03499717147770748,-0.7917140742503437,400.0,-1.2108,1.375,0.4,2.659,1.3,1126259642.413,39.21262136424741,-7.8601850574721635,-36270.63743112473
42.51871794079245,38.02402716425044,0.6248653349024383,-0.5256884010521067,400.0,-1.2108,1.375,0.4,2.659,1.3,1126259642.413,39.2150379614375,-7.8601850574721635,-37190.62854195914
33.69820618726372,33.61475168583333,-0.4770233301314965,-0.28781748295430676,400.0,-1.2108,1.375,0.4,2.659,1.3,1126259642.413,39.21569135678678,-7.8601850574721635,-36347.1179243178
37.59461718923719,33.95993556262838,-0.6205971805246076,0.4644778262434664,400.0,-1.2108,1.375,0.4,2.659,1.3,1126259642.413,39.21845292200794,-7.8601850574721635,-36590.71290110141
40.43631782778689,30.985598248567808,-0.32655500232578305,0.1844485088815596,400.0,-1.2108,1.375,0.4,2.659,1.3,1126259642.413,39.219491740355124,-7.8601850574721635,-36529.8279225357
40.086050274817254,30.225584054727154,-0.2121732482099148,-0.13792192342579387,400.0,-1.2108,1.375,0.4,2.659,1.3,1126259642.413,39.222187183698765,-7.8601850574721635,-36477.96626431095
38.14004641463449,30.76509892092138,-0.26139303848324386,-0.25566319353222666,400.0,-1.2108,1.375,0.4,2.659,1.3,1126259642.413,39.22571696351844,-7.8601850574721635,-36314.47334156773
39.26409077971695,31.502328210860547,-0.014315871525572753,-0.32331592437450635,400.0,-1.2108,1.375,0.4,2.659,1.3,1126259642.413,39.2270460542595,-7.8601850574721635,-36352.90009024672
44.00988777446282,30.1802673489123,-0.4582726527427846,0.7548212188303423,400.0,-1.2108,1.375,0.4,2.659,1.3,1126259642.413,39.2272384598072,-7.8601850574721635,-36547.93537798631
40.224275962948624,30.939401638072514,-0.19211020064852144,-0.06227335056014907,400.0,-1.2108,1.375,0.4,2.659,1.3,1126259642.413,39.228099912000076,-7.8601850574721635,-36427.62536775651
37.28786114559004,33.280939357837376,-0.26428024162754993,-0.09052975911677162,400.0,-1.2108,1.375,0.4,2.659,1.3,1126259642.413,39.22990774865139,-7.8601850574721635,-36413.23383612916
37.54651003288142,33.337089400839965,-0.3771533514276014,0.0836668192995646,400.0,-1.2108,1.375,0.4,2.659,1.3,1126259642.413,39.23023727588638,-7.8601850574721635,-36553.78892422897
40.48457787177508,30.607102185825728,0.15981164287379984,-0.5674527940092744,400.0,-1.2108,1.375,0.4,2.659,1.3,1126259642.413,39.23119526144084,-7.8601850574721635,-36352.12504857708
37.098273780733074,33.512345394629584,0.28096387030381703,-0.6572605653853905,400.0,-1.2108,1.375,0.4,2.659,1.3,1126259642.413,39.23125801963565,-7.8601850574721635,-36444.897716266314
41.861602874085676,38.625535947798966,0.10284527827714712,0.07428912549464312,400.0,-1.2108,1.375,0.4,2.659,1.3,1126259642.413,39.231348695759145,-7.8601850574721635,-37199.75303618969
32.86727848298649,32.63864961798222,-0.5844709143728455,-0.4091836232047402,400.0,-1.2108,1.375,0.4,2.659,1.3,1126259642.413,39.23142750622165,-7.8601850574721635,-36318.29185254508
36.41920582839479,31.56994967778732,-0.21338261772156764,-0.4883493386988901,400.0,-1.2108,1.375,0.4,2.659,1.3,1126259642.413,39.23226775924592,-7.8601850574721635,-36369.84893100588
37.7126180660824,31.682710767053138,-0.24551255262934243,-0.2597829873649698,400.0,-1.2108,1.375,0.4,2.659,1.3,1126259642.413,39.232339576889,-7.8601850574721635,-36454.05076724978
38.95911643193873,32.21275029759321,0.32834786032440383,-0.6902661145061378,400.0,-1.2108,1.375,0.4,2.659,1.3,1126259642.413,39.233785310147226,-7.8601850574721635,-36569.96651496505
35.81050116046177,34.17025083990315,-0.374973484551171,-0.029542025736660343,400.0,-1.2108,1.375,0.4,2.659,1.3,1126259642.413,39.23418902729057,-7.8601850574721635,-36464.28671179506
39.049828083460255,30.831712566958984,-0.37217365473205266,-0.00028962272520685617,400.0,-1.2108,1.375,0.4,2.659,1.3,1126259642.413,39.23478998073637,-7.8601850574721635,-36485.087953017064
35.37241909379328,33.644342076738084,-0.4956905002221285,-0.04665305378718152,400.0,-1.2108,1.375,0.4,2.659,1.3,1126259642.413,39.23683920411504,-7.8601850574721635,-36464.29129861188
38.58915253401294,30.4878100396143,-0.6711574219581543,0.2469319095181268,400.0,-1.2108,1.375,0.4,2.659,1.3,1126259642.413,39.236878338509754,-7.8601850574721635,-36334.59752014299
35.56381352054382,32.60244084393064,-0.08517908312320428,-0.5981847914240073,400.0,-1.2108,1.375,0.4,2.659,1.3,1126259642.413,39.23694227019871,-7.8601850574721635,-36303.752157893956
33.4481668490581,31.776866182376175,-0.48238014867779366,-0.5629543135915442,400.0,-1.2108,1.375,0.4,2.659,1.3,1126259642.413,39.2386183518128,-7.8601850574721635,-35979.63103942526
41.53119607715517,38.57652910561615,0.16407645328047804,-0.0123745972516561,400.0,-1.2108,1.375,0.4,2.659,1.3,1126259642.413,39.238953111754036,-7.8601850574721635,-37005.79522086484
37.24805545036162,33.26762425960565,-0.3463953820244551,0.014838054454660105,400.0,-1.2108,1.375,0.4,2.659,1.3,1126259642.413,39.23917575242088,-7.8601850574721635,-36396.57919501568
33.18390864475945,32.250620868730046,-0.6498500582903963,-0.36459353442442777,400.0,-1.2108,1.375,0.4,2.659,1.3,1126259642.413,39.23927727278356,-7.8601850574721635,-36274.48958855838
37.40281597786969,32.00747851136489,-0.3753896782594762,-0.11609727491567334,400.0,-1.2108,1.375,0.4,2.659,1.3,1126259642.413,39.23962227061406,-7.8601850574721635,-36470.856768349615
35.86741759273653,35.74350271050432,0.2149953289209111,-0.3919684575203887,400.0,-1.2108,1.375,0.4,2.659,1.3,1126259642.413,39.23967740726398,-7.8601850574721635,-36616.590735845704
37.119975218712774,33.56258240062085,0.31738127022770185,-0.68707261507991,400.0,-1.2108,1.375,0.4,2.659,1.3,1126259642.413,39.24126065714473,-7.8601850574721635,-36477.85845532842
35.7304867356196,34.3636562950055,-0.026166390715372037,-0.3773639251846402,400.0,-1.2108,1.375,0.4,2.659,1.3,1126259642.413,39.24265849243436,-7.8601850574721635,-36418.44781751081
38.211696021475944,31.387417154304185,-0.12512101670904907,-0.3738656191808559,400.0,-1.2108,1.375,0.4,2.659,1.3,1126259642.413,39.245257832000796,-7.8601850574721635,-36470.557606840026
34.459000427664755,30.867617343936278,-0.5784564074705287,-0.43345829167234595,400.0,-1.2108,1.375,0.4,2.659,1.3,1126259642.413,39.245380321739965,-7.8601850574721635,-36030.006536206376
36.75197531184013,34.59331934221292,-0.6134510928515737,0.40613403355088956,400.0,-1.2108,1.375,0.4,2.659,1.3,1126259642.413,39.245838799871194,-7.8601850574721635,-36604.97028009274
33.5780353462519,31.426996535970055,-0.3789375688177856,-0.721530888703687,400.0,-1.2108,1.375,0.4,2.659,1.3,1126259642.413,39.24622997789446,-7.8601850574721635,-35841.48015515568
36.48750223930217,33.30828002681637,-0.6507219231462363,0.22292149595948793,400.0,-1.2108,1.375,0.4,2.659,1.3,1126259642.413,39.24731298954155,-7.8601850574721635,-36533.43307044881
36.91644388360906,32.714220267118776,-0.5576865666088903,0.12604891499925522,400.0,-1.2108,1.375,0.4,2.659,1.3,1126259642.413,39.247429491299016,-7.8601850574721635,-36531.724096123806
35.73970380403234,31.618313586899255,-0.3583122825951593,-0.4153751073362923,400.0,-1.2108,1.375,0.4,2.659,1.3,1126259642.413,39.24951423604011,-7.8601850574721635,-36310.35704313212
36.619628616718686,33.14186982732421,0.14432853799660658,-0.6231283560196901,400.0,-1.2108,1.375,0.4,2.659,1.3,1126259642.413,39.251998887780445,-7.8601850574721635,-36537.80995486223
37.94441565606367,30.485909980339372,-0.18407637348622527,-0.45988235758262674,400.0,-1.2108,1.375,0.4,2.659,1.3,1126259642.413,39.252208511202305,-7.8601850574721635,-36281.58797893892
33.871182317540594,31.74101991600053,-0.7965833780744696,-0.17413228422365748,400.0,-1.2108,1.375,0.4,2.659,1.3,1126259642.413,39.25570294848252,-7.8601850574721635,-36311.826430316076
36.19965842560762,35.011440566704344,0.5202495804909282,-0.7838829879389848,400.0,-1.2108,1.375,0.4,2.659,1.3,1126259642.413,39.25611600958794,-7.8601850574721635,-36620.353389240176
40.35651858272214,39.10441191351448,-0.06710283274100169,0.18944090068852532,400.0,-1.2108,1.375,0.4,2.659,1.3,1126259642.413,39.25636695054362,-7.8601850574721635,-37024.334485311505
34.758779967242184,32.95697991328415,-0.49057322130276093,-0.1892061344535734,400.0,-1.2108,1.375,0.4,2.659,1.3,1126259642.413,39.25653805968594,-7.8601850574721635,-36409.24094078758
38.5517205129418,32.53236932429789,0.29506450347792706,-0.6346362532474078,400.0,-1.2108,1.375,0.4,2.659,1.3,1126259642.413,39.25936760442109,-7.8601850574721635,-36570.267681399935
38.15059651787719,33.3409741589055,-0.18522557775890178,-0.011393729884717513,400.0,-1.2108,1.375,0.4,2.659,1.3,1126259642.413,39.259662471215435,-7.8601850574721635,-36584.94082656622
41.74494582110362,37.95646476183671,0.2844498279544242,-0.20042214001356162,400.0,-1.2108,1.375,0.4,2.659,1.3,1126259642.413,39.260309977488404,-7.8601850574721635,-36973.34275583313
39.16339802665787,30.07455100625085,-0.2697052819173487,-0.21347096032842222,400.0,-1.2108,1.375,0.4,2.659,1.3,1126259642.413,39.26039910820059,-7.8601850574721635,-36340.42511823322
35.87590467307729,31.354985740327198,-0.42815388395750115,-0.3260472122195532,400.0,-1.2108,1.375,0.4,2.659,1.3,1126259642.413,39.26065290685324,-7.8601850574721635,-36263.72396555139
40.95857260397058,38.56209837579461,0.3224159223166864,-0.2337775358739579,400.0,-1.2108,1.375,0.4,2.659,1.3,1126259642.413,39.26067182329123,-7.8601850574721635,-37013.51419844402
36.248045293038864,35.00107781566033,-0.6889597618756913,0.4735001126037376,400.0,-1.2108,1.375,0.4,2.659,1.3,1126259642.413,39.26189136879717,-7.8601850574721635,-36613.35936067404
40.24900902700083,31.03439203422699,-0.24750642097891423,0.06095436586202391,400.0,-1.2108,1.375,0.4,2.659,1.3,1126259642.413,39.266563979241724,-7.8601850574721635,-36491.43163882236
41.32632281556923,39.17823862946861,0.5073070383139857,-0.33885910339483405,400.0,-1.2108,1.375,0.4,2.659,1.3,1126259642.413,39.26710097256477,-7.8601850574721635,-37214.38728398185
38.343724311057606,33.546496263192104,-0.7611355093871934,0.6517249771738454,400.0,-1.2108,1.375,0.4,2.659,1.3,1126259642.413,39.268153738820956,-7.8601850574721635,-36636.21273226878
36.305401872129785,33.168950927296386,-0.6634837644817662,0.19289801793349884,400.0,-1.2108,1.375,0.4,2.659,1.3,1126259642.413,39.26829725127363,-7.8601850574721635,-36521.58712653132
39.11982151089766,30.091788358900367,-0.5009443116584074,0.08969506952184664,400.0,-1.2108,1.375,0.4,2.659,1.3,1126259642.413,39.26988519217178,-7.8601850574721635,-36336.44310081618
34.55965661509131,33.076695427165305,-0.5731359918889747,-0.1217091682840429,400.0,-1.2108,1.375,0.4,2.659,1.3,1126259642.413,39.27045262719996,-7.8601850574721635,-36413.84330270146
35.904100806346655,35.26766084912518,0.15447279496165822,-0.3922184126839291,400.0,-1.2108,1.375,0.4,2.659,1.3,1126259642.413,39.27109020803203,-7.8601850574721635,-36623.43167017466
41.78374158052746,30.16109575212502,-0.05063931894762962,-0.1839367311982411,400.0,-1.2108,1.375,0.4,2.659,1.3,1126259642.413,39.273072250261066,-7.8601850574721635,-36518.75108223742
38.244608551651645,32.01775247690571,0.30036176470460935,-0.7898458852556125,400.0,-1.2108,1.375,0.4,2.659,1.3,1126259642.413,39.27313022009588,-7.8601850574721635,-36414.97550613556
37.188372856472846,33.91057460569656,0.2841561511214451,-0.583441075255241,400.0,-1.2108,1.375,0.4,2.659,1.3,1126259642.413,39.275231722953635,-7.8601850574721635,-36620.62410716828
39.82435344181272,31.720527085907854,-0.43616777817675906,0.32820281743007645,400.0,-1.2108,1.375,0.4,2.659,1.3,1126259642.413,39.27703263331997,-7.8601850574721635,-36574.02620817358
38.26474265583157,31.094863297846143,-0.36399732261244,-0.1135019646419543,400.0,-1.2108,1.375,0.4,2.659,1.3,1126259642.413,39.27708961504283,-7.8601850574721635,-36425.68319108509
35.60357457062398,34.46911655129197,0.19726355746044966,-0.585315646887845,400.0,-1.2108,1.375,0.4,2.659,1.3,1126259642.413,39.27768067388363,-7.8601850574721635,-36424.52488560773
36.030839451148076,33.38487716499304,-0.7941147274398234,0.3140540809494792,400.0,-1.2108,1.375,0.4,2.659,1.3,1126259642.413,39.27788496841272,-7.8601850574721635,-36516.02694440688
33.94159534107763,30.75408855093687,-0.3583495884922754,-0.7754145883866828,400.0,-1.2108,1.375,0.4,2.659,1.3,1126259642.413,39.28005794825006,-7.8601850574721635,-36100.08923286049
45.335459387090424,35.19456507551381,0.5431683767983047,-0.5867986367421543,400.0,-1.2108,1.375,0.4,2.659,1.3,1126259642.413,39.281455861089796,-7.8601850574721635,-36897.29556634742
36.529095674735245,32.405953617996865,-0.5178559279075735,0.013960092938280155,400.0,-1.2108,1.375,0.4,2.659,1.3,1126259642.413,39.28214946961691,-7.8601850574721635,-36424.41119833547
38.32388943940855,30.61190637331421,-0.4506439130686921,-0.011707521107073043,400.0,-1.2108,1.375,0.4,2.659,1.3,1126259642.413,39.282776655707416,-7.8601850574721635,-36309.37246877869
33.73002333914873,33.53264400418319,-0.5874640459997462,-0.17568240668728016,400.0,-1.2108,1.375,0.4,2.659,1.3,1126259642.413,39.28332646091134,-7.8601850574721635,-36330.818973969435
39.95602930359323,31.417128178140782,-0.45076130814526716,0.331570225686337,400.0,-1.2108,1.375,0.4,2.659,1.3,1126259642.413,39.28344844582446,-7.8601850574721635,-36556.119374570946
42.603006371989274,37.56995255923453,-0.02776927595726833,0.17278626457981747,400.0,-1.2108,1.375,0.4,2.659,1.3,1126259642.413,39.28613315792602,-7.8601850574721635,-36983.00571954594
37.647615873550905,32.999950236427914,-0.5186530013508163,0.20980437476039346,400.0,-1.2108,1.375,0.4,2.659,1.3,1126259642.413,39.28906884200974,-7.8601850574721635,-36425.16502980083
35.2700059078061,32.595655672477164,0.023144428398609612,-0.7111979430463617,400.0,-1.2108,1.375,0.4,2.659,1.3,1126259642.413,39.28909652073125,-7.8601850574721635,-36385.29092631029
32.968026932537974,32.57615188098982,-0.3469125869357397,-0.6165000603997306,400.0,-1.2108,1.375,0.4,2.659,1.3,1126259642.413,39.29105061384646,-7.8601850574721635,-36326.85683272702
39.08519482476253,30.619515133159727,-0.48020676972825166,0.10866138712313655,400.0,-1.2108,1.375,0.4,2.659,1.3,1126259642.413,39.29453275305302,-7.8601850574721635,-36439.089677996635
41.353581258853005,38.33670943983363,0.033960750448076296,0.090436345350463,400.0,-1.2108,1.375,0.4,2.659,1.3,1126259642.413,39.29516045972656,-7.8601850574721635,-36974.63447109265
40.31566850269773,30.017684469206642,-0.2831056561505616,-0.07717927431633367,400.0,-1.2108,1.375,0.4,2.659,1.3,1126259642.413,39.29584264105465,-7.8601850574721635,-36475.20854325743
35.15289663266531,33.73789305910911,0.1525695264196557,-0.7000270283524226,400.0,-1.2108,1.375,0.4,2.659,1.3,1126259642.413,39.29708652182961,-7.8601850574721635,-36449.887084541566
33.03438202656053,31.952493210211692,-0.5085217570918713,-0.565124448329465,400.0,-1.2108,1.375,0.4,2.659,1.3,1126259642.413,39.29920788019531,-7.8601850574721635,-35842.95837931051
39.688601094596905,31.784734904158924,-0.024266335174532073,-0.22757810861965055,400.0,-1.2108,1.375,0.4,2.659,1.3,1126259642.413,39.2994186167641,-7.8601850574721635,-36577.846900642566
39.041107863423086,32.125514397624585,0.2992145519352011,-0.6447581327671126,400.0,-1.2108,1.375,0.4,2.659,1.3,1126259642.413,39.30041769895352,-7.8601850574721635,-36563.04801556321
40.550423300346445,30.09916261747941,0.04491397207925997,-0.47372298471999585,400.0,-1.2108,1.375,0.4,2.659,1.3,1126259642.413,39.30096208301085,-7.8601850574721635,-36391.22085766064
38.20629258735317,33.68248581450297,-0.477609899494711,0.34437323846993445,400.0,-1.2108,1.375,0.4,2.659,1.3,1126259642.413,39.30294507098009,-7.8601850574721635,-36641.98027806176
38.228386662472076,32.62801621234918,-0.1290091640472959,-0.18210504666894792,400.0,-1.2108,1.375,0.4,2.659,1.3,1126259642.413,39.30321962522157,-7.8601850574721635,-36493.1650356671
38.518071639500334,30.922842371765665,-0.5321791779417935,0.11735561689090715,400.0,-1.2108,1.375,0.4,2.659,1.3,1126259642.413,39.30522512340079,-7.8601850574721635,-36425.73222018573
33.801388479578186,32.961737811778335,-0.3442882810466407,-0.45918183055099726,400.0,-1.2108,1.375,0.4,2.659,1.3,1126259642.413,39.306353092493346,-7.8601850574721635,-36311.20105393378
40.2741193956443,39.65448178696979,-0.06550803601943518,0.23143064321145582,400.0,-1.2108,1.375,0.4,2.659,1.3,1126259642.413,39.308998129460555,-7.8601850574721635,-36969.45026781706
33.70449423661737,31.96483578330571,-0.5689143320741323,-0.4239018660230287,400.0,-1.2108,1.375,0.4,2.659,1.3,1126259642.413,39.309046826256555,-7.8601850574721635,-36288.70165861167
37.86543484195351,33.61633803677513,-0.09936314767485228,-0.1252931828132298,400.0,-1.2108,1.375,0.4,2.659,1.3,1126259642.413,39.30940945168281,-7.8601850574721635,-36587.7678390217
35.81059209793765,32.444374835340334,-0.5430831872973212,-0.0928316159613202,400.0,-1.2108,1.375,0.4,2.659,1.3,1126259642.413,39.30977942004878,-7.8601850574721635,-36286.111421685586
38.391244603624315,31.19545345682762,-0.4910576202601318,0.0803159168765058,400.0,-1.2108,1.375,0.4,2.659,1.3,1126259642.413,39.31324983946962,-7.8601850574721635,-36456.49166488572
35.224443331232344,31.692204896193484,-0.2605853034029777,-0.5478730226586339,400.0,-1.2108,1.375,0.4,2.659,1.3,1126259642.413,39.313356398184155,-7.8601850574721635,-36284.99753475688
41.32228941485522,39.26232194459499,0.5469849057260197,-0.376822626245952,400.0,-1.2108,1.375,0.4,2.659,1.3,1126259642.413,39.32031937451277,-7.8601850574721635,-37240.32424915489
37.05777159911469,32.69031880735263,-0.31187543555943364,-0.1489006540032575,400.0,-1.2108,1.375,0.4,2.659,1.3,1126259642.413,39.320569416968794,-7.8601850574721635,-36537.198141896544
39.1151985862529,30.28046272273692,-0.27605501843911107,-0.18258105481930986,400.0,-1.2108,1.375,0.4,2.659,1.3,1126259642.413,39.320988270650815,-7.8601850574721635,-36385.79961683176
35.19453259410632,32.73502543224577,-0.13853378609053685,-0.5709116760093789,400.0,-1.2108,1.375,0.4,2.659,1.3,1126259642.413,39.32333961574077,-7.8601850574721635,-36368.5257670754
34.87018253069718,32.38633183232182,-0.24085949268675044,-0.5095781753462938,400.0,-1.2108,1.375,0.4,2.659,1.3,1126259642.413,39.323869805477386,-7.8601850574721635,-36308.76438238046
36.81386396198856,32.82037936554011,-0.07497108375815222,-0.42103345237819356,400.0,-1.2108,1.375,0.4,2.659,1.3,1126259642.413,39.32410017236118,-7.8601850574721635,-36534.287653481144
38.19927885006641,30.08472828348343,-0.16362676351177785,-0.5059390481824956,400.0,-1.2108,1.375,0.4,2.659,1.3,1126259642.413,39.32580211009598,-7.8601850574721635,-36340.305353915406
36.52233288037172,33.10870999378752,0.15039404277537544,-0.6497186455727479,400.0,-1.2108,1.375,0.4,2.659,1.3,1126259642.413,39.32655604899099,-7.8601850574721635,-36539.25663390442
37.69591402547018,31.948802197217024,0.08951182498053623,-0.6012049763901448,400.0,-1.2108,1.375,0.4,2.659,1.3,1126259642.413,39.32674056115809,-7.8601850574721635,-36508.36215983392
40.04795271278761,39.92841228284716,-0.3561329673841406,0.5275645996696872,400.0,-1.2108,1.375,0.4,2.659,1.3,1126259642.413,39.32749471356151,-7.8601850574721635,-36984.139591457126
33.69780528826149,33.46341503912612,-0.43543303766858554,-0.32617533543415045,400.0,-1.2108,1.375,0.4,2.659,1.3,1126259642.413,39.3294642957146,-7.8601850574721635,-36297.69753364973
37.25327283320431,30.98632407103144,-0.5715595873441728,-0.02384528240057046,400.0,-1.2108,1.375,0.4,2.659,1.3,1126259642.413,39.33019516741241,-7.8601850574721635,-36316.51401889543
38.27655508769886,32.74789750764542,-0.23564311540828864,-0.05412998880425951,400.0,-1.2108,1.375,0.4,2.659,1.3,1126259642.413,39.33061453125238,-7.8601850574721635,-36568.35657403392
36.20982166948197,33.23218861525891,0.07799033710080688,-0.5703446289808296,400.0,-1.2108,1.375,0.4,2.659,1.3,1126259642.413,39.33080289383789,-7.8601850574721635,-36517.35975998634
34.09136727269028,30.739759104558583,-0.3259591318100666,-0.7972544574327409,400.0,-1.2108,1.375,0.4,2.659,1.3,1126259642.413,39.33412601895501,-7.8601850574721635,-35999.09942144261
38.64713618773509,30.820911619942574,-0.5173978100750524,0.11290762661965115,400.0,-1.2108,1.375,0.4,2.659,1.3,1126259642.413,39.33433984316208,-7.8601850574721635,-36423.62111956906
39.122756402955474,31.94324257638975,0.3019906403041413,-0.6840955310759989,400.0,-1.2108,1.375,0.4,2.659,1.3,1126259642.413,39.336881042718545,-7.8601850574721635,-36511.45062595232
34.827024855284265,34.49023823154725,0.052063535892619,-0.5496306979673709,400.0,-1.2108,1.375,0.4,2.659,1.3,1126259642.413,39.338083061101784,-7.8601850574721635,-36510.4314876497
33.416467948547364,31.55329500883771,-0.5025930830770142,-0.5821022060422245,400.0,-1.2108,1.375,0.4,2.659,1.3,1126259642.413,39.338886310339575,-7.8601850574721635,-35849.170300512254
37.04776200198491,33.842109720898634,-0.0035835213585436246,-0.3012110217154974,400.0,-1.2108,1.375,0.4,2.659,1.3,1126259642.413,39.339393084327,-7.8601850574721635,-36584.00494869458
37.479695751953926,30.561622583442954,-0.7256675093863887,0.1496344818889041,400.0,-1.2108,1.375,0.4,2.659,1.3,1126259642.413,39.340531568928014,-7.8601850574721635,-36376.52910455233
37.94384114538395,30.037802107291476,-0.37697490188602745,-0.27450510430451996,400.0,-1.2108,1.375,0.4,2.659,1.3,1126259642.413,39.3411175402424,-7.8601850574721635,-36365.689124496996
37.351525534921315,33.702688897986796,0.06958368097334822,-0.35124250476311997,400.0,-1.2108,1.375,0.4,2.659,1.3,1126259642.413,39.34114734137213,-7.8601850574721635,-36614.34245677407
40.19958059318543,31.382898329140048,-0.7588564820791226,0.7629673488996747,400.0,-1.2108,1.375,0.4,2.659,1.3,1126259642.413,39.34154588546339,-7.8601850574721635,-36565.6809801635
33.90134064287585,32.780796074596914,-0.25752514949374417,-0.5603803488588941,400.0,-1.2108,1.375,0.4,2.659,1.3,1126259642.413,39.34257649167668,-7.8601850574721635,-36328.95735710615
39.374931445614656,32.1303480777705,-0.17567711571244496,-0.0310287142030628,400.0,-1.2108,1.375,0.4,2.659,1.3,1126259642.413,39.34278311995397,-7.8601850574721635,-36578.572751538646
40.018337869829885,31.33773622661202,-0.3022122110636859,0.14697334307361773,400.0,-1.2108,1.375,0.4,2.659,1.3,1126259642.413,39.34353120259676,-7.8601850574721635,-36547.14440989161
35.865518728800566,33.5475607242041,-0.6826634705992023,0.2111527237330914,400.0,-1.2108,1.375,0.4,2.659,1.3,1126259642.413,39.3469318934585,-7.8601850574721635,-36519.03100493747
34.568542255820084,30.332016034965626,-0.4420877676361499,-0.646783698362792,400.0,-1.2108,1.375,0.4,2.659,1.3,1126259642.413,39.347673447249846,-7.8601850574721635,-35976.12761635741
39.97759581335247,31.490803684414157,0.2585876916447016,-0.5973751280484528,400.0,-1.2108,1.375,0.4,2.659,1.3,1126259642.413,39.34850118766806,-7.8601850574721635,-36569.27295048544
34.02820030499637,33.10527380092663,-0.2809184971127633,-0.4897199534520221,400.0,-1.2108,1.375,0.4,2.659,1.3,1126259642.413,39.348870103934736,-7.8601850574721635,-36289.724999383456
40.173157729273186,30.070065468224023,-0.27430932163725674,-0.09341056140803983,400.0,-1.2108,1.375,0.4,2.659,1.3,1126259642.413,39.35189449064911,-7.8601850574721635,-36477.05850462261
36.978267446415416,33.81531265512951,0.4584515467842508,-0.7855979455932269,400.0,-1.2108,1.375,0.4,2.659,1.3,1126259642.413,39.35199393328666,-7.8601850574721635,-36543.93057992514
39.11039001707477,32.03385580504634,0.032994107492085534,-0.33183570222620973,400.0,-1.2108,1.375,0.4,2.659,1.3,1126259642.413,39.35240878381309,-7.8601850574721635,-36550.48131589759
37.25303346867752,32.74938043532402,-0.18618922796626294,-0.22243836753213134,400.0,-1.2108,1.375,0.4,2.659,1.3,1126259642.413,39.35428843729869,-7.8601850574721635,-36485.15375105514
36.259570582681086,35.256575622643204,0.3243404559147084,-0.5286076090467217,400.0,-1.2108,1.375,0.4,2.659,1.3,1126259642.413,39.35436575843693,-7.8601850574721635,-36603.02350843322
39.083289775517734,30.243601469062668,-0.08472819310317098,-0.4404390951164881,400.0,-1.2108,1.375,0.4,2.659,1.3,1126259642.413,39.354691057652815,-7.8601850574721635,-36374.781614014195
41.22392644588244,30.25025455320432,-0.20441537552462488,0.01446073143315274,400.0,-1.2108,1.375,0.4,2.659,1.3,1126259642.413,39.35542318311548,-7.8601850574721635,-36447.67812272632
39.30948703322109,32.03715584055796,0.16338824057460014,-0.4576637638773924,400.0,-1.2108,1.375,0.4,2.659,1.3,1126259642.413,39.3564728083623,-7.8601850574721635,-36584.944888154285
37.32177713500797,30.88474159994204,-0.5560933646225383,-0.0425229386568817,400.0,-1.2108,1.375,0.4,2.659,1.3,1126259642.413,39.35804787799883,-7.8601850574721635,-36330.67732014051
34.16582368076275,30.84337254433424,-0.36774389943770824,-0.7307813554319106,400.0,-1.2108,1.375,0.4,2.659,1.3,1126259642.413,39.35923905866146,-7.8601850574721635,-35848.9539362603
36.226206177175115,33.40442755795875,-0.5529546977187033,0.10030593407603855,400.0,-1.2108,1.375,0.4,2.659,1.3,1126259642.413,39.359976327637256,-7.8601850574721635,-36545.47388691474
35.33636591513281,31.73984489756873,-0.14567235653252808,-0.6634773039253574,400.0,-1.2108,1.375,0.4,2.659,1.3,1126259642.413,39.361501868414045,-7.8601850574721635,-36264.72900803009
34.08856332691688,30.559170056002664,-0.4076682904983419,-0.7169936070244993,400.0,-1.2108,1.375,0.4,2.659,1.3,1126259642.413,39.36184308535898,-7.8601850574721635,-36118.8454235152
38.95184324908658,32.95833811747822,-0.5051330185219112,0.38701905884635124,400.0,-1.2108,1.375,0.4,2.659,1.3,1126259642.413,39.36385989277085,-7.8601850574721635,-36605.34481223119
37.20830217633451,30.554859971206888,-0.0923569350951659,-0.6573986614842199,400.0,-1.2108,1.375,0.4,2.659,1.3,1126259642.413,39.36406569882773,-7.8601850574721635,-36361.40287664127
37.72031714321535,33.429115020782774,-0.15899629912597518,-0.06722109408498794,400.0,-1.2108,1.375,0.4,2.659,1.3,1126259642.413,39.36428167313719,-7.8601850574721635,-36614.61794782673
32.953365727107624,32.40336019786965,-0.3887358814414596,-0.6082434102858749,400.0,-1.2108,1.375,0.4,2.659,1.3,1126259642.413,39.36547280041491,-7.8601850574721635,-36189.59067077708
40.098736070850435,30.256741555769402,-0.31660463956941354,-0.01803715887038715,400.0,-1.2108,1.375,0.4,2.659,1.3,1126259642.413,39.36637830195437,-7.8601850574721635,-36471.320776773646
36.087755910697496,32.911859394004914,0.0009389566588291209,-0.550055201743896,400.0,-1.2108,1.375,0.4,2.659,1.3,1126259642.413,39.367443375310735,-7.8601850574721635,-36450.527170286994
39.38336886582706,33.48942229535902,-0.1032146680460857,0.0684934738524609,400.0,-1.2108,1.375,0.4,2.659,1.3,1126259642.413,39.36773831080974,-7.8601850574721635,-36639.742964752804
36.444140548862705,33.35421361395072,0.09823272847805668,-0.5594601792325828,400.0,-1.2108,1.375,0.4,2.659,1.3,1126259642.413,39.369099573018644,-7.8601850574721635,-36532.67499112433
38.87042208555977,31.02969512707251,0.15060077900870655,-0.668510632847056,400.0,-1.2108,1.375,0.4,2.659,1.3,1126259642.413,39.36914694144731,-7.8601850574721635,-36497.80777990203
35.36636458953511,32.52332941536981,-0.7846875414690092,0.12354781572468357,400.0,-1.2108,1.375,0.4,2.659,1.3,1126259642.413,39.369854432108774,-7.8601850574721635,-36379.70830534502
35.6792481529096,32.85853224263053,-0.11452070315139512,-0.5131374196954139,400.0,-1.2108,1.375,0.4,2.659,1.3,1126259642.413,39.370197080555755,-7.8601850574721635,-36328.049852671844
34.72781531984763,32.2453993839162,-0.2846795212261874,-0.5390873318416423,400.0,-1.2108,1.375,0.4,2.659,1.3,1126259642.413,39.37071826699398,-7.8601850574721635,-36267.90848119946
38.11236701364632,33.126516580186234,0.3004598279750948,-0.6091571717250998,400.0,-1.2108,1.375,0.4,2.659,1.3,1126259642.413,39.37264641773816,-7.8601850574721635,-36608.140362080696
36.31125299052693,34.8729420525054,-0.5520622354612986,0.3302834658370173,400.0,-1.2108,1.375,0.4,2.659,1.3,1126259642.413,39.37293404961633,-7.8601850574721635,-36621.950370649545
34.83154288633012,32.42442379854924,-0.3641009799488392,-0.39999950113077254,400.0,-1.2108,1.375,0.4,2.659,1.3,1126259642.413,39.37361535441413,-7.8601850574721635,-36309.88569161495
36.39445728403578,34.43436216441796,-0.08733411062028547,-0.20335862587580725,400.0,-1.2108,1.375,0.4,2.659,1.3,1126259642.413,39.37585766954059,-7.8601850574721635,-36578.2689119453
40.176640452208815,39.65112433712754,-0.009192537620046376,0.1573559031020052,400.0,-1.2108,1.375,0.4,2.659,1.3,1126259642.413,39.37936892031767,-7.8601850574721635,-36958.43097767141
36.90082680351319,34.44337358294617,-0.6026122254910158,0.4181299468436256,400.0,-1.2108,1.375,0.4,2.659,1.3,1126259642.413,39.38184287606918,-7.8601850574721635,-36604.03093170875
38.17602352706985,32.07007594772091,-0.3180673355696326,-0.05192039666150511,400.0,-1.2108,1.375,0.4,2.659,1.3,1126259642.413,39.3830452564698,-7.8601850574721635,-36418.59337981906
35.60567078473311,32.662843954541025,-0.42428272319676164,-0.22328357188706843,400.0,-1.2108,1.375,0.4,2.659,1.3,1126259642.413,39.38641649179518,-7.8601850574721635,-36286.6361789021
35.08451694454462,34.468671157768036,-0.4661222527741481,0.0028740656061254644,400.0,-1.2108,1.375,0.4,2.659,1.3,1126259642.413,39.38660118904176,-7.8601850574721635,-36547.25541666738
40.66708251536095,30.831184946284885,-0.22317052772754836,0.05057052179196403,400.0,-1.2108,1.375,0.4,2.659,1.3,1126259642.413,39.38660230543755,-7.8601850574721635,-36531.194227549095
39.65007197524173,31.153599488768037,-0.039818109842483435,-0.3166743931812634,400.0,-1.2108,1.375,0.4,2.659,1.3,1126259642.413,39.38726512825519,-7.8601850574721635,-36335.9746582621
35.20710177309259,34.09997333866931,0.16068822102137553,-0.67692555599552,400.0,-1.2108,1.375,0.4,2.659,1.3,1126259642.413,39.38994004111143,-7.8601850574721635,-36505.757844229745
36.87452590086233,31.414522173389464,-0.5934624101588575,0.024286885452478396,400.0,-1.2108,1.375,0.4,2.659,1.3,1126259642.413,39.3917197878228,-7.8601850574721635,-36292.455149598725
36.35435458519719,35.0484015492722,-0.5574130081548786,0.36057870524632174,400.0,-1.2108,1.375,0.4,2.659,1.3,1126259642.413,39.3922245112208,-7.8601850574721635,-36600.23578254144
37.3249589076146,33.15741662180277,0.2262281457922686,-0.6282905776467146,400.0,-1.2108,1.375,0.4,2.659,1.3,1126259642.413,39.392457148962215,-7.8601850574721635,-36383.26005387631
41.215022555468856,38.59330198517842,0.06817543631234593,0.06529313773487444,400.0,-1.2108,1.375,0.4,2.659,1.3,1126259642.413,39.39357406620928,-7.8601850574721635,-36946.356479188675
34.837620661812494,34.13773654250563,-0.5465233785320524,0.0025639861303781396,400.0,-1.2108,1.375,0.4,2.659,1.3,1126259642.413,39.39420863739163,-7.8601850574721635,-36463.51213059096
38.835054721772025,32.95317352903172,-0.6448202841658393,0.5431331225618115,400.0,-1.2108,1.375,0.4,2.659,1.3,1126259642.413,39.39611910271685,-7.8601850574721635,-36582.26435694379
40.96084400239887,30.695568243579,0.07779628469825263,-0.3732036772092809,400.0,-1.2108,1.375,0.4,2.659,1.3,1126259642.413,39.396155058383656,-7.8601850574721635,-36541.21037948076
36.94015703314979,32.28865890472901,-0.4948118634444625,0.020536842834174174,400.0,-1.2108,1.375,0.4,2.659,1.3,1126259642.413,39.397656430130304,-7.8601850574721635,-36458.281640904075
34.70729052522702,33.13612595467771,-0.06876485171646961,-0.6442773318725694,400.0,-1.2108,1.375,0.4,2.659,1.3,1126259642.413,39.39821762061636,-7.8601850574721635,-36386.29151145056
33.716795330858936,31.562558591725193,-0.5576832709384674,-0.4630922517427879,400.0,-1.2108,1.375,0.4,2.659,1.3,1126259642.413,39.3984967578687,-7.8601850574721635,-36051.05487854283
37.82057028466153,30.35919603413984,-0.4358311958369416,-0.14315256922640907,400.0,-1.2108,1.375,0.4,2.659,1.3,1126259642.413,39.39865155111062,-7.8601850574721635,-36357.48954397926
39.052283334088656,32.45908625932035,-0.054960354804021616,-0.16684278319040646,400.0,-1.2108,1.375,0.4,2.659,1.3,1126259642.413,39.39867101660519,-7.8601850574721635,-36580.13071926749
38.27076273363883,31.533543175827585,-0.48979518628461954,0.09682570674183316,400.0,-1.2108,1.375,0.4,2.659,1.3,1126259642.413,39.39909235982956,-7.8601850574721635,-36510.618481074176
38.4361118660236,30.03683595137,-0.17787172385740696,-0.4706584165119343,400.0,-1.2108,1.375,0.4,2.659,1.3,1126259642.413,39.40043965234798,-7.8601850574721635,-36287.24401720265
40.07295963944471,30.40293741110917,-0.06032677606952347,-0.32458361947172193,400.0,-1.2108,1.375,0.4,2.659,1.3,1126259642.413,39.40102709432155,-7.8601850574721635,-36432.83421704485
36.63996319503614,31.52334949143071,-0.6652796013577873,0.05252363781385516,400.0,-1.2108,1.375,0.4,2.659,1.3,1126259642.413,39.40107474396001,-7.8601850574721635,-36322.1295131523
34.36662162378419,32.82609109032811,-0.3125567980351631,-0.47963119119568604,400.0,-1.2108,1.375,0.4,2.659,1.3,1126259642.413,39.40191484480894,-7.8601850574721635,-36300.15791069913
35.84675541232219,31.546576433509777,-0.2793641086484345,-0.4575962529288393,400.0,-1.2108,1.375,0.4,2.659,1.3,1126259642.413,39.402270089110424,-7.8601850574721635,-36315.994484669056
37.822996408022185,31.824318798148816,-0.5081673320858535,0.09113123567097009,400.0,-1.2108,1.375,0.4,2.659,1.3,1126259642.413,39.40231512625568,-7.8601850574721635,-36503.27783013066
36.05311826741932,33.29717390840417,0.050029568142349,-0.5791943904881692,400.0,-1.2108,1.375,0.4,2.659,1.3,1126259642.413,39.40364687975301,-7.8601850574721635,-36501.38028285097
38.69778099291956,30.82127150781716,0.04934608575348698,-0.5808328913719183,400.0,-1.2108,1.375,0.4,2.659,1.3,1126259642.413,39.4043407829057,-7.8601850574721635,-36426.690073690785
39.38092372029665,30.902804263968193,0.11716056152229752,-0.5722939784663542,400.0,-1.2108,1.375,0.4,2.659,1.3,1126259642.413,39.4054723946301,-7.8601850574721635,-36465.62080200485
37.076656633298114,33.64500803515028,-0.1865730495732151,-0.13216355741647684,400.0,-1.2108,1.375,0.4,2.659,1.3,1126259642.413,39.40628304254801,-7.8601850574721635,-36498.85234686278
37.1644771567639,31.860083828480175,-0.04009600953321034,-0.5449333023087787,400.0,-1.2108,1.375,0.4,2.659,1.3,1126259642.413,39.40704877579054,-7.8601850574721635,-36421.66926681954
40.03519362031174,30.2304236130487,-0.18149688657796065,-0.18654509621245505,400.0,-1.2108,1.375,0.4,2.659,1.3,1126259642.413,39.40775867351305,-7.8601850574721635,-36482.29917025225
41.04421912901522,30.493917554581966,-0.14057188027921344,-0.07787910901710482,400.0,-1.2108,1.375,0.4,2.659,1.3,1126259642.413,39.41050994410471,-7.8601850574721635,-36505.50814601588
36.455605785211695,33.94356020017523,-0.18513460290344186,-0.16576860687504877,400.0,-1.2108,1.375,0.4,2.659,1.3,1126259642.413,39.4105904606547,-7.8601850574721635,-36389.703626180795
41.1406881548777,30.47951378674645,-0.1409717619259541,-0.05873540333507163,400.0,-1.2108,1.375,0.4,2.659,1.3,1126259642.413,39.411246925855316,-7.8601850574721635,-36520.641474662894
35.42734561964869,34.538943652390095,-0.18818474608737765,-0.21992528711437268,400.0,-1.2108,1.375,0.4,2.659,1.3,1126259642.413,39.41149146244564,-7.8601850574721635,-36466.59655785311
37.29203571443463,30.804253588308647,-0.46611081221750417,-0.12588485792367105,400.0,-1.2108,1.375,0.4,2.659,1.3,1126259642.413,39.41279496977974,-7.8601850574721635,-36361.45332461326
39.90598140159177,31.195040543888037,-0.11823190877256977,-0.1529441742489161,400.0,-1.2108,1.375,0.4,2.659,1.3,1126259642.413,39.41342663894099,-7.8601850574721635,-36437.551657770826
34.081774872774595,30.923307897909577,-0.43959643637587265,-0.6464165997514242,400.0,-1.2108,1.375,0.4,2.659,1.3,1126259642.413,39.413503794200864,-7.8601850574721635,-35849.1296642287
39.21870904661205,31.844767653460934,-0.2283784900518182,-0.029210021781340134,400.0,-1.2108,1.375,0.4,2.659,1.3,1126259642.413,39.414464544869546,-7.8601850574721635,-36500.4252834523
39.99184451309144,31.561153142589777,-0.6135426883635169,0.5567650015043341,400.0,-1.2108,1.375,0.4,2.659,1.3,1126259642.413,39.41473523140376,-7.8601850574721635,-36570.827813087264
37.72130225938073,31.646196544494668,-0.12174717661465553,-0.37394690112657364,400.0,-1.2108,1.375,0.4,2.659,1.3,1126259642.413,39.416153716818776,-7.8601850574721635,-36447.897784828056
38.84468056863936,30.389644638830656,0.03621097491237263,-0.6107076863676002,400.0,-1.2108,1.375,0.4,2.659,1.3,1126259642.413,39.418066347207805,-7.8601850574721635,-36366.25623541575
34.983744509207675,31.792503765775226,-0.30568970792504113,-0.512740188132573,400.0,-1.2108,1.375,0.4,2.659,1.3,1126259642.413,39.41851298696659,-7.8601850574721635,-36316.656741349405
35.618554913249326,31.997905235234125,-0.5436818542567318,-0.15744401628844706,400.0,-1.2108,1.375,0.4,2.659,1.3,1126259642.413,39.41973333491112,-7.8601850574721635,-36399.05806230668
36.288521212675676,30.765412287789946,-0.4369212778384643,-0.32826662038364207,400.0,-1.2108,1.375,0.4,2.659,1.3,1126259642.413,39.420583055303524,-7.8601850574721635,-36268.54174574478
37.95355486663597,30.296325023053836,-0.43722932196705805,-0.16829954742851355,400.0,-1.2108,1.375,0.4,2.659,1.3,1126259642.413,39.421509719513914,-7.8601850574721635,-36341.18136253285
39.17096231921772,30.6859327091289,-0.17115931164422682,-0.25794018391006757,400.0,-1.2108,1.375,0.4,2.659,1.3,1126259642.413,39.425500817596415,-7.8601850574721635,-36471.72633660478
34.949610265743814,33.034796987348955,-0.3454284537227724,-0.33622398714061297,400.0,-1.2108,1.375,0.4,2.659,1.3,1126259642.413,39.42794020953409,-7.8601850574721635,-36347.82326979869
38.51317906798002,32.64756219606576,0.3280997178217514,-0.6652111044443672,400.0,-1.2108,1.375,0.4,2.659,1.3,1126259642.413,39.42995146573694,-7.8601850574721635,-36593.13687327564
39.01241910482053,30.15407400517298,-0.7646852247284079,0.41093309111666787,400.0,-1.2108,1.375,0.4,2.659,1.3,1126259642.413,39.430784681466555,-7.8601850574721635,-36331.96354190171
40.10347509265934,39.546819923759216,0.1901168534200534,-0.061339392458233555,400.0,-1.2108,1.375,0.4,2.659,1.3,1126259642.413,39.43165130195591,-7.8601850574721635,-36981.21996233843
37.98923890903865,30.759859166687228,0.13831416484080156,-0.7827754542273391,400.0,-1.2108,1.375,0.4,2.659,1.3,1126259642.413,39.432368238497425,-7.8601850574721635,-36271.87053922299
36.67983786241036,32.634056704490064,-0.3473089048963565,-0.1636708484911472,400.0,-1.2108,1.375,0.4,2.659,1.3,1126259642.413,39.43257185726284,-7.8601850574721635,-36478.33503605364
39.04682729407865,32.81587172312204,-0.5261824321443025,0.4136882359118118,400.0,-1.2108,1.375,0.4,2.659,1.3,1126259642.413,39.434148815063025,-7.8601850574721635,-36588.67538937651
42.09182770027341,30.07669124000967,-0.09491879736380238,-0.0873076327836797,400.0,-1.2108,1.375,0.4,2.659,1.3,1126259642.413,39.435855390029076,-7.8601850574721635,-36496.6021626187
38.515690451383605,32.3108528642191,0.08491915895372676,-0.4484462615853003,400.0,-1.2108,1.375,0.4,2.659,1.3,1126259642.413,39.435964365222176,-7.8601850574721635,-36446.20375527602
33.76887761681801,33.374774232762405,-0.5624857011717466,-0.21502987929873346,400.0,-1.2108,1.375,0.4,2.659,1.3,1126259642.413,39.438034301551674,-7.8601850574721635,-36293.25608476146
38.008013533489304,31.97109226384614,-0.375518402711938,-0.017930215484745216,400.0,-1.2108,1.375,0.4,2.659,1.3,1126259642.413,39.44537299927973,-7.8601850574721635,-36511.7546067232
36.8876919484612,34.62846124977719,-0.4357057865682604,0.2538338118471324,400.0,-1.2108,1.375,0.4,2.659,1.3,1126259642.413,39.44554686027652,-7.8601850574721635,-36597.97416798721
40.2189473417426,30.17336935681884,-0.23034548106633873,-0.13949499536714385,400.0,-1.2108,1.375,0.4,2.659,1.3,1126259642.413,39.44584210998528,-7.8601850574721635,-36466.11686297406
35.29150938669572,31.83189363240554,-0.3154005639662209,-0.4897309979596043,400.0,-1.2108,1.375,0.4,2.659,1.3,1126259642.413,39.44640665377167,-7.8601850574721635,-36265.21576803234
40.75495426816487,30.719240522879602,-0.03423861239386848,-0.21094691499816512,400.0,-1.2108,1.375,0.4,2.659,1.3,1126259642.413,39.448335352500216,-7.8601850574721635,-36515.25437002607
39.54164407169447,31.77838196951619,-0.016857755641270178,-0.22984318294040712,400.0,-1.2108,1.375,0.4,2.659,1.3,1126259642.413,39.44890548328592,-7.8601850574721635,-36571.396364680375
35.47956054742247,34.94819289655032,0.20087969568134523,-0.5427006421650007,400.0,-1.2108,1.375,0.4,2.659,1.3,1126259642.413,39.44909014956258,-7.8601850574721635,-36412.9125612505
38.22026715728945,33.199601060583696,0.14136315759275003,-0.40591892990926337,400.0,-1.2108,1.375,0.4,2.659,1.3,1126259642.413,39.44910766335448,-7.8601850574721635,-36592.42943578028
40.09340729750368,39.5680276121431,-0.2815688127208352,0.41394241920110464,400.0,-1.2108,1.375,0.4,2.659,1.3,1126259642.413,39.44913476841157,-7.8601850574721635,-36981.106508793724
34.17771407105375,33.424657743459534,-0.10762657338270383,-0.5770311431302795,400.0,-1.2108,1.375,0.4,2.659,1.3,1126259642.413,39.45014478686327,-7.8601850574721635,-36414.50170975318
37.50672234780089,32.10682625986335,-0.5031790354696106,0.07590439835479068,400.0,-1.2108,1.375,0.4,2.659,1.3,1126259642.413,39.453674933965516,-7.8601850574721635,-36510.09849009207
33.1122731467779,32.413534318723094,-0.6330688766580138,-0.37088796166739707,400.0,-1.2108,1.375,0.4,2.659,1.3,1126259642.413,39.4538332663732,-7.8601850574721635,-36322.85405086017
37.262026614255255,33.72530371803901,-0.15081935000796826,-0.13284604157264512,400.0,-1.2108,1.375,0.4,2.659,1.3,1126259642.413,39.45619982906527,-7.8601850574721635,-36603.896020554974
40.03618302471526,31.189165900273878,-0.024015331185312683,-0.2598602616310235,400.0,-1.2108,1.375,0.4,2.659,1.3,1126259642.413,39.45635330885639,-7.8601850574721635,-36490.49168393509
34.21920548439657,32.58532752990292,-0.14811722753494783,-0.6975128815148959,400.0,-1.2108,1.375,0.4,2.659,1.3,1126259642.413,39.45756580517038,-7.8601850574721635,-36303.37721684948
39.74632860134429,31.42432613836695,0.2154192113056108,-0.5601820767859983,400.0,-1.2108,1.375,0.4,2.659,1.3,1126259642.413,39.457758699167755,-7.8601850574721635,-36499.23556439894
37.341639693297104,30.38025583539078,-0.4769781856619253,-0.19706135103694966,400.0,-1.2108,1.375,0.4,2.659,1.3,1126259642.413,39.458483427418884,-7.8601850574721635,-36335.73371061903
38.386238065307126,30.40330916896439,-0.14794468346459083,-0.45564186200965523,400.0,-1.2108,1.375,0.4,2.659,1.3,1126259642.413,39.45855123321522,-7.8601850574721635,-36255.2375634414
36.27412940916127,33.62439209167889,-0.47322817927127614,0.059285591597356524,400.0,-1.2108,1.375,0.4,2.659,1.3,1126259642.413,39.46063776523832,-7.8601850574721635,-36501.02590126953
36.43399302510425,32.24309932224209,-0.6034701401622937,0.0696040139901424,400.0,-1.2108,1.375,0.4,2.659,1.3,1126259642.413,39.461726949378736,-7.8601850574721635,-36343.48395266515
39.628930580705145,30.830699666773736,-0.39676488852513936,0.1185838986404602,400.0,-1.2108,1.375,0.4,2.659,1.3,1126259642.413,39.4622080087448,-7.8601850574721635,-36407.59191225952
38.90973164291675,32.16181638010598,-0.14484228147861938,-0.13018663263334812,400.0,-1.2108,1.375,0.4,2.659,1.3,1126259642.413,39.462750872299516,-7.8601850574721635,-36539.44236750675
34.93602934714156,32.51724582062036,0.032048675198544374,-0.7753267251942341,400.0,-1.2108,1.375,0.4,2.659,1.3,1126259642.413,39.46357627756899,-7.8601850574721635,-36380.191691417735
37.73000103782563,30.554837260329112,-0.47179597650315486,-0.09296928333409891,400.0,-1.2108,1.375,0.4,2.659,1.3,1126259642.413,39.46415555962535,-7.8601850574721635,-36320.03057576531
34.88298848927725,32.41342605358479,-0.05298634878886752,-0.7055744323499322,400.0,-1.2108,1.375,0.4,2.659,1.3,1126259642.413,39.46461531377062,-7.8601850574721635,-36323.44512271319
36.112124341959934,31.809904168559957,-0.14833405801270794,-0.526254780256231,400.0,-1.2108,1.375,0.4,2.659,1.3,1126259642.413,39.46596093046912,-7.8601850574721635,-36382.21705773026
35.574693607638146,33.305890952373424,0.16965012279160202,-0.7687500296625915,400.0,-1.2108,1.375,0.4,2.659,1.3,1126259642.413,39.46707060901096,-7.8601850574721635,-36439.14185287307
39.44012839881295,30.223414417833407,-0.39109283586106847,-7.965580569274655e-05,400.0,-1.2108,1.375,0.4,2.659,1.3,1126259642.413,39.467708532676816,-7.8601850574721635,-36407.62751711226
36.531087417410774,30.35482621742485,-0.2819808717078492,-0.5246373640390107,400.0,-1.2108,1.375,0.4,2.659,1.3,1126259642.413,39.46953804866898,-7.8601850574721635,-36303.70759909382
35.778206960100334,35.42722566704363,-0.26529187409957317,0.056255081802417894,400.0,-1.2108,1.375,0.4,2.659,1.3,1126259642.413,39.472407100780686,-7.8601850574721635,-36620.91207060734
35.47105707693228,33.922320319562814,-0.48048184318675907,0.013181937410488731,400.0,-1.2108,1.375,0.4,2.659,1.3,1126259642.413,39.47296345300568,-7.8601850574721635,-36521.08896397056
40.617119498843046,39.17290753661424,-0.43503022129927443,0.5845984503973181,400.0,-1.2108,1.375,0.4,2.659,1.3,1126259642.413,39.473004798683505,-7.8601850574721635,-36950.219319471595
37.65023482644984,31.958221347432996,-0.4567264785565475,0.01238347508470522,400.0,-1.2108,1.375,0.4,2.659,1.3,1126259642.413,39.473444214206395,-7.8601850574721635,-36502.24530561328
39.35505503426439,32.03535335046381,-0.09236170123754767,-0.14674741699847982,400.0,-1.2108,1.375,0.4,2.659,1.3,1126259642.413,39.47581010377546,-7.8601850574721635,-36585.324803267526
35.27230455117511,35.07612233159285,-0.1150969821183645,-0.21907032598973308,400.0,-1.2108,1.375,0.4,2.659,1.3,1126259642.413,39.47629963210649,-7.8601850574721635,-36392.61061432489
33.465596608948125,32.044496478774136,-0.44378399628868226,-0.5459496986963787,400.0,-1.2108,1.375,0.4,2.659,1.3,1126259642.413,39.476681281088304,-7.8601850574721635,-36313.111260709185
34.95543825227312,34.634232265761774,0.33223380742799763,-0.7949879157835082,400.0,-1.2108,1.375,0.4,2.659,1.3,1126259642.413,39.47704323693117,-7.8601850574721635,-36551.80714581238
39.04845259440548,31.499969986935724,0.2580448865575251,-0.7211779426258493,400.0,-1.2108,1.375,0.4,2.659,1.3,1126259642.413,39.47744851950879,-7.8601850574721635,-36351.30619421032
35.80979290514675,33.721634659961076,-0.5184654598533339,0.051091657805597074,400.0,-1.2108,1.375,0.4,2.659,1.3,1126259642.413,39.47810333217372,-7.8601850574721635,-36540.27126325143
37.52000035443426,33.364307442086854,-0.21593868060703103,-0.08885113139583742,400.0,-1.2108,1.375,0.4,2.659,1.3,1126259642.413,39.4788705470722,-7.8601850574721635,-36555.723725957854
36.44505402787202,30.660180423753555,-0.4773757735508347,-0.2791580963814821,400.0,-1.2108,1.375,0.4,2.659,1.3,1126259642.413,39.47912725513506,-7.8601850574721635,-36258.98835277395
35.70741526646302,35.14212265727323,0.06133187101472409,-0.32168990718667445,400.0,-1.2108,1.375,0.4,2.659,1.3,1126259642.413,39.47933056108616,-7.8601850574721635,-36599.49144010351
39.31096374269403,31.940400115852828,0.2425048195222802,-0.579240598158492,400.0,-1.2108,1.375,0.4,2.659,1.3,1126259642.413,39.479803718692445,-7.8601850574721635,-36570.439110455634
37.82249823486702,32.75918859493589,-0.6036205470865393,0.3014161539582804,400.0,-1.2108,1.375,0.4,2.659,1.3,1126259642.413,39.48082091857776,-7.8601850574721635,-36389.86440402106
35.73834957241332,33.48544411581901,0.25842133689106134,-0.7890453608740073,400.0,-1.2108,1.375,0.4,2.659,1.3,1126259642.413,39.482827638639435,-7.8601850574721635,-36484.08144988309
38.15890698525886,30.037996224510987,-0.27249435333764893,-0.3762600413070741,400.0,-1.2108,1.375,0.4,2.659,1.3,1126259642.413,39.48464574381036,-7.8601850574721635,-36358.262388242925
36.05423132095907,33.49503348298161,0.18531053228111638,-0.6838206508412052,400.0,-1.2108,1.375,0.4,2.659,1.3,1126259642.413,39.48783308626519,-7.8601850574721635,-36538.95752658557
36.55074061327069,33.52865361570558,-0.08886124818951134,-0.30683549034004926,400.0,-1.2108,1.375,0.4,2.659,1.3,1126259642.413,39.48832734809126,-7.8601850574721635,-36433.29448179241
36.7485970090833,33.84009030598273,-0.32869706856302183,0.0027000047285259676,400.0,-1.2108,1.375,0.4,2.659,1.3,1126259642.413,39.48836064542594,-7.8601850574721635,-36451.449736715724
41.014737885527175,38.73484042761619,0.017767250486372038,0.11501571572601516,400.0,-1.2108,1.375,0.4,2.659,1.3,1126259642.413,39.48867969258939,-7.8601850574721635,-36959.80974069582
36.52477978081034,33.68627284372032,0.1684489341239665,-0.5657502332794674,400.0,-1.2108,1.375,0.4,2.659,1.3,1126259642.413,39.48877640756864,-7.8601850574721635,-36389.59860292398
36.06584798350265,33.893914721159575,-0.18441834068616686,-0.23643606263608385,400.0,-1.2108,1.375,0.4,2.659,1.3,1126259642.413,39.48965874162784,-7.8601850574721635,-36475.09735556724
37.87541095130339,32.36871819961681,0.06791980537663754,-0.5126248301688497,400.0,-1.2108,1.375,0.4,2.659,1.3,1126259642.413,39.48975598394988,-7.8601850574721635,-36408.87451741256
38.69454699381743,32.43583084120576,-0.2284616009236626,-0.02918155555338899,400.0,-1.2108,1.375,0.4,2.659,1.3,1126259642.413,39.491925549020934,-7.8601850574721635,-36575.15225167668
36.22692902291536,34.02188570505124,0.28138014074570833,-0.6825980912156311,400.0,-1.2108,1.375,0.4,2.659,1.3,1126259642.413,39.49194076475375,-7.8601850574721635,-36384.81345971261
39.21698428453548,31.517732772920574,0.18239054550878026,-0.5996271089187335,400.0,-1.2108,1.375,0.4,2.659,1.3,1126259642.413,39.493135327128165,-7.8601850574721635,-36347.96482613102
36.42971318741289,34.97860706751166,-0.610786233401611,0.4182682727822918,400.0,-1.2108,1.375,0.4,2.659,1.3,1126259642.413,39.49444708204855,-7.8601850574721635,-36599.848122907395
38.55657827292139,33.123997662365454,-0.2509007276645727,0.06968874431827296,400.0,-1.2108,1.375,0.4,2.659,1.3,1126259642.413,39.494738172383975,-7.8601850574721635,-36578.68762082147
42.528095202042444,30.728013351889107,-0.10270746857790039,0.08815507735527531,400.0,-1.2108,1.375,0.4,2.659,1.3,1126259642.413,39.49526103716157,-7.8601850574721635,-36597.799714629284
36.11158549595295,32.974493930959596,-0.1730779423920474,-0.346687821329991,400.0,-1.2108,1.375,0.4,2.659,1.3,1126259642.413,39.49605933676193,-7.8601850574721635,-36459.64399529202
38.32304800663895,32.72139335214724,0.2854601303847445,-0.6193550799626453,400.0,-1.2108,1.375,0.4,2.659,1.3,1126259642.413,39.49774815109274,-7.8601850574721635,-36572.21281219147
34.616990627312084,33.59467329805139,-0.3905541211921758,-0.2615191225800049,400.0,-1.2108,1.375,0.4,2.659,1.3,1126259642.413,39.49850053317749,-7.8601850574721635,-36292.1996379459
33.5715498483667,32.129678865963896,-0.5831846533911418,-0.3957568444977456,400.0,-1.2108,1.375,0.4,2.659,1.3,1126259642.413,39.49928082414809,-7.8601850574721635,-36267.17257332868
37.37828286019681,34.16028720659853,-0.3670368281711694,0.1766591560246682,400.0,-1.2108,1.375,0.4,2.659,1.3,1126259642.413,39.49941725833342,-7.8601850574721635,-36593.14493661657
37.346460160130796,32.94160655325173,0.0920599129251627,-0.4950377396053306,400.0,-1.2108,1.375,0.4,2.659,1.3,1126259642.413,39.49948772901082,-7.8601850574721635,-36380.941992157095
35.94157242373875,32.20662351202168,-0.7242121403101793,0.11277273722035447,400.0,-1.2108,1.375,0.4,2.659,1.3,1126259642.413,39.50059341563048,-7.8601850574721635,-36311.54465866818
39.13018727648346,32.01081948392469,0.24957204350549222,-0.6054770828188812,400.0,-1.2108,1.375,0.4,2.659,1.3,1126259642.413,39.5010237701783,-7.8601850574721635,-36547.595649026276
36.653287637678666,34.613170147173214,-0.5145414335386991,0.3011411847836607,400.0,-1.2108,1.375,0.4,2.659,1.3,1126259642.413,39.501966877739605,-7.8601850574721635,-36611.093729996326
39.145816016292464,30.645848857247135,0.04421588028555301,-0.5607023286977757,400.0,-1.2108,1.375,0.4,2.659,1.3,1126259642.413,39.50205466855226,-7.8601850574721635,-36457.1736211523
38.98131508235451,31.015630672596632,-0.10685021908548602,-0.31028694130598944,400.0,-1.2108,1.375,0.4,2.659,1.3,1126259642.413,39.50355063324484,-7.8601850574721635,-36504.911385640975
35.734763456423146,32.02976908935281,-0.37397381903750815,-0.33920388673631513,400.0,-1.2108,1.375,0.4,2.659,1.3,1126259642.413,39.5052389762204,-7.8601850574721635,-36403.77425089151
35.798878325138546,35.24351840482127,-0.4201274805378638,0.18928737352182903,400.0,-1.2108,1.375,0.4,2.659,1.3,1126259642.413,39.50571479459913,-7.8601850574721635,-36629.90526326889
34.28779809866802,34.2678721863042,-0.4308362407439763,-0.12248621316316938,400.0,-1.2108,1.375,0.4,2.659,1.3,1126259642.413,39.508528132009545,-7.8601850574721635,-36356.27409938008
36.57565034131471,34.87462871847371,-0.5581360325656655,0.36993100744694374,400.0,-1.2108,1.375,0.4,2.659,1.3,1126259642.413,39.50962501204194,-7.8601850574721635,-36598.82975292189
36.48016878959743,30.693916664998874,-0.36633142232485627,-0.4123444389454871,400.0,-1.2108,1.375,0.4,2.659,1.3,1126259642.413,39.51058331472079,-7.8601850574721635,-36253.55700848883
34.55740435410453,32.70447829260559,-0.5082573724781569,-0.254912835215112,400.0,-1.2108,1.375,0.4,2.659,1.3,1126259642.413,39.5116297528397,-7.8601850574721635,-36319.37421606085
36.12926661358694,31.145341938856653,-0.08358440538694893,-0.7310456118739155,400.0,-1.2108,1.375,0.4,2.659,1.3,1126259642.413,39.51420471579212,-7.8601850574721635,-36267.356354995274
39.77008716782447,30.25261351727081,-0.15273736674802763,-0.28932904420339267,400.0,-1.2108,1.375,0.4,2.659,1.3,1126259642.413,39.514364290574385,-7.8601850574721635,-36467.067227841864
37.03148355941944,33.60775707248906,-0.08027030821925575,-0.2629778910700388,400.0,-1.2108,1.375,0.4,2.659,1.3,1126259642.413,39.515837644888,-7.8601850574721635,-36461.79999065246
36.340525682515434,34.29360982068232,0.1492959276711539,-0.4833683800421238,400.0,-1.2108,1.375,0.4,2.659,1.3,1126259642.413,39.515907564782154,-7.8601850574721635,-36487.467273467264
36.517783161320686,33.046289094059674,-0.3740197917885818,-0.10098352108000018,400.0,-1.2108,1.375,0.4,2.659,1.3,1126259642.413,39.51667154639186,-7.8601850574721635,-36532.761190897996
37.273395597637276,31.27113748463256,-0.5342211100450533,-0.005150702244352157,400.0,-1.2108,1.375,0.4,2.659,1.3,1126259642.413,39.516674259726955,-7.8601850574721635,-36266.71639334803
36.287907993857715,34.223780691213285,-0.06779084672707167,-0.26650769466468616,400.0,-1.2108,1.375,0.4,2.659,1.3,1126259642.413,39.51891220824451,-7.8601850574721635,-36429.89242473744
41.10077836311815,30.069638340665474,-0.17937008805407928,-0.08887675700222558,400.0,-1.2108,1.375,0.4,2.659,1.3,1126259642.413,39.51895346014729,-7.8601850574721635,-36310.39506147317
39.11539564384422,32.355328259324835,-0.09092364145975959,-0.12588560991127035,400.0,-1.2108,1.375,0.4,2.659,1.3,1126259642.413,39.52049896186292,-7.8601850574721635,-36582.77374603451
36.72077304828661,32.569114535573895,0.136218423358566,-0.6787928656780331,400.0,-1.2108,1.375,0.4,2.659,1.3,1126259642.413,39.52102059049518,-7.8601850574721635,-36472.163564908056
36.380478311457054,30.31934549431648,-0.17842385808834693,-0.6693868797341791,400.0,-1.2108,1.375,0.4,2.659,1.3,1126259642.413,39.522988701391846,-7.8601850574721635,-36267.273313739606
38.394910614038174,31.836474608514692,-0.2035287612896356,-0.16040898173151838,400.0,-1.2108,1.375,0.4,2.659,1.3,1126259642.413,39.52510927579577,-7.8601850574721635,-36433.84108757533
40.303048846933905,30.26879293083494,0.05704135244383343,-0.5171334175590148,400.0,-1.2108,1.375,0.4,2.659,1.3,1126259642.413,39.525125126191156,-7.8601850574721635,-36405.854151027204
37.79905928839134,31.907701541064878,-0.475272115634457,0.0676036050834724,400.0,-1.2108,1.375,0.4,2.659,1.3,1126259642.413,39.52781607744474,-7.8601850574721635,-36515.10900766615
34.24127241614686,32.58414148537838,-0.3842974396378567,-0.41869724481820214,400.0,-1.2108,1.375,0.4,2.659,1.3,1126259642.413,39.52859643530349,-7.8601850574721635,-36298.12833152352
36.584019993431085,33.9923583733445,-0.23555297986695556,-0.09960723867237659,400.0,-1.2108,1.375,0.4,2.659,1.3,1126259642.413,39.52965105287613,-7.8601850574721635,-36452.270597129624
39.7424899460913,30.419777735135412,-0.12955398447650035,-0.26438102062632046,400.0,-1.2108,1.375,0.4,2.659,1.3,1126259642.413,39.53183588626443,-7.8601850574721635,-36488.23298557334
37.42870877879695,30.50861380016602,-0.13886741446382356,-0.5755415489348519,400.0,-1.2108,1.375,0.4,2.659,1.3,1126259642.413,39.5319896882006,-7.8601850574721635,-36380.53522692719
38.420521611788786,30.92900090408438,-0.6746154669509209,0.2921810318156825,400.0,-1.2108,1.375,0.4,2.659,1.3,1126259642.413,39.53288770415854,-7.8601850574721635,-36416.649151828235
34.87707654664219,32.36644031547224,-0.4146763006637112,-0.34946194010253534,400.0,-1.2108,1.375,0.4,2.659,1.3,1126259642.413,39.53458189384429,-7.8601850574721635,-36304.13271271778
35.52953862288665,33.35601242538145,-0.5813138817804684,0.0629125368836817,400.0,-1.2108,1.375,0.4,2.659,1.3,1126259642.413,39.53596684006722,-7.8601850574721635,-36440.841650477036
37.80482734592891,31.429898116839063,-0.12163232525273054,-0.42112185770441046,400.0,-1.2108,1.375,0.4,2.659,1.3,1126259642.413,39.536221877395384,-7.8601850574721635,-36428.03220292793
38.67592997498581,32.3852085900537,-0.07958572487358416,-0.2203648351872992,400.0,-1.2108,1.375,0.4,2.659,1.3,1126259642.413,39.53893543513693,-7.8601850574721635,-36554.115463655544
37.00868592992926,34.213721461548964,-0.03626158693927617,-0.20484484995002755,400.0,-1.2108,1.375,0.4,2.659,1.3,1126259642.413,39.539786621300664,-7.8601850574721635,-36617.269949846865
35.27228207941717,34.18551463707397,0.2554541089270746,-0.7481720123785396,400.0,-1.2108,1.375,0.4,2.659,1.3,1126259642.413,39.54206014885285,-7.8601850574721635,-36535.847949986004
33.99221936180412,33.812838000188634,0.012989905417366665,-0.6641501794808217,400.0,-1.2108,1.375,0.4,2.659,1.3,1126259642.413,39.5432446286554,-7.8601850574721635,-36393.748316529185
35.17704744735736,31.948480936044337,-0.32952633754405936,-0.45251445073468766,400.0,-1.2108,1.375,0.4,2.659,1.3,1126259642.413,39.544971194974536,-7.8601850574721635,-36267.292646771966
38.102227339096686,31.44398545567568,-0.06362707566654469,-0.45258839655369726,400.0,-1.2108,1.375,0.4,2.659,1.3,1126259642.413,39.545428088775054,-7.8601850574721635,-36463.73395989496
35.55328315940778,34.074581240575284,-0.5552430186090189,0.10590488936171444,400.0,-1.2108,1.375,0.4,2.659,1.3,1126259642.413,39.546829269135486,-7.8601850574721635,-36549.92546807863
36.467494113075134,33.21578725725313,-0.23687108033689358,-0.20176417237220612,400.0,-1.2108,1.375,0.4,2.659,1.3,1126259642.413,39.54721428146533,-7.8601850574721635,-36543.58618706918
37.62743036095238,33.967122126865384,-0.6643314768760065,0.49464119699067316,400.0,-1.2108,1.375,0.4,2.659,1.3,1126259642.413,39.548648461402074,-7.8601850574721635,-36592.74383077967
36.71844768222545,33.26649460920536,-0.29386218307670287,-0.12975745206569794,400.0,-1.2108,1.375,0.4,2.659,1.3,1126259642.413,39.54916092621079,-7.8601850574721635,-36477.967192291435
32.84876558956701,32.09560231704442,-0.4182243731727219,-0.6712228542448593,400.0,-1.2108,1.375,0.4,2.659,1.3,1126259642.413,39.549399136266025,-7.8601850574721635,-35852.9932387681
36.515984710057346,30.47537810477557,-0.43897628650763754,-0.33312045703330095,400.0,-1.2108,1.375,0.4,2.659,1.3,1126259642.413,39.55004598050549,-7.8601850574721635,-36288.676968743035
41.079826080737874,30.05928102363854,-0.25420684701936797,0.0016846777963319126,400.0,-1.2108,1.375,0.4,2.659,1.3,1126259642.413,39.551375526780646,-7.8601850574721635,-36303.019578634594
40.93471433141197,30.667314903900223,0.023391700748943214,-0.3039681485835028,400.0,-1.2108,1.375,0.4,2.659,1.3,1126259642.413,39.551990657471684,-7.8601850574721635,-36533.83350266472
35.87128220871818,34.2350582570774,-0.21156838904214018,-0.16578952128022617,400.0,-1.2108,1.375,0.4,2.659,1.3,1126259642.413,39.552313092019574,-7.8601850574721635,-36415.865676862835
36.89263756212121,31.58705585262704,-0.7080433521780285,0.1447738515032046,400.0,-1.2108,1.375,0.4,2.659,1.3,1126259642.413,39.55300374656903,-7.8601850574721635,-36270.78520336976
35.1457253068275,31.894353439360522,-0.09386520222989561,-0.7470006671299529,400.0,-1.2108,1.375,0.4,2.659,1.3,1126259642.413,39.55319411584234,-7.8601850574721635,-36268.130368759696
34.93988048914581,33.87950309580373,-0.3960763947150279,-0.12635870406928312,400.0,-1.2108,1.375,0.4,2.659,1.3,1126259642.413,39.55375305479511,-7.8601850574721635,-36436.38300070094
34.476020814022554,33.16107196396962,-0.26099617927270746,-0.4283312451588951,400.0,-1.2108,1.375,0.4,2.659,1.3,1126259642.413,39.556154251555384,-7.8601850574721635,-36414.35400389457
34.922499578294186,33.91918641804007,-0.04763400559908136,-0.5205563131758286,400.0,-1.2108,1.375,0.4,2.659,1.3,1126259642.413,39.556728978529115,-7.8601850574721635,-36440.70653072607
35.77090701503047,35.347729215691054,0.1260163472172069,-0.3444951168185051,400.0,-1.2108,1.375,0.4,2.659,1.3,1126259642.413,39.55694426279494,-7.8601850574721635,-36626.5060146834
39.94262142668066,30.452727499947798,-0.09735286628116972,-0.28401535039176284,400.0,-1.2108,1.375,0.4,2.659,1.3,1126259642.413,39.55781638785049,-7.8601850574721635,-36454.74786789846
37.661282989725,33.394623722924315,0.09196055296530076,-0.3839203702574604,400.0,-1.2108,1.375,0.4,2.659,1.3,1126259642.413,39.55790477499039,-7.8601850574721635,-36606.57366098588
34.258856443393285,33.827760943223446,-0.6406319417771108,-0.022683964663603,400.0,-1.2108,1.375,0.4,2.659,1.3,1126259642.413,39.55844533311443,-7.8601850574721635,-36314.26607281083
38.05983103157885,30.384989739578828,-0.778178660652459,0.30938476585345226,400.0,-1.2108,1.375,0.4,2.659,1.3,1126259642.413,39.55857894619045,-7.8601850574721635,-36281.673876016976
35.5278477003566,33.275107215507674,-0.25700037980398394,-0.27883816470594613,400.0,-1.2108,1.375,0.4,2.659,1.3,1126259642.413,39.56526545309924,-7.8601850574721635,-36424.0311851814
36.021421908466216,35.17963940340383,0.31270498099788746,-0.5526409976146985,400.0,-1.2108,1.375,0.4,2.659,1.3,1126259642.413,39.56562603826292,-7.8601850574721635,-36621.219181683555
35.64755615390489,31.42804448395738,-0.45748908039049596,-0.31453119686030107,400.0,-1.2108,1.375,0.4,2.659,1.3,1126259642.413,39.56616478344604,-7.8601850574721635,-36264.10766682995
36.616277401807324,31.61485191132818,-0.43255710941888553,-0.20633568631830418,400.0,-1.2108,1.375,0.4,2.659,1.3,1126259642.413,39.56672307307544,-7.8601850574721635,-36301.54800108197
36.00881323770905,31.875943654719517,-0.21230973350723453,-0.497892899427158,400.0,-1.2108,1.375,0.4,2.659,1.3,1126259642.413,39.56679717443986,-7.8601850574721635,-36389.9064452476
33.60599411682493,33.47387948064052,-0.16002511982520362,-0.6096100926957129,400.0,-1.2108,1.375,0.4,2.659,1.3,1126259642.413,39.567245718087065,-7.8601850574721635,-36277.53842791372
38.27386422549277,32.96011036450374,-0.20235900726944495,-0.03195966392153901,400.0,-1.2108,1.375,0.4,2.659,1.3,1126259642.413,39.56731951400494,-7.8601850574721635,-36605.89449545192
37.86754730717323,31.632026140680058,0.07815798965789456,-0.6193269113158919,400.0,-1.2108,1.375,0.4,2.659,1.3,1126259642.413,39.56815371817741,-7.8601850574721635,-36468.44724078454
36.044202420989706,30.538330935884645,-0.29022491026964453,-0.5626298012233026,400.0,-1.2108,1.375,0.4,2.659,1.3,1126259642.413,39.569621094160055,-7.8601850574721635,-36231.02641789126
35.855792969156184,33.13971042079704,-0.37006069897382493,-0.1434246485118766,400.0,-1.2108,1.375,0.4,2.659,1.3,1126259642.413,39.569787618490665,-7.8601850574721635,-36454.652227926825
37.67769440644116,32.18245526913605,-0.45981713263092483,0.04903915161868222,400.0,-1.2108,1.375,0.4,2.659,1.3,1126259642.413,39.57014347882404,-7.8601850574721635,-36526.389306880796
38.64155803677858,30.379806862355174,-0.3306408732555577,-0.15552961846373392,400.0,-1.2108,1.375,0.4,2.659,1.3,1126259642.413,39.57027832424918,-7.8601850574721635,-36311.02951358575
33.46905499385283,32.04828558363997,-0.47675379133787416,-0.5071289231188967,400.0,-1.2108,1.375,0.4,2.659,1.3,1126259642.413,39.57098230761421,-7.8601850574721635,-36315.83898908315
37.801504395488415,32.32787080215003,-0.040618149347570506,-0.36699080448494464,400.0,-1.2108,1.375,0.4,2.659,1.3,1126259642.413,39.57174617958901,-7.8601850574721635,-36454.565408983886
38.52464521888976,32.431658826401716,0.014261690539617566,-0.3419600831800819,400.0,-1.2108,1.375,0.4,2.659,1.3,1126259642.413,39.572720035642,-7.8601850574721635,-36516.27158282464
37.936057417571405,32.9197767305077,-0.015414426804238684,-0.31908282993997766,400.0,-1.2108,1.375,0.4,2.659,1.3,1126259642.413,39.57303743123218,-7.8601850574721635,-36515.87447476102
39.74994453099743,30.466823512738085,-0.0488241752151127,-0.3746105819016163,400.0,-1.2108,1.375,0.4,2.659,1.3,1126259642.413,39.5730608769205,-7.8601850574721635,-36488.417918660634
37.78889108436263,32.664621611588764,0.12059716948243136,-0.5307531502151777,400.0,-1.2108,1.375,0.4,2.659,1.3,1126259642.413,39.574471956555975,-7.8601850574721635,-36365.35181135842
36.14869048715015,33.225673057064974,0.17574495155670872,-0.7011554483686528,400.0,-1.2108,1.375,0.4,2.659,1.3,1126259642.413,39.57564605097095,-7.8601850574721635,-36504.42820980856
37.058255602054345,32.411605187530256,0.17184723718483447,-0.7093656330233793,400.0,-1.2108,1.375,0.4,2.659,1.3,1126259642.413,39.57882274719596,-7.8601850574721635,-36496.74088805736
38.75585850552222,32.04987853025447,0.06495611282130115,-0.42915824974288075,400.0,-1.2108,1.375,0.4,2.659,1.3,1126259642.413,39.57919928086113,-7.8601850574721635,-36413.88939757215
34.97023898219361,33.52687351176644,-0.4689601175042896,-0.10070387926987753,400.0,-1.2108,1.375,0.4,2.659,1.3,1126259642.413,39.57966369806838,-7.8601850574721635,-36332.00585547873
34.0425433968753,33.29309587973066,-0.3927746976829388,-0.36773122176508233,400.0,-1.2108,1.375,0.4,2.659,1.3,1126259642.413,39.58082413206209,-7.8601850574721635,-36353.921454866366
33.57587296391765,33.568861631134176,-0.20683441926160906,-0.5757361657570569,400.0,-1.2108,1.375,0.4,2.659,1.3,1126259642.413,39.58128333762815,-7.8601850574721635,-36293.90393075504
35.85275979635741,34.392949656470485,-0.135631801785236,-0.24304667271756222,400.0,-1.2108,1.375,0.4,2.659,1.3,1126259642.413,39.581314575297505,-7.8601850574721635,-36386.095927288836
38.586009775282555,31.925453426090655,-0.03226875088556205,-0.33840583208660974,400.0,-1.2108,1.375,0.4,2.659,1.3,1126259642.413,39.58282063404401,-7.8601850574721635,-36351.77854587036
38.35268506045551,32.537740111478385,0.2364191516385747,-0.5965750697001444,400.0,-1.2108,1.375,0.4,2.659,1.3,1126259642.413,39.58286800617989,-7.8601850574721635,-36499.49381469161
39.123276661851186,31.889850986211965,-0.044422548668383535,-0.2563101586309121,400.0,-1.2108,1.375,0.4,2.659,1.3,1126259642.413,39.583104321269516,-7.8601850574721635,-36485.61875037729
37.86815769448953,32.81761823041629,-0.22400699763677537,-0.10329312953761716,400.0,-1.2108,1.375,0.4,2.659,1.3,1126259642.413,39.584675477198395,-7.8601850574721635,-36431.919589992394
36.912184802561256,32.48553233076182,0.07105771040404563,-0.6161861849857879,400.0,-1.2108,1.375,0.4,2.659,1.3,1126259642.413,39.58607680339662,-7.8601850574721635,-36488.209703031476
38.86895481225192,30.27389334532596,-0.09931107577819415,-0.4455214300081375,400.0,-1.2108,1.375,0.4,2.659,1.3,1126259642.413,39.588822184105524,-7.8601850574721635,-36337.7059234349
38.48609637615444,32.66412175178034,0.2632210038047813,-0.5965265016262036,400.0,-1.2108,1.375,0.4,2.659,1.3,1126259642.413,39.591964056181496,-7.8601850574721635,-36592.65446683877
36.84061915063377,30.896954126733405,-0.5595443945717387,-0.11213846517472095,400.0,-1.2108,1.375,0.4,2.659,1.3,1126259642.413,39.59211229549191,-7.8601850574721635,-36377.087617751255
37.35602606445318,31.08069352908101,-0.04706772759178257,-0.6168229568870356,400.0,-1.2108,1.375,0.4,2.659,1.3,1126259642.413,39.59247053971002,-7.8601850574721635,-36267.338207479275
40.516458652849735,30.42367003240722,-0.183261655477571,-0.11099925191464288,400.0,-1.2108,1.375,0.4,2.659,1.3,1126259642.413,39.59337815880394,-7.8601850574721635,-36307.94416255938
39.25204255322579,31.389980435630772,0.310426490724255,-0.7289433695208095,400.0,-1.2108,1.375,0.4,2.659,1.3,1126259642.413,39.59419492522763,-7.8601850574721635,-36337.97148653047
37.20739689831182,30.465171532869828,-0.4846154059222785,-0.16573174935016807,400.0,-1.2108,1.375,0.4,2.659,1.3,1126259642.413,39.59581138825219,-7.8601850574721635,-36332.03100442359
35.652674896775366,34.24144465161962,-0.2916896716162175,-0.1200902322318074,400.0,-1.2108,1.375,0.4,2.659,1.3,1126259642.413,39.596475266164866,-7.8601850574721635,-36495.0497239771
33.76781215537614,33.54558868328831,-0.3566505243322351,-0.4053269916307055,400.0,-1.2108,1.375,0.4,2.659,1.3,1126259642.413,39.59667794002742,-7.8601850574721635,-36346.87923037066
36.99132908030883,32.829502077313514,-0.030819270014649153,-0.41707421690246416,400.0,-1.2108,1.375,0.4,2.659,1.3,1126259642.413,39.59745803478253,-7.8601850574721635,-36532.03664495923
38.0412086832841,31.68923369291317,-0.09257768976074396,-0.39017620012436804,400.0,-1.2108,1.375,0.4,2.659,1.3,1126259642.413,39.59822812989197,-7.8601850574721635,-36509.235079016595
37.84331262905606,31.040710511529024,-0.10119073490250578,-0.4631701504218284,400.0,-1.2108,1.375,0.4,2.659,1.3,1126259642.413,39.599470740205064,-7.8601850574721635,-36331.001705585746
35.69201188325778,33.525174480619455,-0.26833081618195265,-0.22773302058277928,400.0,-1.2108,1.375,0.4,2.659,1.3,1126259642.413,39.60003712597528,-7.8601850574721635,-36483.90141282129
37.46061578254549,32.31446103997571,-0.0669634158779698,-0.39391471473675355,400.0,-1.2108,1.375,0.4,2.659,1.3,1126259642.413,39.60075171280013,-7.8601850574721635,-36532.03227703301
36.2902330012401,30.529820386295327,-0.19895200227181387,-0.6329409720209873,400.0,-1.2108,1.375,0.4,2.659,1.3,1126259642.413,39.60213868485601,-7.8601850574721635,-36305.955262519084
34.63089899337912,31.971074430207622,-0.09365853432790772,-0.7649116278764666,400.0,-1.2108,1.375,0.4,2.659,1.3,1126259642.413,39.60263804709176,-7.8601850574721635,-36329.82952773896
39.27393105550501,30.860345583149677,-0.1717057085200804,-0.2145846310015439,400.0,-1.2108,1.375,0.4,2.659,1.3,1126259642.413,39.603558491198214,-7.8601850574721635,-36497.727351673195
37.09149993977508,33.35638684979549,-0.029202383702301687,-0.32710834120454785,400.0,-1.2108,1.375,0.4,2.659,1.3,1126259642.413,39.603890126295724,-7.8601850574721635,-36383.62429410488
35.2334703586112,32.57808454127451,-0.6776600542404094,-0.010661810595693377,400.0,-1.2108,1.375,0.4,2.659,1.3,1126259642.413,39.604755077877584,-7.8601850574721635,-36398.333415662004
37.474965919133254,33.90945529892927,-0.31826121016440456,0.11085662875167923,400.0,-1.2108,1.375,0.4,2.659,1.3,1126259642.413,39.60515468606796,-7.8601850574721635,-36599.15594529053
37.18384823988806,32.91529584187662,0.18013759919006145,-0.6239705040435735,400.0,-1.2108,1.375,0.4,2.659,1.3,1126259642.413,39.60756179243854,-7.8601850574721635,-36441.04350979172
37.10704186172669,30.94656027790017,-0.5632076909052456,-0.058175622053286496,400.0,-1.2108,1.375,0.4,2.659,1.3,1126259642.413,39.60823464411458,-7.8601850574721635,-36368.02778595563
37.59129709372857,31.477750498807264,-0.7724917423398314,0.3091271806469021,400.0,-1.2108,1.375,0.4,2.659,1.3,1126259642.413,39.60840914904782,-7.8601850574721635,-36406.816061741716
40.40795858062991,30.331759233079197,-0.10733601125820444,-0.23253345797866537,400.0,-1.2108,1.375,0.4,2.659,1.3,1126259642.413,39.60944788200838,-7.8601850574721635,-36341.46206805578
34.770766446824766,32.530397723069605,-0.3568908438353933,-0.4077416072409437,400.0,-1.2108,1.375,0.4,2.659,1.3,1126259642.413,39.61055398543803,-7.8601850574721635,-36328.97911660784
33.79340424934196,33.25388275137097,-0.49029944521357516,-0.2871951931246077,400.0,-1.2108,1.375,0.4,2.659,1.3,1126259642.413,39.61076396581181,-7.8601850574721635,-36274.30512761613
37.41706984740769,31.81655789628766,-0.4784170432767835,0.011728027282188969,400.0,-1.2108,1.375,0.4,2.659,1.3,1126259642.413,39.61090149912524,-7.8601850574721635,-36442.858430577326
34.67208525377896,32.778333559906876,-0.21454463566096932,-0.5494879511305293,400.0,-1.2108,1.375,0.4,2.659,1.3,1126259642.413,39.61238359224632,-7.8601850574721635,-36385.87745333122
39.92620831386522,39.67822635408315,0.0304668680180549,0.09726334128595865,400.0,-1.2108,1.375,0.4,2.659,1.3,1126259642.413,39.6133646489545,-7.8601850574721635,-36985.21414558272
39.74634148948891,31.629248514696695,0.1264669782317283,-0.4251149763824683,400.0,-1.2108,1.375,0.4,2.659,1.3,1126259642.413,39.614935698261945,-7.8601850574721635,-36569.536414254224
39.0907477114498,32.12051507589282,0.20918237205293153,-0.5389964524503115,400.0,-1.2108,1.375,0.4,2.659,1.3,1126259642.413,39.61551730123165,-7.8601850574721635,-36574.53746418039
36.75388805021779,32.06871766264347,-0.5299828115661632,0.014668726029072154,400.0,-1.2108,1.375,0.4,2.659,1.3,1126259642.413,39.61918187586265,-7.8601850574721635,-36379.89181283119
37.20816294416919,34.128687618878224,-0.56873792020627,0.3842884022203263,400.0,-1.2108,1.375,0.4,2.659,1.3,1126259642.413,39.619955000752995,-7.8601850574721635,-36603.671760629855
34.67432971472181,31.79981119086672,-0.21871434722172245,-0.6577632128176,400.0,-1.2108,1.375,0.4,2.659,1.3,1126259642.413,39.621319744088986,-7.8601850574721635,-36278.3708367278
38.70249297425274,30.325799986115317,-0.38647441512553266,-0.08196391541816422,400.0,-1.2108,1.375,0.4,2.659,1.3,1126259642.413,39.62146968487098,-7.8601850574721635,-36307.95652317507
34.590505369338935,34.3898269829265,-0.10783166141011416,-0.3987558530703146,400.0,-1.2108,1.375,0.4,2.659,1.3,1126259642.413,39.62304142906892,-7.8601850574721635,-36464.91805749319
33.677116360359875,31.821980463223518,-0.4166328494350555,-0.5751919435017331,400.0,-1.2108,1.375,0.4,2.659,1.3,1126259642.413,39.623708390106835,-7.8601850574721635,-36302.21173215994
36.534827349939036,33.35806230634555,-0.13463454834052896,-0.3096301793025188,400.0,-1.2108,1.375,0.4,2.659,1.3,1126259642.413,39.62425474138254,-7.8601850574721635,-36509.273287432676
35.74027153065713,35.17020622746556,-0.02567067605906828,-0.22349480874822197,400.0,-1.2108,1.375,0.4,2.659,1.3,1126259642.413,39.6247277109998,-7.8601850574721635,-36614.22587470374
39.00680010675366,32.18326724300724,-0.005996267575554631,-0.2743852859013297,400.0,-1.2108,1.375,0.4,2.659,1.3,1126259642.413,39.62537329142812,-7.8601850574721635,-36574.72181333817
35.0888424101474,34.525313222647945,0.19553696322725983,-0.6480452003955512,400.0,-1.2108,1.375,0.4,2.659,1.3,1126259642.413,39.6254795942873,-7.8601850574721635,-36551.15054716313
34.42941246981199,34.101014519154965,-0.5606296365451151,-0.04597521024040396,400.0,-1.2108,1.375,0.4,2.659,1.3,1126259642.413,39.6256383173636,-7.8601850574721635,-36348.03802163343
36.1458528221935,33.27796095638124,-0.44667217928683783,-0.04213138823284346,400.0,-1.2108,1.375,0.4,2.659,1.3,1126259642.413,39.62681213411262,-7.8601850574721635,-36514.99861588154
35.09635630441626,34.5472237126085,-0.23479168906240416,-0.19432190817446954,400.0,-1.2108,1.375,0.4,2.659,1.3,1126259642.413,39.62806941048636,-7.8601850574721635,-36550.16258651425
36.11557366584941,34.159447243641004,0.06638455729597542,-0.43459505032347157,400.0,-1.2108,1.375,0.4,2.659,1.3,1126259642.413,39.63153091387389,-7.8601850574721635,-36384.16850083117
38.06306636205654,31.451093598820805,-0.4298045792873988,-0.015129042641313373,400.0,-1.2108,1.375,0.4,2.659,1.3,1126259642.413,39.63175865956221,-7.8601850574721635,-36461.393498251346
40.497546437440924,30.210896627180123,0.06022493899099414,-0.5110804198507717,400.0,-1.2108,1.375,0.4,2.659,1.3,1126259642.413,39.6320579366642,-7.8601850574721635,-36357.42828281382
36.85906403180611,33.02750728293654,-0.3750524002576391,-0.03936194996279116,400.0,-1.2108,1.375,0.4,2.659,1.3,1126259642.413,39.63246507359495,-7.8601850574721635,-36516.20310967018
37.72495346065855,31.614952056308518,-0.5458764791322022,0.10450675601886103,400.0,-1.2108,1.375,0.4,2.659,1.3,1126259642.413,39.63357078494134,-7.8601850574721635,-36447.19235452921
39.566753748141785,31.654349521529312,-0.12787359714496158,-0.11169528712980278,400.0,-1.2108,1.375,0.4,2.659,1.3,1126259642.413,39.63623369432274,-7.8601850574721635,-36538.92387241706
37.32898946917206,32.671460201892145,-0.2879929694508977,-0.1354036002102761,400.0,-1.2108,1.375,0.4,2.659,1.3,1126259642.413,39.637078136189565,-7.8601850574721635,-36487.949057063306
39.626053950603506,30.347790769763193,-0.12222095457341353,-0.3190994218084329,400.0,-1.2108,1.375,0.4,2.659,1.3,1126259642.413,39.637194770496635,-7.8601850574721635,-36466.477419082636
36.68991915373616,30.65437229609278,-0.23411896880578337,-0.5431516264893195,400.0,-1.2108,1.375,0.4,2.659,1.3,1126259642.413,39.63993931114043,-7.8601850574721635,-36257.25545173224
40.32894782292189,30.479481100501037,0.1232501656702513,-0.5468505546467217,400.0,-1.2108,1.375,0.4,2.659,1.3,1126259642.413,39.64055237232936,-7.8601850574721635,-36318.01018427841
36.10747832444449,34.190606719657396,-0.3362269362671356,-0.028619354275551234,400.0,-1.2108,1.375,0.4,2.659,1.3,1126259642.413,39.64171802145855,-7.8601850574721635,-36381.68219962222
37.712965744687416,33.81939465132234,-0.28122583505879123,0.08882250793271568,400.0,-1.2108,1.375,0.4,2.659,1.3,1126259642.413,39.64252575727242,-7.8601850574721635,-36589.26485063983
35.49620534008499,31.84039796458565,0.02106773300857792,-0.7908822178853478,400.0,-1.2108,1.375,0.4,2.659,1.3,1126259642.413,39.64373363847618,-7.8601850574721635,-36314.169828823775
38.5387145641223,32.99677646903183,-0.05504451868149443,-0.17229073897030767,400.0,-1.2108,1.375,0.4,2.659,1.3,1126259642.413,39.643774493517256,-7.8601850574721635,-36579.07227616596
34.7748641170669,32.493701932495995,-0.38434881070380905,-0.3818731023346481,400.0,-1.2108,1.375,0.4,2.659,1.3,1126259642.413,39.64396126228362,-7.8601850574721635,-36315.93713412143
39.0999001382164,32.3537340078295,-0.07984233232265806,-0.15503174584333224,400.0,-1.2108,1.375,0.4,2.659,1.3,1126259642.413,39.644843547408925,-7.8601850574721635,-36584.22606150167
33.64992571837674,33.270310350660594,-0.2852870614958172,-0.5229494898292901,400.0,-1.2108,1.375,0.4,2.659,1.3,1126259642.413,39.645490968228685,-7.8601850574721635,-36274.36680800692
40.034333391932705,39.63058225050931,0.0590558442066509,0.07438569074069776,400.0,-1.2108,1.375,0.4,2.659,1.3,1126259642.413,39.645656871565514,-7.8601850574721635,-36980.41560439129
39.02175243087948,32.22974771155147,-0.12472052278446638,-0.11841048627329745,400.0,-1.2108,1.375,0.4,2.659,1.3,1126259642.413,39.648330186303504,-7.8601850574721635,-36585.60125432093
37.80081487579635,31.095107290523686,-0.07717980374317793,-0.4887979366142391,400.0,-1.2108,1.375,0.4,2.659,1.3,1126259642.413,39.648899343041776,-7.8601850574721635,-36338.31302545392
37.22251407084746,34.187551770492696,-0.14456751742777016,-0.0647058659812769,400.0,-1.2108,1.375,0.4,2.659,1.3,1126259642.413,39.65042765337329,-7.8601850574721635,-36595.58277142516
34.875835187557485,34.58200693476771,0.3144529307012159,-0.7920448527018609,400.0,-1.2108,1.375,0.4,2.659,1.3,1126259642.413,39.65098947153916,-7.8601850574721635,-36537.526121272174
37.8149246145271,31.2781245635793,0.06949243789122816,-0.6398189569802358,400.0,-1.2108,1.375,0.4,2.659,1.3,1126259642.413,39.65115892760042,-7.8601850574721635,-36400.27152141399
36.770461536627366,34.69698647466368,-0.6118379488179245,0.4242603653449469,400.0,-1.2108,1.375,0.4,2.659,1.3,1126259642.413,39.655011704013916,-7.8601850574721635,-36597.92451368729
38.76547240998048,30.36875659577266,-0.2794738201313306,-0.20988079818969368,400.0,-1.2108,1.375,0.4,2.659,1.3,1126259642.413,39.655210852124554,-7.8601850574721635,-36343.84893138305
38.25511457921849,31.148502609981755,-0.7964395227849131,0.4333702886263039,400.0,-1.2108,1.375,0.4,2.659,1.3,1126259642.413,39.65553082134212,-7.8601850574721635,-36432.996346356376
35.98791764317348,33.08858493555381,-0.4408589417109655,-0.09556515008474786,400.0,-1.2108,1.375,0.4,2.659,1.3,1126259642.413,39.655645585909916,-7.8601850574721635,-36461.12328575551
37.79803659937144,33.20183381294989,0.23705545580981713,-0.5637951727736494,400.0,-1.2108,1.375,0.4,2.659,1.3,1126259642.413,39.65625184793953,-7.8601850574721635,-36586.125212747975
36.71282632976548,31.151530431777875,-0.18389423712728553,-0.49248265464961366,400.0,-1.2108,1.375,0.4,2.659,1.3,1126259642.413,39.65634229005939,-7.8601850574721635,-36392.307045102905
34.33183521720349,34.14637397213189,-0.028999987590380277,-0.5802048119478898,400.0,-1.2108,1.375,0.4,2.659,1.3,1126259642.413,39.65746795813031,-7.8601850574721635,-36331.965494178316
38.85500206493199,32.60101104084294,-0.34093205878459043,0.16072788270805355,400.0,-1.2108,1.375,0.4,2.659,1.3,1126259642.413,39.65893724414313,-7.8601850574721635,-36586.032226474716
38.49510850146396,30.84488028578695,-0.627989071904288,0.2223410086826802,400.0,-1.2108,1.375,0.4,2.659,1.3,1126259642.413,39.65926658812515,-7.8601850574721635,-36411.820252321064
39.95298040666889,30.568973814738833,-0.2441390649153433,-0.07818529340359287,400.0,-1.2108,1.375,0.4,2.659,1.3,1126259642.413,39.65938620449874,-7.8601850574721635,-36402.39030101983
37.63723141990153,31.947315791947467,0.014859885815315138,-0.5133206288359415,400.0,-1.2108,1.375,0.4,2.659,1.3,1126259642.413,39.65975367819153,-7.8601850574721635,-36497.503778101185
35.88654631423831,34.08613278423299,-0.24649441377185052,-0.15364659310001494,400.0,-1.2108,1.375,0.4,2.659,1.3,1126259642.413,39.66114117184135,-7.8601850574721635,-36468.52355981089
35.51381454628648,32.21376059159398,-0.5447872711477737,-0.13926303863156703,400.0,-1.2108,1.375,0.4,2.659,1.3,1126259642.413,39.66350023141113,-7.8601850574721635,-36406.95306706392
37.053838576354245,31.327349241073446,0.054246922516676954,-0.7409064183630332,400.0,-1.2108,1.375,0.4,2.659,1.3,1126259642.413,39.66533393077211,-7.8601850574721635,-36273.17856572828
36.30844685682674,33.64474138210382,-0.1004133280121679,-0.32749396137858655,400.0,-1.2108,1.375,0.4,2.659,1.3,1126259642.413,39.665971967564964,-7.8601850574721635,-36481.67149604993
35.34516581598142,34.41029430812357,0.030614744737352984,-0.469464664047738,400.0,-1.2108,1.375,0.4,2.659,1.3,1126259642.413,39.66636066735785,-7.8601850574721635,-36536.17473860236
35.10314911815013,31.925362258885542,-0.48337202576199334,-0.2990430476254961,400.0,-1.2108,1.375,0.4,2.659,1.3,1126259642.413,39.66661256266677,-7.8601850574721635,-36269.34196736397
37.995697988868166,31.563189739107635,-0.45727331706237734,0.024740480673721366,400.0,-1.2108,1.375,0.4,2.659,1.3,1126259642.413,39.66895787662307,-7.8601850574721635,-36473.09481457949
38.92121911032142,32.04330347866927,-0.07916136588389634,-0.23271382593203543,400.0,-1.2108,1.375,0.4,2.659,1.3,1126259642.413,39.66962161861244,-7.8601850574721635,-36482.36949183433
38.66833554409226,32.87630666568407,-0.21789144248626768,0.01959943328039751,400.0,-1.2108,1.375,0.4,2.659,1.3,1126259642.413,39.66966483810577,-7.8601850574721635,-36577.093051144446
35.03248903834108,34.14151924150467,-0.03843472280304741,-0.4787052527275758,400.0,-1.2108,1.375,0.4,2.659,1.3,1126259642.413,39.67032336513802,-7.8601850574721635,-36483.44152765792
39.58728548064489,30.233722230340923,-0.2410061192565583,-0.19232321585328865,400.0,-1.2108,1.375,0.4,2.659,1.3,1126259642.413,39.670756332502776,-7.8601850574721635,-36430.194117778134
38.82225422630538,32.91895249331948,-0.7551140232771619,0.6630803859098974,400.0,-1.2108,1.375,0.4,2.659,1.3,1126259642.413,39.67108404490161,-7.8601850574721635,-36576.70313022716
39.03623934519317,31.848917713727115,-0.20224983852796258,-0.09100327897941521,400.0,-1.2108,1.375,0.4,2.659,1.3,1126259642.413,39.67213166976205,-7.8601850574721635,-36424.183248055226
37.77164462053934,31.285854646877674,-0.7636695837789247,0.338938230515259,400.0,-1.2108,1.375,0.4,2.659,1.3,1126259642.413,39.67293263725681,-7.8601850574721635,-36394.429333391105
35.987229697975955,32.20451664698285,-0.6590454768837527,0.05419498245455512,400.0,-1.2108,1.375,0.4,2.659,1.3,1126259642.413,39.67415629433264,-7.8601850574721635,-36302.27766130085
39.78233839112467,31.478492076046795,-0.1545499563971019,-0.06054467462578911,400.0,-1.2108,1.375,0.4,2.659,1.3,1126259642.413,39.67482590471759,-7.8601850574721635,-36533.65630857988
35.45240336950894,34.57424412450547,0.08396518582308427,-0.4866372409145533,400.0,-1.2108,1.375,0.4,2.659,1.3,1126259642.413,39.674916347945285,-7.8601850574721635,-36438.6180492454
35.27277339241921,34.89681679707227,-0.3337983484999204,-0.02722627512739223,400.0,-1.2108,1.375,0.4,2.659,1.3,1126259642.413,39.67644124055947,-7.8601850574721635,-36393.909449787185
36.20973350596838,32.911204003063226,-0.2957822655575354,-0.21492174137268133,400.0,-1.2108,1.375,0.4,2.659,1.3,1126259642.413,39.67672004317429,-7.8601850574721635,-36462.681376442655
39.2307912595127,31.756048782441084,-0.0013840075519391537,-0.27969591929560356,400.0,-1.2108,1.375,0.4,2.659,1.3,1126259642.413,39.67846546371535,-7.8601850574721635,-36460.635005067954
38.89188743490125,31.142212806455603,0.2575164425874694,-0.7998803036676223,400.0,-1.2108,1.375,0.4,2.659,1.3,1126259642.413,39.6787202878887,-7.8601850574721635,-36508.11688443279
39.286012075461635,32.289411749095166,-0.5972867259818393,0.4931964963833873,400.0,-1.2108,1.375,0.4,2.659,1.3,1126259642.413,39.67874487731656,-7.8601850574721635,-36573.68814096402
34.769990296176466,33.30024775734039,-0.7930521672154554,0.13740159270232627,400.0,-1.2108,1.375,0.4,2.659,1.3,1126259642.413,39.679827830570275,-7.8601850574721635,-36319.79759778088
34.14460278312491,33.73758287265685,-0.7914422365285207,0.10373070691725278,400.0,-1.2108,1.375,0.4,2.659,1.3,1126259642.413,39.68057834606678,-7.8601850574721635,-36375.08226178336
34.49229316035838,32.30276149421585,-0.31779981766190846,-0.5141204917504332,400.0,-1.2108,1.375,0.4,2.659,1.3,1126259642.413,39.68136584972726,-7.8601850574721635,-36307.37814824993
36.12282936937474,33.952829131211345,0.3443265068600576,-0.7826380040644234,400.0,-1.2108,1.375,0.4,2.659,1.3,1126259642.413,39.68149553576603,-7.8601850574721635,-36427.89785494331
37.31080434322588,33.89051786840095,0.12940887069412113,-0.3847935188913734,400.0,-1.2108,1.375,0.4,2.659,1.3,1126259642.413,39.68168798792269,-7.8601850574721635,-36617.19263539086
38.48631404865654,32.20952743936715,-0.13418902298330243,-0.21334732117288396,400.0,-1.2108,1.375,0.4,2.659,1.3,1126259642.413,39.682017330110774,-7.8601850574721635,-36386.83456541607
35.16733754653467,33.67638140478297,-0.3043866367327224,-0.2214298303466165,400.0,-1.2108,1.375,0.4,2.659,1.3,1126259642.413,39.68219161385929,-7.8601850574721635,-36438.23054639892
37.17849520183458,33.473856047122304,-0.03811607203734004,-0.3047134847573597,400.0,-1.2108,1.375,0.4,2.659,1.3,1126259642.413,39.68425632615371,-7.8601850574721635,-36460.18859889219
34.85940610893887,34.115473617092896,-0.12408096620166517,-0.42288962255744417,400.0,-1.2108,1.375,0.4,2.659,1.3,1126259642.413,39.68447823572957,-7.8601850574721635,-36463.23991915482
39.11160813903981,30.194881363246655,-0.6344869403146121,0.2615736790343505,400.0,-1.2108,1.375,0.4,2.659,1.3,1126259642.413,39.68543258405756,-7.8601850574721635,-36368.164112276645
35.93527316105785,33.4378609163666,0.19741338702134154,-0.7257418814910912,400.0,-1.2108,1.375,0.4,2.659,1.3,1126259642.413,39.68892693025193,-7.8601850574721635,-36508.95420104109
35.21347187056703,34.964818755960366,-0.32617997745519106,-0.03823217878474605,400.0,-1.2108,1.375,0.4,2.659,1.3,1126259642.413,39.68931394873735,-7.8601850574721635,-36392.42525094422
35.91850557394605,32.45809754279099,-0.3798854966600598,-0.2539360856749007,400.0,-1.2108,1.375,0.4,2.659,1.3,1126259642.413,39.6897220576931,-7.8601850574721635,-36283.10673676927
35.152985044576596,34.623471997992176,-0.36272353603659047,-0.05518291102780862,400.0,-1.2108,1.375,0.4,2.659,1.3,1126259642.413,39.691011542353635,-7.8601850574721635,-36531.04011736963
37.93436016672015,30.850500989886648,-0.7321539673602094,0.28631695284087305,400.0,-1.2108,1.375,0.4,2.659,1.3,1126259642.413,39.693020396234445,-7.8601850574721635,-36286.4386290987
37.474533718433385,31.073160815601426,-0.6602128122285892,0.13457301015739562,400.0,-1.2108,1.375,0.4,2.659,1.3,1126259642.413,39.69532726856172,-7.8601850574721635,-36260.23699853517
38.7913225883539,30.54930543318963,-0.05076981321070165,-0.4801720770955248,400.0,-1.2108,1.375,0.4,2.659,1.3,1126259642.413,39.69652651887914,-7.8601850574721635,-36396.165726854706
35.155366597104575,34.0602953307397,-0.64878369830278,0.1362496556213913,400.0,-1.2108,1.375,0.4,2.659,1.3,1126259642.413,39.69659234915405,-7.8601850574721635,-36490.41941535989
39.11425410162854,30.664087716424458,-0.044370367695996366,-0.4498013308968169,400.0,-1.2108,1.375,0.4,2.659,1.3,1126259642.413,39.69728470650329,-7.8601850574721635,-36456.006913039586
35.700050342666586,33.4135876123326,-0.7481484216950838,0.22901748630345978,400.0,-1.2108,1.375,0.4,2.659,1.3,1126259642.413,39.698368663540556,-7.8601850574721635,-36470.8599410519
35.22235705394917,32.42379598157218,-0.33381575019970067,-0.39565203519511816,400.0,-1.2108,1.375,0.4,2.659,1.3,1126259642.413,39.698397121707075,-7.8601850574721635,-36408.9278158497
35.07962121956479,33.22570905993158,-0.019419628600437416,-0.634468825965641,400.0,-1.2108,1.375,0.4,2.659,1.3,1126259642.413,39.69866508654299,-7.8601850574721635,-36293.04622245451
36.78194600805119,33.505059072750925,0.20865734526875152,-0.6111713529576273,400.0,-1.2108,1.375,0.4,2.659,1.3,1126259642.413,39.69882502895693,-7.8601850574721635,-36380.512732896896
35.34028832423709,34.8416725833144,0.18312414798150467,-0.5690140437002168,400.0,-1.2108,1.375,0.4,2.659,1.3,1126259642.413,39.70016745156571,-7.8601850574721635,-36392.481259046785
37.09873261848204,31.275378566767007,-0.7444611589108736,0.188405664821358,400.0,-1.2108,1.375,0.4,2.659,1.3,1126259642.413,39.70025155407545,-7.8601850574721635,-36273.7701615441
36.562655994426244,30.234578914742688,-0.21004287212340073,-0.6242702653719876,400.0,-1.2108,1.375,0.4,2.659,1.3,1126259642.413,39.70029184418981,-7.8601850574721635,-36295.152423284686
35.475205998883744,33.00158292225112,-0.7064033913123049,0.11721920370718053,400.0,-1.2108,1.375,0.4,2.659,1.3,1126259642.413,39.700423500045176,-7.8601850574721635,-36315.18732145675
38.677115871888674,32.01090966506338,-0.2731702801875726,-0.039121976564239214,400.0,-1.2108,1.375,0.4,2.659,1.3,1126259642.413,39.70348994378566,-7.8601850574721635,-36370.87787140109
34.57585884963922,33.70493981477737,-0.5459769059870171,-0.0911817028401458,400.0,-1.2108,1.375,0.4,2.659,1.3,1126259642.413,39.703919271359325,-7.8601850574721635,-36294.91144916258
36.49223959740263,33.19694899517664,-0.22874794922656858,-0.21164245467572879,400.0,-1.2108,1.375,0.4,2.659,1.3,1126259642.413,39.70538278783054,-7.8601850574721635,-36543.27550066811
38.14171948162847,32.63618751319954,-0.18060582541981923,-0.14515577997419093,400.0,-1.2108,1.375,0.4,2.659,1.3,1126259642.413,39.70542377136102,-7.8601850574721635,-36454.84640669248
40.95717300859334,30.376429986763085,-0.08304863722500873,-0.17163471163089203,400.0,-1.2108,1.375,0.4,2.659,1.3,1126259642.413,39.705599144144905,-7.8601850574721635,-36409.64140481992
35.96963388571345,30.909578936565723,-0.3838854006593573,-0.41922123716729487,400.0,-1.2108,1.375,0.4,2.659,1.3,1126259642.413,39.706320651868,-7.8601850574721635,-36305.367703367476
39.925101799573255,30.800042662499987,0.18911961317069245,-0.6496868163566626,400.0,-1.2108,1.375,0.4,2.659,1.3,1126259642.413,39.70756226685891,-7.8601850574721635,-36327.046295267406
39.19265565748997,32.41200566665284,-0.6353266669837756,0.5368070439656196,400.0,-1.2108,1.375,0.4,2.659,1.3,1126259642.413,39.70826272099474,-7.8601850574721635,-36568.21102741145
40.229176919648694,30.21099714744582,-0.36377797734541084,0.07454612241570127,400.0,-1.2108,1.375,0.4,2.659,1.3,1126259642.413,39.7091134665465,-7.8601850574721635,-36453.77174969476
37.86623598250062,31.265428412179634,-0.0389853387686312,-0.5312293734429945,400.0,-1.2108,1.375,0.4,2.659,1.3,1126259642.413,39.71029197766494,-7.8601850574721635,-36409.17182628841
38.66314517480566,32.66108183037568,-0.23726941545351332,0.030026366309467145,400.0,-1.2108,1.375,0.4,2.659,1.3,1126259642.413,39.710380536249836,-7.8601850574721635,-36598.61869721365
35.53745938754125,32.584663221616466,-0.5523755498256375,-0.10103927374798569,400.0,-1.2108,1.375,0.4,2.659,1.3,1126259642.413,39.713898658251395,-7.8601850574721635,-36313.01770355529
39.612701876845605,31.01532961777403,0.22363923079538184,-0.6726599608718973,400.0,-1.2108,1.375,0.4,2.659,1.3,1126259642.413,39.716514318126386,-7.8601850574721635,-36344.59822597884
36.75660692620271,34.223815050930526,0.29474917345278,-0.5901073852654765,400.0,-1.2108,1.375,0.4,2.659,1.3,1126259642.413,39.71771947746191,-7.8601850574721635,-36614.78754867958
35.295286827103006,34.20095474964674,-0.2947846285471723,-0.15638546094288014,400.0,-1.2108,1.375,0.4,2.659,1.3,1126259642.413,39.71802148301013,-7.8601850574721635,-36540.688838893824
40.862697648759394,30.100623232065328,-0.1734287046280703,-0.13371137105490308,400.0,-1.2108,1.375,0.4,2.659,1.3,1126259642.413,39.720407859470555,-7.8601850574721635,-36301.27415123403
34.94112054758749,32.25169549154089,-0.3847268652484374,-0.3988543645663841,400.0,-1.2108,1.375,0.4,2.659,1.3,1126259642.413,39.720665404250475,-7.8601850574721635,-36287.90730449534
35.915846237932215,35.198017754770724,0.35633013957093734,-0.6086093397933849,400.0,-1.2108,1.375,0.4,2.659,1.3,1126259642.413,39.72075603879248,-7.8601850574721635,-36626.779165437285
37.52346751423272,31.632188756728834,-0.29803878272095535,-0.23473484191951205,400.0,-1.2108,1.375,0.4,2.659,1.3,1126259642.413,39.72166883666852,-7.8601850574721635,-36428.512201316975
38.62711136783579,30.7906961704599,-0.18402449333400978,-0.29282712101435615,400.0,-1.2108,1.375,0.4,2.659,1.3,1126259642.413,39.722331974166124,-7.8601850574721635,-36416.94302247472
37.884360576793505,33.084593576016545,0.12596309022693392,-0.4389261834190089,400.0,-1.2108,1.375,0.4,2.659,1.3,1126259642.413,39.7223775182454,-7.8601850574721635,-36572.35112736379
37.592309347437045,33.53955708786557,0.09667660507133309,-0.3766429125859877,400.0,-1.2108,1.375,0.4,2.659,1.3,1126259642.413,39.72388320838514,-7.8601850574721635,-36616.09874406457
37.56304878729166,31.738479549500312,-0.5923121640527592,0.14996180159353018,400.0,-1.2108,1.375,0.4,2.659,1.3,1126259642.413,39.72590794376575,-7.8601850574721635,-36447.32219773844
38.64941760464637,32.98188503684437,-0.6902563251074024,0.5660309557675859,400.0,-1.2108,1.375,0.4,2.659,1.3,1126259642.413,39.72815849942558,-7.8601850574721635,-36575.78369753922
36.81985276521084,32.64878618780265,-0.4576917614951252,-0.019369460274027694,400.0,-1.2108,1.375,0.4,2.659,1.3,1126259642.413,39.72970386027953,-7.8601850574721635,-36505.346788898794
36.45433304385399,32.616751211627296,-0.7721997893856449,0.2569778098250291,400.0,-1.2108,1.375,0.4,2.659,1.3,1126259642.413,39.73072212573911,-7.8601850574721635,-36451.71646916799
38.05487979125442,33.310286836944215,0.06264756151681924,-0.3174618103728985,400.0,-1.2108,1.375,0.4,2.659,1.3,1126259642.413,39.73187285607212,-7.8601850574721635,-36597.782182925905
35.572530073476344,34.02940263958398,0.1234561782580533,-0.5915142717302679,400.0,-1.2108,1.375,0.4,2.659,1.3,1126259642.413,39.732465807358246,-7.8601850574721635,-36550.152125277615
36.94794910459469,31.39587029896058,-0.49252697270016316,-0.11703565612718445,400.0,-1.2108,1.375,0.4,2.659,1.3,1126259642.413,39.73317997714646,-7.8601850574721635,-36277.43672539653
37.88418520806071,33.83436805009927,-0.6371627098543813,0.49021037026409053,400.0,-1.2108,1.375,0.4,2.659,1.3,1126259642.413,39.733277208077254,-7.8601850574721635,-36606.51341177523
36.76324652114407,31.32723043461685,-0.6185169181906012,0.01528597779273505,400.0,-1.2108,1.375,0.4,2.659,1.3,1126259642.413,39.73710812005991,-7.8601850574721635,-36350.65075960476
39.61135616230564,30.958612307606117,0.10917950180857246,-0.5400267301305258,400.0,-1.2108,1.375,0.4,2.659,1.3,1126259642.413,39.73759927714899,-7.8601850574721635,-36359.449698281634
38.20688288797086,32.10062635021751,-0.07711414586898145,-0.3365290582994034,400.0,-1.2108,1.375,0.4,2.659,1.3,1126259642.413,39.73796413398558,-7.8601850574721635,-36397.4300346058
35.72730753288943,34.43023940386673,-0.21295089528334166,-0.16938640212338926,400.0,-1.2108,1.375,0.4,2.659,1.3,1126259642.413,39.738029487865546,-7.8601850574721635,-36396.62156854924
36.799019924713484,32.50713873760774,0.16518219016523078,-0.7190939896528608,400.0,-1.2108,1.375,0.4,2.659,1.3,1126259642.413,39.73822697609897,-7.8601850574721635,-36473.02498815072
36.603142364159964,33.337783570425195,-0.2652753618373954,-0.16274218063655999,400.0,-1.2108,1.375,0.4,2.659,1.3,1126259642.413,39.73990110734733,-7.8601850574721635,-36491.71926896373
36.1297262188014,32.89013646646755,0.12779407913961882,-0.6897455783572428,400.0,-1.2108,1.375,0.4,2.659,1.3,1126259642.413,39.74040705276128,-7.8601850574721635,-36452.546715416414
38.50594211431895,30.731870116509853,0.1809859233163592,-0.788631108407039,400.0,-1.2108,1.375,0.4,2.659,1.3,1126259642.413,39.74072434867765,-7.8601850574721635,-36394.29188078917
38.734811409672105,32.718257199735156,-0.13017438809371468,-0.09365156028378926,400.0,-1.2108,1.375,0.4,2.659,1.3,1126259642.413,39.74084748181146,-7.8601850574721635,-36587.075267926935
36.015024675865575,31.31544046063228,-0.26393804453019765,-0.48349829539757105,400.0,-1.2108,1.375,0.4,2.659,1.3,1126259642.413,39.74095066944287,-7.8601850574721635,-36285.833447766134
36.71529414560255,34.261623747046784,0.2310004408665816,-0.5179582324763158,400.0,-1.2108,1.375,0.4,2.659,1.3,1126259642.413,39.74140217982567,-7.8601850574721635,-36616.51988356692
39.739260697517366,30.623305271004,0.17270211978744396,-0.6825786691733197,400.0,-1.2108,1.375,0.4,2.659,1.3,1126259642.413,39.74297876740079,-7.8601850574721635,-36455.880478813706
39.09400026976752,30.84568716232149,-0.11263833783799072,-0.32710868642958646,400.0,-1.2108,1.375,0.4,2.659,1.3,1126259642.413,39.743806531820354,-7.8601850574721635,-36495.52338465447
35.71995844033609,35.431863882258746,0.2645505803791437,-0.5000398664528067,400.0,-1.2108,1.375,0.4,2.659,1.3,1126259642.413,39.74789225613151,-7.8601850574721635,-36624.92350812751
35.024323944907344,33.54314178065914,-0.08235690487876166,-0.4858727576105442,400.0,-1.2108,1.375,0.4,2.659,1.3,1126259642.413,39.75078642840663,-7.8601850574721635,-36353.32143535126
39.19254726506371,30.791094926901806,-0.15817173557338016,-0.2621860524895192,400.0,-1.2108,1.375,0.4,2.659,1.3,1126259642.413,39.75200924051799,-7.8601850574721635,-36496.62762906197
36.191168390653736,32.11526672520179,-0.6051627756294654,-0.009190811152989864,400.0,-1.2108,1.375,0.4,2.659,1.3,1126259642.413,39.75252583065163,-7.8601850574721635,-36281.685087003934
38.96266927004704,30.80612455302596,0.11651668548879544,-0.6400493039690962,400.0,-1.2108,1.375,0.4,2.659,1.3,1126259642.413,39.7540135649341,-7.8601850574721635,-36464.464691715315
35.37915534468288,34.772429134433274,0.013900350952668561,-0.39863967229666014,400.0,-1.2108,1.375,0.4,2.659,1.3,1126259642.413,39.75637013298595,-7.8601850574721635,-36397.21091988555
37.42652607149178,32.681971594494755,-0.24188657871755453,-0.16772996011416638,400.0,-1.2108,1.375,0.4,2.659,1.3,1126259642.413,39.756552280700404,-7.8601850574721635,-36450.25709153158
35.66975666907537,31.391423973443278,-0.22437631169235858,-0.5966701066625539,400.0,-1.2108,1.375,0.4,2.659,1.3,1126259642.413,39.75699439617864,-7.8601850574721635,-36265.98442433707
38.23695265927571,32.277809847010005,0.11937541836889705,-0.5207454007446928,400.0,-1.2108,1.375,0.4,2.659,1.3,1126259642.413,39.75768625922302,-7.8601850574721635,-36358.33449281064
37.05404638234986,33.1765744022901,0.14563170063972297,-0.5747439875470886,400.0,-1.2108,1.375,0.4,2.659,1.3,1126259642.413,39.75769754659178,-7.8601850574721635,-36389.707361361514
33.96982589505893,33.25006977329232,-0.0048501779175706885,-0.7440745690243217,400.0,-1.2108,1.375,0.4,2.659,1.3,1126259642.413,39.75997132210479,-7.8601850574721635,-36313.83961098319
34.19735752469061,33.75785334632243,-0.2623426454841534,-0.41313504403695217,400.0,-1.2108,1.375,0.4,2.659,1.3,1126259642.413,39.76015838254027,-7.8601850574721635,-36352.028065361985
39.38609873423819,30.295734871682434,-0.31269036085875973,-0.11274045623619722,400.0,-1.2108,1.375,0.4,2.659,1.3,1126259642.413,39.76103494496153,-7.8601850574721635,-36415.259268291076
35.616576265077306,31.403993417650824,-0.18304458620443714,-0.648882227789046,400.0,-1.2108,1.375,0.4,2.659,1.3,1126259642.413,39.762000698256315,-7.8601850574721635,-36265.66291533057
37.47639266366639,32.285311418473306,-0.5007303623624015,0.08019832197406646,400.0,-1.2108,1.375,0.4,2.659,1.3,1126259642.413,39.76280514924426,-7.8601850574721635,-36531.8225550865
38.86851703062133,32.604877788261845,-0.08405081887659546,-0.13957203278119934,400.0,-1.2108,1.375,0.4,2.659,1.3,1126259642.413,39.76288023561419,-7.8601850574721635,-36584.60393542601
36.674813994492645,32.49262853010081,0.07222762266470897,-0.6386851432479003,400.0,-1.2108,1.375,0.4,2.659,1.3,1126259642.413,39.7630898022922,-7.8601850574721635,-36457.29807118055
35.613889951049934,33.62452795629722,-0.07130645361108451,-0.4498320581339509,400.0,-1.2108,1.375,0.4,2.659,1.3,1126259642.413,39.763230976831174,-7.8601850574721635,-36489.30002719432
34.403900624302864,33.79765242119424,-0.30774652673100655,-0.3381965313587365,400.0,-1.2108,1.375,0.4,2.659,1.3,1126259642.413,39.76332310150056,-7.8601850574721635,-36293.04765313496
37.00085829180401,33.0525439852765,0.2600704512189838,-0.7226441919003812,400.0,-1.2108,1.375,0.4,2.659,1.3,1126259642.413,39.76502605386951,-7.8601850574721635,-36459.155224749324
36.265501535562926,32.29090048691544,-0.7774519100967283,0.2170131623305145,400.0,-1.2108,1.375,0.4,2.659,1.3,1126259642.413,39.765127603415316,-7.8601850574721635,-36312.10086894587
39.0891427986078,31.541765279611916,-0.27772880514837506,-0.03646222612776617,400.0,-1.2108,1.375,0.4,2.659,1.3,1126259642.413,39.76540235478333,-7.8601850574721635,-36341.976189367335
36.03948389237498,35.12618396171662,0.18077567821310117,-0.41731389388945966,400.0,-1.2108,1.375,0.4,2.659,1.3,1126259642.413,39.765556252600355,-7.8601850574721635,-36623.688070796845
36.75055331703271,31.575899281779318,-0.716915808995765,0.14887880896892164,400.0,-1.2108,1.375,0.4,2.659,1.3,1126259642.413,39.76830751030354,-7.8601850574721635,-36278.89551289926
38.11359145977808,30.196896628318772,-0.6760726030249851,0.15948363315318126,400.0,-1.2108,1.375,0.4,2.659,1.3,1126259642.413,39.768485567049154,-7.8601850574721635,-36328.16783664111
40.21698726084712,30.750582358622466,0.1424193569426047,-0.5363289372920252,400.0,-1.2108,1.375,0.4,2.659,1.3,1126259642.413,39.76973925700819,-7.8601850574721635,-36333.82938502857
37.71883445728223,31.591519173521444,-0.7652114286058403,0.3407227693750573,400.0,-1.2108,1.375,0.4,2.659,1.3,1126259642.413,39.76992040848272,-7.8601850574721635,-36442.50297560329
39.54363936108714,31.15667166134001,0.21086942506386336,-0.6034031074250473,400.0,-1.2108,1.375,0.4,2.659,1.3,1126259642.413,39.77018511220923,-7.8601850574721635,-36332.16981527018
37.620983594771005,30.234368746271578,-0.5274034518268657,-0.08101556626652681,400.0,-1.2108,1.375,0.4,2.659,1.3,1126259642.413,39.7708000433608,-7.8601850574721635,-36359.82129381582
38.101770707773376,33.433534421050716,-0.49067313570850757,0.3162821668537958,400.0,-1.2108,1.375,0.4,2.659,1.3,1126259642.413,39.771147472173155,-7.8601850574721635,-36583.85832291193
37.87385767671554,31.377028644389814,-0.7672221372056243,0.3699056483528899,400.0,-1.2108,1.375,0.4,2.659,1.3,1126259642.413,39.772622081102554,-7.8601850574721635,-36427.55785139058
36.35810505532764,33.42727736986952,-0.08490305285428962,-0.35679229884087427,400.0,-1.2108,1.375,0.4,2.659,1.3,1126259642.413,39.774160919137,-7.8601850574721635,-36534.5314888158
37.255061427007654,31.79845300604464,-0.0714335506967449,-0.48117899741398623,400.0,-1.2108,1.375,0.4,2.659,1.3,1126259642.413,39.77417848295243,-7.8601850574721635,-36423.04883058946
35.528827529821385,32.646993122979254,-0.5707658188238797,-0.07510751523964188,400.0,-1.2108,1.375,0.4,2.659,1.3,1126259642.413,39.77450953991312,-7.8601850574721635,-36301.972849828526
37.29963224217021,33.689984763619,0.3636572078434314,-0.684030411991116,400.0,-1.2108,1.375,0.4,2.659,1.3,1126259642.413,39.7760886074315,-7.8601850574721635,-36603.37014317792
35.83863674405083,31.23978487520988,-0.33477714499662303,-0.4538898369121168,400.0,-1.2108,1.375,0.4,2.659,1.3,1126259642.413,39.77636974624811,-7.8601850574721635,-36264.401656608024
34.11892987767007,33.33920980205515,-0.23037970050018347,-0.4806464143727385,400.0,-1.2108,1.375,0.4,2.659,1.3,1126259642.413,39.77936942061111,-7.8601850574721635,-36391.07567287798
37.45635784017167,31.094665502470157,-0.19230793691237613,-0.38529056678357243,400.0,-1.2108,1.375,0.4,2.659,1.3,1126259642.413,39.77980945590086,-7.8601850574721635,-36261.13073692924
38.1857322663751,32.86208684289652,0.0061105438471312085,-0.2943134618167502,400.0,-1.2108,1.375,0.4,2.659,1.3,1126259642.413,39.78041796793661,-7.8601850574721635,-36580.92593509776
36.744195544675826,33.21628857341422,-0.108082416710435,-0.32534054354275416,400.0,-1.2108,1.375,0.4,2.659,1.3,1126259642.413,39.78112074117805,-7.8601850574721635,-36487.41661057834
37.82009482908403,31.886063165436614,-0.3140685568380011,-0.12091767107859011,400.0,-1.2108,1.375,0.4,2.659,1.3,1126259642.413,39.781250003001325,-7.8601850574721635,-36514.307008990705
41.051990676483506,30.190250719587645,0.22509463351360592,-0.682502141667397,400.0,-1.2108,1.375,0.4,2.659,1.3,1126259642.413,39.781542935167536,-7.8601850574721635,-36343.906375048755
37.36949146379244,34.00008981289635,-0.19202054672894328,-0.01888204139062169,400.0,-1.2108,1.375,0.4,2.659,1.3,1126259642.413,39.78360609372579,-7.8601850574721635,-36600.775482650075
38.62926707277555,31.618127586671964,-0.22705101320337673,-0.1424620725583696,400.0,-1.2108,1.375,0.4,2.659,1.3,1126259642.413,39.78379124787467,-7.8601850574721635,-36443.36317436025
36.498773229196516,32.91420263719399,-0.5447452610884688,0.07755014640439942,400.0,-1.2108,1.375,0.4,2.659,1.3,1126259642.413,39.784457784493384,-7.8601850574721635,-36503.15791179898
36.06511650772238,34.30712669219956,0.02828274937545633,-0.391032864661172,400.0,-1.2108,1.375,0.4,2.659,1.3,1126259642.413,39.784793190430975,-7.8601850574721635,-36390.98839632059
39.20232526964593,30.338412366646555,-0.0008556125729890229,-0.5464633444763294,400.0,-1.2108,1.375,0.4,2.659,1.3,1126259642.413,39.784843742056516,-7.8601850574721635,-36404.04564098232
38.9280840874727,30.12866612554199,-0.04060139808327312,-0.5409625507374405,400.0,-1.2108,1.375,0.4,2.659,1.3,1126259642.413,39.78782895369272,-7.8601850574721635,-36296.11303781272
34.10940284186333,33.97748013510291,-0.719501990453762,0.07339154790307317,400.0,-1.2108,1.375,0.4,2.659,1.3,1126259642.413,39.788612115731645,-7.8601850574721635,-36313.80202394058
38.86533608600704,31.361408576364507,0.18247226114896808,-0.6677569073435554,400.0,-1.2108,1.375,0.4,2.659,1.3,1126259642.413,39.79033153131006,-7.8601850574721635,-36462.31162757278
36.514863742737724,32.88694544943943,0.19810212309207537,-0.7332416565605191,400.0,-1.2108,1.375,0.4,2.659,1.3,1126259642.413,39.79051895297387,-7.8601850574721635,-36500.19895673319
38.28443852981844,32.25042154148292,-0.36649358950432426,0.0426185731928283,400.0,-1.2108,1.375,0.4,2.659,1.3,1126259642.413,39.7910963865831,-7.8601850574721635,-36358.84708451774
39.11859677560337,30.63704220007583,-0.10908366702539335,-0.35590953615374027,400.0,-1.2108,1.375,0.4,2.659,1.3,1126259642.413,39.791462942608725,-7.8601850574721635,-36449.92014573205
38.93087165809959,31.649368636116492,0.18553383145527064,-0.6077363993352977,400.0,-1.2108,1.375,0.4,2.659,1.3,1126259642.413,39.791500980791795,-7.8601850574721635,-36344.41470844608
36.08287105777307,31.867510577865225,-0.49800186023382287,-0.1462727084037472,400.0,-1.2108,1.375,0.4,2.659,1.3,1126259642.413,39.79250839891013,-7.8601850574721635,-36374.15959708412
34.646993402439925,31.914157126447975,-0.14642261330726594,-0.7152738162794591,400.0,-1.2108,1.375,0.4,2.659,1.3,1126259642.413,39.79356695682603,-7.8601850574721635,-36317.9269813509
38.630162701948166,32.805482720307886,-0.16013610400601216,-0.05837670674731765,400.0,-1.2108,1.375,0.4,2.659,1.3,1126259642.413,39.7943289185758,-7.8601850574721635,-36589.2125969649
34.90563072849859,33.06364590188095,-0.6717238860244694,0.0024322028030474008,400.0,-1.2108,1.375,0.4,2.659,1.3,1126259642.413,39.7947501124128,-7.8601850574721635,-36352.257929148276
36.74046946579751,32.13638937087472,0.03312628680637437,-0.6175866698833702,400.0,-1.2108,1.375,0.4,2.659,1.3,1126259642.413,39.79536470436697,-7.8601850574721635,-36402.59500563723
34.66761943135349,34.254318325129354,0.1200125969643763,-0.6515792647109788,400.0,-1.2108,1.375,0.4,2.659,1.3,1126259642.413,39.79693830939932,-7.8601850574721635,-36457.34466110124
36.615427646068916,30.100435148693386,-0.09630647582319306,-0.7860612909807299,400.0,-1.2108,1.375,0.4,2.659,1.3,1126259642.413,39.79742690065716,-7.8601850574721635,-36249.65361859224
36.247437095159945,34.0173666897044,0.20994935529033773,-0.6093744059100498,400.0,-1.2108,1.375,0.4,2.659,1.3,1126259642.413,39.79899441417353,-7.8601850574721635,-36383.81262732408
40.16196889373486,30.424776748840088,-0.017685381743044223,-0.39794614607758166,400.0,-1.2108,1.375,0.4,2.659,1.3,1126259642.413,39.79900013700832,-7.8601850574721635,-36389.959076790976
39.1128327212759,31.32379089498625,-0.03252682017723509,-0.3682594678107346,400.0,-1.2108,1.375,0.4,2.659,1.3,1126259642.413,39.79914318394001,-7.8601850574721635,-36388.157442832504
38.616746518465476,31.336576866546817,0.024518051213267854,-0.4897875631700304,400.0,-1.2108,1.375,0.4,2.659,1.3,1126259642.413,39.80032490117867,-7.8601850574721635,-36512.66393233841
35.93860624682084,33.2371497950339,-0.7050040148608893,0.19470021270966748,400.0,-1.2108,1.375,0.4,2.659,1.3,1126259642.413,39.80595587015618,-7.8601850574721635,-36476.06638423483
38.60909351534719,33.00951336232342,-0.5296020662066125,0.3841374613756449,400.0,-1.2108,1.375,0.4,2.659,1.3,1126259642.413,39.80947472491087,-7.8601850574721635,-36576.558766080336
34.65034539348853,32.19114709051724,-0.3866782109165113,-0.42941153609368604,400.0,-1.2108,1.375,0.4,2.659,1.3,1126259642.413,39.80985600316382,-7.8601850574721635,-36297.45568334273
39.65687484279268,30.618432094992702,0.2208630593207359,-0.7414877440926376,400.0,-1.2108,1.375,0.4,2.659,1.3,1126259642.413,39.80986496740401,-7.8601850574721635,-36478.27597665077
34.911306080137074,34.78056347316045,-0.2768214219226085,-0.1636510070908952,400.0,-1.2108,1.375,0.4,2.659,1.3,1126259642.413,39.809897405515585,-7.8601850574721635,-36545.65411175971
35.95738481552583,32.52758191622745,-0.7294626150722439,0.14105368166960827,400.0,-1.2108,1.375,0.4,2.659,1.3,1126259642.413,39.81008518725705,-7.8601850574721635,-36303.6679079774
37.051348046359465,30.713379220321876,-0.5834542911133163,-0.06636631953947225,400.0,-1.2108,1.375,0.4,2.659,1.3,1126259642.413,39.810593418546674,-7.8601850574721635,-36372.15127107213
35.50073029416796,34.480704708975736,0.17436381212059804,-0.5684325791063644,400.0,-1.2108,1.375,0.4,2.659,1.3,1126259642.413,39.81346907600738,-7.8601850574721635,-36461.13134997808
36.03657622769924,31.293583196099615,-0.03384406599101866,-0.7732741498314799,400.0,-1.2108,1.375,0.4,2.659,1.3,1126259642.413,39.81405130581506,-7.8601850574721635,-36284.529821460834
34.61002387577359,34.39902421561992,0.22287743693552287,-0.7476623188264471,400.0,-1.2108,1.375,0.4,2.659,1.3,1126259642.413,39.814206035801696,-7.8601850574721635,-36468.52217140694
40.26622256064979,30.28671897936071,0.21749212968482737,-0.7393864909035704,400.0,-1.2108,1.375,0.4,2.659,1.3,1126259642.413,39.81471910722337,-7.8601850574721635,-36411.05619151628
34.8546806399343,34.50849360865353,-0.02015928658470481,-0.4433551845005429,400.0,-1.2108,1.375,0.4,2.659,1.3,1126259642.413,39.815278752906714,-7.8601850574721635,-36519.87877535849
39.46328980844752,31.94857426911479,-0.04567371091997467,-0.19194849545952913,400.0,-1.2108,1.375,0.4,2.659,1.3,1126259642.413,39.8158377217663,-7.8601850574721635,-36583.01278474999
35.954914644319295,30.635564787088228,-0.14018298595990802,-0.7297006945384086,400.0,-1.2108,1.375,0.4,2.659,1.3,1126259642.413,39.81932684788019,-7.8601850574721635,-36247.453792980254
36.589806517452786,32.84375980204122,-0.5450684831461351,0.07248737058633581,400.0,-1.2108,1.375,0.4,2.659,1.3,1126259642.413,39.81936234160468,-7.8601850574721635,-36505.17128588801
39.20290897228374,31.28380165794531,-0.11665426329695969,-0.23446058617717389,400.0,-1.2108,1.375,0.4,2.659,1.3,1126259642.413,39.81975809670756,-7.8601850574721635,-36369.305675071315
34.31411342616509,33.37658214040587,-0.6186536254563674,-0.09184660200414493,400.0,-1.2108,1.375,0.4,2.659,1.3,1126259642.413,39.81995796624086,-7.8601850574721635,-36411.926939598845
36.28838805175501,33.07795921850549,0.13996088971200393,-0.6709549595941702,400.0,-1.2108,1.375,0.4,2.659,1.3,1126259642.413,39.82349514508785,-7.8601850574721635,-36499.0739933816
39.8321049450447,30.71503709723271,-0.014316746651246864,-0.39353382473090315,400.0,-1.2108,1.375,0.4,2.659,1.3,1126259642.413,39.824339344322205,-7.8601850574721635,-36384.446960341564
38.723526930116066,30.472266183810873,-0.19294346978150134,-0.3414049918162232,400.0,-1.2108,1.375,0.4,2.659,1.3,1126259642.413,39.82477219620505,-7.8601850574721635,-36365.25358872738
36.49892955743814,34.46669609139445,0.4166289050421875,-0.7144545917150285,400.0,-1.2108,1.375,0.4,2.659,1.3,1126259642.413,39.82809428142993,-7.8601850574721635,-36616.77077740579
36.96990066002615,30.80085918845004,-0.4951798535615778,-0.15424426174090333,400.0,-1.2108,1.375,0.4,2.659,1.3,1126259642.413,39.82948808545156,-7.8601850574721635,-36377.952716146945
36.04257768882633,33.07795643799196,-0.5203461250317057,-0.0046207474655843295,400.0,-1.2108,1.375,0.4,2.659,1.3,1126259642.413,39.82983643732229,-7.8601850574721635,-36465.699276933185
38.115186854760466,30.74590489437098,-0.35318830975094573,-0.182593406400513,400.0,-1.2108,1.375,0.4,2.659,1.3,1126259642.413,39.8318019086065,-7.8601850574721635,-36297.18507968029
39.048185470444125,30.472095639375432,-0.21251654738421633,-0.2705236445049303,400.0,-1.2108,1.375,0.4,2.659,1.3,1126259642.413,39.831908057069654,-7.8601850574721635,-36409.73587405374
37.502145009723705,30.05353130517347,-0.5402862506384905,-0.1266155756719192,400.0,-1.2108,1.375,0.4,2.659,1.3,1126259642.413,39.83341975766483,-7.8601850574721635,-36260.195890229326
37.45433482070449,31.41007075359326,-0.020996219834885504,-0.5613589630854042,400.0,-1.2108,1.375,0.4,2.659,1.3,1126259642.413,39.8342380057541,-7.8601850574721635,-36352.36088560993
38.79698056232722,31.64147984039159,-0.1773505646521677,-0.1950438112174149,400.0,-1.2108,1.375,0.4,2.659,1.3,1126259642.413,39.83430389659259,-7.8601850574721635,-36370.10269645399
41.46774801794611,30.400006558086886,0.012911446581395425,-0.265289122047913,400.0,-1.2108,1.375,0.4,2.659,1.3,1126259642.413,39.834951229759994,-7.8601850574721635,-36528.68077853658
40.80731690742668,30.528692827260148,0.21474659168610216,-0.6134342315495258,400.0,-1.2108,1.375,0.4,2.659,1.3,1126259642.413,39.83506968890217,-7.8601850574721635,-36434.01157404939
34.22179970986425,32.941277482852904,-0.35192310264984616,-0.4310822244766962,400.0,-1.2108,1.375,0.4,2.659,1.3,1126259642.413,39.83705692852347,-7.8601850574721635,-36294.255935507914
36.599337285047746,32.47956079363596,-0.46010313303903405,-0.0685403295484211,400.0,-1.2108,1.375,0.4,2.659,1.3,1126259642.413,39.83748868338383,-7.8601850574721635,-36448.91793826535
35.23797657979947,35.12800429977994,0.20298243822893447,-0.5474935192869906,400.0,-1.2108,1.375,0.4,2.659,1.3,1126259642.413,39.84032683305525,-7.8601850574721635,-36396.028298498255
38.725181542367764,31.869374019930607,0.17105444885350188,-0.58530573692824,400.0,-1.2108,1.375,0.4,2.659,1.3,1126259642.413,39.841104173773665,-7.8601850574721635,-36350.26337242435
39.42234787588358,30.214933374056585,-0.019651919396987766,-0.5158168130471552,400.0,-1.2108,1.375,0.4,2.659,1.3,1126259642.413,39.84125843619739,-7.8601850574721635,-36403.85425369109
34.89547040753238,32.15364921286435,-0.19562594724149795,-0.6110196812171342,400.0,-1.2108,1.375,0.4,2.659,1.3,1126259642.413,39.841511888929695,-7.8601850574721635,-36268.453859611465
37.69381430510941,33.633826659865655,-0.17550509277805246,-0.04693464541913245,400.0,-1.2108,1.375,0.4,2.659,1.3,1126259642.413,39.84151756089196,-7.8601850574721635,-36602.94847394622
35.70214365549711,33.830472606817864,0.13298372073277226,-0.6181335612818248,400.0,-1.2108,1.375,0.4,2.659,1.3,1126259642.413,39.84275906575316,-7.8601850574721635,-36541.80594149748
38.04900293571297,33.125846788589996,0.1821710590028861,-0.48120457116759363,400.0,-1.2108,1.375,0.4,2.659,1.3,1126259642.413,39.843087991743985,-7.8601850574721635,-36609.38191802051
36.58432804293464,33.15485898638217,-0.24150153594131182,-0.19590795214091386,400.0,-1.2108,1.375,0.4,2.659,1.3,1126259642.413,39.843412605506416,-7.8601850574721635,-36540.16103243443
35.52436668308812,33.26906973026651,0.09728429778521597,-0.6710515275728293,400.0,-1.2108,1.375,0.4,2.659,1.3,1126259642.413,39.8438182615135,-7.8601850574721635,-36422.004331749595
37.67178123137526,31.900483080253917,-0.24630544671623372,-0.23385490162105463,400.0,-1.2108,1.375,0.4,2.659,1.3,1126259642.413,39.8458974519918,-7.8601850574721635,-36493.213834499285
33.82113181189218,32.73548411040244,-0.15226923813548027,-0.7013935184148357,400.0,-1.2108,1.375,0.4,2.659,1.3,1126259642.413,39.846120047591356,-7.8601850574721635,-36333.192909207675
34.59258705018753,33.37063585937186,-0.406330643231648,-0.2316466728145967,400.0,-1.2108,1.375,0.4,2.659,1.3,1126259642.413,39.84687191788309,-7.8601850574721635,-36351.31735172923
40.05355503692163,31.00867873996095,0.29995936588334277,-0.7313809498304782,400.0,-1.2108,1.375,0.4,2.659,1.3,1126259642.413,39.8469131712286,-7.8601850574721635,-36392.78505126519
37.14361600054328,33.24136090508145,0.06121990552391787,-0.4425054491287118,400.0,-1.2108,1.375,0.4,2.659,1.3,1126259642.413,39.848972305506564,-7.8601850574721635,-36373.586366513555
38.57463432061849,30.375078395089794,-0.1656889213313909,-0.37862389042805517,400.0,-1.2108,1.375,0.4,2.659,1.3,1126259642.413,39.84953727001272,-7.8601850574721635,-36292.121417827526
36.89188502484409,31.55522565641331,0.05843825773460608,-0.6976853236446925,400.0,-1.2108,1.375,0.4,2.659,1.3,1126259642.413,39.85043528894343,-7.8601850574721635,-36273.759246572474
35.82402439419668,33.314560913165465,-0.20260719087921844,-0.33112702069517164,400.0,-1.2108,1.375,0.4,2.659,1.3,1126259642.413,39.85089293323506,-7.8601850574721635,-36472.18703979788
35.02813287746754,31.85860105984183,-0.24260613424215222,-0.576805330720134,400.0,-1.2108,1.375,0.4,2.659,1.3,1126259642.413,39.85100628312735,-7.8601850574721635,-36290.122003880526
38.03296570874938,32.3376007683731,0.05853200808913227,-0.45947117796919057,400.0,-1.2108,1.375,0.4,2.659,1.3,1126259642.413,39.85365565659043,-7.8601850574721635,-36371.817978354935
35.77348614338853,33.332065172687265,0.11874014147228751,-0.6624498069684979,400.0,-1.2108,1.375,0.4,2.659,1.3,1126259642.413,39.857135708375765,-7.8601850574721635,-36468.433351117106
39.013490608574415,30.457781332957897,-0.13715825948301996,-0.3565966009323269,400.0,-1.2108,1.375,0.4,2.659,1.3,1126259642.413,39.859000860043245,-7.8601850574721635,-36403.93807768561
36.16429343672018,32.1016958406885,-0.555531893112832,-0.040679276783548574,400.0,-1.2108,1.375,0.4,2.659,1.3,1126259642.413,39.859461135001254,-7.8601850574721635,-36284.925892740306
36.695757174907,33.51970899457203,-0.060186605342406635,-0.32151962691247693,400.0,-1.2108,1.375,0.4,2.659,1.3,1126259642.413,39.85964126645696,-7.8601850574721635,-36390.13605224188
37.633687256119416,30.433809172300027,-0.6436891097486421,0.06802223615703817,400.0,-1.2108,1.375,0.4,2.659,1.3,1126259642.413,39.86052490094104,-7.8601850574721635,-36374.0141004935
38.6065483200164,32.38460454745882,0.22011764467420425,-0.5693509101867131,400.0,-1.2108,1.375,0.4,2.659,1.3,1126259642.413,39.860878663325025,-7.8601850574721635,-36525.51653152488
35.32932989898636,33.656122634998574,0.06689592566673255,-0.6106408687723338,400.0,-1.2108,1.375,0.4,2.659,1.3,1126259642.413,39.860966351530685,-7.8601850574721635,-36461.18826856426
33.90357333393191,32.955516879021424,-0.3767334706848178,-0.43298682570679103,400.0,-1.2108,1.375,0.4,2.659,1.3,1126259642.413,39.861433618423234,-7.8601850574721635,-36288.12980887417
34.66958337636925,33.025963722121766,-0.43764561212624475,-0.28039601700721767,400.0,-1.2108,1.375,0.4,2.659,1.3,1126259642.413,39.86234428302462,-7.8601850574721635,-36411.38607902176
40.33868814891317,30.610292752288988,0.028308901654817087,-0.403282414998734,400.0,-1.2108,1.375,0.4,2.659,1.3,1126259642.413,39.862436655110166,-7.8601850574721635,-36319.579778562766
33.86306162109632,33.772488896325555,-0.2371616222197051,-0.44132648640657834,400.0,-1.2108,1.375,0.4,2.659,1.3,1126259642.413,39.86365432398757,-7.8601850574721635,-36415.61462611946
35.632848844553266,30.99755096697188,-0.19858865013624882,-0.6674804499284446,400.0,-1.2108,1.375,0.4,2.659,1.3,1126259642.413,39.864495855394175,-7.8601850574721635,-36295.94918485667
35.148512295747175,33.36472200386835,-0.12192026245589488,-0.5021540457669427,400.0,-1.2108,1.375,0.4,2.659,1.3,1126259642.413,39.864928698934214,-7.8601850574721635,-36333.895311368964
36.81054381505442,32.86036802532475,-0.43354322645962506,-0.01709258248804929,400.0,-1.2108,1.375,0.4,2.659,1.3,1126259642.413,39.86532579893543,-7.8601850574721635,-36539.773018012784
38.384976026647365,31.58660905286638,0.17691722818855687,-0.6872531636856922,400.0,-1.2108,1.375,0.4,2.659,1.3,1126259642.413,39.865449682676356,-7.8601850574721635,-36516.11585394677
36.084342827700496,30.83345372348235,-0.3126921013287411,-0.4981918763701308,400.0,-1.2108,1.375,0.4,2.659,1.3,1126259642.413,39.866318753243746,-7.8601850574721635,-36298.69033576986
33.57971233421025,33.174660788974805,-0.19850783447703824,-0.6254098150308941,400.0,-1.2108,1.375,0.4,2.659,1.3,1126259642.413,39.8691827776474,-7.8601850574721635,-36313.04483427869
35.457184370344486,33.55035894353491,-0.2813546547768632,-0.23569586157791123,400.0,-1.2108,1.375,0.4,2.659,1.3,1126259642.413,39.87185434104162,-7.8601850574721635,-36462.214107213535
37.91348823819475,33.426119006223914,-0.14172943491514398,-0.08573983894464571,400.0,-1.2108,1.375,0.4,2.659,1.3,1126259642.413,39.87279612382268,-7.8601850574721635,-36600.949431419496
38.69134312225315,30.369217732235846,-0.38254010865443505,-0.08662507211790997,400.0,-1.2108,1.375,0.4,2.659,1.3,1126259642.413,39.873344833796224,-7.8601850574721635,-36320.05629532681
36.72212372413554,30.079451571918053,-0.22767223649283885,-0.6106701191636342,400.0,-1.2108,1.375,0.4,2.659,1.3,1126259642.413,39.87430619785795,-7.8601850574721635,-36283.629579944325
36.880565440016944,30.86982564695935,-0.41150695720640484,-0.2783025754058968,400.0,-1.2108,1.375,0.4,2.659,1.3,1126259642.413,39.87497917920179,-7.8601850574721635,-36377.56846398992
35.676664372998175,33.96293179709288,-0.3562296371027739,-0.09188527041484887,400.0,-1.2108,1.375,0.4,2.659,1.3,1126259642.413,39.876852315275436,-7.8601850574721635,-36549.062849623144
38.69264269521865,31.478362265079372,-0.08993712816312714,-0.33417985028706987,400.0,-1.2108,1.375,0.4,2.659,1.3,1126259642.413,39.876867102337066,-7.8601850574721635,-36475.13395232753
41.07319893690176,30.01487049458044,-0.015640733129489447,-0.34609412909990506,400.0,-1.2108,1.375,0.4,2.659,1.3,1126259642.413,39.877107207547084,-7.8601850574721635,-36294.49506133167
34.720845353110185,34.21096536540016,-0.48180830687097237,-0.03368685169917804,400.0,-1.2108,1.375,0.4,2.659,1.3,1126259642.413,39.87719365164696,-7.8601850574721635,-36458.37230214375
38.13920380766984,32.30715350282451,-0.03432634824043648,-0.34045209995522335,400.0,-1.2108,1.375,0.4,2.659,1.3,1126259642.413,39.87759859658496,-7.8601850574721635,-36358.95259460754
35.49121447444539,34.56719465978385,0.2613916760399506,-0.657739604435567,400.0,-1.2108,1.375,0.4,2.659,1.3,1126259642.413,39.87893372317651,-7.8601850574721635,-36428.18507110412
40.41041142960434,30.80718815570593,-0.06455459781548192,-0.20341638527256778,400.0,-1.2108,1.375,0.4,2.659,1.3,1126259642.413,39.879475529017,-7.8601850574721635,-36429.84805826994
35.22276073466172,33.687642945180066,-0.012549059082292036,-0.5302084888046857,400.0,-1.2108,1.375,0.4,2.659,1.3,1126259642.413,39.884280333656875,-7.8601850574721635,-36452.13907156037
35.56210896950644,32.362554479851134,-0.23304311771084438,-0.46663378868445315,400.0,-1.2108,1.375,0.4,2.659,1.3,1126259642.413,39.88552661717791,-7.8601850574721635,-36372.41512231013
36.05110844151749,32.76998623644354,-0.003800178044537806,-0.5975481065821775,400.0,-1.2108,1.375,0.4,2.659,1.3,1126259642.413,39.886785680047765,-7.8601850574721635,-36414.6133199956
36.379568780618854,32.979131859617645,-0.3847881073150058,-0.09788247495066954,400.0,-1.2108,1.375,0.4,2.659,1.3,1126259642.413,39.88788580534684,-7.8601850574721635,-36496.822547652504
34.66214262969402,32.38790307542408,-0.21264903611426564,-0.5893454790465387,400.0,-1.2108,1.375,0.4,2.659,1.3,1126259642.413,39.888663308234726,-7.8601850574721635,-36269.752713482936
37.06283371636294,31.564751951798176,0.1116899677103448,-0.7446812650232806,400.0,-1.2108,1.375,0.4,2.659,1.3,1126259642.413,39.88909046990702,-7.8601850574721635,-36294.39851455901
38.2139839278182,31.771152886542723,-0.25660943212629606,-0.15549494479181625,400.0,-1.2108,1.375,0.4,2.659,1.3,1126259642.413,39.890930369600994,-7.8601850574721635,-36512.932805652265
38.72947587936797,32.624310140092895,-0.11032357413910672,-0.12479721174206848,400.0,-1.2108,1.375,0.4,2.659,1.3,1126259642.413,39.8914167622617,-7.8601850574721635,-36596.88441103844
38.709347062493485,31.879952659275958,-0.15890283874448702,-0.19106420396564977,400.0,-1.2108,1.375,0.4,2.659,1.3,1126259642.413,39.892337816437724,-7.8601850574721635,-36350.57409346623
36.85988191903963,32.4583300235595,-0.554624804654863,0.08641327808244864,400.0,-1.2108,1.375,0.4,2.659,1.3,1126259642.413,39.89398278388123,-7.8601850574721635,-36472.950477098486
36.58349793702445,31.010411734969676,-0.3264355421610561,-0.39982327110704363,400.0,-1.2108,1.375,0.4,2.659,1.3,1126259642.413,39.89706303437514,-7.8601850574721635,-36350.21465120536
37.95016220306508,31.8241400143247,-0.12847516948044108,-0.3241076529348569,400.0,-1.2108,1.375,0.4,2.659,1.3,1126259642.413,39.897515043002684,-7.8601850574721635,-36518.51522006571
34.45722388658885,32.766563657919015,-0.2243025168424747,-0.5630820873589851,400.0,-1.2108,1.375,0.4,2.659,1.3,1126259642.413,39.89779896291957,-7.8601850574721635,-36307.891822309655
37.26668782583977,34.18209889671341,-0.5006504992585226,0.3129275530434218,400.0,-1.2108,1.375,0.4,2.659,1.3,1126259642.413,39.89912974565898,-7.8601850574721635,-36593.97984258081
39.84289826136931,30.6532393764803,-0.21021570044456178,-0.13030771092309723,400.0,-1.2108,1.375,0.4,2.659,1.3,1126259642.413,39.90050550047482,-7.8601850574721635,-36406.287856193754
37.92755195771899,33.347729329712905,-0.05533929487450867,-0.19236294177578697,400.0,-1.2108,1.375,0.4,2.659,1.3,1126259642.413,39.90094942441083,-7.8601850574721635,-36608.58173739775
36.095804637158885,32.292663976116906,-0.3880461553292147,-0.2415546862769486,400.0,-1.2108,1.375,0.4,2.659,1.3,1126259642.413,39.90346673664488,-7.8601850574721635,-36280.64619879804
37.96872605751953,33.60426372567795,-0.6320659159887517,0.47893439804043164,400.0,-1.2108,1.375,0.4,2.659,1.3,1126259642.413,39.90353815083431,-7.8601850574721635,-36586.04343099269
37.79854799868592,32.90154273000341,-0.2218703572520685,-0.10300278561090856,400.0,-1.2108,1.375,0.4,2.659,1.3,1126259642.413,39.903972937584825,-7.8601850574721635,-36443.51173540185
36.22105467402618,32.29549331818095,-0.7591413970071758,0.19138632768653582,400.0,-1.2108,1.375,0.4,2.659,1.3,1126259642.413,39.90574133648226,-7.8601850574721635,-36303.05519160897
35.803018680039465,34.003551008477174,-0.10196937384233376,-0.3307487310354123,400.0,-1.2108,1.375,0.4,2.659,1.3,1126259642.413,39.90589468680446,-7.8601850574721635,-36525.92603682576
36.18470295464659,33.101931167798256,-0.46557735502363773,-0.04377837984097449,400.0,-1.2108,1.375,0.4,2.659,1.3,1126259642.413,39.90742285378075,-7.8601850574721635,-36486.80717305895
38.06209048988785,30.560016904963128,-0.5766598601137093,0.059168175038972426,400.0,-1.2108,1.375,0.4,2.659,1.3,1126259642.413,39.90851763889857,-7.8601850574721635,-36248.03461844809
38.24963638435832,31.489674969428588,-0.18375603350882888,-0.27458570432923757,400.0,-1.2108,1.375,0.4,2.659,1.3,1126259642.413,39.90855393061366,-7.8601850574721635,-36501.29780716142
37.95530933996445,32.8130498415316,0.36133355049643345,-0.7263144684268539,400.0,-1.2108,1.375,0.4,2.659,1.3,1126259642.413,39.90920042943462,-7.8601850574721635,-36465.03535273741
38.286419291061094,31.714545274462672,0.24452249843363094,-0.755834978314944,400.0,-1.2108,1.375,0.4,2.659,1.3,1126259642.413,39.91111655537619,-7.8601850574721635,-36511.081897697906
40.08313098161598,30.21699341231459,-0.17213115700047976,-0.20235472605483976,400.0,-1.2108,1.375,0.4,2.659,1.3,1126259642.413,39.91164282926296,-7.8601850574721635,-36479.45480212146
38.47696447614657,32.11254478544098,-0.05266921686586187,-0.31769651145659367,400.0,-1.2108,1.375,0.4,2.659,1.3,1126259642.413,39.911781799317154,-7.8601850574721635,-36358.907429058316
36.62172941683256,33.86106326798305,-0.20554625638115878,-0.13823145535480053,400.0,-1.2108,1.375,0.4,2.659,1.3,1126259642.413,39.912091416386026,-7.8601850574721635,-36409.53901515334
37.76666075161109,31.607248900694213,0.005973112618872067,-0.5379066733406541,400.0,-1.2108,1.375,0.4,2.659,1.3,1126259642.413,39.91232463563235,-7.8601850574721635,-36447.02827695074
39.639835505372126,31.1150842160037,0.12986517635377615,-0.5397049368460913,400.0,-1.2108,1.375,0.4,2.659,1.3,1126259642.413,39.91356779890518,-7.8601850574721635,-36331.1605034976
36.31919635815994,34.01410198433112,-0.14628986935627433,-0.21792135343823882,400.0,-1.2108,1.375,0.4,2.659,1.3,1126259642.413,39.91379965336698,-7.8601850574721635,-36382.03724624421
38.20859598510853,31.4666780256085,-0.4092604713058263,-0.01003367884241052,400.0,-1.2108,1.375,0.4,2.659,1.3,1126259642.413,39.91406723397931,-7.8601850574721635,-36489.263898668
34.85409469349891,33.687360462938926,-0.6780224564140982,0.10864651578786766,400.0,-1.2108,1.375,0.4,2.659,1.3,1126259642.413,39.916030910736566,-7.8601850574721635,-36347.828051697936
38.64603308220515,32.0453192551002,0.13942652866250677,-0.5266474822420861,400.0,-1.2108,1.375,0.4,2.659,1.3,1126259642.413,39.91662886830706,-7.8601850574721635,-36373.94753385285
39.383829534507996,31.430305840457038,0.145177842809101,-0.515628327650601,400.0,-1.2108,1.375,0.4,2.659,1.3,1126259642.413,39.91843328397711,-7.8601850574721635,-36357.92910562967
35.66119571987901,33.311981584087945,-0.7812907389980879,0.23862901882198345,400.0,-1.2108,1.375,0.4,2.659,1.3,1126259642.413,39.91968941996923,-7.8601850574721635,-36454.77851995372
35.68304438683525,32.45665041026304,-0.16963247487529887,-0.5103051722991554,400.0,-1.2108,1.375,0.4,2.659,1.3,1126259642.413,39.92413715195539,-7.8601850574721635,-36310.55431368821
35.53725568494326,33.77702142091537,0.048614747542867015,-0.5628949043479046,400.0,-1.2108,1.375,0.4,2.659,1.3,1126259642.413,39.924949263452255,-7.8601850574721635,-36505.58844926089
36.471819227876225,32.76758795296087,0.1822804925591857,-0.7360167305236316,400.0,-1.2108,1.375,0.4,2.659,1.3,1126259642.413,39.92571900240651,-7.8601850574721635,-36470.24548054843
39.03685797869983,30.82698541205379,-0.23634271189477754,-0.18338267027694455,400.0,-1.2108,1.375,0.4,2.659,1.3,1126259642.413,39.9262390485663,-7.8601850574721635,-36482.09330754778
38.40315863435213,32.89819176375839,0.06455362253744223,-0.33245435301766046,400.0,-1.2108,1.375,0.4,2.659,1.3,1126259642.413,39.926322936228374,-7.8601850574721635,-36603.01551629915
38.71943833943976,31.02283238479691,0.1721302956156136,-0.716164205777605,400.0,-1.2108,1.375,0.4,2.659,1.3,1126259642.413,39.92707664763888,-7.8601850574721635,-36474.33666574757
35.77910791777099,35.31129430866102,0.2102489346144861,-0.4501289185553975,400.0,-1.2108,1.375,0.4,2.659,1.3,1126259642.413,39.92802905562354,-7.8601850574721635,-36628.1681266821
38.199992185796624,30.8769302105928,-0.7136242532225718,0.28372036414494434,400.0,-1.2108,1.375,0.4,2.659,1.3,1126259642.413,39.92891596384833,-7.8601850574721635,-36371.72408713831
39.09711796810861,30.784376183490867,0.07076733496587917,-0.5817274917824948,400.0,-1.2108,1.375,0.4,2.659,1.3,1126259642.413,39.929813260428716,-7.8601850574721635,-36482.23405330096
36.2338988329488,30.632988535487,-0.07675714359656532,-0.7843235062726264,400.0,-1.2108,1.375,0.4,2.659,1.3,1126259642.413,39.93309950332106,-7.8601850574721635,-36307.790234116444
37.87565628180254,31.961665163322937,-0.054451480798242954,-0.4068877316042733,400.0,-1.2108,1.375,0.4,2.659,1.3,1126259642.413,39.9333609378614,-7.8601850574721635,-36525.788023206915
35.5797183790121,34.527049157969834,0.23949951920237217,-0.6369439357431158,400.0,-1.2108,1.375,0.4,2.659,1.3,1126259642.413,39.933485527746036,-7.8601850574721635,-36414.33934735476
36.00291338700543,32.19228038948097,-0.6621128504810552,0.03692429340654668,400.0,-1.2108,1.375,0.4,2.659,1.3,1126259642.413,39.934576655591634,-7.8601850574721635,-36301.11177232197
35.377823218242476,33.60715182143566,-0.451047128498604,-0.0915339846158229,400.0,-1.2108,1.375,0.4,2.659,1.3,1126259642.413,39.936800704708965,-7.8601850574721635,-36460.37233545837
38.33588216020324,30.98170197051464,-0.6692691013546701,0.27325438250185113,400.0,-1.2108,1.375,0.4,2.659,1.3,1126259642.413,39.93873113808238,-7.8601850574721635,-36416.50806800859
36.67384144689829,31.29508671884214,-0.7024899996662988,0.08452322684557545,400.0,-1.2108,1.375,0.4,2.659,1.3,1126259642.413,39.94019372248815,-7.8601850574721635,-36380.372105844166
36.26279104913095,32.101146661475155,-0.10865368914844196,-0.5080820740091454,400.0,-1.2108,1.375,0.4,2.659,1.3,1126259642.413,39.941887433563764,-7.8601850574721635,-36281.151428175246
38.58011587717481,31.591204378816787,-0.01422614480453524,-0.42793761763248583,400.0,-1.2108,1.375,0.4,2.659,1.3,1126259642.413,39.94316354463342,-7.8601850574721635,-36470.17414313655
36.05055966755366,34.20357229049138,-0.07697135110411368,-0.3029459694771847,400.0,-1.2108,1.375,0.4,2.659,1.3,1126259642.413,39.943208431474076,-7.8601850574721635,-36384.795327403015
38.18827965446561,30.91144641894161,-0.6280227667233066,0.2091943578607906,400.0,-1.2108,1.375,0.4,2.659,1.3,1126259642.413,39.94358771999342,-7.8601850574721635,-36378.75507962209
35.851148406379934,30.985708000009524,-0.06345028458716476,-0.7961889124312308,400.0,-1.2108,1.375,0.4,2.659,1.3,1126259642.413,39.94534566910828,-7.8601850574721635,-36311.604419100666
36.68222862602642,31.320848484658455,-0.1478452224950631,-0.5152974515004238,400.0,-1.2108,1.375,0.4,2.659,1.3,1126259642.413,39.946972646098715,-7.8601850574721635,-36372.02490862397
35.13825124925239,34.393576454532436,-0.16087517773155707,-0.2809286773822472,400.0,-1.2108,1.375,0.4,2.659,1.3,1126259642.413,39.94824170081576,-7.8601850574721635,-36545.7232499112
38.60966956920166,31.22197650009373,-0.20050194733465818,-0.22816899344733987,400.0,-1.2108,1.375,0.4,2.659,1.3,1126259642.413,39.9498222089462,-7.8601850574721635,-36499.80283431494
37.15953067349087,33.282064483728384,0.008260130894970075,-0.3792579418827492,400.0,-1.2108,1.375,0.4,2.659,1.3,1126259642.413,39.95259509899542,-7.8601850574721635,-36380.59311606254
37.24311191276954,31.53766229888573,-0.22204026502329688,-0.327646452372341,400.0,-1.2108,1.375,0.4,2.659,1.3,1126259642.413,39.95293105374821,-7.8601850574721635,-36337.97004948624
39.26715157228778,31.53434677619826,0.005100852168227671,-0.3479131892519,400.0,-1.2108,1.375,0.4,2.659,1.3,1126259642.413,39.95358241460791,-7.8601850574721635,-36363.29868928554
39.731987715609215,30.099234361118416,-0.2011061790102001,-0.24522980059787167,400.0,-1.2108,1.375,0.4,2.659,1.3,1126259642.413,39.95404122206117,-7.8601850574721635,-36421.17559107823
37.34143318983741,32.031553220242586,-0.5884203788652711,0.1386297430886087,400.0,-1.2108,1.375,0.4,2.659,1.3,1126259642.413,39.955914373356876,-7.8601850574721635,-36465.87433173663
37.60749838223207,30.28419040547594,-0.557793674369404,-0.043426794313498496,400.0,-1.2108,1.375,0.4,2.659,1.3,1126259642.413,39.95700335365952,-7.8601850574721635,-36366.908085770054
39.216840396256984,31.628527998559097,0.3679406268297112,-0.7958751912279138,400.0,-1.2108,1.375,0.4,2.659,1.3,1126259642.413,39.95820696410329,-7.8601850574721635,-36387.49771214841
35.35670303729562,33.937364826513125,0.2121979067719561,-0.7317401838362511,400.0,-1.2108,1.375,0.4,2.659,1.3,1126259642.413,39.95828965178242,-7.8601850574721635,-36503.96721518925
37.80148756620811,31.364512257028345,0.01619361087897689,-0.5680229828996315,400.0,-1.2108,1.375,0.4,2.659,1.3,1126259642.413,39.95842705717206,-7.8601850574721635,-36418.096946827834
34.90448319267728,34.45372727491468,0.037302296922988504,-0.5263922921827828,400.0,-1.2108,1.375,0.4,2.659,1.3,1126259642.413,39.960929981921524,-7.8601850574721635,-36518.44379877995
39.433702658631475,31.678346919321164,0.060743288106132026,-0.35392039510989026,400.0,-1.2108,1.375,0.4,2.659,1.3,1126259642.413,39.961159578018794,-7.8601850574721635,-36500.65602031356
35.335538203976505,32.94305316439671,-0.3945770858982184,-0.20982202600438682,400.0,-1.2108,1.375,0.4,2.659,1.3,1126259642.413,39.96225567563981,-7.8601850574721635,-36289.12913187819
41.24301028814015,30.217968702181164,0.10559621695952709,-0.46159014552805966,400.0,-1.2108,1.375,0.4,2.659,1.3,1126259642.413,39.96257810848097,-7.8601850574721635,-36438.039557585056
35.26647826778842,32.84241257306883,-0.6757646370380235,0.048559242726029184,400.0,-1.2108,1.375,0.4,2.659,1.3,1126259642.413,39.96503471380815,-7.8601850574721635,-36313.49067155125
40.81640775651361,30.399868810395734,0.266476649191014,-0.7086317597711738,400.0,-1.2108,1.375,0.4,2.659,1.3,1126259642.413,39.966427037381045,-7.8601850574721635,-36364.58833906058
37.529162296562326,30.013263117950977,-0.35048597163285533,-0.369664299426911,400.0,-1.2108,1.375,0.4,2.659,1.3,1126259642.413,39.96696062014439,-7.8601850574721635,-36253.987582903006
34.95571094523775,33.91346807437638,0.22772218495194216,-0.7857512038760115,400.0,-1.2108,1.375,0.4,2.659,1.3,1126259642.413,39.968342156208294,-7.8601850574721635,-36445.17643784172
36.36085184027951,31.063905235813735,-0.15777174679142178,-0.5858487387619646,400.0,-1.2108,1.375,0.4,2.659,1.3,1126259642.413,39.96862738970137,-7.8601850574721635,-36298.92495926675
34.096287696243834,33.855359545246166,-0.7699249299793955,0.0923863076325111,400.0,-1.2108,1.375,0.4,2.659,1.3,1126259642.413,39.969478010947725,-7.8601850574721635,-36352.851414439756
34.56045895337422,33.36057764508189,-0.18762696161047196,-0.5018453530839426,400.0,-1.2108,1.375,0.4,2.659,1.3,1126259642.413,39.96992036848498,-7.8601850574721635,-36364.75182793642
37.19985705992951,33.32964829094906,-0.1157016277532087,-0.24037163434719455,400.0,-1.2108,1.375,0.4,2.659,1.3,1126259642.413,39.96994167145806,-7.8601850574721635,-36403.44536283272
34.61481848179345,33.27288412165283,-0.13864091912538773,-0.5588203414330792,400.0,-1.2108,1.375,0.4,2.659,1.3,1126259642.413,39.97151088847985,-7.8601850574721635,-36375.74469083935
40.820189301909096,30.55925840498483,0.02088698959288679,-0.32771119959910494,400.0,-1.2108,1.375,0.4,2.659,1.3,1126259642.413,39.97265447186624,-7.8601850574721635,-36460.63796495915
37.14705442805182,32.171948699256305,0.03707235131452835,-0.5723250519459153,400.0,-1.2108,1.375,0.4,2.659,1.3,1126259642.413,39.97494644264927,-7.8601850574721635,-36462.5316020877
37.819163875339854,31.077863679844242,-0.2707805711082554,-0.2853742695037918,400.0,-1.2108,1.375,0.4,2.659,1.3,1126259642.413,39.975889282712764,-7.8601850574721635,-36337.268086796714
35.36441652739122,34.9591283047125,-0.041957932067873044,-0.30831865689989174,400.0,-1.2108,1.375,0.4,2.659,1.3,1126259642.413,39.97600454592182,-7.8601850574721635,-36388.5261978148
34.23348421320868,32.547840123573934,-0.14777758879148073,-0.6811689142186474,400.0,-1.2108,1.375,0.4,2.659,1.3,1126259642.413,39.979117416328094,-7.8601850574721635,-36308.91151159955
39.86880707475735,30.524395355775155,0.13921806712204154,-0.634564263810571,400.0,-1.2108,1.375,0.4,2.659,1.3,1126259642.413,39.97942547434514,-7.8601850574721635,-36451.69122644811
40.3856200733377,30.167194935693498,-0.1871445189233602,-0.15729730870885214,400.0,-1.2108,1.375,0.4,2.659,1.3,1126259642.413,39.980888283144196,-7.8601850574721635,-36419.50746457053
35.96952360680511,30.794887283908768,-0.08090396511017828,-0.7904023406290954,400.0,-1.2108,1.375,0.4,2.659,1.3,1126259642.413,39.98132488875394,-7.8601850574721635,-36310.169695987526
34.34757366375117,34.048635049858746,-0.24828016756135687,-0.36502647213540007,400.0,-1.2108,1.375,0.4,2.659,1.3,1126259642.413,39.98417492978084,-7.8601850574721635,-36309.690123235196
35.38891793743693,31.27935756438453,-0.20524107008886583,-0.6503999798597103,400.0,-1.2108,1.375,0.4,2.659,1.3,1126259642.413,39.984840875309786,-7.8601850574721635,-36321.245019541464
35.10941808236252,34.1203998341396,-0.11005202185901485,-0.3807140351878162,400.0,-1.2108,1.375,0.4,2.659,1.3,1126259642.413,39.98503823368069,-7.8601850574721635,-36493.53486537318
39.71786452634857,30.481191842786497,0.14356879028328004,-0.6710537537934411,400.0,-1.2108,1.375,0.4,2.659,1.3,1126259642.413,39.98574806152152,-7.8601850574721635,-36490.10064307521
34.47702798241148,33.49100438457219,-0.11402032743617366,-0.5717083494592631,400.0,-1.2108,1.375,0.4,2.659,1.3,1126259642.413,39.98616792023535,-7.8601850574721635,-36349.31695953379
35.125333354222036,34.64965377541462,-0.1963035788342582,-0.22668860781638342,400.0,-1.2108,1.375,0.4,2.659,1.3,1126259642.413,39.986545142452066,-7.8601850574721635,-36531.31305687231
37.07742417974557,33.36663961202062,-0.002982538572858462,-0.36587258275758705,400.0,-1.2108,1.375,0.4,2.659,1.3,1126259642.413,39.98674472786476,-7.8601850574721635,-36383.287369322046
39.135538145884915,31.046386599371736,0.270283599729485,-0.797609267603117,400.0,-1.2108,1.375,0.4,2.659,1.3,1126259642.413,39.98777204661919,-7.8601850574721635,-36487.7446154261
38.07758620746371,31.553649580924905,-0.39629232454740076,-0.036242776350842915,400.0,-1.2108,1.375,0.4,2.659,1.3,1126259642.413,39.98781946606722,-7.8601850574721635,-36486.11153112382
34.13703231889688,33.40968018682565,-0.2543474777145616,-0.4829791660376318,400.0,-1.2108,1.375,0.4,2.659,1.3,1126259642.413,39.989170150960845,-7.8601850574721635,-36410.753313697904
34.34553615616502,32.769779443350885,-0.0988772587416075,-0.703654403232677,400.0,-1.2108,1.375,0.4,2.659,1.3,1126259642.413,39.99092898834485,-7.8601850574721635,-36278.327372908156
38.13880556143652,31.21616551762769,-0.5414126307556971,0.1095777460415665,400.0,-1.2108,1.375,0.4,2.659,1.3,1126259642.413,39.99095340336193,-7.8601850574721635,-36430.831455514446
39.995373381341864,30.954713766293622,0.22119518376710035,-0.635499040285187,400.0,-1.2108,1.375,0.4,2.659,1.3,1126259642.413,39.99109288903345,-7.8601850574721635,-36348.57440977678
35.19246651849369,31.637386471388556,-0.12219742409110568,-0.7328063212539808,400.0,-1.2108,1.375,0.4,2.659,1.3,1126259642.413,39.9919239271775,-7.8601850574721635,-36306.55713821855
35.223115766748776,34.414501449314436,-0.26663915921213716,-0.16769329647456688,400.0,-1.2108,1.375,0.4,2.659,1.3,1126259642.413,39.99193825105238,-7.8601850574721635,-36550.305477075744
35.913569466935236,33.65157409611479,0.0451545111318096,-0.5160733905972751,400.0,-1.2108,1.375,0.4,2.659,1.3,1126259642.413,39.99209952295708,-7.8601850574721635,-36542.485887616145
35.58179176318532,34.000597040540406,-0.366846995832254,-0.09201187877570968,400.0,-1.2108,1.375,0.4,2.659,1.3,1126259642.413,39.99367672953447,-7.8601850574721635,-36546.478725779976
38.313879815804924,31.023442918749524,-0.2162221816169989,-0.2858899722667432,400.0,-1.2108,1.375,0.4,2.659,1.3,1126259642.413,39.9945796156818,-7.8601850574721635,-36420.168634645495
38.90406893269718,30.259948737137503,-0.487340723106495,0.040577471589132996,400.0,-1.2108,1.375,0.4,2.659,1.3,1126259642.413,39.99551341036239,-7.8601850574721635,-36341.11418773578
37.59213258853672,32.31210657772925,0.07002862017408026,-0.5411256945936853,400.0,-1.2108,1.375,0.4,2.659,1.3,1126259642.413,39.996352966481595,-7.8601850574721635,-36521.89929699659
37.625109827648075,31.82281463620778,-0.5578248612506775,0.11114972308884469,400.0,-1.2108,1.375,0.4,2.659,1.3,1126259642.413,39.9966897738484,-7.8601850574721635,-36469.17779851795
39.59984869956798,30.73127859166299,0.04180557099566409,-0.4756232410210691,400.0,-1.2108,1.375,0.4,2.659,1.3,1126259642.413,39.99710631803818,-7.8601850574721635,-36459.62964834434
37.650874758519784,30.668445016946755,-0.49774835372876436,-0.08707239446846801,400.0,-1.2108,1.375,0.4,2.659,1.3,1126259642.413,39.99819268409112,-7.8601850574721635,-36304.65293596821
37.05723962663521,33.18425089014271,0.05369054186528324,-0.45038836602450416,400.0,-1.2108,1.375,0.4,2.659,1.3,1126259642.413,39.99850480149254,-7.8601850574721635,-36387.43262132255
34.63371844408097,32.19062470444075,-0.2936894294016913,-0.5294605658725811,400.0,-1.2108,1.375,0.4,2.659,1.3,1126259642.413,39.99905164822177,-7.8601850574721635,-36301.5797405467
39.20378469858585,30.003154666531998,-0.039174735587101994,-0.5542956848966406,400.0,-1.2108,1.375,0.4,2.659,1.3,1126259642.413,39.99942992032809,-7.8601850574721635,-36327.02482194932
36.54233520634841,31.038553088707594,-0.272755460746266,-0.4340810343272992,400.0,-1.2108,1.375,0.4,2.659,1.3,1126259642.413,39.999601271538474,-7.8601850574721635,-36347.911724618905
36.86234558441645,31.710061571894165,-0.04265909883918978,-0.561673889994331,400.0,-1.2108,1.375,0.4,2.659,1.3,1126259642.413,39.99996903924464,-7.8601850574721635,-36290.217912564665
36.08595627731293,33.40636288506148,-0.19935103063004253,-0.2674704920075345,400.0,-1.2108,1.375,0.4,2.659,1.3,1126259642.413,40.00232441551822,-7.8601850574721635,-36530.477732735104
39.36344962340723,31.203751970970472,0.026325556143019874,-0.4215727151845156,400.0,-1.2108,1.375,0.4,2.659,1.3,1126259642.413,40.00241344914754,-7.8601850574721635,-36352.61380283555
39.11623451803504,30.612134428317574,-0.17313037395392197,-0.27319989252971716,400.0,-1.2108,1.375,0.4,2.659,1.3,1126259642.413,40.004911438874245,-7.8601850574721635,-36442.75624005387
41.150339678815094,30.053324786681053,0.1992103927544728,-0.6353764153462942,400.0,-1.2108,1.375,0.4,2.659,1.3,1126259642.413,40.00791416190375,-7.8601850574721635,-36315.707802660494
40.22953328528177,30.220151912583535,0.04911665138108229,-0.5192365806794065,400.0,-1.2108,1.375,0.4,2.659,1.3,1126259642.413,40.00940690784701,-7.8601850574721635,-36450.79955619725
35.56425926403433,34.13588523589066,-0.39670776098996274,-0.04001343774092153,400.0,-1.2108,1.375,0.4,2.659,1.3,1126259642.413,40.00994068756892,-7.8601850574721635,-36544.74787024136
36.88749072089333,31.02782361368412,-0.2085516304199872,-0.4599603775808106,400.0,-1.2108,1.375,0.4,2.659,1.3,1126259642.413,40.01018981126055,-7.8601850574721635,-36390.6092111675
33.89304502589133,33.85081422582806,-0.5974237495797406,-0.09049888456114236,400.0,-1.2108,1.375,0.4,2.659,1.3,1126259642.413,40.01129669238982,-7.8601850574721635,-36407.291576961885
38.99009437145653,30.59912264770542,-0.3083859849230113,-0.12701218441316595,400.0,-1.2108,1.375,0.4,2.659,1.3,1126259642.413,40.01172974790008,-7.8601850574721635,-36422.22887571579
37.12934797037373,32.45304621104835,-0.21153518463099807,-0.27425443283007195,400.0,-1.2108,1.375,0.4,2.659,1.3,1126259642.413,40.01248338213887,-7.8601850574721635,-36518.520718905194
35.31207557299115,33.27488209018586,0.06393356103892084,-0.6497346334104157,400.0,-1.2108,1.375,0.4,2.659,1.3,1126259642.413,40.01264844633495,-7.8601850574721635,-36353.86155182178
36.38468494091712,31.75545583297702,-0.6229536171754337,-0.0009557627517085554,400.0,-1.2108,1.375,0.4,2.659,1.3,1126259642.413,40.01302250996706,-7.8601850574721635,-36322.68123266347
37.528617406700775,31.23784787269972,-0.6609390981758335,0.1745281043385748,400.0,-1.2108,1.375,0.4,2.659,1.3,1126259642.413,40.01330944312345,-7.8601850574721635,-36309.377223128904
34.00243107001049,33.01854990346273,-0.07333854628260936,-0.7275393135236798,400.0,-1.2108,1.375,0.4,2.659,1.3,1126259642.413,40.01374450255348,-7.8601850574721635,-36272.90013991201
35.96495571441913,31.377924654375185,-0.3640860000724086,-0.40107632734573695,400.0,-1.2108,1.375,0.4,2.659,1.3,1126259642.413,40.01510020991538,-7.8601850574721635,-36292.485238302696
35.145994617482216,33.79223153305379,-0.4512932214600841,-0.0645439451027556,400.0,-1.2108,1.375,0.4,2.659,1.3,1126259642.413,40.01555639312109,-7.8601850574721635,-36456.55078657308
39.56671224284627,31.30706619385563,0.04015970770405958,-0.35530232507739146,400.0,-1.2108,1.375,0.4,2.659,1.3,1126259642.413,40.016870278432314,-7.8601850574721635,-36362.21121535957
41.14801840438737,30.253383879318804,0.05470366841031296,-0.3839474642393663,400.0,-1.2108,1.375,0.4,2.659,1.3,1126259642.413,40.01735491748558,-7.8601850574721635,-36415.397112661034
38.01487111902064,33.08152804110661,-0.07192422912501484,-0.19002421252815208,400.0,-1.2108,1.375,0.4,2.659,1.3,1126259642.413,40.01738645379783,-7.8601850574721635,-36601.63093827064
37.568162703035284,30.278782440354647,-0.030782615896932763,-0.6854605093619788,400.0,-1.2108,1.375,0.4,2.659,1.3,1126259642.413,40.01829000904605,-7.8601850574721635,-36360.94859399987
36.348609591451975,33.47300019836009,-0.3947643668091632,-0.03382238297388217,400.0,-1.2108,1.375,0.4,2.659,1.3,1126259642.413,40.01944811486045,-7.8601850574721635,-36526.77628588959
38.64402716342517,32.59637357164425,0.05421608133053932,-0.32729112273980887,400.0,-1.2108,1.375,0.4,2.659,1.3,1126259642.413,40.01950413499071,-7.8601850574721635,-36598.34597215227
35.87761284578854,30.955211574095628,-0.10367529793094978,-0.7540282062428789,400.0,-1.2108,1.375,0.4,2.659,1.3,1126259642.413,40.019814214144425,-7.8601850574721635,-36312.00810254498
38.37430690044764,31.14333805151807,-0.1739511706904205,-0.31783597580430417,400.0,-1.2108,1.375,0.4,2.659,1.3,1126259642.413,40.020173033581784,-7.8601850574721635,-36444.41548779968
34.95516758127957,33.93846375102463,-0.2872277801339131,-0.23484848676300288,400.0,-1.2108,1.375,0.4,2.659,1.3,1126259642.413,40.021277519866615,-7.8601850574721635,-36452.001656462555
38.227458557013065,30.720004784463722,-0.23124335382441263,-0.2953071098923629,400.0,-1.2108,1.375,0.4,2.659,1.3,1126259642.413,40.02127878144048,-7.8601850574721635,-36321.940097620594
37.942928626550255,32.09930883791028,-0.015648973476039774,-0.4303007370029098,400.0,-1.2108,1.375,0.4,2.659,1.3,1126259642.413,40.02225307781446,-7.8601850574721635,-36491.73886799753
39.539552368001914,30.43810972725469,0.14928446540591925,-0.6816987418229316,400.0,-1.2108,1.375,0.4,2.659,1.3,1126259642.413,40.022885922446854,-7.8601850574721635,-36473.39814465285
35.724979379077936,34.00858595471242,-0.33245171909075216,-0.10088217148372722,400.0,-1.2108,1.375,0.4,2.659,1.3,1126259642.413,40.0253411600924,-7.8601850574721635,-36540.2947072484
35.96840275323762,34.31619576482794,0.07153253355345865,-0.44276110630042836,400.0,-1.2108,1.375,0.4,2.659,1.3,1126259642.413,40.027647301514506,-7.8601850574721635,-36385.105231821166
34.47224543970542,34.136678300582496,-0.2727411156113422,-0.2730803727470839,400.0,-1.2108,1.375,0.4,2.659,1.3,1126259642.413,40.02889394356622,-7.8601850574721635,-36377.7711350181
35.61419408045811,32.84357577439545,-0.6734508461080286,0.07683329033998881,400.0,-1.2108,1.375,0.4,2.659,1.3,1126259642.413,40.02923003628478,-7.8601850574721635,-36306.67690691148
40.49476847836326,30.62040607014325,0.2124907950358748,-0.6204719755570166,400.0,-1.2108,1.375,0.4,2.659,1.3,1126259642.413,40.03011582356531,-7.8601850574721635,-36360.93671382088
38.19444394801971,31.437166117280093,-0.03369934982046459,-0.4628763615104844,400.0,-1.2108,1.375,0.4,2.659,1.3,1126259642.413,40.03088891301317,-7.8601850574721635,-36479.497718110346
40.65828576881314,30.241723038154877,-0.06679684591371648,-0.29217780570453644,400.0,-1.2108,1.375,0.4,2.659,1.3,1126259642.413,40.0318931933186,-7.8601850574721635,-36307.97083495183
35.16986349033117,32.24095552321444,-0.3804197295710296,-0.37652000520588547,400.0,-1.2108,1.375,0.4,2.659,1.3,1126259642.413,40.0323416659376,-7.8601850574721635,-36355.68465228408
38.05149518987017,30.63220615650696,0.07598672096793252,-0.7444418663694581,400.0,-1.2108,1.375,0.4,2.659,1.3,1126259642.413,40.032630145805385,-7.8601850574721635,-36255.58056501394
36.816484876778674,33.47822509308557,-0.16036388129724907,-0.22428315719774972,400.0,-1.2108,1.375,0.4,2.659,1.3,1126259642.413,40.03388278843803,-7.8601850574721635,-36379.64693175811
37.97616303400567,32.98060451396077,0.25424316724027346,-0.5913474946674109,400.0,-1.2108,1.375,0.4,2.659,1.3,1126259642.413,40.03422883239043,-7.8601850574721635,-36562.86258320125
34.81609502800692,34.14067261968632,0.24609970976379253,-0.7929756346929259,400.0,-1.2108,1.375,0.4,2.659,1.3,1126259642.413,40.03438529928078,-7.8601850574721635,-36461.43091691036
35.92739011746388,33.715300156810635,-0.10866046652653448,-0.3595824630136766,400.0,-1.2108,1.375,0.4,2.659,1.3,1126259642.413,40.03505413604493,-7.8601850574721635,-36548.098814219855
37.89396964728175,31.27176383481053,-0.2580034565535776,-0.2445495371517556,400.0,-1.2108,1.375,0.4,2.659,1.3,1126259642.413,40.037323616839856,-7.8601850574721635,-36413.77380919228
35.36206080958025,31.628497393346223,-0.1650530266036248,-0.6638072144877303,400.0,-1.2108,1.375,0.4,2.659,1.3,1126259642.413,40.040909170979226,-7.8601850574721635,-36268.89485562584
39.53776244537388,30.02459606688227,-0.28294491486990847,-0.16296545024581474,400.0,-1.2108,1.375,0.4,2.659,1.3,1126259642.413,40.0413911249541,-7.8601850574721635,-36387.3236577366
40.36529471031838,30.060640736868546,-0.3059161388972741,-0.01723946963312234,400.0,-1.2108,1.375,0.4,2.659,1.3,1126259642.413,40.04150859417046,-7.8601850574721635,-36462.52054283332
36.5970893137043,32.38652319767568,-0.09268636928764848,-0.45931160107921964,400.0,-1.2108,1.375,0.4,2.659,1.3,1126259642.413,40.044124014391414,-7.8601850574721635,-36434.81627443711
38.35940805171799,30.074578856163463,-0.5785732026839145,0.07364199503452917,400.0,-1.2108,1.375,0.4,2.659,1.3,1126259642.413,40.044425809814214,-7.8601850574721635,-36296.73793754603
39.160104424796984,30.214316677428144,0.14410285817398094,-0.7707259404118684,400.0,-1.2108,1.375,0.4,2.659,1.3,1126259642.413,40.045176520363476,-7.8601850574721635,-36378.87353426656
34.1787820101931,32.62975948500607,-0.25725385552259616,-0.5630643830718165,400.0,-1.2108,1.375,0.4,2.659,1.3,1126259642.413,40.045817576085696,-7.8601850574721635,-36302.353861023985
39.58196076229296,30.8702329442519,-0.06199380986258035,-0.33101163501566694,400.0,-1.2108,1.375,0.4,2.659,1.3,1126259642.413,40.04592876608747,-7.8601850574721635,-36407.767612993615
34.96167076928824,34.22090387956131,-0.4571267238921566,-0.04132035945855861,400.0,-1.2108,1.375,0.4,2.659,1.3,1126259642.413,40.048161507686864,-7.8601850574721635,-36485.57538792424
37.715243381336116,31.670035817371215,-0.3396797208374226,-0.13593768646757104,400.0,-1.2108,1.375,0.4,2.659,1.3,1126259642.413,40.04848197494129,-7.8601850574721635,-36451.69092580905
37.427447215109765,33.3193674303046,0.3372844815322175,-0.6770446267391184,400.0,-1.2108,1.375,0.4,2.659,1.3,1126259642.413,40.049821380334656,-7.8601850574721635,-36491.361295724775
37.00077162196663,30.062575070103428,-0.23677948069606486,-0.5542515832421525,400.0,-1.2108,1.375,0.4,2.659,1.3,1126259642.413,40.049954830065836,-7.8601850574721635,-36281.6708335155
36.5942843824592,32.5596252361583,0.21536477533039527,-0.7928228348268926,400.0,-1.2108,1.375,0.4,2.659,1.3,1126259642.413,40.050191654477885,-7.8601850574721635,-36457.37818876192
37.0223009090923,33.003824687316346,0.15290291969842928,-0.5961908068541704,400.0,-1.2108,1.375,0.4,2.659,1.3,1126259642.413,40.054212463484404,-7.8601850574721635,-36470.22910785793
37.436340327696904,31.63847982545745,-0.7384533068633323,0.2965949504697929,400.0,-1.2108,1.375,0.4,2.659,1.3,1126259642.413,40.0549783328463,-7.8601850574721635,-36418.99345439696
37.57664750101174,30.813457772525005,-0.6096506728139884,0.059675142887538724,400.0,-1.2108,1.375,0.4,2.659,1.3,1126259642.413,40.0555737918499,-7.8601850574721635,-36282.3519395793
38.61000577715742,31.807724290751487,-0.2928485627404435,-0.05313457046420039,400.0,-1.2108,1.375,0.4,2.659,1.3,1126259642.413,40.057056390976875,-7.8601850574721635,-36370.98785396262
40.00515796367945,30.38826362405496,-0.2050224128407695,-0.14781333295219357,400.0,-1.2108,1.375,0.4,2.659,1.3,1126259642.413,40.059231058255115,-7.8601850574721635,-36458.0888933046
36.048075666246966,32.794893080637124,-0.6729317998102976,0.11963518318006167,400.0,-1.2108,1.375,0.4,2.659,1.3,1126259642.413,40.06005760027091,-7.8601850574721635,-36419.96303054484
37.06935351887739,31.611833743789003,-0.5902950693279807,0.03918050797170153,400.0,-1.2108,1.375,0.4,2.659,1.3,1126259642.413,40.06057245910372,-7.8601850574721635,-36310.56425243736
37.990964467097626,32.09407534014153,-0.017276451558258077,-0.4052507984996606,400.0,-1.2108,1.375,0.4,2.659,1.3,1126259642.413,40.06065583898432,-7.8601850574721635,-36478.414665646495
34.53110427669313,33.17304646045756,-0.5386744491849846,-0.1701644325762811,400.0,-1.2108,1.375,0.4,2.659,1.3,1126259642.413,40.060846383819175,-7.8601850574721635,-36410.62764709135
35.735155075986306,33.483427123855385,0.2395793694971467,-0.7778348063888378,400.0,-1.2108,1.375,0.4,2.659,1.3,1126259642.413,40.06120315249582,-7.8601850574721635,-36483.47620876226
35.9605689736515,32.50682069893545,-0.47350609220555606,-0.13867512105566973,400.0,-1.2108,1.375,0.4,2.659,1.3,1126259642.413,40.06158331035362,-7.8601850574721635,-36299.494698549664
35.9750019526478,32.84824150007209,0.04453379642769087,-0.6466084496944988,400.0,-1.2108,1.375,0.4,2.659,1.3,1126259642.413,40.06162926220521,-7.8601850574721635,-36417.47947314587
36.607676379258145,33.18764526787512,-0.17997334787438748,-0.269826694826974,400.0,-1.2108,1.375,0.4,2.659,1.3,1126259642.413,40.06217128556648,-7.8601850574721635,-36534.01900937137
35.408896654849585,33.130387744089994,-0.6603883179831396,0.06555542756273533,400.0,-1.2108,1.375,0.4,2.659,1.3,1126259642.413,40.064331263213475,-7.8601850574721635,-36336.24429382598
38.3897307213097,32.162879942511935,-0.15037127750200865,-0.2025256937559252,400.0,-1.2108,1.375,0.4,2.659,1.3,1126259642.413,40.065741500035514,-7.8601850574721635,-36357.22277763516
34.59307718249685,32.95676163980383,0.057235501984421094,-0.7760074356693101,400.0,-1.2108,1.375,0.4,2.659,1.3,1126259642.413,40.06575518834482,-7.8601850574721635,-36407.56026273801
40.272022153631156,31.020944522675357,0.05000893387607819,-0.351552683846689,400.0,-1.2108,1.375,0.4,2.659,1.3,1126259642.413,40.0670694754738,-7.8601850574721635,-36493.21342969705
39.557521920718145,31.38549886936957,-0.008232667395612903,-0.2877492702165772,400.0,-1.2108,1.375,0.4,2.659,1.3,1126259642.413,40.06749365155141,-7.8601850574721635,-36395.439090638916
35.39171688529962,33.44410262124453,-0.5064188517169789,-0.05738661866043954,400.0,-1.2108,1.375,0.4,2.659,1.3,1126259642.413,40.067657445795724,-7.8601850574721635,-36433.74818304727
36.166338458958165,34.86085353418756,0.10473758167384531,-0.35273634550119853,400.0,-1.2108,1.375,0.4,2.659,1.3,1126259642.413,40.068234383852335,-7.8601850574721635,-36627.62100358108
38.715749519305575,32.47439619667429,0.11018031416738433,-0.40611460758123397,400.0,-1.2108,1.375,0.4,2.659,1.3,1126259642.413,40.06917760458385,-7.8601850574721635,-36589.342551328526
37.53008421898789,30.953742601717796,0.03926826397160191,-0.7068787996686734,400.0,-1.2108,1.375,0.4,2.659,1.3,1126259642.413,40.06941234411592,-7.8601850574721635,-36263.69996544336
36.37102974204829,32.94091690975217,-0.5939302309832725,0.11555532413598377,400.0,-1.2108,1.375,0.4,2.659,1.3,1126259642.413,40.06981308945852,-7.8601850574721635,-36487.4206604658
36.33970756646778,32.12996921864461,-0.22933599275635613,-0.35995243319848375,400.0,-1.2108,1.375,0.4,2.659,1.3,1126259642.413,40.069899945771844,-7.8601850574721635,-36287.51961424605
34.962999493491495,32.874436394530335,-0.40092255602180327,-0.2611922640249059,400.0,-1.2108,1.375,0.4,2.659,1.3,1126259642.413,40.06996594660239,-7.8601850574721635,-36389.911734824746
35.900037396996154,33.82468504780081,-0.07533383017332139,-0.37399272999780175,400.0,-1.2108,1.375,0.4,2.659,1.3,1126259642.413,40.07039315308228,-7.8601850574721635,-36541.7273099307
35.31573743914643,33.866796343403514,-0.29153554195281867,-0.20788968540490496,400.0,-1.2108,1.375,0.4,2.659,1.3,1126259642.413,40.07053558098446,-7.8601850574721635,-36482.57870813262
34.41528446488484,33.221502451338864,-0.27186090529290086,-0.4193022077368672,400.0,-1.2108,1.375,0.4,2.659,1.3,1126259642.413,40.07383262325313,-7.8601850574721635,-36414.58624870228
37.919054407645305,30.724268122050322,-0.03653330180133152,-0.5728505262706679,400.0,-1.2108,1.375,0.4,2.659,1.3,1126259642.413,40.07460453062433,-7.8601850574721635,-36255.103830811684
36.940311436030285,32.20523461026702,-0.11276257293931925,-0.42600031511469083,400.0,-1.2108,1.375,0.4,2.659,1.3,1126259642.413,40.075518413531384,-7.8601850574721635,-36446.538764385674
38.866195721392614,32.196549879133414,0.08209265100863003,-0.3787754473667136,400.0,-1.2108,1.375,0.4,2.659,1.3,1126259642.413,40.07591165394918,-7.8601850574721635,-36539.18455502686
36.455539233414754,33.013596042445485,-0.26508893774091125,-0.20153250726093938,400.0,-1.2108,1.375,0.4,2.659,1.3,1126259642.413,40.07594745909003,-7.8601850574721635,-36516.582942453075
35.02981108825443,33.53361150108796,-0.6274528279846893,0.030209354323899262,400.0,-1.2108,1.375,0.4,2.659,1.3,1126259642.413,40.07697712737907,-7.8601850574721635,-36352.026342011755
36.55054704367949,31.390961765738755,-0.17442482230096845,-0.5335286326988053,400.0,-1.2108,1.375,0.4,2.659,1.3,1126259642.413,40.077238698624846,-7.8601850574721635,-36384.39115598568
38.590360235176576,30.008025142756917,0.002991266217002242,-0.6526758731991976,400.0,-1.2108,1.375,0.4,2.659,1.3,1126259642.413,40.07791688124719,-7.8601850574721635,-36253.32859997571
38.30003019772851,30.974234855529733,-0.6854426351409355,0.2843256183877864,400.0,-1.2108,1.375,0.4,2.659,1.3,1126259642.413,40.079346443442006,-7.8601850574721635,-36411.84920670492
37.8143857304004,32.17608203903648,0.20154776257598994,-0.6938090780694622,400.0,-1.2108,1.375,0.4,2.659,1.3,1126259642.413,40.079905476297725,-7.8601850574721635,-36505.464686571475
37.192499241881364,32.53724186486012,-0.1151884611719035,-0.35609440968763384,400.0,-1.2108,1.375,0.4,2.659,1.3,1126259642.413,40.08212827051287,-7.8601850574721635,-36535.7153043983
37.86953040717566,30.220448925274297,-0.6047248906084896,0.038562652606306314,400.0,-1.2108,1.375,0.4,2.659,1.3,1126259642.413,40.08332378257898,-7.8601850574721635,-36372.07581868203
34.70867319447502,34.69202092493448,-0.15040676498783723,-0.32522655352455365,400.0,-1.2108,1.375,0.4,2.659,1.3,1126259642.413,40.08413165372399,-7.8601850574721635,-36526.993529040825
36.5804580646336,33.716605594880114,0.04718764153479646,-0.43565824497825567,400.0,-1.2108,1.375,0.4,2.659,1.3,1126259642.413,40.08506600965687,-7.8601850574721635,-36381.27789100489
34.97712681521247,33.668722528198956,-0.409636236220203,-0.18205235673961812,400.0,-1.2108,1.375,0.4,2.659,1.3,1126259642.413,40.08507434016708,-7.8601850574721635,-36384.55594894066
37.48111945015413,31.426495899483708,-0.44531444682349236,-0.08995727829535272,400.0,-1.2108,1.375,0.4,2.659,1.3,1126259642.413,40.0854614277295,-7.8601850574721635,-36364.50731878206
39.816325587734205,31.066797572792304,0.2912376984268662,-0.7288602733675301,400.0,-1.2108,1.375,0.4,2.659,1.3,1126259642.413,40.08551851719677,-7.8601850574721635,-36343.40681666758
36.7839959896713,33.58277685492475,-0.02130251411142073,-0.3519706421308593,400.0,-1.2108,1.375,0.4,2.659,1.3,1126259642.413,40.0857651542177,-7.8601850574721635,-36378.46922437853
39.12989885332615,31.195404673223056,0.05829068418929559,-0.48661378638819563,400.0,-1.2108,1.375,0.4,2.659,1.3,1126259642.413,40.086222228453465,-7.8601850574721635,-36433.20711745962
37.76956092828681,30.643108616829885,-0.06550764747888223,-0.5985751128465628,400.0,-1.2108,1.375,0.4,2.659,1.3,1126259642.413,40.089571859090626,-7.8601850574721635,-36281.68992625434
39.98200644785426,30.39652625925633,0.09586129709993099,-0.5818892427195943,400.0,-1.2108,1.375,0.4,2.659,1.3,1126259642.413,40.09126925765605,-7.8601850574721635,-36461.32127862604
35.985204239431496,32.4281915029664,-0.6506102882529359,0.051204289125630686,400.0,-1.2108,1.375,0.4,2.659,1.3,1126259642.413,40.09165876356154,-7.8601850574721635,-36286.909310293966
35.89382716589834,33.32255125009255,-0.612277919324812,0.10419348056689115,400.0,-1.2108,1.375,0.4,2.659,1.3,1126259642.413,40.09319230128813,-7.8601850574721635,-36479.74280574057
37.28173190808089,31.306531767059035,0.08675502499691332,-0.7481543141709817,400.0,-1.2108,1.375,0.4,2.659,1.3,1126259642.413,40.09328430122423,-7.8601850574721635,-36274.60351126705
35.70649522163511,31.981808749813652,-0.482660636517532,-0.22740631681694556,400.0,-1.2108,1.375,0.4,2.659,1.3,1126259642.413,40.094576489115525,-7.8601850574721635,-36404.208843486595
34.93201696815681,33.1702033031152,-0.2014219774642838,-0.4744011310222651,400.0,-1.2108,1.375,0.4,2.659,1.3,1126259642.413,40.09493934459477,-7.8601850574721635,-36312.73242436209
39.57865253273511,30.53771579341122,0.13064288947180744,-0.6453301095171388,400.0,-1.2108,1.375,0.4,2.659,1.3,1126259642.413,40.09521593936449,-7.8601850574721635,-36491.808242319006
38.441076261243275,30.002748967339684,-0.4780619296589017,-0.04117266321872942,400.0,-1.2108,1.375,0.4,2.659,1.3,1126259642.413,40.09912935034889,-7.8601850574721635,-36297.465939942675
38.384912799762304,32.04450456060895,-0.3073747448371591,-0.031295454936146216,400.0,-1.2108,1.375,0.4,2.659,1.3,1126259642.413,40.09933703919703,-7.8601850574721635,-36365.191618677134
36.35396823393737,32.915694029052524,0.009299940369016185,-0.526691971975734,400.0,-1.2108,1.375,0.4,2.659,1.3,1126259642.413,40.09976097971207,-7.8601850574721635,-36479.43319527573
37.38764571640193,31.350284350616437,-0.6375114363284136,0.11273382384156166,400.0,-1.2108,1.375,0.4,2.659,1.3,1126259642.413,40.1007988569511,-7.8601850574721635,-36309.55965376357
38.126619810626295,33.10652338941497,-0.05226679377160519,-0.19735036482952345,400.0,-1.2108,1.375,0.4,2.659,1.3,1126259642.413,40.10185170382749,-7.8601850574721635,-36608.06924030597
37.825689178465616,32.57854304069159,-0.14023315537727316,-0.2453005119009585,400.0,-1.2108,1.375,0.4,2.659,1.3,1126259642.413,40.10197030608324,-7.8601850574721635,-36367.46535921888
38.10060302639971,31.20046807607201,-0.31981275098848694,-0.15863189238205325,400.0,-1.2108,1.375,0.4,2.659,1.3,1126259642.413,40.10247658518802,-7.8601850574721635,-36424.49877141873
35.47918480758179,34.760268022338906,0.13904103212830493,-0.51112786234977,400.0,-1.2108,1.375,0.4,2.659,1.3,1126259642.413,40.102789022614814,-7.8601850574721635,-36386.89989315299
33.79511895527151,33.43173104890024,-0.08228234004851712,-0.6966452459422015,400.0,-1.2108,1.375,0.4,2.659,1.3,1126259642.413,40.10334610587875,-7.8601850574721635,-36317.28481839473
39.49897708986605,30.437214298293533,-0.004545916325212618,-0.4866635049748863,400.0,-1.2108,1.375,0.4,2.659,1.3,1126259642.413,40.10466398578296,-7.8601850574721635,-36467.19150925833
35.10722845092662,33.36275421038451,-0.7487710919934202,0.14735020940850144,400.0,-1.2108,1.375,0.4,2.659,1.3,1126259642.413,40.10547614088147,-7.8601850574721635,-36321.51031078925
36.29074985711331,33.546599704651946,-0.1912886732928692,-0.24098552644531554,400.0,-1.2108,1.375,0.4,2.659,1.3,1126259642.413,40.10692393174165,-7.8601850574721635,-36522.247703359135
37.30083144409464,32.209378128915844,-0.10015894344772619,-0.39436434209491344,400.0,-1.2108,1.375,0.4,2.659,1.3,1126259642.413,40.10973001329976,-7.8601850574721635,-36495.80232471679
36.09816146365619,33.21913001335568,-0.6363637527094639,0.1455114001569997,400.0,-1.2108,1.375,0.4,2.659,1.3,1126259642.413,40.11155368008576,-7.8601850574721635,-36495.583301318846
37.93337423345273,31.307327401065862,-0.3351975750433215,-0.15983161512260702,400.0,-1.2108,1.375,0.4,2.659,1.3,1126259642.413,40.11194123889821,-7.8601850574721635,-36424.22915948117
40.40539474852224,30.78456098864926,0.03555524854245509,-0.35325375028916867,400.0,-1.2108,1.375,0.4,2.659,1.3,1126259642.413,40.11243082575443,-7.8601850574721635,-36416.0496153843
37.530334295233125,33.00635378322443,-0.10195270122121015,-0.25236919405519803,400.0,-1.2108,1.375,0.4,2.659,1.3,1126259642.413,40.11397540303387,-7.8601850574721635,-36390.41960612751
37.138196591486675,32.12250797266473,-0.09055149518850454,-0.43692561989398626,400.0,-1.2108,1.375,0.4,2.659,1.3,1126259642.413,40.11488265400674,-7.8601850574721635,-36456.87672444169
37.41800877938007,33.50581530851178,0.29351542381746326,-0.6137660620597611,400.0,-1.2108,1.375,0.4,2.659,1.3,1126259642.413,40.11547391465178,-7.8601850574721635,-36580.41590457734
34.56211255868376,32.17102409121408,-0.13423331342339795,-0.7155158633136129,400.0,-1.2108,1.375,0.4,2.659,1.3,1126259642.413,40.115542921541795,-7.8601850574721635,-36322.39177462401
38.80424628081775,31.480436877866612,-0.07059076499221234,-0.3424940249364017,400.0,-1.2108,1.375,0.4,2.659,1.3,1126259642.413,40.11590841030825,-7.8601850574721635,-36431.7877823347
38.60567714724693,31.57597879807435,-0.034565211946596064,-0.3994948698333708,400.0,-1.2108,1.375,0.4,2.659,1.3,1126259642.413,40.11717240201944,-7.8601850574721635,-36467.46159364286
35.93854958659687,33.57879830415967,-0.05750529906381967,-0.42605660943362184,400.0,-1.2108,1.375,0.4,2.659,1.3,1126259642.413,40.117416316596405,-7.8601850574721635,-36536.91770954756
35.21080425954769,32.892305384651216,-0.6171498400858724,-0.014277058204898108,400.0,-1.2108,1.375,0.4,2.659,1.3,1126259642.413,40.117640057654825,-7.8601850574721635,-36314.6241403379
37.352594641565354,30.902727018529117,-0.5283868635900613,-0.06465603568193165,400.0,-1.2108,1.375,0.4,2.659,1.3,1126259642.413,40.119113411173444,-7.8601850574721635,-36314.742397155715
37.99757767094191,30.433676403104936,-0.509230274283103,-0.04638744187174254,400.0,-1.2108,1.375,0.4,2.659,1.3,1126259642.413,40.11969885925956,-7.8601850574721635,-36282.88674514312
34.00207769041703,33.25906601785702,-0.1840193637091363,-0.5940881735658097,400.0,-1.2108,1.375,0.4,2.659,1.3,1126259642.413,40.120469429238454,-7.8601850574721635,-36328.54152732667
36.718105115936055,32.36449692399961,-0.1990461559443391,-0.35729458773157785,400.0,-1.2108,1.375,0.4,2.659,1.3,1126259642.413,40.120737913228545,-7.8601850574721635,-36446.15143708544
39.82278661690724,30.69817924128116,-0.09127085762353129,-0.2826976143307122,400.0,-1.2108,1.375,0.4,2.659,1.3,1126259642.413,40.123156314967716,-7.8601850574721635,-36394.45401819607
37.06231573668118,32.96585366099956,0.058821977445224244,-0.5039421071862805,400.0,-1.2108,1.375,0.4,2.659,1.3,1126259642.413,40.124200870776356,-7.8601850574721635,-36470.37909501234
35.870958260838805,33.73563606574549,-0.010281674169651395,-0.456252134223458,400.0,-1.2108,1.375,0.4,2.659,1.3,1126259642.413,40.124571403033926,-7.8601850574721635,-36548.263712478256
37.878092544015395,32.9671608794235,0.35930547306747695,-0.7215761133074046,400.0,-1.2108,1.375,0.4,2.659,1.3,1126259642.413,40.12482680599991,-7.8601850574721635,-36515.39090073965
33.60079514012616,33.18714755595289,-0.06441250153201986,-0.7538562700355165,400.0,-1.2108,1.375,0.4,2.659,1.3,1126259642.413,40.12661498826671,-7.8601850574721635,-36305.18001777399
35.83362614741839,32.30709613475796,-0.4932315822190452,-0.15267960630664,400.0,-1.2108,1.375,0.4,2.659,1.3,1126259642.413,40.12949540091847,-7.8601850574721635,-36312.06013450205
37.54325674846014,31.950774898087495,0.04437423576945651,-0.5708488172136268,400.0,-1.2108,1.375,0.4,2.659,1.3,1126259642.413,40.12962573098854,-7.8601850574721635,-36480.99509170137
37.73206213400029,31.619116905734018,-0.3962320200212581,-0.07841660509839819,400.0,-1.2108,1.375,0.4,2.659,1.3,1126259642.413,40.13101185425661,-7.8601850574721635,-36448.43240291489
39.728264362584625,30.79367428107268,-0.1598374446095476,-0.19237503428510694,400.0,-1.2108,1.375,0.4,2.659,1.3,1126259642.413,40.132555934134814,-7.8601850574721635,-36388.50397656016
37.33504824316308,30.507976391408754,-0.3104943988941908,-0.3781033868448258,400.0,-1.2108,1.375,0.4,2.659,1.3,1126259642.413,40.13273490508037,-7.8601850574721635,-36371.895035282374
37.33525418944341,32.20483322556071,-0.16098193515590312,-0.33509492996115103,400.0,-1.2108,1.375,0.4,2.659,1.3,1126259642.413,40.132931082053055,-7.8601850574721635,-36501.366345509065
35.338543927674756,32.57300764373213,-0.39367128744369984,-0.262821439766614,400.0,-1.2108,1.375,0.4,2.659,1.3,1126259642.413,40.13306751819263,-7.8601850574721635,-36376.1121757505
35.6480318606925,32.986023717429525,0.1092558686232351,-0.7302734321278128,400.0,-1.2108,1.375,0.4,2.659,1.3,1126259642.413,40.133376066918956,-7.8601850574721635,-36365.62522218608
38.96748494165143,30.22529929141262,-0.12558128357412088,-0.42489459546632996,400.0,-1.2108,1.375,0.4,2.659,1.3,1126259642.413,40.134610452925486,-7.8601850574721635,-36344.43700666639
34.81618167645334,33.37150297608268,-0.7057721156183683,0.06940918718273947,400.0,-1.2108,1.375,0.4,2.659,1.3,1126259642.413,40.1349977460934,-7.8601850574721635,-36293.13534665218
34.09371582937632,33.51861008122873,-0.03340976501754331,-0.6544529417300946,400.0,-1.2108,1.375,0.4,2.659,1.3,1126259642.413,40.13602773431128,-7.8601850574721635,-36415.23725821267
35.484696757611204,32.55822987863903,-0.148960814199407,-0.5461544789548822,400.0,-1.2108,1.375,0.4,2.659,1.3,1126259642.413,40.136394871615536,-7.8601850574721635,-36336.36397259993
39.325086840513535,30.34299152389843,-0.19152358258673827,-0.2761898238331317,400.0,-1.2108,1.375,0.4,2.659,1.3,1126259642.413,40.13651327443948,-7.8601850574721635,-36416.71445059394
38.389388156476336,30.09100316744687,-0.6074500492428496,0.10386402372717735,400.0,-1.2108,1.375,0.4,2.659,1.3,1126259642.413,40.136633145524215,-7.8601850574721635,-36282.901162718845
38.74824355580507,32.377525697595004,0.11216193853818794,-0.4181254531876727,400.0,-1.2108,1.375,0.4,2.659,1.3,1126259642.413,40.13752202492682,-7.8601850574721635,-36570.38931994056
40.30170701406589,30.299680953798322,0.059125867037475285,-0.49989277106563795,400.0,-1.2108,1.375,0.4,2.659,1.3,1126259642.413,40.1384765319503,-7.8601850574721635,-36393.53019384441
36.169912427959396,31.91360421973414,-0.6307347057563121,0.005603845173970723,400.0,-1.2108,1.375,0.4,2.659,1.3,1126259642.413,40.13915571872994,-7.8601850574721635,-36336.825220956074
40.42690393875306,30.595513605060734,0.1458620195848539,-0.5431477269653107,400.0,-1.2108,1.375,0.4,2.659,1.3,1126259642.413,40.139340393903005,-7.8601850574721635,-36330.86070042217
36.3949293886961,33.04986076971783,-0.1312780699498172,-0.3520733670579564,400.0,-1.2108,1.375,0.4,2.659,1.3,1126259642.413,40.13943918679142,-7.8601850574721635,-36513.268348150144
36.66676553952083,31.69753236575799,-0.5203155995112895,-0.06515163449587758,400.0,-1.2108,1.375,0.4,2.659,1.3,1126259642.413,40.13989475736392,-7.8601850574721635,-36276.29337367451
36.187689262014075,33.2573803843744,-0.27925929875799316,-0.20552140665760651,400.0,-1.2108,1.375,0.4,2.659,1.3,1126259642.413,40.14093505546522,-7.8601850574721635,-36518.403906256484
35.972129026242435,34.24791052809877,-0.08826310112811504,-0.28461203164048965,400.0,-1.2108,1.375,0.4,2.659,1.3,1126259642.413,40.14134069921787,-7.8601850574721635,-36387.9010318046
35.952426140944226,32.27257433342216,-0.38435818909169006,-0.23514260509787646,400.0,-1.2108,1.375,0.4,2.659,1.3,1126259642.413,40.14171242952519,-7.8601850574721635,-36296.090509501206
36.498475435264005,32.64020102468336,-0.1622569282662761,-0.3657143737780222,400.0,-1.2108,1.375,0.4,2.659,1.3,1126259642.413,40.142780289256876,-7.8601850574721635,-36457.89707736946
35.2401297056201,33.85244769236069,-0.6802310255145468,0.1711634853364879,400.0,-1.2108,1.375,0.4,2.659,1.3,1126259642.413,40.144648936437065,-7.8601850574721635,-36473.44256866905
35.28630728315135,33.45701502401966,0.008423551216394765,-0.5970629657369828,400.0,-1.2108,1.375,0.4,2.659,1.3,1126259642.413,40.14607172314484,-7.8601850574721635,-36407.354363403196
38.857541949012635,32.12706187855149,0.1880376891859048,-0.5327692997431255,400.0,-1.2108,1.375,0.4,2.659,1.3,1126259642.413,40.146558244309475,-7.8601850574721635,-36499.169225173864
38.66182569296629,31.733957767472347,0.012101800774643234,-0.41308977683945186,400.0,-1.2108,1.375,0.4,2.659,1.3,1126259642.413,40.14674501139241,-7.8601850574721635,-36377.984669907106
35.83009454366493,32.554669160536555,-0.26127101521643503,-0.3304901611111347,400.0,-1.2108,1.375,0.4,2.659,1.3,1126259642.413,40.1475753470955,-7.8601850574721635,-36285.87094307624
37.9964982049473,30.03301263937978,-0.4725934902479767,-0.14055356152876275,400.0,-1.2108,1.375,0.4,2.659,1.3,1126259642.413,40.1484462054446,-7.8601850574721635,-36368.83286639185
36.161145712237264,31.602430322001883,-0.4895356120988723,-0.18181243181897452,400.0,-1.2108,1.375,0.4,2.659,1.3,1126259642.413,40.14934099967904,-7.8601850574721635,-36400.203943722954
37.433840816115676,33.69203875185294,0.022497179682915286,-0.28029161976224926,400.0,-1.2108,1.375,0.4,2.659,1.3,1126259642.413,40.14976954802184,-7.8601850574721635,-36618.108990002875
35.49252599758911,32.90185946906166,-0.3580949150234718,-0.26903442379215997,400.0,-1.2108,1.375,0.4,2.659,1.3,1126259642.413,40.150154989403845,-7.8601850574721635,-36295.11954541864
39.176813577288335,30.960734581018745,0.21053494553395438,-0.7340714349037138,400.0,-1.2108,1.375,0.4,2.659,1.3,1126259642.413,40.15021485855918,-7.8601850574721635,-36496.826651286545
36.186960714242716,33.070163877220104,-0.08411202141976261,-0.4394959993404155,400.0,-1.2108,1.375,0.4,2.659,1.3,1126259642.413,40.15062504846322,-7.8601850574721635,-36481.04768527953
38.0209297914628,31.274437155196907,-0.19001856291752164,-0.32280236796262085,400.0,-1.2108,1.375,0.4,2.659,1.3,1126259642.413,40.151212098365896,-7.8601850574721635,-36427.19271861323
36.281770912660136,32.164871478836474,-0.6518990718133131,0.07244094242947385,400.0,-1.2108,1.375,0.4,2.659,1.3,1126259642.413,40.151297524731,-7.8601850574721635,-36284.97005518885
34.5869652267839,33.55778469050577,0.010670953467058514,-0.6337368369695144,400.0,-1.2108,1.375,0.4,2.659,1.3,1126259642.413,40.15317000268972,-7.8601850574721635,-36304.4040295966
34.88706399361259,34.414995404784506,-0.2803441113132555,-0.20005412936983605,400.0,-1.2108,1.375,0.4,2.659,1.3,1126259642.413,40.15473035472256,-7.8601850574721635,-36506.930899847386
37.82304217983621,32.53786237796793,-0.09008425715841092,-0.29807774496572914,400.0,-1.2108,1.375,0.4,2.659,1.3,1126259642.413,40.155981751433174,-7.8601850574721635,-36372.320405949045
36.155924623438516,33.43872434893774,-0.12484708553173365,-0.33399084396741685,400.0,-1.2108,1.375,0.4,2.659,1.3,1126259642.413,40.156161398897375,-7.8601850574721635,-36541.92863826541
37.62718257141528,31.39335262385717,0.034257791252915476,-0.6188580549425404,400.0,-1.2108,1.375,0.4,2.659,1.3,1126259642.413,40.158380854646936,-7.8601850574721635,-36393.64834567822
38.346742780649095,31.034079082634975,-0.04932065245886194,-0.4872135701463496,400.0,-1.2108,1.375,0.4,2.659,1.3,1126259642.413,40.15872162193067,-7.8601850574721635,-36424.82476013893
37.49602487773203,30.051645201500026,-0.3470115054792228,-0.342441068276989,400.0,-1.2108,1.375,0.4,2.659,1.3,1126259642.413,40.15965218241752,-7.8601850574721635,-36258.302367579105
36.26757734726824,34.583921800688564,-0.00876061263087427,-0.24309604712266503,400.0,-1.2108,1.375,0.4,2.659,1.3,1126259642.413,40.161189843497525,-7.8601850574721635,-36593.16078235238
37.96277220219163,30.17706305157084,-0.5266973805591475,-0.036880295155198306,400.0,-1.2108,1.375,0.4,2.659,1.3,1126259642.413,40.16369992590532,-7.8601850574721635,-36365.64134495342
38.030827562205836,31.273550331179827,-0.5968578761788674,0.16173143017055952,400.0,-1.2108,1.375,0.4,2.659,1.3,1126259642.413,40.164992830680475,-7.8601850574721635,-36427.98350242662
37.44234167155431,30.35948005899251,-0.30562371860582077,-0.386876855577288,400.0,-1.2108,1.375,0.4,2.659,1.3,1126259642.413,40.165266679274076,-7.8601850574721635,-36356.75000767383
35.8726785212293,32.67238270810782,-0.5859376539096137,0.02645885364512801,400.0,-1.2108,1.375,0.4,2.659,1.3,1126259642.413,40.16538825249811,-7.8601850574721635,-36323.79526631687
39.50980497521313,30.700261366517747,0.25657229253924446,-0.7969372795561036,400.0,-1.2108,1.375,0.4,2.659,1.3,1126259642.413,40.1659484508575,-7.8601850574721635,-36488.43958021911
36.2713152722689,33.97886100755854,0.05785321936263654,-0.4389655112753085,400.0,-1.2108,1.375,0.4,2.659,1.3,1126259642.413,40.16742645743972,-7.8601850574721635,-36384.47233322106
35.09835520353011,33.97166851500637,-0.24737156329718785,-0.2608536670217906,400.0,-1.2108,1.375,0.4,2.659,1.3,1126259642.413,40.16789821084185,-7.8601850574721635,-36471.51027983174
38.79889689655473,30.46469335717228,-0.15068099036751018,-0.37257557326695306,400.0,-1.2108,1.375,0.4,2.659,1.3,1126259642.413,40.16895459594036,-7.8601850574721635,-36380.954918490264
39.00966380727472,31.898218168145604,0.2733902118417728,-0.652175392735296,400.0,-1.2108,1.375,0.4,2.659,1.3,1126259642.413,40.16965957689024,-7.8601850574721635,-36438.09824852003
35.05986247145149,32.902721443887145,-0.47559957118693585,-0.17214019349005782,400.0,-1.2108,1.375,0.4,2.659,1.3,1126259642.413,40.16973970222679,-7.8601850574721635,-36355.98643487478
37.370776765330824,33.68477461615286,0.037272081502968096,-0.30474003688494516,400.0,-1.2108,1.375,0.4,2.659,1.3,1126259642.413,40.16990211066978,-7.8601850574721635,-36614.07948449178
40.416052612349624,30.738997122859764,0.10952779404155627,-0.4584760042377862,400.0,-1.2108,1.375,0.4,2.659,1.3,1126259642.413,40.17010906551187,-7.8601850574721635,-36396.047365019476
39.10920645308384,30.238748274020985,-0.16523340752723428,-0.33592725971410886,400.0,-1.2108,1.375,0.4,2.659,1.3,1126259642.413,40.17017499532426,-7.8601850574721635,-36377.07745061514
39.25332080943171,30.87924666600429,0.042558460528368564,-0.5158732938789512,400.0,-1.2108,1.375,0.4,2.659,1.3,1126259642.413,40.17156163963919,-7.8601850574721635,-36498.117524116955
39.55634668330863,31.565807346263085,0.07289735543599143,-0.3764902531463309,400.0,-1.2108,1.375,0.4,2.659,1.3,1126259642.413,40.171570179339305,-7.8601850574721635,-36491.62961501784
36.97982770450476,32.23182293465631,-0.05726146507236454,-0.4811929895946698,400.0,-1.2108,1.375,0.4,2.659,1.3,1126259642.413,40.17159829868878,-7.8601850574721635,-36454.36926686324
37.88443560835718,31.479397225129826,-0.2659141551453194,-0.22464733972810227,400.0,-1.2108,1.375,0.4,2.659,1.3,1126259642.413,40.17176235782213,-7.8601850574721635,-36444.02435642516
38.75529497569051,30.642790485792705,0.05257268336657808,-0.6154176062076124,400.0,-1.2108,1.375,0.4,2.659,1.3,1126259642.413,40.17193804268213,-7.8601850574721635,-36406.845259994065
37.55291456758996,30.93495893110882,0.10997090307988003,-0.7682414375573771,400.0,-1.2108,1.375,0.4,2.659,1.3,1126259642.413,40.172237432453244,-7.8601850574721635,-36262.93235925116
36.0112177789938,34.053589987255755,0.15822601339239015,-0.5700697955355407,400.0,-1.2108,1.375,0.4,2.659,1.3,1126259642.413,40.172669174238656,-7.8601850574721635,-36430.22746076156
37.23709533063981,32.15609042106338,-0.5365709780865836,0.07434931968325476,400.0,-1.2108,1.375,0.4,2.659,1.3,1126259642.413,40.17285565611572,-7.8601850574721635,-36474.58580841235
35.24768000659875,34.269286776294436,0.08029618808942848,-0.5495932801824863,400.0,-1.2108,1.375,0.4,2.659,1.3,1126259642.413,40.17350818868964,-7.8601850574721635,-36543.448408498174
35.59195039693231,34.1447074465279,-0.15265785627812364,-0.28380839738228614,400.0,-1.2108,1.375,0.4,2.659,1.3,1126259642.413,40.17493148590974,-7.8601850574721635,-36540.64456481183
37.55932217707305,31.514222552247954,-0.5552837648828954,0.05784556958616999,400.0,-1.2108,1.375,0.4,2.659,1.3,1126259642.413,40.17596500078912,-7.8601850574721635,-36413.260933130834
36.71074287096267,32.686414358026326,-0.0411653617633215,-0.4802423841210704,400.0,-1.2108,1.375,0.4,2.659,1.3,1126259642.413,40.17638786646883,-7.8601850574721635,-36492.72102756869
36.1284830041361,31.58453624515039,-0.29659067963483193,-0.42576482622653217,400.0,-1.2108,1.375,0.4,2.659,1.3,1126259642.413,40.17707429245065,-7.8601850574721635,-36397.35305561679
36.15560245431468,32.121213148236734,-0.26813440473079364,-0.3802451071721676,400.0,-1.2108,1.375,0.4,2.659,1.3,1126259642.413,40.17793113725946,-7.8601850574721635,-36283.854669343804
35.46730800881361,33.98790579435867,-0.0365051701152006,-0.44811189788195244,400.0,-1.2108,1.375,0.4,2.659,1.3,1126259642.413,40.178153971451394,-7.8601850574721635,-36533.35632211971
36.233221372340395,32.5017975688027,0.055235160458702054,-0.6526421196786739,400.0,-1.2108,1.375,0.4,2.659,1.3,1126259642.413,40.17928872948376,-7.8601850574721635,-36376.77731948749
39.40179319228171,30.587412932208665,-0.062110805972972166,-0.3937065980656672,400.0,-1.2108,1.375,0.4,2.659,1.3,1126259642.413,40.17984446743706,-7.8601850574721635,-36486.53852538412
36.1826060311382,33.85037617857396,0.17508638318812855,-0.5964984039946566,400.0,-1.2108,1.375,0.4,2.659,1.3,1126259642.413,40.18012635373942,-7.8601850574721635,-36443.866835202396
37.67432354110196,31.380267478725894,0.01125474227315032,-0.5886850410624422,400.0,-1.2108,1.375,0.4,2.659,1.3,1126259642.413,40.18067631566249,-7.8601850574721635,-36399.30048638676
35.20326447186944,33.36546476515353,-0.18135124211755693,-0.3858615600455828,400.0,-1.2108,1.375,0.4,2.659,1.3,1126259642.413,40.180976297783715,-7.8601850574721635,-36350.33452684771
38.39188175328993,30.81571627176148,-0.672846695001924,0.2691083217329965,400.0,-1.2108,1.375,0.4,2.659,1.3,1126259642.413,40.18113397344847,-7.8601850574721635,-36395.016428415795
34.20119050346845,33.94009607714333,-0.6942734018042964,0.04650841165049646,400.0,-1.2108,1.375,0.4,2.659,1.3,1126259642.413,40.181503473150585,-7.8601850574721635,-36304.48091200623
36.17027326096859,32.36290299090072,-0.13870291899149698,-0.4884564054875116,400.0,-1.2108,1.375,0.4,2.659,1.3,1126259642.413,40.18172819083648,-7.8601850574721635,-36309.048428597336
34.985265175559704,32.78117854284589,-0.21244079398612353,-0.4719457760709336,400.0,-1.2108,1.375,0.4,2.659,1.3,1126259642.413,40.182631723797066,-7.8601850574721635,-36405.70520603727
37.55901477238064,31.31242432077501,-0.11196601714662929,-0.45441657769213595,400.0,-1.2108,1.375,0.4,2.659,1.3,1126259642.413,40.183202392896945,-7.8601850574721635,-36347.58573167702
36.1599482519995,31.379687637769493,0.002653648693258903,-0.7856097015755705,400.0,-1.2108,1.375,0.4,2.659,1.3,1126259642.413,40.18533069965901,-7.8601850574721635,-36356.72010942263
38.24368368924865,30.227041265232995,-0.6372385026496552,0.14301663160921985,400.0,-1.2108,1.375,0.4,2.659,1.3,1126259642.413,40.185603783921714,-7.8601850574721635,-36280.15480917131
36.66282259474028,31.800560300775548,-0.6169571832813637,0.04448831742664183,400.0,-1.2108,1.375,0.4,2.659,1.3,1126259642.413,40.187079338341206,-7.8601850574721635,-36275.8239309536
38.270962622097315,31.426128035509063,-0.11519215257611794,-0.353877057635014,400.0,-1.2108,1.375,0.4,2.659,1.3,1126259642.413,40.187178417097726,-7.8601850574721635,-36491.08796498528
38.09558516151888,31.129755685751142,-0.5428304331198658,0.09003677235417146,400.0,-1.2108,1.375,0.4,2.659,1.3,1126259642.413,40.18867155015411,-7.8601850574721635,-36413.91458281694
35.64108525464179,32.129773893168235,-0.2574547457168819,-0.4273258072749285,400.0,-1.2108,1.375,0.4,2.659,1.3,1126259642.413,40.188925279200774,-7.8601850574721635,-36403.340621448166
36.23728375309246,32.85833195455063,-0.6688120575493722,0.17957868626565576,400.0,-1.2108,1.375,0.4,2.659,1.3,1126259642.413,40.18898021980737,-7.8601850574721635,-36458.40699907021
34.44232401054517,32.92086207117656,-0.3252210265356378,-0.43702924975850127,400.0,-1.2108,1.375,0.4,2.659,1.3,1126259642.413,40.19252224234356,-7.8601850574721635,-36358.3911229527
39.55395248506289,30.117477777766613,-0.18429037579619978,-0.29051193801877273,400.0,-1.2108,1.375,0.4,2.659,1.3,1126259642.413,40.19294830439737,-7.8601850574721635,-36401.32181748538
34.629652364355664,32.93321243404565,-0.5114995132214878,-0.21546900766409144,400.0,-1.2108,1.375,0.4,2.659,1.3,1126259642.413,40.19309855168038,-7.8601850574721635,-36409.23450525874
37.250092566806444,32.30970504537664,-0.012583839617025736,-0.4889864042238611,400.0,-1.2108,1.375,0.4,2.659,1.3,1126259642.413,40.193809002103,-7.8601850574721635,-36508.71204946506
36.645702009709765,31.03441101492158,-0.31628422135125533,-0.37408143164652047,400.0,-1.2108,1.375,0.4,2.659,1.3,1126259642.413,40.19677760884127,-7.8601850574721635,-36371.57601035937
37.39484769384256,31.997676732326543,0.002395953965574016,-0.5333634771236396,400.0,-1.2108,1.375,0.4,2.659,1.3,1126259642.413,40.19887929005779,-7.8601850574721635,-36467.30572991615
37.14324763061402,30.283376986430582,-0.10309662833262304,-0.6781267043319199,400.0,-1.2108,1.375,0.4,2.659,1.3,1126259642.413,40.19930901997428,-7.8601850574721635,-36250.906077125575
36.977072909379245,30.8369757251937,-0.48433480324645983,-0.16919900873155996,400.0,-1.2108,1.375,0.4,2.659,1.3,1126259642.413,40.204354186788514,-7.8601850574721635,-36383.46378140802
35.55095054156698,34.57587281794046,-0.011161924978382504,-0.37421051933859756,400.0,-1.2108,1.375,0.4,2.659,1.3,1126259642.413,40.205802178449545,-7.8601850574721635,-36408.68928965224
38.8950559453607,31.232835040893622,0.2031511589633856,-0.7073881074752847,400.0,-1.2108,1.375,0.4,2.659,1.3,1126259642.413,40.20615793581804,-7.8601850574721635,-36494.69713994813
36.52589981722778,32.651451307851886,-0.7967475938641241,0.3043473471819681,400.0,-1.2108,1.375,0.4,2.659,1.3,1126259642.413,40.20632465233919,-7.8601850574721635,-36462.911137763294
36.20826390559171,32.182697972811475,0.03993172804638864,-0.6719287061973815,400.0,-1.2108,1.375,0.4,2.659,1.3,1126259642.413,40.20899732755643,-7.8601850574721635,-36283.86458529392
35.156092752768295,34.24364615227425,0.03884923970942081,-0.5243391138961645,400.0,-1.2108,1.375,0.4,2.659,1.3,1126259642.413,40.21176533824765,-7.8601850574721635,-36525.28437444199
37.77132261957348,31.523293147448204,-0.7646701659105453,0.34943400938765345,400.0,-1.2108,1.375,0.4,2.659,1.3,1126259642.413,40.21271416426873,-7.8601850574721635,-36437.57630953136
37.742812909152875,32.05000680682128,-0.14801699996057105,-0.3062171155341744,400.0,-1.2108,1.375,0.4,2.659,1.3,1126259642.413,40.213262392187424,-7.8601850574721635,-36527.718686617955
38.520400156876036,30.24979565228276,0.06954540093693713,-0.7296013742233873,400.0,-1.2108,1.375,0.4,2.659,1.3,1126259642.413,40.21408824803977,-7.8601850574721635,-36245.93312188321
37.67275363213972,31.668241350654306,-0.37699751746276955,-0.09986263110389029,400.0,-1.2108,1.375,0.4,2.659,1.3,1126259642.413,40.214088649377146,-7.8601850574721635,-36449.089604125955
34.813449513207914,32.95534710504432,-0.024063916114364592,-0.6987738638321991,400.0,-1.2108,1.375,0.4,2.659,1.3,1126259642.413,40.21437096530267,-7.8601850574721635,-36404.4887568379
36.38770742879053,33.100061937126675,-0.06518935806620893,-0.42735871809738435,400.0,-1.2108,1.375,0.4,2.659,1.3,1126259642.413,40.21455913384893,-7.8601850574721635,-36521.943542233326
35.97728766680895,31.454165331195377,-0.3941047539044362,-0.3297733835358809,400.0,-1.2108,1.375,0.4,2.659,1.3,1126259642.413,40.214966505117985,-7.8601850574721635,-36323.7901785752
37.35838249394165,32.19900347662638,-0.09912669723136183,-0.39995104950434285,400.0,-1.2108,1.375,0.4,2.659,1.3,1126259642.413,40.21507078222503,-7.8601850574721635,-36504.06552445524
35.23975000544645,33.395215256891106,0.07342035502660933,-0.6776204614216407,400.0,-1.2108,1.375,0.4,2.659,1.3,1126259642.413,40.21507201749427,-7.8601850574721635,-36376.60529957603
36.32677276417351,33.33727206471275,-0.17430131123265755,-0.29255766888911433,400.0,-1.2108,1.375,0.4,2.659,1.3,1126259642.413,40.21522014833136,-7.8601850574721635,-36545.13013096252
37.65844879500718,32.66333926568805,0.0373664686802922,-0.4470744458547139,400.0,-1.2108,1.375,0.4,2.659,1.3,1126259642.413,40.21818753088913,-7.8601850574721635,-36377.4182189226
36.429086692242365,32.26561646584747,-0.017303897621870595,-0.5766704745901298,400.0,-1.2108,1.375,0.4,2.659,1.3,1126259642.413,40.21823624147291,-7.8601850574721635,-36354.77940188118
39.40269671815501,30.979820622607512,-0.1840845071040922,-0.17752840695142189,400.0,-1.2108,1.375,0.4,2.659,1.3,1126259642.413,40.21905567974294,-7.8601850574721635,-36425.361637472364
34.1656723202593,33.82208119029579,-0.7745264311856525,0.10841702643301326,400.0,-1.2108,1.375,0.4,2.659,1.3,1126259642.413,40.21909609607712,-7.8601850574721635,-36342.1145576839
37.76397416758204,30.577775131429735,0.036882051263910115,-0.6999864769499646,400.0,-1.2108,1.375,0.4,2.659,1.3,1126259642.413,40.21928966801512,-7.8601850574721635,-36302.00380531534
37.105057420565025,32.103712805064156,-0.20044130249461872,-0.3192875117754739,400.0,-1.2108,1.375,0.4,2.659,1.3,1126259642.413,40.219503601358014,-7.8601850574721635,-36450.06052174661
35.19579166218911,33.10622798994095,-0.5668184209641789,-0.0601916333254543,400.0,-1.2108,1.375,0.4,2.659,1.3,1126259642.413,40.22025882706908,-7.8601850574721635,-36291.50381084734
40.2785568768283,30.30268637350066,0.22616286213716183,-0.7403691919208674,400.0,-1.2108,1.375,0.4,2.659,1.3,1126259642.413,40.22075591410555,-7.8601850574721635,-36400.05676494894
34.53701021515629,34.27441540580344,-0.009854434108304833,-0.5451328068607635,400.0,-1.2108,1.375,0.4,2.659,1.3,1126259642.413,40.22150174726222,-7.8601850574721635,-36436.741358298095
37.7583030202459,31.30612466943979,-0.23839436451637863,-0.30752732046024395,400.0,-1.2108,1.375,0.4,2.659,1.3,1126259642.413,40.22177251695979,-7.8601850574721635,-36396.7802468758
35.41478928792972,33.30639408249574,-0.17163872291082807,-0.41085243848148906,400.0,-1.2108,1.375,0.4,2.659,1.3,1126259642.413,40.221928489559026,-7.8601850574721635,-36398.40967181873
38.08216639755201,32.334782411114475,-0.16570128830592992,-0.20541126615536237,400.0,-1.2108,1.375,0.4,2.659,1.3,1126259642.413,40.222020350876186,-7.8601850574721635,-36365.99290743723
36.62711159448944,31.33288714262446,-0.06766795564694353,-0.6163540149222007,400.0,-1.2108,1.375,0.4,2.659,1.3,1126259642.413,40.2227940764826,-7.8601850574721635,-36381.50049256943
37.98810155183665,32.37450012789017,0.03408043500013397,-0.43812787661916963,400.0,-1.2108,1.375,0.4,2.659,1.3,1126259642.413,40.223020716727135,-7.8601850574721635,-36372.941439541675
35.95304559103844,33.427522871487234,-0.07648984381114468,-0.41241803023404916,400.0,-1.2108,1.375,0.4,2.659,1.3,1126259642.413,40.22309884108783,-7.8601850574721635,-36510.125433826346
38.595994946927945,30.36714670532544,-0.3263800845222435,-0.17142081799725067,400.0,-1.2108,1.375,0.4,2.659,1.3,1126259642.413,40.223342824190276,-7.8601850574721635,-36294.61992179286
34.927776876235036,34.57843546530434,-0.14316959674606194,-0.31753274746808935,400.0,-1.2108,1.375,0.4,2.659,1.3,1126259642.413,40.22490064933503,-7.8601850574721635,-36543.834667868956
34.84679018417447,33.87864763867113,0.024488796154561066,-0.6015696815887388,400.0,-1.2108,1.375,0.4,2.659,1.3,1126259642.413,40.2262722716645,-7.8601850574721635,-36408.6485606947
38.83634141563876,30.353520124921396,-0.2864392643240279,-0.20608939918120472,400.0,-1.2108,1.375,0.4,2.659,1.3,1126259642.413,40.22659447008504,-7.8601850574721635,-36354.850761098845
37.00072801099416,33.184380407890316,0.13656711273459538,-0.5572434340494026,400.0,-1.2108,1.375,0.4,2.659,1.3,1126259642.413,40.227695592858844,-7.8601850574721635,-36406.726658210304
38.495444659418474,31.675644925408992,0.026638258754500294,-0.46506350996360707,400.0,-1.2108,1.375,0.4,2.659,1.3,1126259642.413,40.22771558154547,-7.8601850574721635,-36467.03219523949
34.88885954473381,34.24083655717837,-0.2595452511282442,-0.24333986079553066,400.0,-1.2108,1.375,0.4,2.659,1.3,1126259642.413,40.228061167775536,-7.8601850574721635,-36481.35455803508
36.40069885677567,33.728560451195186,0.05493671695123506,-0.46192287610395366,400.0,-1.2108,1.375,0.4,2.659,1.3,1126259642.413,40.228362865022895,-7.8601850574721635,-36414.71746850681
34.15509612513977,33.65446961677688,-0.05736755648995412,-0.6016163016546565,400.0,-1.2108,1.375,0.4,2.659,1.3,1126259642.413,40.22856099179147,-7.8601850574721635,-36392.988601471734
37.85710525975971,32.22927736669331,0.005335970848782873,-0.4332698341944816,400.0,-1.2108,1.375,0.4,2.659,1.3,1126259642.413,40.23054767435506,-7.8601850574721635,-36473.24687093395
37.033356047411345,31.72660067504845,0.010648792536450846,-0.6346049130554361,400.0,-1.2108,1.375,0.4,2.659,1.3,1126259642.413,40.23147360164958,-7.8601850574721635,-36344.10496142652
36.35408340805794,33.88704499905984,-0.2774546989856721,-0.0901798596472603,400.0,-1.2108,1.375,0.4,2.659,1.3,1126259642.413,40.23157970518723,-7.8601850574721635,-36385.39191411876
37.0498793695098,30.97932892015862,-0.49404004617294894,-0.12046961165487144,400.0,-1.2108,1.375,0.4,2.659,1.3,1126259642.413,40.23231121846325,-7.8601850574721635,-36373.255276884534
35.90365569103696,31.46933903939017,-0.2808654818677525,-0.4902677243759679,400.0,-1.2108,1.375,0.4,2.659,1.3,1126259642.413,40.232486336379075,-7.8601850574721635,-36307.06593606464
36.224276593058946,33.4380212509503,-0.18094258874421898,-0.26911830524088703,400.0,-1.2108,1.375,0.4,2.659,1.3,1126259642.413,40.2343904551702,-7.8601850574721635,-36545.87382842477
38.08723658652645,30.541361048457677,0.039168114818777855,-0.67874580225346,400.0,-1.2108,1.375,0.4,2.659,1.3,1126259642.413,40.2351536253905,-7.8601850574721635,-36247.94390187284
36.51893624933523,32.764810677065284,-0.5561863172896072,0.06063674487411891,400.0,-1.2108,1.375,0.4,2.659,1.3,1126259642.413,40.23616278040026,-7.8601850574721635,-36477.47344873963
35.89242076268703,33.33113406195284,-0.0376952592864396,-0.4676993083874255,400.0,-1.2108,1.375,0.4,2.659,1.3,1126259642.413,40.23635665200682,-7.8601850574721635,-36481.20915056074
40.31245150629505,30.007423881865478,0.1829770979880989,-0.7296023466356654,400.0,-1.2108,1.375,0.4,2.659,1.3,1126259642.413,40.236990266389185,-7.8601850574721635,-36476.15723149179
36.72829673932125,33.22605422193162,0.22724959311924783,-0.6842300782962902,400.0,-1.2108,1.375,0.4,2.659,1.3,1126259642.413,40.23745312596573,-7.8601850574721635,-36489.58320274874
34.6578139021709,33.84162809409682,-0.438582783465595,-0.16872056787422893,400.0,-1.2108,1.375,0.4,2.659,1.3,1126259642.413,40.240882483884285,-7.8601850574721635,-36336.5504479363
34.120350006018285,33.802508801446756,-0.583003378905228,-0.09281167594506196,400.0,-1.2108,1.375,0.4,2.659,1.3,1126259642.413,40.2414704610821,-7.8601850574721635,-36362.21768840258
34.67847721511949,34.33970096865695,-0.7229565473695654,0.19304053809571425,400.0,-1.2108,1.375,0.4,2.659,1.3,1126259642.413,40.24151720134135,-7.8601850574721635,-36469.54604366002
37.49753726949384,30.395191693816745,-0.016903104888205595,-0.7302195960610836,400.0,-1.2108,1.375,0.4,2.659,1.3,1126259642.413,40.24283584510641,-7.8601850574721635,-36373.17023770185
37.91588646507182,32.187380677198625,-0.14560310390675463,-0.2637246004733617,400.0,-1.2108,1.375,0.4,2.659,1.3,1126259642.413,40.24462131187471,-7.8601850574721635,-36469.21652368296
35.087491065474374,34.214419810008756,0.15164329979157065,-0.6516342947160176,400.0,-1.2108,1.375,0.4,2.659,1.3,1126259642.413,40.245409631030796,-7.8601850574721635,-36508.13337429194
37.18168815882441,30.60298098327943,-0.1101552034832396,-0.5956948681757751,400.0,-1.2108,1.375,0.4,2.659,1.3,1126259642.413,40.24569090206668,-7.8601850574721635,-36369.687669095845
37.89170941121949,31.13962162352318,-0.5130612027217627,0.018219294172977463,400.0,-1.2108,1.375,0.4,2.659,1.3,1126259642.413,40.24668578075994,-7.8601850574721635,-36380.39736952585
35.846639528143285,32.50390705699098,-0.7479766076782276,0.15453505995328232,400.0,-1.2108,1.375,0.4,2.659,1.3,1126259642.413,40.247148466437146,-7.8601850574721635,-36287.11955473564
38.34577084062168,32.456458865792165,0.217571984634076,-0.5758835507834044,400.0,-1.2108,1.375,0.4,2.659,1.3,1126259642.413,40.24756707757201,-7.8601850574721635,-36449.51305783002
37.26806683134525,30.790978836002456,-0.6004395463629247,0.01224084249338847,400.0,-1.2108,1.375,0.4,2.659,1.3,1126259642.413,40.24775158252203,-7.8601850574721635,-36370.432764875986
38.46200094454468,30.88760675843683,-0.1416749699011034,-0.3741571986000512,400.0,-1.2108,1.375,0.4,2.659,1.3,1126259642.413,40.2480457146275,-7.8601850574721635,-36414.7356192364
35.12879771564473,32.783708779920175,0.07253519706979882,-0.7620936279237879,400.0,-1.2108,1.375,0.4,2.659,1.3,1126259642.413,40.25039227097117,-7.8601850574721635,-36373.108847375544
38.52307738978117,31.628115521461435,0.1421390369863445,-0.6161343960283672,400.0,-1.2108,1.375,0.4,2.659,1.3,1126259642.413,40.25259864076415,-7.8601850574721635,-36474.80133664822
38.02585955236296,30.645633487754296,-0.5827273140561589,0.07291055627360754,400.0,-1.2108,1.375,0.4,2.659,1.3,1126259642.413,40.255297360686924,-7.8601850574721635,-36254.75862968591
35.799906807698534,33.46452936581333,0.062147126826557236,-0.5863337622874039,400.0,-1.2108,1.375,0.4,2.659,1.3,1126259642.413,40.25870143478608,-7.8601850574721635,-36490.89014247393
37.57359447932839,30.757209622343616,-0.18739722006020793,-0.458652076983749,400.0,-1.2108,1.375,0.4,2.659,1.3,1126259642.413,40.25886177087099,-7.8601850574721635,-36298.290089081725
35.55440938795157,32.21942222963142,-0.12402154633974058,-0.5691881020811609,400.0,-1.2108,1.375,0.4,2.659,1.3,1126259642.413,40.25892130935228,-7.8601850574721635,-36403.02752118591
37.65376994665617,30.192071702262457,-0.5296926141730309,-0.08634769308171056,400.0,-1.2108,1.375,0.4,2.659,1.3,1126259642.413,40.25908963139797,-7.8601850574721635,-36354.451056418504
34.869299126581325,33.84803439460867,-0.06629549319877662,-0.5083760254038269,400.0,-1.2108,1.375,0.4,2.659,1.3,1126259642.413,40.2598186594047,-7.8601850574721635,-36406.40320927155
35.91739023269318,32.743463612191604,0.008356107404545843,-0.5992412484028052,400.0,-1.2108,1.375,0.4,2.659,1.3,1126259642.413,40.26090227971275,-7.8601850574721635,-36365.14596040792
36.484497844710425,31.19677240783822,-0.48357660361801663,-0.20751753190833447,400.0,-1.2108,1.375,0.4,2.659,1.3,1126259642.413,40.26155702511476,-7.8601850574721635,-36380.87428692079
38.24379781000785,32.712682860176976,0.12410248350617098,-0.4318768059136905,400.0,-1.2108,1.375,0.4,2.659,1.3,1126259642.413,40.26330048335219,-7.8601850574721635,-36538.960376643976
35.79368207646297,32.32463618397054,-0.6431200338453533,0.021442640991751666,400.0,-1.2108,1.375,0.4,2.659,1.3,1126259642.413,40.264226087407756,-7.8601850574721635,-36317.5893867267
36.049116698172774,32.529519615359455,-0.4643456846236844,-0.1329533177210807,400.0,-1.2108,1.375,0.4,2.659,1.3,1126259642.413,40.264294482335266,-7.8601850574721635,-36327.97452351842
38.68291762531747,32.270469612518134,0.1973056302529268,-0.5405026684570315,400.0,-1.2108,1.375,0.4,2.659,1.3,1126259642.413,40.26479693928455,-7.8601850574721635,-36500.50985846017
35.43917381656663,34.18879192341153,-0.0687882699655003,-0.38128666893451146,400.0,-1.2108,1.375,0.4,2.659,1.3,1126259642.413,40.26485169317223,-7.8601850574721635,-36550.31461477443
37.485212514498215,32.04112743724806,-0.17392391316659278,-0.3071081594522613,400.0,-1.2108,1.375,0.4,2.659,1.3,1126259642.413,40.26584948992327,-7.8601850574721635,-36491.40877180191
35.11090042867495,32.35776581637075,-0.3089264007961215,-0.4481101637112299,400.0,-1.2108,1.375,0.4,2.659,1.3,1126259642.413,40.26655886831783,-7.8601850574721635,-36380.32986235942
38.40655414697803,31.787080129639286,-0.02344585409024516,-0.3968397703387809,400.0,-1.2108,1.375,0.4,2.659,1.3,1126259642.413,40.267003697688516,-7.8601850574721635,-36454.18947081003
36.88764263283605,30.312104002013086,-0.12696753248485895,-0.684724927049384,400.0,-1.2108,1.375,0.4,2.659,1.3,1126259642.413,40.26738749017144,-7.8601850574721635,-36252.90942253493
35.40207552005803,32.825886896610605,-0.5949687121947949,-0.036020468656704496,400.0,-1.2108,1.375,0.4,2.659,1.3,1126259642.413,40.26808504479092,-7.8601850574721635,-36289.125417306444
36.041234465743976,32.053477806789985,-0.39685229466237987,-0.23308523028139386,400.0,-1.2108,1.375,0.4,2.659,1.3,1126259642.413,40.27048355004181,-7.8601850574721635,-36330.396490574916
36.480676970760804,32.318429731633884,0.03044692917292441,-0.644225309420509,400.0,-1.2108,1.375,0.4,2.659,1.3,1126259642.413,40.271919075802636,-7.8601850574721635,-36385.7610712058
35.95646161631462,33.286934971676516,-0.5615087849562554,0.05708809853793123,400.0,-1.2108,1.375,0.4,2.659,1.3,1126259642.413,40.27279584289353,-7.8601850574721635,-36483.48054521044
37.41009195911592,32.569690575039125,0.17926235135705218,-0.6485694838735274,400.0,-1.2108,1.375,0.4,2.659,1.3,1126259642.413,40.27547313204232,-7.8601850574721635,-36499.52585087271
35.46116756340473,32.201065214245816,-0.06041490027724472,-0.6598276628958331,400.0,-1.2108,1.375,0.4,2.659,1.3,1126259642.413,40.2766532161139,-7.8601850574721635,-36406.58245932272
35.61066188065931,33.08934587617751,-0.48871588896402124,-0.09369174642423125,400.0,-1.2108,1.375,0.4,2.659,1.3,1126259642.413,40.27690276340531,-7.8601850574721635,-36387.53030578374
35.263613401470266,33.552772454283584,0.19567007228927502,-0.7840420101622594,400.0,-1.2108,1.375,0.4,2.659,1.3,1126259642.413,40.27876524978752,-7.8601850574721635,-36431.5518171149
37.75728210654573,30.415926068694038,-0.4956004968236977,-0.09655231643288271,400.0,-1.2108,1.375,0.4,2.659,1.3,1126259642.413,40.279453671113814,-7.8601850574721635,-36357.29165772218
37.75336844323792,30.81310879585341,-0.4398950434473498,-0.08573771314387227,400.0,-1.2108,1.375,0.4,2.659,1.3,1126259642.413,40.27953056925,-7.8601850574721635,-36253.5402307521
35.397005491636435,32.69061925359107,-0.41322056375148214,-0.2477675238381319,400.0,-1.2108,1.375,0.4,2.659,1.3,1126259642.413,40.28039236648433,-7.8601850574721635,-36320.35539559297
35.1149968844254,32.82471309818358,-0.13493062668669642,-0.5664882814504865,400.0,-1.2108,1.375,0.4,2.659,1.3,1126259642.413,40.28117882576675,-7.8601850574721635,-36364.12007546911
36.64489516294969,33.644007518723775,-0.0026691883771428337,-0.380971657116739,400.0,-1.2108,1.375,0.4,2.659,1.3,1126259642.413,40.28125517786258,-7.8601850574721635,-36381.22675473652
35.41392458625686,34.705466237490285,0.003707179029950075,-0.3788650134626643,400.0,-1.2108,1.375,0.4,2.659,1.3,1126259642.413,40.28264635771266,-7.8601850574721635,-36410.46323212732
35.86670493875495,32.24385112399473,-0.6468094465663458,0.02607055754613591,400.0,-1.2108,1.375,0.4,2.659,1.3,1126259642.413,40.28328294979646,-7.8601850574721635,-36320.46608195259
36.01475078241574,32.928917088020285,-0.5847787524714538,0.03604422227750337,400.0,-1.2108,1.375,0.4,2.659,1.3,1126259642.413,40.283321400897975,-7.8601850574721635,-36443.82113942753
37.49769176064796,32.333742485744374,-0.28480754854468426,-0.1517204481912791,400.0,-1.2108,1.375,0.4,2.659,1.3,1126259642.413,40.28431017603362,-7.8601850574721635,-36529.457563077434
35.080894927418164,33.26869389071884,-0.5191115417357928,-0.10389815600897015,400.0,-1.2108,1.375,0.4,2.659,1.3,1126259642.413,40.28431695374322,-7.8601850574721635,-36293.788957008364
34.426862760435505,33.20609308028204,-0.04288816150954361,-0.6552019865718253,400.0,-1.2108,1.375,0.4,2.659,1.3,1126259642.413,40.28490211916326,-7.8601850574721635,-36414.35792412452
35.44653085411005,32.732221774585916,-0.43091840015560107,-0.19176470801209483,400.0,-1.2108,1.375,0.4,2.659,1.3,1126259642.413,40.287647970993895,-7.8601850574721635,-36300.79159783979
37.51152010921589,32.02572778502167,-0.28068187863609645,-0.19358936514395564,400.0,-1.2108,1.375,0.4,2.659,1.3,1126259642.413,40.28853700495445,-7.8601850574721635,-36492.67258101136
37.591084518147376,30.463981451789735,-0.015753641691480635,-0.7092736282927292,400.0,-1.2108,1.375,0.4,2.659,1.3,1126259642.413,40.288610389520905,-7.8601850574721635,-36375.66894732522
37.491591166897024,30.790484410945346,-0.47310825199695944,-0.10595708518995095,400.0,-1.2108,1.375,0.4,2.659,1.3,1126259642.413,40.28903469788568,-7.8601850574721635,-36310.89800759606
36.69838897935666,31.454087221137076,-0.5802821837388539,-0.03546891670971358,400.0,-1.2108,1.375,0.4,2.659,1.3,1126259642.413,40.290636348833274,-7.8601850574721635,-36328.291606839826
38.13672641676796,32.11316984089586,0.07043225725241964,-0.5064212768634603,400.0,-1.2108,1.375,0.4,2.659,1.3,1126259642.413,40.291893921612576,-7.8601850574721635,-36415.39054475129
36.154243367478045,31.116211454730337,0.003422749044511314,-0.7930408320658042,400.0,-1.2108,1.375,0.4,2.659,1.3,1126259642.413,40.29198228687626,-7.8601850574721635,-36265.73674188287
35.797404411985205,33.28342142399895,-0.47079070754450403,-0.03619768412791391,400.0,-1.2108,1.375,0.4,2.659,1.3,1126259642.413,40.29334416116532,-7.8601850574721635,-36465.07515380931
39.16443562985261,30.276394487617054,-0.13634953915459014,-0.3782783429826927,400.0,-1.2108,1.375,0.4,2.659,1.3,1126259642.413,40.29350723101459,-7.8601850574721635,-36391.06023243638
36.688200845684385,31.607867405930392,-0.6311957123227814,0.05230677954252694,400.0,-1.2108,1.375,0.4,2.659,1.3,1126259642.413,40.294506906946516,-7.8601850574721635,-36289.3297259261
36.992063969777114,32.03950374703938,-0.46244590843310046,-0.06069242569775135,400.0,-1.2108,1.375,0.4,2.659,1.3,1126259642.413,40.294851979535196,-7.8601850574721635,-36429.47091436012
34.79556581488394,32.68453378455848,0.049190221289458075,-0.7923198201111419,400.0,-1.2108,1.375,0.4,2.659,1.3,1126259642.413,40.29633038918821,-7.8601850574721635,-36386.73831048138
34.75255395559227,34.47533302104541,-0.3287325726437081,-0.16331233966869377,400.0,-1.2108,1.375,0.4,2.659,1.3,1126259642.413,40.29737826580992,-7.8601850574721635,-36494.76809459216
40.21655748395099,30.170874224238585,-0.20416718306904966,-0.15967633911198742,400.0,-1.2108,1.375,0.4,2.659,1.3,1126259642.413,40.299058741327926,-7.8601850574721635,-36467.16586528163
36.963811601191,31.618864674202992,-0.2623184166257425,-0.3114946926465797,400.0,-1.2108,1.375,0.4,2.659,1.3,1126259642.413,40.29918997164033,-7.8601850574721635,-36288.22615594018
35.77138218930782,33.89859114248524,-0.2110048666422214,-0.2409213681781881,400.0,-1.2108,1.375,0.4,2.659,1.3,1126259642.413,40.301081188093846,-7.8601850574721635,-36547.47749449404
34.08938465178756,33.45532025829519,-0.198205486599729,-0.5378394675362059,400.0,-1.2108,1.375,0.4,2.659,1.3,1126259642.413,40.3011347170723,-7.8601850574721635,-36410.86384251732
35.83497488501933,33.32998430186571,-0.7792252576115766,0.2801075670738167,400.0,-1.2108,1.375,0.4,2.659,1.3,1126259642.413,40.30159133074126,-7.8601850574721635,-36476.21490647703
35.550044630165615,32.560380409478476,-0.4287459224489524,-0.22783903239858924,400.0,-1.2108,1.375,0.4,2.659,1.3,1126259642.413,40.30219344005135,-7.8601850574721635,-36316.30366300338
36.61770393417631,32.63708362640237,-0.2551775256923612,-0.2619701097157552,400.0,-1.2108,1.375,0.4,2.659,1.3,1126259642.413,40.302204296932835,-7.8601850574721635,-36468.653467607175
37.57363322796621,31.692915346843503,-0.6721382030756666,0.2242432207296005,400.0,-1.2108,1.375,0.4,2.659,1.3,1126259642.413,40.302212237133375,-7.8601850574721635,-36441.59040227721
39.49316892342187,30.455721049948696,0.20901580607149597,-0.7860568077936737,400.0,-1.2108,1.375,0.4,2.659,1.3,1126259642.413,40.30402444746607,-7.8601850574721635,-36470.53111361413
35.88272128597644,33.32146531804065,0.050377149721489795,-0.5698326621111001,400.0,-1.2108,1.375,0.4,2.659,1.3,1126259642.413,40.30430293285696,-7.8601850574721635,-36477.92785114202
36.82066016851515,31.82936619063758,0.04318092220581063,-0.6813586309503522,400.0,-1.2108,1.375,0.4,2.659,1.3,1126259642.413,40.30505695686078,-7.8601850574721635,-36314.83972538357
34.839679746848155,34.01310894582554,-0.47375795188021286,-0.07687705362413566,400.0,-1.2108,1.375,0.4,2.659,1.3,1126259642.413,40.30525995600102,-7.8601850574721635,-36443.36767580595
38.436973744686384,30.04620732717101,0.015727970369158434,-0.6790552307996669,400.0,-1.2108,1.375,0.4,2.659,1.3,1126259642.413,40.30539880750024,-7.8601850574721635,-36284.09455120935
36.318665507174785,32.22435118411827,-0.04833219793090665,-0.5573129010681676,400.0,-1.2108,1.375,0.4,2.659,1.3,1126259642.413,40.30548804498301,-7.8601850574721635,-36305.68289045322
35.00201508118819,33.95602410173591,-0.5298090907890778,0.012528683316095246,400.0,-1.2108,1.375,0.4,2.659,1.3,1126259642.413,40.30629465962326,-7.8601850574721635,-36460.36012769518
36.31329561342285,32.054051345987716,-0.04156231977095823,-0.6251080062264014,400.0,-1.2108,1.375,0.4,2.659,1.3,1126259642.413,40.306460072044395,-7.8601850574721635,-36280.53042525693
38.496700881774316,31.89533134880668,-0.04073467235684525,-0.3563761754468487,400.0,-1.2108,1.375,0.4,2.659,1.3,1126259642.413,40.30656252346982,-7.8601850574721635,-36374.938050829354
37.78922310520254,31.03179059591403,-0.6641226388449731,0.17592869273116807,400.0,-1.2108,1.375,0.4,2.659,1.3,1126259642.413,40.30835844102547,-7.8601850574721635,-36308.85565011279
37.58211111087662,31.452902681716296,-0.1186596207883126,-0.4328665958852561,400.0,-1.2108,1.375,0.4,2.659,1.3,1126259642.413,40.30919678015913,-7.8601850574721635,-36399.71458332917
34.41511151816127,34.37170632206612,-0.014683519557445596,-0.5384812425560042,400.0,-1.2108,1.375,0.4,2.659,1.3,1126259642.413,40.309561915529244,-7.8601850574721635,-36432.22696334899
36.81337061408804,30.53973076346856,-0.3768272456863778,-0.36488096265346753,400.0,-1.2108,1.375,0.4,2.659,1.3,1126259642.413,40.30999209614983,-7.8601850574721635,-36253.75518372865
38.63851059024072,32.2992091483004,0.17308102209279938,-0.5108165650838412,400.0,-1.2108,1.375,0.4,2.659,1.3,1126259642.413,40.31035931345535,-7.8601850574721635,-36496.913206835394
37.4704541457682,31.786444622287103,-0.3591584845545822,-0.1279369540588414,400.0,-1.2108,1.375,0.4,2.659,1.3,1126259642.413,40.310867753037854,-7.8601850574721635,-36444.11201687701
36.595264938822346,33.60604144612292,-0.12620052018381114,-0.2653109102139933,400.0,-1.2108,1.375,0.4,2.659,1.3,1126259642.413,40.31201061286505,-7.8601850574721635,-36392.14697485514
36.3115208236036,31.765025593515958,-0.4757624465920009,-0.17478928928013254,400.0,-1.2108,1.375,0.4,2.659,1.3,1126259642.413,40.312292137844906,-7.8601850574721635,-36342.66740620978
38.166674515199624,31.976779128018542,0.14445872787209274,-0.6021610695903628,400.0,-1.2108,1.375,0.4,2.659,1.3,1126259642.413,40.31288892882021,-7.8601850574721635,-36463.34768610676
38.337359587883135,31.192976290450193,-0.21637574201714047,-0.25730955467533984,400.0,-1.2108,1.375,0.4,2.659,1.3,1126259642.413,40.31299922317577,-7.8601850574721635,-36449.49264727656
36.81557955543751,32.47266773203455,-0.1870951367268008,-0.3217887662709576,400.0,-1.2108,1.375,0.4,2.659,1.3,1126259642.413,40.314167014165434,-7.8601850574721635,-36468.81652095506
34.34366938398759,33.17450299980215,-0.4402359188124795,-0.2946462940639028,400.0,-1.2108,1.375,0.4,2.659,1.3,1126259642.413,40.31533878111295,-7.8601850574721635,-36404.07819069377
37.63855944869212,30.72689281402907,-0.3367041869053482,-0.27451068772657794,400.0,-1.2108,1.375,0.4,2.659,1.3,1126259642.413,40.31620775831708,-7.8601850574721635,-36290.10747287979
36.74607980613291,30.832789334552775,0.00410184285711615,-0.7523924740652188,400.0,-1.2108,1.375,0.4,2.659,1.3,1126259642.413,40.31632523605484,-7.8601850574721635,-36331.257517384714
36.77956398406701,32.55795726160781,-0.07237112815089267,-0.45269460963918384,400.0,-1.2108,1.375,0.4,2.659,1.3,1126259642.413,40.31821282947258,-7.8601850574721635,-36479.874919038564
40.71806328699516,30.03149295358238,0.14452325986701728,-0.6170224618132417,400.0,-1.2108,1.375,0.4,2.659,1.3,1126259642.413,40.31875653161237,-7.8601850574721635,-36356.635291218074
35.880531287279524,32.99682275778952,-0.20944700580769646,-0.3333544707422498,400.0,-1.2108,1.375,0.4,2.659,1.3,1126259642.413,40.31980792045156,-7.8601850574721635,-36431.896308695505
36.36226228469268,31.318469242317345,-0.43965241066856847,-0.2622495582801033,400.0,-1.2108,1.375,0.4,2.659,1.3,1126259642.413,40.31982085073069,-7.8601850574721635,-36386.55476559303
36.84525516512946,32.43861498889798,-0.15110798069533496,-0.36597013206541623,400.0,-1.2108,1.375,0.4,2.659,1.3,1126259642.413,40.32034371567025,-7.8601850574721635,-36467.103319684196
35.60062126424491,35.331332576175384,0.26503232623559375,-0.5129132982764291,400.0,-1.2108,1.375,0.4,2.659,1.3,1126259642.413,40.32040922106587,-7.8601850574721635,-36618.76315937267
36.93836437731286,30.63317978368212,-0.23308893017222132,-0.5079004732098912,400.0,-1.2108,1.375,0.4,2.659,1.3,1126259642.413,40.32084526073092,-7.8601850574721635,-36312.62229698996
35.75415999465145,33.344471208914584,-0.5879575698132891,0.08514463643965225,400.0,-1.2108,1.375,0.4,2.659,1.3,1126259642.413,40.32086036908192,-7.8601850574721635,-36468.05900455814
36.13241791871017,32.30736281251093,-0.2551047949985206,-0.3728078074509934,400.0,-1.2108,1.375,0.4,2.659,1.3,1126259642.413,40.32209876389107,-7.8601850574721635,-36287.905850715164
36.92879052488915,33.07536905811741,0.1421206240145332,-0.5872832979095467,400.0,-1.2108,1.375,0.4,2.659,1.3,1126259642.413,40.322320597566524,-7.8601850574721635,-36475.950546077016
34.09395404638928,33.392501839540216,-0.2152964216902585,-0.49652922350654727,400.0,-1.2108,1.375,0.4,2.659,1.3,1126259642.413,40.32318901579314,-7.8601850574721635,-36398.71754027529
35.14559506177219,33.948323399622446,-0.19233424871975502,-0.3221059485143706,400.0,-1.2108,1.375,0.4,2.659,1.3,1126259642.413,40.32428632868764,-7.8601850574721635,-36474.55047576811
34.819605742320725,33.95031606387945,0.0694907732720475,-0.6240597877074443,400.0,-1.2108,1.375,0.4,2.659,1.3,1126259642.413,40.326175174545035,-7.8601850574721635,-36426.54308167443
38.292589811256974,32.66060063230269,0.13954612949791234,-0.45924615572573346,400.0,-1.2108,1.375,0.4,2.659,1.3,1126259642.413,40.32816280616323,-7.8601850574721635,-36533.94056142622
39.642537489733435,31.11185099840526,0.2915869763948467,-0.7317771158293296,400.0,-1.2108,1.375,0.4,2.659,1.3,1126259642.413,40.3282171230077,-7.8601850574721635,-36331.16550169288
36.90717849322049,33.40429448746257,-0.18117952675075322,-0.19260990924914584,400.0,-1.2108,1.375,0.4,2.659,1.3,1126259642.413,40.328840030041476,-7.8601850574721635,-36378.50872467207
36.913760881985446,31.903468154203587,0.06694539974587907,-0.676259684944726,400.0,-1.2108,1.375,0.4,2.659,1.3,1126259642.413,40.32947412673487,-7.8601850574721635,-36369.94520987233
35.556797225712444,32.33284388182386,-0.036044381574983075,-0.689079693612955,400.0,-1.2108,1.375,0.4,2.659,1.3,1126259642.413,40.333061947160914,-7.8601850574721635,-36382.39882339517
38.61751790284778,31.72023165501799,-0.04231665479776507,-0.35537359095497867,400.0,-1.2108,1.375,0.4,2.659,1.3,1126259642.413,40.33454138934507,-7.8601850574721635,-36402.47785313103
35.11901646394837,32.17907510338821,-0.1485064357494033,-0.6468149146829911,400.0,-1.2108,1.375,0.4,2.659,1.3,1126259642.413,40.33642329787079,-7.8601850574721635,-36315.713272046014
39.62689461241122,30.585119539114928,0.1528112493496434,-0.6676739294841985,400.0,-1.2108,1.375,0.4,2.659,1.3,1126259642.413,40.33772262768551,-7.8601850574721635,-36489.158726300746
38.267349373033284,31.911946311731135,0.1255948903713249,-0.581096907334493,400.0,-1.2108,1.375,0.4,2.659,1.3,1126259642.413,40.33839275289307,-7.8601850574721635,-36454.07829583697
35.42555049683381,33.235892000048025,0.09335758876121367,-0.6814798468185603,400.0,-1.2108,1.375,0.4,2.659,1.3,1126259642.413,40.33967866569164,-7.8601850574721635,-36380.27878180273
37.78222665191412,30.78393384974487,-0.5700342851847212,0.04532752582427202,400.0,-1.2108,1.375,0.4,2.659,1.3,1126259642.413,40.33981431640761,-7.8601850574721635,-36259.03780419875
35.57427139532741,32.79243502442249,-0.5548748061185378,-0.06141456044115473,400.0,-1.2108,1.375,0.4,2.659,1.3,1126259642.413,40.339878355001545,-7.8601850574721635,-36288.447783560594
34.24999710276904,33.30687715530529,-0.4767219730161302,-0.23758115113124967,400.0,-1.2108,1.375,0.4,2.659,1.3,1126259642.413,40.3403203900834,-7.8601850574721635,-36411.77154022266
36.57487780388823,32.3128930219911,-0.17918622129991713,-0.3978793523700661,400.0,-1.2108,1.375,0.4,2.659,1.3,1126259642.413,40.34211361330275,-7.8601850574721635,-36412.393307755665
35.729595608696,31.64850775847835,-0.1283786764455206,-0.6248575452099192,400.0,-1.2108,1.375,0.4,2.659,1.3,1126259642.413,40.34246388138558,-7.8601850574721635,-36316.27891381561
37.11931906237294,31.783920940761828,-0.7978130451055638,0.3162029016122328,400.0,-1.2108,1.375,0.4,2.659,1.3,1126259642.413,40.34415706229929,-7.8601850574721635,-36390.981398657284
36.31420454262433,32.29298998925209,0.04793532804303305,-0.6601965955401636,400.0,-1.2108,1.375,0.4,2.659,1.3,1126259642.413,40.34539432282727,-7.8601850574721635,-36326.22324685126
35.557647409368776,33.874170102134315,-0.24281599525205222,-0.22365332885255002,400.0,-1.2108,1.375,0.4,2.659,1.3,1126259642.413,40.3462700679203,-7.8601850574721635,-36527.150068913266
34.80790715560499,33.29052349057595,-0.5741888888983299,-0.06491397463659321,400.0,-1.2108,1.375,0.4,2.659,1.3,1126259642.413,40.34676688630822,-7.8601850574721635,-36313.19759200879
39.7835475112783,30.570216478458022,-0.02422387316810959,-0.40027211278348773,400.0,-1.2108,1.375,0.4,2.659,1.3,1126259642.413,40.34851137168054,-7.8601850574721635,-36460.73174319134
35.65993001701709,32.128120323673144,-0.0652805303782,-0.6362779774705822,400.0,-1.2108,1.375,0.4,2.659,1.3,1126259642.413,40.349178013784886,-7.8601850574721635,-36401.25470570606
35.940565745702024,33.19740616287785,-0.5409718750818631,0.02306359741209041,400.0,-1.2108,1.375,0.4,2.659,1.3,1126259642.413,40.34953598477629,-7.8601850574721635,-36470.179801175356
38.2921072300157,31.18230094498836,-0.2218817991918108,-0.25787395763710613,400.0,-1.2108,1.375,0.4,2.659,1.3,1126259642.413,40.35321427494444,-7.8601850574721635,-36440.40660740141
38.491656540311304,30.63675965818225,-0.45755206625983424,-0.009336668567009543,400.0,-1.2108,1.375,0.4,2.659,1.3,1126259642.413,40.35612956486142,-7.8601850574721635,-36364.740225213725
40.31423292135829,30.41555974797384,0.12596649593758386,-0.5701588323558304,400.0,-1.2108,1.375,0.4,2.659,1.3,1126259642.413,40.35654805371611,-7.8601850574721635,-36340.32082484446
34.73078333979075,34.230115272732995,-0.6638565543271223,0.12617141602069978,400.0,-1.2108,1.375,0.4,2.659,1.3,1126259642.413,40.35702582020265,-7.8601850574721635,-36462.239279991336
34.895874400454076,34.68826888277136,-0.24744896799390065,-0.1931849993763356,400.0,-1.2108,1.375,0.4,2.659,1.3,1126259642.413,40.359646230387256,-7.8601850574721635,-36551.75195325674
34.76410620603574,33.047504469126125,-0.5489604971447162,-0.1406502196804495,400.0,-1.2108,1.375,0.4,2.659,1.3,1126259642.413,40.36039927078616,-7.8601850574721635,-36394.94522310254
37.29801410627216,31.53419262911227,-0.7797401479380375,0.30232569200596393,400.0,-1.2108,1.375,0.4,2.659,1.3,1126259642.413,40.362255531579336,-7.8601850574721635,-36352.00702297872
35.180793385819065,33.32360242516093,-0.2855161676884296,-0.3271687000017702,400.0,-1.2108,1.375,0.4,2.659,1.3,1126259642.413,40.36227811602453,-7.8601850574721635,-36330.57080729975
35.71530751023939,32.52100377799501,-0.44324205719508825,-0.1734221302615849,400.0,-1.2108,1.375,0.4,2.659,1.3,1126259642.413,40.36314555576394,-7.8601850574721635,-36287.95238180827
37.51561941759778,31.079673821879847,0.06903763546845901,-0.728013494430527,400.0,-1.2108,1.375,0.4,2.659,1.3,1126259642.413,40.363862435405274,-7.8601850574721635,-36265.30317076268
38.721377134696326,32.13271341788351,0.1899458249617174,-0.5428900501785362,400.0,-1.2108,1.375,0.4,2.659,1.3,1126259642.413,40.36446756742277,-7.8601850574721635,-36440.83586636878
35.198333570954176,33.66889205991371,-0.448552583437708,-0.11166060759726629,400.0,-1.2108,1.375,0.4,2.659,1.3,1126259642.413,40.36528850319377,-7.8601850574721635,-36442.34042553358
34.79657949539631,33.72253711561881,-0.03094999536869411,-0.5767515952620703,400.0,-1.2108,1.375,0.4,2.659,1.3,1126259642.413,40.36530044329389,-7.8601850574721635,-36341.54010348531
38.61437621336837,31.63173556265395,-0.05909298481994779,-0.35233507054157537,400.0,-1.2108,1.375,0.4,2.659,1.3,1126259642.413,40.368095317618824,-7.8601850574721635,-36438.31980028987
36.031975897377365,32.87919220625102,-0.6022550404839748,0.052316186548591104,400.0,-1.2108,1.375,0.4,2.659,1.3,1126259642.413,40.368325823224886,-7.8601850574721635,-36434.71969375779
39.60606292157453,30.774676913278924,-0.09037600427229547,-0.3004164585079048,400.0,-1.2108,1.375,0.4,2.659,1.3,1126259642.413,40.369700247417,-7.8601850574721635,-36442.17546170131
35.112984111368895,32.80611424514394,-0.034213400480562955,-0.678107304311823,400.0,-1.2108,1.375,0.4,2.659,1.3,1126259642.413,40.36973271850113,-7.8601850574721635,-36370.83437772397
37.07731756667137,31.84486506731433,-0.7514542789662095,0.2761634716583821,400.0,-1.2108,1.375,0.4,2.659,1.3,1126259642.413,40.37216042748979,-7.8601850574721635,-36398.63872830649
38.0840032286967,32.37606335078628,-0.13648042262869944,-0.23480885084229103,400.0,-1.2108,1.375,0.4,2.659,1.3,1126259642.413,40.378467235615645,-7.8601850574721635,-36359.592140178414
36.33154348214017,33.81857249412624,-0.10016739822823781,-0.28279645934026254,400.0,-1.2108,1.375,0.4,2.659,1.3,1126259642.413,40.37984855768404,-7.8601850574721635,-36407.85496436537
39.640675145628,31.225933508273222,0.16662669775429187,-0.5417718169463865,400.0,-1.2108,1.375,0.4,2.659,1.3,1126259642.413,40.37994782032275,-7.8601850574721635,-36353.32759297971
34.19401569268764,33.739645639191224,0.01175512045462243,-0.6617401959467062,400.0,-1.2108,1.375,0.4,2.659,1.3,1126259642.413,40.38301630175444,-7.8601850574721635,-36359.067296890884
35.94469417205613,32.26583478409962,-0.3002385154897306,-0.3544783504209041,400.0,-1.2108,1.375,0.4,2.659,1.3,1126259642.413,40.38570925849558,-7.8601850574721635,-36298.2605992439
38.385387934152234,30.572681734397364,-0.18224943030800556,-0.38492655615012034,400.0,-1.2108,1.375,0.4,2.659,1.3,1126259642.413,40.386795325079405,-7.8601850574721635,-36311.97565673509
38.83307676656527,30.045040313835347,-0.38033927631413567,-0.1332076048294467,400.0,-1.2108,1.375,0.4,2.659,1.3,1126259642.413,40.387417632210024,-7.8601850574721635,-36245.35431319746
34.2507833917425,33.12642108401741,-0.06192850609170911,-0.7049894270841814,400.0,-1.2108,1.375,0.4,2.659,1.3,1126259642.413,40.387672881678014,-7.8601850574721635,-36367.43170310579
38.82925445929059,30.236342867341367,-0.5595101529422568,0.13206454222453134,400.0,-1.2108,1.375,0.4,2.659,1.3,1126259642.413,40.38874156591395,-7.8601850574721635,-36308.90913414214
37.21258543343136,30.066985864041428,-0.32608522954141966,-0.41507347796725635,400.0,-1.2108,1.375,0.4,2.659,1.3,1126259642.413,40.38882421403335,-7.8601850574721635,-36243.04013985986
35.439151512632705,31.923968807460497,-0.26734375093473606,-0.4818683190135693,400.0,-1.2108,1.375,0.4,2.659,1.3,1126259642.413,40.389164083961994,-7.8601850574721635,-36324.599407210895
37.11901200517239,31.155287673632134,-0.16105329480727457,-0.49606377277893765,400.0,-1.2108,1.375,0.4,2.659,1.3,1126259642.413,40.38922126508942,-7.8601850574721635,-36301.53792169233
35.41647264439359,34.07067190246914,-0.20770340420816522,-0.2598516857670995,400.0,-1.2108,1.375,0.4,2.659,1.3,1126259642.413,40.38954552511683,-7.8601850574721635,-36538.84241444931
36.45308539995777,31.871373735412806,-0.5289188156733126,-0.08147163437919797,400.0,-1.2108,1.375,0.4,2.659,1.3,1126259642.413,40.393529346053654,-7.8601850574721635,-36279.201546173834
38.502661385382886,30.588336384251456,-0.4445008994154462,-0.014156516686931735,400.0,-1.2108,1.375,0.4,2.659,1.3,1126259642.413,40.39444572508441,-7.8601850574721635,-36352.99792432583
36.54246286498625,33.02611871338266,-0.20242248357283038,-0.2703537764366832,400.0,-1.2108,1.375,0.4,2.659,1.3,1126259642.413,40.39528730008874,-7.8601850574721635,-36532.725262684995
36.76732265973554,32.82516445063784,-0.3240293070168581,-0.13371636676248544,400.0,-1.2108,1.375,0.4,2.659,1.3,1126259642.413,40.39626568138212,-7.8601850574721635,-36530.86303236518
35.279834658470804,34.0432797661732,-0.16204572131959186,-0.32998236829617766,400.0,-1.2108,1.375,0.4,2.659,1.3,1126259642.413,40.39697447658763,-7.8601850574721635,-36508.48167441127
35.22773501565528,33.40177373593795,-0.15070090792329593,-0.4119699129737147,400.0,-1.2108,1.375,0.4,2.659,1.3,1126259642.413,40.39735688625395,-7.8601850574721635,-36374.90157480874
35.41363541726956,32.91276787092877,-0.29049243778450307,-0.3110949819896158,400.0,-1.2108,1.375,0.4,2.659,1.3,1126259642.413,40.39900766980291,-7.8601850574721635,-36291.572788084675
34.64420816907568,33.74922494815582,-0.5591720826651077,-0.05680218534894546,400.0,-1.2108,1.375,0.4,2.659,1.3,1126259642.413,40.40006145004549,-7.8601850574721635,-36307.36727545011
40.02601130440732,30.049620688670295,0.17253986510411973,-0.7433998830710764,400.0,-1.2108,1.375,0.4,2.659,1.3,1126259642.413,40.400928472023566,-7.8601850574721635,-36459.34360322442
35.25365379464224,33.628327112867325,-0.09024082334838815,-0.4722252229772611,400.0,-1.2108,1.375,0.4,2.659,1.3,1126259642.413,40.40105115230786,-7.8601850574721635,-36444.201130506975
37.31882123012368,32.630150546107295,0.16159444450744165,-0.6272843767847263,400.0,-1.2108,1.375,0.4,2.659,1.3,1126259642.413,40.40105835119333,-7.8601850574721635,-36506.9217106081
39.22228851436779,31.072603530670463,-0.1698280584458909,-0.20448048693553747,400.0,-1.2108,1.375,0.4,2.659,1.3,1126259642.413,40.403902086006966,-7.8601850574721635,-36454.03595537255
34.129857334080704,33.58780427400979,-0.5849791166735971,-0.11522137891662856,400.0,-1.2108,1.375,0.4,2.659,1.3,1126259642.413,40.40422461126551,-7.8601850574721635,-36408.346654610505
37.87141864296808,30.864681784544125,0.09194198867827043,-0.7473861740914355,400.0,-1.2108,1.375,0.4,2.659,1.3,1126259642.413,40.40453698924653,-7.8601850574721635,-36276.092054311666
38.39558694109778,30.06158004058203,0.05319714835099579,-0.7322704857901176,400.0,-1.2108,1.375,0.4,2.659,1.3,1126259642.413,40.406970556651316,-7.8601850574721635,-36290.92771743844
37.01236627284463,33.12638071470003,0.004689385411977776,-0.4177327251023789,400.0,-1.2108,1.375,0.4,2.659,1.3,1126259642.413,40.40756732079949,-7.8601850574721635,-36421.741471956724
36.45869611700801,32.36584496597713,0.02538454785688482,-0.6329382351949311,400.0,-1.2108,1.375,0.4,2.659,1.3,1126259642.413,40.41030509650798,-7.8601850574721635,-36400.720363362045
34.86584126198886,33.76486339275712,-0.10916937426682416,-0.48362827342993986,400.0,-1.2108,1.375,0.4,2.659,1.3,1126259642.413,40.41146215674735,-7.8601850574721635,-36381.460339810306
36.55550228595985,31.698512779575946,-0.5822076011800617,-0.009658575296925043,400.0,-1.2108,1.375,0.4,2.659,1.3,1126259642.413,40.41179569475789,-7.8601850574721635,-36295.64323777765
35.50141100991651,32.53950619954277,-0.4402240442295629,-0.20363525238623909,400.0,-1.2108,1.375,0.4,2.659,1.3,1126259642.413,40.41271920876158,-7.8601850574721635,-36337.24414227905
37.653170641663515,32.60756413308836,-0.1452515530704544,-0.23939230868782446,400.0,-1.2108,1.375,0.4,2.659,1.3,1126259642.413,40.41423115641845,-7.8601850574721635,-36397.7870378246
36.61124102603985,30.698313653255877,-0.2073769007185068,-0.5496449618343704,400.0,-1.2108,1.375,0.4,2.659,1.3,1126259642.413,40.41682820943147,-7.8601850574721635,-36249.91307715667
38.18616818231109,31.086361464772498,-0.09741882487904188,-0.43489902311225065,400.0,-1.2108,1.375,0.4,2.659,1.3,1126259642.413,40.41762844177546,-7.8601850574721635,-36417.03747430334
35.502257144092624,33.50965666311755,-0.531421442585283,0.01879195994924565,400.0,-1.2108,1.375,0.4,2.659,1.3,1126259642.413,40.41810423190841,-7.8601850574721635,-36462.332395243786
35.69716111200342,32.62004315063699,-0.1522068143637842,-0.5026916594990534,400.0,-1.2108,1.375,0.4,2.659,1.3,1126259642.413,40.41844774660933,-7.8601850574721635,-36286.66335702124
37.093950032243285,32.180273821092456,-0.5414385051257208,0.06879356408743553,400.0,-1.2108,1.375,0.4,2.659,1.3,1126259642.413,40.42062845287441,-7.8601850574721635,-36460.61514058707
35.68214628478891,32.88698603986312,-0.5449458240315909,-0.019089905032317195,400.0,-1.2108,1.375,0.4,2.659,1.3,1126259642.413,40.42067515096452,-7.8601850574721635,-36338.1899445118
36.48051239194677,32.66076697494262,-0.3329024856818101,-0.17774913598686162,400.0,-1.2108,1.375,0.4,2.659,1.3,1126259642.413,40.420923967078465,-7.8601850574721635,-36458.78301146455
36.99992228648055,33.14019414872665,-0.0775169597663328,-0.31904320153893356,400.0,-1.2108,1.375,0.4,2.659,1.3,1126259642.413,40.424145797329224,-7.8601850574721635,-36421.09611064731
40.15537059649303,30.12677250008941,0.01921428464533237,-0.48558243728511896,400.0,-1.2108,1.375,0.4,2.659,1.3,1126259642.413,40.424931980691895,-7.8601850574721635,-36480.228232177105
36.23084154673987,32.16100232883368,-0.48347885727154455,-0.12845683232292182,400.0,-1.2108,1.375,0.4,2.659,1.3,1126259642.413,40.425139634653874,-7.8601850574721635,-36283.61268525173
39.178973279687256,30.13582530126216,-0.08141535171704689,-0.4690463392023315,400.0,-1.2108,1.375,0.4,2.659,1.3,1126259642.413,40.42655279235413,-7.8601850574721635,-36364.953690901486
39.685506361435024,30.4813573233073,0.14978176892587045,-0.676197973195627,400.0,-1.2108,1.375,0.4,2.659,1.3,1126259642.413,40.42818850308346,-7.8601850574721635,-36492.07949743557
36.29920058108277,31.365290163597017,-0.22442905609925734,-0.5050367769631858,400.0,-1.2108,1.375,0.4,2.659,1.3,1126259642.413,40.4296750797679,-7.8601850574721635,-36385.10789289714
35.17200389858625,33.90986508872018,-0.28224278966825783,-0.22967686951298621,400.0,-1.2108,1.375,0.4,2.659,1.3,1126259642.413,40.43010043283161,-7.8601850574721635,-36472.51780612471
35.56363788689434,31.851039276527796,-0.11513597706520813,-0.6349486424228585,400.0,-1.2108,1.375,0.4,2.659,1.3,1126259642.413,40.4301470108623,-7.8601850574721635,-36339.36141933294
34.441406566730976,33.859581323585516,-0.17071504124818623,-0.4160187986522491,400.0,-1.2108,1.375,0.4,2.659,1.3,1126259642.413,40.431421042079535,-7.8601850574721635,-36297.3715864547
37.809795160944205,30.468970834409017,-0.12578877732827087,-0.5419048181623862,400.0,-1.2108,1.375,0.4,2.659,1.3,1126259642.413,40.43380362950304,-7.8601850574721635,-36325.37718142919
34.856500013937,34.05056767588477,0.03951901852732545,-0.5865281525988887,400.0,-1.2108,1.375,0.4,2.659,1.3,1126259642.413,40.43402710442038,-7.8601850574721635,-36454.471523927314
37.29480536223454,32.253279808820125,-0.24525785913991266,-0.2326833421447859,400.0,-1.2108,1.375,0.4,2.659,1.3,1126259642.413,40.43544334795496,-7.8601850574721635,-36504.36635811586
34.99457949013251,33.879431713106555,-0.7802313109576199,0.2258303750480007,400.0,-1.2108,1.375,0.4,2.659,1.3,1126259642.413,40.436068823508386,-7.8601850574721635,-36445.4723733243
34.678259076646555,34.345048730901674,-0.6027128374040647,0.07772845399976563,400.0,-1.2108,1.375,0.4,2.659,1.3,1126259642.413,40.436357317941074,-7.8601850574721635,-36468.05701154191
36.77522491522283,32.47099523442489,-0.3456846903342152,-0.15431043969528926,400.0,-1.2108,1.375,0.4,2.659,1.3,1126259642.413,40.43750849706621,-7.8601850574721635,-36466.57031925657
38.40356374941957,30.838017467031158,-0.06569973691037778,-0.47963013900221396,400.0,-1.2108,1.375,0.4,2.659,1.3,1126259642.413,40.43767459093003,-7.8601850574721635,-36400.61115479831
34.67642295845865,33.97363422426035,-0.20129060038504204,-0.34544838581697457,400.0,-1.2108,1.375,0.4,2.659,1.3,1126259642.413,40.43899677565133,-7.8601850574721635,-36389.118105932444
37.01803324399787,32.1607172782627,-0.24690896903321974,-0.2710986533368161,400.0,-1.2108,1.375,0.4,2.659,1.3,1126259642.413,40.4392857249181,-7.8601850574721635,-36448.63902849428
37.45593770956238,31.126653450820083,-0.5855079800082877,0.04858312484998775,400.0,-1.2108,1.375,0.4,2.659,1.3,1126259642.413,40.44141296623579,-7.8601850574721635,-36265.65055947585
35.85727384502407,32.24895168231243,-0.5730974752338391,-0.054894330023811444,400.0,-1.2108,1.375,0.4,2.659,1.3,1126259642.413,40.442318623132074,-7.8601850574721635,-36321.82424638792
37.05336668514932,30.64110957535611,-0.10244582269029437,-0.615417601444656,400.0,-1.2108,1.375,0.4,2.659,1.3,1126259642.413,40.44461531225149,-7.8601850574721635,-36348.840828726534
35.97577110250953,32.75030091065355,-0.08968351709859823,-0.4845890539228036,400.0,-1.2108,1.375,0.4,2.659,1.3,1126259642.413,40.44487683953273,-7.8601850574721635,-36383.862904757065
37.13952941061133,30.822875400612762,-0.4452742020756741,-0.20041262300752263,400.0,-1.2108,1.375,0.4,2.659,1.3,1126259642.413,40.4450590374155,-7.8601850574721635,-36385.54292513634
36.97862981172797,31.677299560623204,0.12349213533495629,-0.7611050257152754,400.0,-1.2108,1.375,0.4,2.659,1.3,1126259642.413,40.448026708899675,-7.8601850574721635,-36307.90249921261
39.04033969602547,31.23379857368312,-0.23293410740895748,-0.12604753757173262,400.0,-1.2108,1.375,0.4,2.659,1.3,1126259642.413,40.44845177226347,-7.8601850574721635,-36452.86708162306
36.74955386031255,32.51755335454743,-0.6815198615991598,0.20615950928961807,400.0,-1.2108,1.375,0.4,2.659,1.3,1126259642.413,40.44870510620362,-7.8601850574721635,-36467.08075714096
37.60150645029106,30.084677052451575,-0.05874821841052977,-0.6824089194088747,400.0,-1.2108,1.375,0.4,2.659,1.3,1126259642.413,40.449521989440846,-7.8601850574721635,-36300.395883483594
35.40654481651331,33.88906738890642,0.023385893734019392,-0.5258302321001078,400.0,-1.2108,1.375,0.4,2.659,1.3,1126259642.413,40.45098120185021,-7.8601850574721635,-36503.62368564043
36.27770717150224,32.49210910264611,-0.48493388494248024,-0.08488038052242851,400.0,-1.2108,1.375,0.4,2.659,1.3,1126259642.413,40.45236155647986,-7.8601850574721635,-36385.50527501809
38.358918619667406,30.67503146477238,-0.3553873133272334,-0.13320696811599897,400.0,-1.2108,1.375,0.4,2.659,1.3,1126259642.413,40.45237324417274,-7.8601850574721635,-36340.26513751086
37.23866704915939,31.283943929863753,-0.3625817005544545,-0.19546568083132906,400.0,-1.2108,1.375,0.4,2.659,1.3,1126259642.413,40.452594615624335,-7.8601850574721635,-36264.98813009359
38.78873792502426,30.035214904537153,-0.4908985272273539,0.0009867068118049604,400.0,-1.2108,1.375,0.4,2.659,1.3,1126259642.413,40.45272987807389,-7.8601850574721635,-36240.334671589386
36.459269916115225,30.499124687061926,-0.12483367569902393,-0.7026853375523578,400.0,-1.2108,1.375,0.4,2.659,1.3,1126259642.413,40.45299531348858,-7.8601850574721635,-36295.886534471385
37.21538727652526,32.34830085626588,-0.21174569926303086,-0.26500113827801686,400.0,-1.2108,1.375,0.4,2.659,1.3,1126259642.413,40.45509296353286,-7.8601850574721635,-36511.75386185073
35.32860539434998,32.302188657247996,-0.4122309476076953,-0.28883864571090523,400.0,-1.2108,1.375,0.4,2.659,1.3,1126259642.413,40.45634583355308,-7.8601850574721635,-36405.741788013715
36.35263988175795,31.788167970253856,-0.40184913208437256,-0.22230244866457596,400.0,-1.2108,1.375,0.4,2.659,1.3,1126259642.413,40.45962733969848,-7.8601850574721635,-36321.852529970216
36.71613105781708,31.68531978884404,-0.5380149629148255,-0.04817324819451682,400.0,-1.2108,1.375,0.4,2.659,1.3,1126259642.413,40.460656364165615,-7.8601850574721635,-36274.94859504737
35.07581131724617,33.86148948347975,-0.1832734316597041,-0.346090287322697,400.0,-1.2108,1.375,0.4,2.659,1.3,1126259642.413,40.46466007114202,-7.8601850574721635,-36457.15033178887
35.60585050102316,33.274609104816065,-0.7303313298994683,0.20179545240646762,400.0,-1.2108,1.375,0.4,2.659,1.3,1126259642.413,40.46491196667252,-7.8601850574721635,-36438.45685751701
37.187055211403525,31.24483689477268,-0.26770483237334236,-0.352869527117039,400.0,-1.2108,1.375,0.4,2.659,1.3,1126259642.413,40.46491755712426,-7.8601850574721635,-36269.00653625404
35.23575538212688,32.82739938196696,0.014426021254234311,-0.6694140201036545,400.0,-1.2108,1.375,0.4,2.659,1.3,1126259642.413,40.4666458162655,-7.8601850574721635,-36325.61912201219
34.78243811565187,34.2707705072739,-0.5380625509712076,0.01742269349601555,400.0,-1.2108,1.375,0.4,2.659,1.3,1126259642.413,40.4671481526636,-7.8601850574721635,-36471.12015861537
38.18739807877812,30.184219567872887,-0.2661172437726106,-0.31939890379831576,400.0,-1.2108,1.375,0.4,2.659,1.3,1126259642.413,40.46740425187906,-7.8601850574721635,-36310.3385361174
39.28006186440838,30.75607736266749,0.06063909994892744,-0.5429739054393602,400.0,-1.2108,1.375,0.4,2.659,1.3,1126259642.413,40.46827891957761,-7.8601850574721635,-36497.930211345425
35.553368814722134,33.556074414326616,-0.40632357789377144,-0.10356127942589076,400.0,-1.2108,1.375,0.4,2.659,1.3,1126259642.413,40.4687633504828,-7.8601850574721635,-36472.38247163691
37.29968701294186,30.52828434635163,-0.4141726126976021,-0.2461248008143416,400.0,-1.2108,1.375,0.4,2.659,1.3,1126259642.413,40.46939279880863,-7.8601850574721635,-36370.37380909605
38.60148021652935,30.354682781278512,-0.33763839266158535,-0.18194548116194545,400.0,-1.2108,1.375,0.4,2.659,1.3,1126259642.413,40.471139999479426,-7.8601850574721635,-36291.77669827889
36.81526965388934,32.209347113161584,-0.15465337747012833,-0.3924740425447869,400.0,-1.2108,1.375,0.4,2.659,1.3,1126259642.413,40.471679036467755,-7.8601850574721635,-36434.32454153246
34.79596853838874,33.10464154374873,-0.15081280898736804,-0.5138524121142204,400.0,-1.2108,1.375,0.4,2.659,1.3,1126259642.413,40.47278943499137,-7.8601850574721635,-36373.10466908576
35.58991366985088,33.47898824574089,-0.5465795491008313,0.037570883324282156,400.0,-1.2108,1.375,0.4,2.659,1.3,1126259642.413,40.473132473136616,-7.8601850574721635,-36466.32675762115
37.62145071202724,30.98999228278916,-0.11685116118095591,-0.49855192906115897,400.0,-1.2108,1.375,0.4,2.659,1.3,1126259642.413,40.47425966338121,-7.8601850574721635,-36263.06157398192
37.56813777334565,30.872218780573498,-0.5150257343121645,-0.0336288666043105,400.0,-1.2108,1.375,0.4,2.659,1.3,1126259642.413,40.47450527218495,-7.8601850574721635,-36267.342203521606
38.72823935713209,31.433926349250818,-0.034516938454747015,-0.3937761724489241,400.0,-1.2108,1.375,0.4,2.659,1.3,1126259642.413,40.47576197114982,-7.8601850574721635,-36479.23009430917
37.17914817581953,31.62848581401925,-0.7718476562882881,0.27096274530248315,400.0,-1.2108,1.375,0.4,2.659,1.3,1126259642.413,40.4770265688517,-7.8601850574721635,-36351.13239842358
38.69808309242934,30.339456956896182,-0.651148894580456,0.24644225182982088,400.0,-1.2108,1.375,0.4,2.659,1.3,1126259642.413,40.47716279869828,-7.8601850574721635,-36311.41477359317
39.92259855076521,30.215595567928673,0.06447977006024953,-0.5717995105403284,400.0,-1.2108,1.375,0.4,2.659,1.3,1126259642.413,40.47786738448135,-7.8601850574721635,-36479.71633510373
36.63426521298875,32.579470201902105,-0.7238990131070787,0.2437157037078237,400.0,-1.2108,1.375,0.4,2.659,1.3,1126259642.413,40.47843475224371,-7.8601850574721635,-36465.46856642992
36.24371439690056,31.994551616315274,-0.11419728717469857,-0.5587039008382491,400.0,-1.2108,1.375,0.4,2.659,1.3,1126259642.413,40.47952361769942,-7.8601850574721635,-36295.36614402766
40.52061207560922,30.284743002099656,0.24830606880669306,-0.7246990606544859,400.0,-1.2108,1.375,0.4,2.659,1.3,1126259642.413,40.48361458153365,-7.8601850574721635,-36327.512789069006
39.934348991525,30.277487772523596,-0.05338927412886221,-0.39359686768457197,400.0,-1.2108,1.375,0.4,2.659,1.3,1126259642.413,40.484451251474624,-7.8601850574721635,-36486.0640489667
36.32836912201952,31.157514988293375,-0.41552460759089815,-0.30175665767482196,400.0,-1.2108,1.375,0.4,2.659,1.3,1126259642.413,40.488040377692116,-7.8601850574721635,-36323.088464948196
37.44792392192715,30.802687317039197,-0.5008368508689721,-0.09003798523058959,400.0,-1.2108,1.375,0.4,2.659,1.3,1126259642.413,40.488199103658154,-7.8601850574721635,-36320.12967459568
38.18300307455586,30.115694127611054,-0.045554945460709984,-0.6529947964284433,400.0,-1.2108,1.375,0.4,2.659,1.3,1126259642.413,40.49016195170621,-7.8601850574721635,-36335.03202446539
38.60467576320414,30.445547815471567,-0.5436523886350393,0.10236855282363683,400.0,-1.2108,1.375,0.4,2.659,1.3,1126259642.413,40.49094350219206,-7.8601850574721635,-36324.31912591094
36.982051944166514,30.700485886466122,-0.03605207578765249,-0.6973829968433842,400.0,-1.2108,1.375,0.4,2.659,1.3,1126259642.413,40.49302043838184,-7.8601850574721635,-36349.61379815151
36.91540023713892,32.35421288799154,-0.6468002071110373,0.17340718168162778,400.0,-1.2108,1.375,0.4,2.659,1.3,1126259642.413,40.49323187013228,-7.8601850574721635,-36465.825800368104
38.064221390831115,30.679928085903068,-0.658600945629785,0.20541394482197067,400.0,-1.2108,1.375,0.4,2.659,1.3,1126259642.413,40.49482626238533,-7.8601850574721635,-36265.259520079846
36.67702283897414,31.518975836116642,-0.29657167003446194,-0.35598834902461296,400.0,-1.2108,1.375,0.4,2.659,1.3,1126259642.413,40.4952640693118,-7.8601850574721635,-36312.78083435308
38.671028623407835,30.141844250140952,-0.5065644318625466,0.014426760228209157,400.0,-1.2108,1.375,0.4,2.659,1.3,1126259642.413,40.49580722370522,-7.8601850574721635,-36244.77774142531
35.81053210410258,33.56375347621671,-0.18048891793428806,-0.3126335561908839,400.0,-1.2108,1.375,0.4,2.659,1.3,1126259642.413,40.496150773123,-7.8601850574721635,-36511.95904515641
36.31536178887728,33.21076442115988,-0.22625654059202022,-0.2493997568811749,400.0,-1.2108,1.375,0.4,2.659,1.3,1126259642.413,40.49645279326627,-7.8601850574721635,-36531.30226862585
38.29941416407983,31.950232257498467,-0.16406866418566218,-0.22853431208951408,400.0,-1.2108,1.375,0.4,2.659,1.3,1126259642.413,40.49841168637927,-7.8601850574721635,-36422.266105344585
37.95159137347398,30.928929353053977,-0.7908091183018096,0.36989970354722607,400.0,-1.2108,1.375,0.4,2.659,1.3,1126259642.413,40.50005373704899,-7.8601850574721635,-36321.02413375597
37.44411655040014,30.041266461970498,-0.32328346909152417,-0.4033925595650615,400.0,-1.2108,1.375,0.4,2.659,1.3,1126259642.413,40.500756940527175,-7.8601850574721635,-36245.908268595915
37.510655407056156,30.076450299125405,-0.11376788219881795,-0.643660131836272,400.0,-1.2108,1.375,0.4,2.659,1.3,1126259642.413,40.50166783614223,-7.8601850574721635,-36269.2821345263
34.67085145455715,34.60101861087202,0.02258788802846634,-0.5086534897107076,400.0,-1.2108,1.375,0.4,2.659,1.3,1126259642.413,40.50181569503468,-7.8601850574721635,-36503.33583751378
35.62445977226257,32.623237151574514,-0.04896546662776216,-0.6236442102561037,400.0,-1.2108,1.375,0.4,2.659,1.3,1126259642.413,40.50399120441594,-7.8601850574721635,-36287.49012752091
36.24215215131833,32.29725059796391,-0.5132314494740883,-0.04863499600079951,400.0,-1.2108,1.375,0.4,2.659,1.3,1126259642.413,40.50428318077368,-7.8601850574721635,-36307.88975263753
36.84883226706839,30.2809456514444,-0.10083745577497814,-0.728988825360012,400.0,-1.2108,1.375,0.4,2.659,1.3,1126259642.413,40.504399564744844,-7.8601850574721635,-36262.0038427593
38.84696949799946,30.045574306402944,-0.6790604298215301,0.2691945215019376,400.0,-1.2108,1.375,0.4,2.659,1.3,1126259642.413,40.505086619282444,-7.8601850574721635,-36248.237877125575
38.225894637926,30.485360387719723,0.03579092170157466,-0.6912598576451248,400.0,-1.2108,1.375,0.4,2.659,1.3,1126259642.413,40.506786773431564,-7.8601850574721635,-36251.244506061696
35.76649513171252,32.265747821141915,-0.37700090157868626,-0.2901554057802565,400.0,-1.2108,1.375,0.4,2.659,1.3,1126259642.413,40.50690573797237,-7.8601850574721635,-36344.739619095526
35.97540710020816,32.40050752469846,-0.5709497853050477,-0.03096325756799173,400.0,-1.2108,1.375,0.4,2.659,1.3,1126259642.413,40.508260818195126,-7.8601850574721635,-36281.40257250943
35.986818957364115,32.882382567144184,-0.6921675796886512,0.14442109184517976,400.0,-1.2108,1.375,0.4,2.659,1.3,1126259642.413,40.508264476275336,-7.8601850574721635,-36427.45572101753
35.21566564035694,33.010590539657706,-0.07915332632202951,-0.5489486449424318,400.0,-1.2108,1.375,0.4,2.659,1.3,1126259642.413,40.508272600886386,-7.8601850574721635,-36290.04079546262
34.650069172788584,34.42651856586271,-0.4212359055545951,-0.09650078175053783,400.0,-1.2108,1.375,0.4,2.659,1.3,1126259642.413,40.508714691917966,-7.8601850574721635,-36474.72872009233
36.05083014995317,32.83477560818868,0.007457384780974741,-0.5928523672123813,400.0,-1.2108,1.375,0.4,2.659,1.3,1126259642.413,40.51018115731095,-7.8601850574721635,-36429.100510800956
35.89117307896059,31.773263283056277,-0.25825411919013386,-0.4484636013634914,400.0,-1.2108,1.375,0.4,2.659,1.3,1126259642.413,40.51179224338247,-7.8601850574721635,-36399.37803485912
34.24505333984594,33.270050421588394,-0.4215685911969222,-0.29889853720867676,400.0,-1.2108,1.375,0.4,2.659,1.3,1126259642.413,40.511843796805756,-7.8601850574721635,-36404.38417753118
37.59571572706457,31.519672791435124,-0.2964398577673035,-0.2131412057868732,400.0,-1.2108,1.375,0.4,2.659,1.3,1126259642.413,40.512293217114724,-7.8601850574721635,-36419.26266092019
34.807661865133795,33.997755212317536,0.10461195760727461,-0.6626861025066513,400.0,-1.2108,1.375,0.4,2.659,1.3,1126259642.413,40.51246364358695,-7.8601850574721635,-36434.523776844944
34.636516728540236,32.69035880006929,0.008836232839069258,-0.7698034644559788,400.0,-1.2108,1.375,0.4,2.659,1.3,1126259642.413,40.51258543170749,-7.8601850574721635,-36339.72053714871
35.711563819323096,32.20682052865441,-0.13324994175931665,-0.5767215714942093,400.0,-1.2108,1.375,0.4,2.659,1.3,1126259642.413,40.51455899403444,-7.8601850574721635,-36376.717705185416
34.53459647761885,32.99502340318979,-0.265477608494711,-0.47632432247853695,400.0,-1.2108,1.375,0.4,2.659,1.3,1126259642.413,40.51616178535122,-7.8601850574721635,-36404.25264075309
35.38861515952013,32.67028167759154,-0.5392530403420241,-0.10054556419764413,400.0,-1.2108,1.375,0.4,2.659,1.3,1126259642.413,40.516645198523165,-7.8601850574721635,-36328.75300683855
36.1393583618563,31.61394555207363,-0.2637108779932615,-0.4257938310882441,400.0,-1.2108,1.375,0.4,2.659,1.3,1126259642.413,40.51689792721477,-7.8601850574721635,-36400.45910128412
35.170912885452886,32.762650803384496,-0.25552043712189104,-0.43339620279703794,400.0,-1.2108,1.375,0.4,2.659,1.3,1126259642.413,40.51937418697025,-7.8601850574721635,-36366.83675299982
36.519556860171804,31.682816148630618,-0.5152482298911434,-0.08924333902652193,400.0,-1.2108,1.375,0.4,2.659,1.3,1126259642.413,40.523367727265324,-7.8601850574721635,-36307.146991825866
39.84284670343645,30.242299986839427,0.036244304723011656,-0.5380018684115928,400.0,-1.2108,1.375,0.4,2.659,1.3,1126259642.413,40.52399141487477,-7.8601850574721635,-36476.5190696592
36.892717560112054,33.32172404279069,-0.12247568253006894,-0.2657817611288216,400.0,-1.2108,1.375,0.4,2.659,1.3,1126259642.413,40.52453978580791,-7.8601850574721635,-36391.80995280637
36.6074093624829,32.243120586734314,0.05638819857678154,-0.6617897911584805,400.0,-1.2108,1.375,0.4,2.659,1.3,1126259642.413,40.52567055474793,-7.8601850574721635,-36401.46451925157
35.92308727651354,31.543548076144035,-0.3840355884285773,-0.34310685134108143,400.0,-1.2108,1.375,0.4,2.659,1.3,1126259642.413,40.52612386023675,-7.8601850574721635,-36340.98416649342
35.337678998318985,32.72084189284219,-0.5829517145033734,-0.06704786092836146,400.0,-1.2108,1.375,0.4,2.659,1.3,1126259642.413,40.52621257109177,-7.8601850574721635,-36328.12758463091
34.58091375679002,33.89197347527528,-0.4947061970103336,-0.08203677848636728,400.0,-1.2108,1.375,0.4,2.659,1.3,1126259642.413,40.52723590765987,-7.8601850574721635,-36329.28869172807
35.64042955869183,33.25272803361287,-0.3998561668583599,-0.15142817501778988,400.0,-1.2108,1.375,0.4,2.659,1.3,1126259642.413,40.52726580372529,-7.8601850574721635,-36440.248788075536
36.40814404209939,32.452939009706846,-0.7090899333849343,0.19935252330779513,400.0,-1.2108,1.375,0.4,2.659,1.3,1126259642.413,40.52745114800571,-7.8601850574721635,-36412.03150010958
36.83765938874453,33.28564958165451,-0.06584988928427035,-0.34262888314942763,400.0,-1.2108,1.375,0.4,2.659,1.3,1126259642.413,40.527804474685716,-7.8601850574721635,-36423.22234254871
38.325439580485856,30.330289741420884,-0.11247612957774142,-0.5074810283365024,400.0,-1.2108,1.375,0.4,2.659,1.3,1126259642.413,40.529614241808844,-7.8601850574721635,-36242.22615231606
34.08755397795369,33.40606385476826,-0.03442872558399726,-0.7120970595843628,400.0,-1.2108,1.375,0.4,2.659,1.3,1126259642.413,40.53041697383243,-7.8601850574721635,-36400.57001172031
35.58302960285845,31.87913904198254,-0.4210075305246025,-0.30452456811915013,400.0,-1.2108,1.375,0.4,2.659,1.3,1126259642.413,40.53085124208734,-7.8601850574721635,-36357.947625567205
36.864641362408655,30.438790504074422,-0.031586701677832424,-0.7607581186189201,400.0,-1.2108,1.375,0.4,2.659,1.3,1126259642.413,40.53113155332886,-7.8601850574721635,-36242.60816712418
36.23658586239682,32.62690997824083,-0.008479952563112125,-0.5834547258220968,400.0,-1.2108,1.375,0.4,2.659,1.3,1126259642.413,40.53165991708474,-7.8601850574721635,-36418.68534489682
37.05651544290526,31.106011670581506,-0.14379033828139431,-0.5009219685734061,400.0,-1.2108,1.375,0.4,2.659,1.3,1126259642.413,40.53169927157515,-7.8601850574721635,-36336.26660802808
37.748729764899814,31.286388417263968,-0.7590454280855294,0.30918694166931704,400.0,-1.2108,1.375,0.4,2.659,1.3,1126259642.413,40.5322813156825,-7.8601850574721635,-36390.37276543429
34.355255781512795,33.483981096045945,-0.5275283424154708,-0.15861049535292152,400.0,-1.2108,1.375,0.4,2.659,1.3,1126259642.413,40.53240301165311,-7.8601850574721635,-36385.45885448113
37.74125139996246,30.73712763906748,-0.5097426106543398,-0.03392074111938237,400.0,-1.2108,1.375,0.4,2.659,1.3,1126259642.413,40.533229006644824,-7.8601850574721635,-36263.188869403704
35.816183032191276,33.34694971765328,-0.6346727895253067,0.13064072349153036,400.0,-1.2108,1.375,0.4,2.659,1.3,1126259642.413,40.53609806958464,-7.8601850574721635,-36476.51508311929
35.528857645902356,33.008789116783646,-0.5959735222059892,0.02922115729081365,400.0,-1.2108,1.375,0.4,2.659,1.3,1126259642.413,40.53931570344829,-7.8601850574721635,-36332.47161066528
36.303960515664045,31.478639976943796,-0.43459081781282594,-0.25234209191343365,400.0,-1.2108,1.375,0.4,2.659,1.3,1126259642.413,40.53953065692395,-7.8601850574721635,-36398.37154610107
35.982758137621495,32.91947498703647,-0.21818511981720953,-0.3247455427047136,400.0,-1.2108,1.375,0.4,2.659,1.3,1126259642.413,40.542191701016726,-7.8601850574721635,-36434.117121141455
37.693990796740486,30.73581337945601,-0.5159857128331662,-0.043327921432444405,400.0,-1.2108,1.375,0.4,2.659,1.3,1126259642.413,40.54252762318393,-7.8601850574721635,-36270.81505402184
36.596505784638715,31.047598569383233,-0.4149586562438188,-0.2757284970923442,400.0,-1.2108,1.375,0.4,2.659,1.3,1126259642.413,40.542906039296724,-7.8601850574721635,-36362.85845240503
33.62079185892754,33.58101133747611,0.008357350663345697,-0.7617728439425528,400.0,-1.2108,1.375,0.4,2.659,1.3,1126259642.413,40.5437851983864,-7.8601850574721635,-36309.518611959895
34.738266651765315,33.40810262827542,-0.5748277986579532,-0.052916345478823124,400.0,-1.2108,1.375,0.4,2.659,1.3,1126259642.413,40.543935860463726,-7.8601850574721635,-36304.16034860319
35.771433800182805,31.372236079759315,-0.15682548233398882,-0.6585177778417814,400.0,-1.2108,1.375,0.4,2.659,1.3,1126259642.413,40.54522698765351,-7.8601850574721635,-36259.21793154001
35.817758278495994,32.80159663371594,-0.6484749099205966,0.07002035561808712,400.0,-1.2108,1.375,0.4,2.659,1.3,1126259642.413,40.54618986692524,-7.8601850574721635,-36349.773163871774
35.01672063664036,33.0968938299459,-0.5724783138872037,-0.0707012274358213,400.0,-1.2108,1.375,0.4,2.659,1.3,1126259642.413,40.5468393734998,-7.8601850574721635,-36310.943173820924
35.5682949572722,32.22900157553661,-0.48211292729512645,-0.20218808395414967,400.0,-1.2108,1.375,0.4,2.659,1.3,1126259642.413,40.54763165678345,-7.8601850574721635,-36402.917116126126
34.692155840607164,33.95490218537127,-0.25754847856186835,-0.32439851623216026,400.0,-1.2108,1.375,0.4,2.659,1.3,1126259642.413,40.54970388212004,-7.8601850574721635,-36388.12939280824
35.695117023745446,31.81449395901475,-0.05993279846482838,-0.7151198144934464,400.0,-1.2108,1.375,0.4,2.659,1.3,1126259642.413,40.54981353443658,-7.8601850574721635,-36370.8974635448
34.861765103689656,33.68015871959752,-0.31074047664154,-0.2549023313578892,400.0,-1.2108,1.375,0.4,2.659,1.3,1126259642.413,40.55052012587569,-7.8601850574721635,-36347.76512481981
35.31702771009796,33.64163061057985,-0.3766407950601185,-0.1444159905380016,400.0,-1.2108,1.375,0.4,2.659,1.3,1126259642.413,40.550585418456265,-7.8601850574721635,-36457.47254189507
36.67010230918611,30.76459328374594,-0.40017063519670876,-0.32346419795992715,400.0,-1.2108,1.375,0.4,2.659,1.3,1126259642.413,40.55096184353087,-7.8601850574721635,-36281.2685136487
38.46093913087865,31.49498479097579,0.1045245393017181,-0.5907226835430095,400.0,-1.2108,1.375,0.4,2.659,1.3,1126259642.413,40.551364943603794,-7.8601850574721635,-36514.52393651257
39.02559176233603,31.09037932391026,-0.10082982738456409,-0.31817490033225126,400.0,-1.2108,1.375,0.4,2.659,1.3,1126259642.413,40.55294466494288,-7.8601850574721635,-36499.02577973617
35.06997959261899,33.587238648210814,0.03720169550435387,-0.6117224218878043,400.0,-1.2108,1.375,0.4,2.659,1.3,1126259642.413,40.55332397248875,-7.8601850574721635,-36386.352902420134
36.44193369709317,32.082771941096695,-0.48965021727735486,-0.10215257460371324,400.0,-1.2108,1.375,0.4,2.659,1.3,1126259642.413,40.55413196482053,-7.8601850574721635,-36296.51074798876
37.27545288700786,32.90364418185908,-0.10526595732161459,-0.290444193889527,400.0,-1.2108,1.375,0.4,2.659,1.3,1126259642.413,40.555594766619784,-7.8601850574721635,-36414.4533083501
36.3267139936144,31.732931502590283,-0.22667921610977054,-0.4572046049711476,400.0,-1.2108,1.375,0.4,2.659,1.3,1126259642.413,40.55585180316508,-7.8601850574721635,-36348.82681022217
37.39821940932502,30.38292460239652,-0.44387618790669975,-0.208660131290691,400.0,-1.2108,1.375,0.4,2.659,1.3,1126259642.413,40.55596322921077,-7.8601850574721635,-36353.09982117433
34.90414735262035,33.99582584745514,-0.48959585271087,-0.03360604713753562,400.0,-1.2108,1.375,0.4,2.659,1.3,1126259642.413,40.55651686141286,-7.8601850574721635,-36453.400261610106
34.87105681732163,33.35474011008711,-0.5152723892595177,-0.1060522934259211,400.0,-1.2108,1.375,0.4,2.659,1.3,1126259642.413,40.55767262964948,-7.8601850574721635,-36291.056886816914
36.24184002908188,32.72029605965619,-0.49080199740602165,-0.02492038714166439,400.0,-1.2108,1.375,0.4,2.659,1.3,1126259642.413,40.558810627716994,-7.8601850574721635,-36441.45261234401
34.95211958237725,33.692073728279674,-0.7585217398166011,0.17751811235413933,400.0,-1.2108,1.375,0.4,2.659,1.3,1126259642.413,40.55921719660418,-7.8601850574721635,-36384.22239266994
35.45939686565687,33.3631806531868,-0.7832274689197951,0.2481540034915221,400.0,-1.2108,1.375,0.4,2.659,1.3,1126259642.413,40.559811046596614,-7.8601850574721635,-36429.33521526247
37.506105016211286,32.74139522221718,-0.12431051191746778,-0.2709956228388887,400.0,-1.2108,1.375,0.4,2.659,1.3,1126259642.413,40.563523278551564,-7.8601850574721635,-36398.32599240949
38.30443602372923,30.1051504202977,-0.491980154445589,-0.05412822346750479,400.0,-1.2108,1.375,0.4,2.659,1.3,1126259642.413,40.56815170771468,-7.8601850574721635,-36302.61188220996
34.45989822213111,33.56358229472283,-0.4192713310965033,-0.21722956350670097,400.0,-1.2108,1.375,0.4,2.659,1.3,1126259642.413,40.568710522017845,-7.8601850574721635,-36330.82674638553
36.00826601597166,32.80075865504272,-0.4938199852873672,-0.042896722457447356,400.0,-1.2108,1.375,0.4,2.659,1.3,1126259642.413,40.568818939052704,-7.8601850574721635,-36412.99304894174
34.66632984242063,33.86347400064054,-0.6447351997241789,0.04571944939779082,400.0,-1.2108,1.375,0.4,2.659,1.3,1126259642.413,40.568863812415586,-7.8601850574721635,-36346.046971857155
35.96595244561825,32.54913024728849,-0.38473926455890717,-0.22528256324048324,400.0,-1.2108,1.375,0.4,2.659,1.3,1126259642.413,40.570820655018764,-7.8601850574721635,-36311.22081382625
34.64901045949304,33.53525174735183,-0.09207437004870431,-0.5252029016682426,400.0,-1.2108,1.375,0.4,2.659,1.3,1126259642.413,40.571051609361376,-7.8601850574721635,-36293.67113658207
36.04018733455396,32.6189000618234,-0.025728388954835896,-0.5851583244787056,400.0,-1.2108,1.375,0.4,2.659,1.3,1126259642.413,40.57133682695909,-7.8601850574721635,-36360.11645875325
37.466500352736084,30.55181224769111,0.021161642345541326,-0.7545669019111421,400.0,-1.2108,1.375,0.4,2.659,1.3,1126259642.413,40.57147394430379,-7.8601850574721635,-36379.82361225913
35.12156171153663,33.697474791724986,-0.5828361947654521,0.016972462739095362,400.0,-1.2108,1.375,0.4,2.659,1.3,1126259642.413,40.57197975274721,-7.8601850574721635,-36434.18120194234
36.880875608083635,32.29122429558594,-0.5611927516391012,0.07897406676707625,400.0,-1.2108,1.375,0.4,2.659,1.3,1126259642.413,40.57218002600486,-7.8601850574721635,-36452.0732319781
35.91304136680609,32.17653526861657,-0.06941013648373631,-0.5888973494984524,400.0,-1.2108,1.375,0.4,2.659,1.3,1126259642.413,40.57367142685361,-7.8601850574721635,-36329.606353074494
35.50092959440646,32.83379461169283,-0.5254216173557663,-0.09396799857017055,400.0,-1.2108,1.375,0.4,2.659,1.3,1126259642.413,40.57383530494397,-7.8601850574721635,-36291.36744974624
36.0066342669831,32.12519748348673,-0.11437122810363257,-0.5341385639450821,400.0,-1.2108,1.375,0.4,2.659,1.3,1126259642.413,40.574619531764675,-7.8601850574721635,-36316.84432010441
37.08031571129861,30.055114776617962,-0.19378495337264978,-0.6128265039468636,400.0,-1.2108,1.375,0.4,2.659,1.3,1126259642.413,40.57587443731635,-7.8601850574721635,-36266.437940208154
37.606957619065106,30.604716333283612,-0.3244910603711117,-0.30712386817811405,400.0,-1.2108,1.375,0.4,2.659,1.3,1126259642.413,40.5763683718876,-7.8601850574721635,-36339.816982977376
37.3180253247966,32.04251143941037,-0.1277142164847874,-0.3791358230849147,400.0,-1.2108,1.375,0.4,2.659,1.3,1126259642.413,40.57661504329727,-7.8601850574721635,-36464.587603810534
35.716600585441476,33.16487239341187,-0.4126860872576234,-0.14824591525378633,400.0,-1.2108,1.375,0.4,2.659,1.3,1126259642.413,40.57879921150776,-7.8601850574721635,-36436.55756600079
35.53410739048519,33.04073457337379,0.13073302148265725,-0.7512799705229445,400.0,-1.2108,1.375,0.4,2.659,1.3,1126259642.413,40.580908353426835,-7.8601850574721635,-36344.24426464119
38.06095662949888,30.371391206640006,-0.13394124572457067,-0.5175834258658121,400.0,-1.2108,1.375,0.4,2.659,1.3,1126259642.413,40.58122852721669,-7.8601850574721635,-36284.86207516265
34.91511891475261,34.332383252886586,-0.07423679450899812,-0.41903539950695495,400.0,-1.2108,1.375,0.4,2.659,1.3,1126259642.413,40.581316621313704,-7.8601850574721635,-36498.13151299884
36.2430904518325,32.90610533957802,-0.5835604851857513,0.07584064462963169,400.0,-1.2108,1.375,0.4,2.659,1.3,1126259642.413,40.58247728302898,-7.8601850574721635,-36465.21690255179
38.56744998647852,30.042277967946994,-0.3084504724236633,-0.2347920291068747,400.0,-1.2108,1.375,0.4,2.659,1.3,1126259642.413,40.58265514358338,-7.8601850574721635,-36250.96770268655
34.54622470972025,34.39934188669557,-0.5895853479385413,0.06181870627902014,400.0,-1.2108,1.375,0.4,2.659,1.3,1126259642.413,40.58282624227014,-7.8601850574721635,-36460.881502144286
36.004849846021884,31.48686263301263,-0.4295189570252712,-0.2954669204054901,400.0,-1.2108,1.375,0.4,2.659,1.3,1126259642.413,40.5837998472434,-7.8601850574721635,-36347.13173074461
36.22795821224751,32.982578071358155,-0.3739026765445127,-0.13207789166563355,400.0,-1.2108,1.375,0.4,2.659,1.3,1126259642.413,40.58426175404972,-7.8601850574721635,-36475.575270348796
38.06554528945556,31.07687347446743,-0.5390777736743326,0.08666541564877428,400.0,-1.2108,1.375,0.4,2.659,1.3,1126259642.413,40.584547197273785,-7.8601850574721635,-36400.92243919015
36.395550882856874,31.75049302474126,-0.2541008979580261,-0.38195739800947054,400.0,-1.2108,1.375,0.4,2.659,1.3,1126259642.413,40.58591582860514,-7.8601850574721635,-36321.13851436441
35.4644671453934,32.624381421021454,-0.5398609785462904,-0.10893574688264968,400.0,-1.2108,1.375,0.4,2.659,1.3,1126259642.413,40.58632520416978,-7.8601850574721635,-36320.694531205474
36.57744180766295,31.088757816626494,-0.45994164455886816,-0.22638016497520505,400.0,-1.2108,1.375,0.4,2.659,1.3,1126259642.413,40.58661865574239,-7.8601850574721635,-36371.4239703314
38.40235003122748,31.82158416431069,-0.123458982483005,-0.2752150444828269,400.0,-1.2108,1.375,0.4,2.659,1.3,1126259642.413,40.58781992356492,-7.8601850574721635,-36436.95174335269
34.203858460764344,33.79680791667682,-0.38735059928205245,-0.2491258691582262,400.0,-1.2108,1.375,0.4,2.659,1.3,1126259642.413,40.5892387603843,-7.8601850574721635,-36338.2591015224
35.3759596786616,31.882713786661036,-0.22174433820496636,-0.5671377272813027,400.0,-1.2108,1.375,0.4,2.659,1.3,1126259642.413,40.59025846263651,-7.8601850574721635,-36292.3265205732
35.093510586728954,33.717454255799794,-0.006941862732738585,-0.5511416889291336,400.0,-1.2108,1.375,0.4,2.659,1.3,1126259642.413,40.590879719403944,-7.8601850574721635,-36432.920840773244
36.40423856766009,31.361180815614045,-0.3761149076042668,-0.3204872101925276,400.0,-1.2108,1.375,0.4,2.659,1.3,1126259642.413,40.591109031676126,-7.8601850574721635,-36395.88982575419
38.28636715117703,30.847676036186513,-0.46970420679552904,0.005178702083158071,400.0,-1.2108,1.375,0.4,2.659,1.3,1126259642.413,40.59253119510297,-7.8601850574721635,-36380.909800624555
35.25124296336695,32.01841890162295,-0.2872471829228085,-0.4860415321697611,400.0,-1.2108,1.375,0.4,2.659,1.3,1126259642.413,40.593501303868976,-7.8601850574721635,-36300.5099751339
35.301858455822234,32.75501825532623,-0.19143537686386067,-0.4641307686719438,400.0,-1.2108,1.375,0.4,2.659,1.3,1126259642.413,40.59421347603162,-7.8601850574721635,-36328.13040435065
38.534084750710015,30.114279964820664,-0.3561792412143936,-0.20595316527854465,400.0,-1.2108,1.375,0.4,2.659,1.3,1126259642.413,40.594312708081475,-7.8601850574721635,-36246.09893572942
37.77106223447442,30.40366703754606,-0.27593185373090623,-0.3707474426569467,400.0,-1.2108,1.375,0.4,2.659,1.3,1126259642.413,40.59671446712952,-7.8601850574721635,-36357.16115804044
38.38424927318246,30.293753843754377,-0.15235364159400533,-0.4307246405974948,400.0,-1.2108,1.375,0.4,2.659,1.3,1126259642.413,40.598279371034465,-7.8601850574721635,-36241.4060556618
34.17690014599836,33.691080876521035,-0.19509650038272175,-0.45674228236904024,400.0,-1.2108,1.375,0.4,2.659,1.3,1126259642.413,40.59857092892189,-7.8601850574721635,-36376.34968233459
37.30483957107302,30.687606836059626,-0.2874694535392758,-0.359655229626557,400.0,-1.2108,1.375,0.4,2.659,1.3,1126259642.413,40.601945892344716,-7.8601850574721635,-36382.34433493794
37.91383876973472,30.79781707619135,-0.741053450287504,0.28016942258705796,400.0,-1.2108,1.375,0.4,2.659,1.3,1126259642.413,40.603015354739014,-7.8601850574721635,-36268.543291914226
37.229425500335935,32.01667749918362,-0.41391588827762604,-0.07536713664535816,400.0,-1.2108,1.375,0.4,2.659,1.3,1126259642.413,40.603717078104296,-7.8601850574721635,-36451.195391648245
37.36742268825273,30.38372922518369,-0.37747252260628067,-0.295461504435536,400.0,-1.2108,1.375,0.4,2.659,1.3,1126259642.413,40.603837699168004,-7.8601850574721635,-36344.474267503196
35.92319102073081,33.261437233712435,-0.46980245305290846,-0.042627388745571856,400.0,-1.2108,1.375,0.4,2.659,1.3,1126259642.413,40.60412554910637,-7.8601850574721635,-36477.94905519234
34.16002429321414,33.79996968738034,-0.11466232798802647,-0.5289230418277093,400.0,-1.2108,1.375,0.4,2.659,1.3,1126259642.413,40.60614781034077,-7.8601850574721635,-36350.50895988831
35.680447032013475,32.38957461336209,-0.4570797216652537,-0.18466898796120843,400.0,-1.2108,1.375,0.4,2.659,1.3,1126259642.413,40.60625994772879,-7.8601850574721635,-36331.33608517944
38.508175282964245,30.32673668271319,-0.33276924563085153,-0.1783813376875556,400.0,-1.2108,1.375,0.4,2.659,1.3,1126259642.413,40.606965917706404,-7.8601850574721635,-36258.49515536167
38.77957799982591,30.177882311540074,-0.4750528342519652,0.0070876651410188285,400.0,-1.2108,1.375,0.4,2.659,1.3,1126259642.413,40.60747631946376,-7.8601850574721635,-36272.96115852594
34.909253965422074,33.192616538431004,0.050315183474647085,-0.6950648818431391,400.0,-1.2108,1.375,0.4,2.659,1.3,1126259642.413,40.60769744778247,-7.8601850574721635,-36312.6719425853
38.48480989227994,30.574024550386458,-0.7252341809649033,0.32523933567873464,400.0,-1.2108,1.375,0.4,2.659,1.3,1126259642.413,40.60810718056026,-7.8601850574721635,-36337.58278859028
38.49376911089882,30.316359259799608,-0.7052634232338553,0.2867242077521094,400.0,-1.2108,1.375,0.4,2.659,1.3,1126259642.413,40.60907118760107,-7.8601850574721635,-36252.88495928995
37.58860721387265,31.59332707651439,-0.5578124929437203,0.09424340091139782,400.0,-1.2108,1.375,0.4,2.659,1.3,1126259642.413,40.60922293528111,-7.8601850574721635,-36429.97158299398
33.932634851758365,33.82404841621039,-0.11806796414118215,-0.5760657926078891,400.0,-1.2108,1.375,0.4,2.659,1.3,1126259642.413,40.60930814140834,-7.8601850574721635,-36404.80675868556
37.40851202969043,31.385284741374786,-0.7204344828472451,0.2328003589296333,400.0,-1.2108,1.375,0.4,2.659,1.3,1126259642.413,40.61105737044531,-7.8601850574721635,-36331.42796288693
34.518088948241584,34.15936739787254,-0.397110530771314,-0.14567491612387892,400.0,-1.2108,1.375,0.4,2.659,1.3,1126259642.413,40.61176864554722,-7.8601850574721635,-36397.81713662025
35.93733583582947,33.46860546957123,-0.16415812296798793,-0.323959650839645,400.0,-1.2108,1.375,0.4,2.659,1.3,1126259642.413,40.61181571186989,-7.8601850574721635,-36516.22865470962
37.250419180465734,31.934046448932634,-0.5475246406729756,0.061670662907178764,400.0,-1.2108,1.375,0.4,2.659,1.3,1126259642.413,40.61192845449117,-7.8601850574721635,-36441.73759785777
34.98217206417435,32.9885210487608,-0.3764777831987778,-0.29599932833141607,400.0,-1.2108,1.375,0.4,2.659,1.3,1126259642.413,40.61219109928619,-7.8601850574721635,-36352.37004126716
37.099623454835495,30.65575252784862,-0.16153444646220172,-0.5384711791084595,400.0,-1.2108,1.375,0.4,2.659,1.3,1126259642.413,40.61343446380069,-7.8601850574721635,-36366.319281597665
37.999838351418695,30.40301839798247,-0.46773050429794333,-0.09622003528778689,400.0,-1.2108,1.375,0.4,2.659,1.3,1126259642.413,40.61357059780474,-7.8601850574721635,-36291.372756616714
34.40476748903301,33.68355006029893,-0.6112067508270832,-0.02561440784752239,400.0,-1.2108,1.375,0.4,2.659,1.3,1126259642.413,40.614557388562,-7.8601850574721635,-36313.81750959175
39.604909164778846,30.45347863479234,0.011507383681403888,-0.4871993785069644,400.0,-1.2108,1.375,0.4,2.659,1.3,1126259642.413,40.615778289859904,-7.8601850574721635,-36485.9193028466
35.07405889266376,32.40394130663589,-0.30808570871055574,-0.4433429290231845,400.0,-1.2108,1.375,0.4,2.659,1.3,1126259642.413,40.61705662557649,-7.8601850574721635,-36378.604849542186
35.52719343694941,33.019269897870565,0.023532327174904777,-0.6515022047898795,400.0,-1.2108,1.375,0.4,2.659,1.3,1126259642.413,40.61753612831243,-7.8601850574721635,-36335.319263152596
38.214867010375684,30.440303437849586,0.0694900479520494,-0.7254566083938758,400.0,-1.2108,1.375,0.4,2.659,1.3,1126259642.413,40.618382270910246,-7.8601850574721635,-36245.42837028645
34.305834976253365,33.69626694272036,-0.5712659956371011,-0.0826184679821404,400.0,-1.2108,1.375,0.4,2.659,1.3,1126259642.413,40.6203004081516,-7.8601850574721635,-36338.272436989355
36.27948044049341,32.085879703370466,-0.37148901414158475,-0.22988663812575233,400.0,-1.2108,1.375,0.4,2.659,1.3,1126259642.413,40.622387553431984,-7.8601850574721635,-36280.95533369012
36.59533573488273,31.84976803543787,0.10840562490195951,-0.7847160971191111,400.0,-1.2108,1.375,0.4,2.659,1.3,1126259642.413,40.623248299310696,-7.8601850574721635,-36275.055510096885
37.50110562610896,30.999736299066825,-0.22140397970344616,-0.3982490286626868,400.0,-1.2108,1.375,0.4,2.659,1.3,1126259642.413,40.62329775403682,-7.8601850574721635,-36263.518818636716
38.59010571402106,30.332492332333832,-0.6185121237555575,0.17863694917381984,400.0,-1.2108,1.375,0.4,2.659,1.3,1126259642.413,40.62331535166124,-7.8601850574721635,-36278.12891439571
37.76601280914574,30.786655521156142,-0.39311216704776253,-0.146247987057893,400.0,-1.2108,1.375,0.4,2.659,1.3,1126259642.413,40.62388688484316,-7.8601850574721635,-36258.783766073655
37.62787970496878,30.731867329403187,-0.23919802772559978,-0.35593847883783647,400.0,-1.2108,1.375,0.4,2.659,1.3,1126259642.413,40.62463631722858,-7.8601850574721635,-36291.46492579555
35.966240681660146,32.644292438485955,-0.5545390127432464,-0.004137439930745113,400.0,-1.2108,1.375,0.4,2.659,1.3,1126259642.413,40.624842802192546,-7.8601850574721635,-36341.5819199823
36.05538400287274,33.12320564250009,-0.40139477667456924,-0.11737193753350059,400.0,-1.2108,1.375,0.4,2.659,1.3,1126259642.413,40.62505170787103,-7.8601850574721635,-36474.32629614958
34.70191246748177,33.258591887601845,-0.4839942694879493,-0.18630166438496176,400.0,-1.2108,1.375,0.4,2.659,1.3,1126259642.413,40.62754790266932,-7.8601850574721635,-36353.01672446969
37.99890418251811,31.014815724419563,-0.5829655463602899,0.11095153370156957,400.0,-1.2108,1.375,0.4,2.659,1.3,1126259642.413,40.62863055568156,-7.8601850574721635,-36367.9709331407
38.13616354477377,30.33181430391489,-0.03961021537009071,-0.600166851134494,400.0,-1.2108,1.375,0.4,2.659,1.3,1126259642.413,40.62869089458954,-7.8601850574721635,-36277.54445329559
37.35890890046521,30.888575486553687,-0.47406458206399194,-0.11648986546901227,400.0,-1.2108,1.375,0.4,2.659,1.3,1126259642.413,40.629157497871425,-7.8601850574721635,-36317.822573710095
34.753767250188204,34.041009583155635,-0.0624616789570247,-0.48270789925719526,400.0,-1.2108,1.375,0.4,2.659,1.3,1126259642.413,40.62963778495876,-7.8601850574721635,-36432.494320960286
36.55684985175935,31.745268018836832,-0.03863474684835497,-0.6354413536315321,400.0,-1.2108,1.375,0.4,2.659,1.3,1126259642.413,40.62980030467111,-7.8601850574721635,-36281.451926656024
37.986018099422154,30.991235772241872,-0.3503775930334755,-0.15131232737515043,400.0,-1.2108,1.375,0.4,2.659,1.3,1126259642.413,40.63059290632222,-7.8601850574721635,-36351.02681594414
35.51877712929025,33.46760121153734,-0.33785108711865725,-0.1848711727791871,400.0,-1.2108,1.375,0.4,2.659,1.3,1126259642.413,40.63131788156974,-7.8601850574721635,-36458.61921501471
35.86086887291159,31.897608544426255,-0.4576941460914188,-0.23129044338873886,400.0,-1.2108,1.375,0.4,2.659,1.3,1126259642.413,40.63441539014262,-7.8601850574721635,-36403.4156032571
36.1522657537538,31.49780280066911,-0.4151782845285951,-0.28204579313108147,400.0,-1.2108,1.375,0.4,2.659,1.3,1126259642.413,40.635616186467644,-7.8601850574721635,-36388.12720789128
37.68324236860129,31.08383468584817,-0.0033983059422120487,-0.6064356428311926,400.0,-1.2108,1.375,0.4,2.659,1.3,1126259642.413,40.63611066872657,-7.8601850574721635,-36298.751478128324
37.58085832122946,30.477006152849754,-0.22639654432886075,-0.41927499539139046,400.0,-1.2108,1.375,0.4,2.659,1.3,1126259642.413,40.637542718506346,-7.8601850574721635,-36374.91881140703
36.60973643732225,31.401678871238644,-0.3862183346602829,-0.2717607661661351,400.0,-1.2108,1.375,0.4,2.659,1.3,1126259642.413,40.63782723875282,-7.8601850574721635,-36368.02029810914
36.214542763112256,32.095224945964866,-0.04879487801053181,-0.5867414161467566,400.0,-1.2108,1.375,0.4,2.659,1.3,1126259642.413,40.64007021483124,-7.8601850574721635,-36281.577247283036
34.890944650654745,33.731282277075096,0.0036962598659239856,-0.5746224602428952,400.0,-1.2108,1.375,0.4,2.659,1.3,1126259642.413,40.641535903719515,-7.8601850574721635,-36378.45690944789
34.809528707014685,33.48117863646078,-0.4449550733150155,-0.16006267135076532,400.0,-1.2108,1.375,0.4,2.659,1.3,1126259642.413,40.64231231039096,-7.8601850574721635,-36294.30746386113
35.03252427233486,33.07491530592202,-0.006004459390975672,-0.6763945613551084,400.0,-1.2108,1.375,0.4,2.659,1.3,1126259642.413,40.64296847369911,-7.8601850574721635,-36312.33343154575
35.711503652957404,32.119074876741024,0.023589963533377667,-0.7626335784780027,400.0,-1.2108,1.375,0.4,2.659,1.3,1126259642.413,40.64745772824394,-7.8601850574721635,-36398.015730282095
33.942239031510105,33.428118271038585,-0.05177480383296637,-0.676065805924702,400.0,-1.2108,1.375,0.4,2.659,1.3,1126259642.413,40.64793450844846,-7.8601850574721635,-36368.30178439668
37.128663393082405,30.15617399669902,-0.18028500993701702,-0.6055698583605013,400.0,-1.2108,1.375,0.4,2.659,1.3,1126259642.413,40.64866600103866,-7.8601850574721635,-36241.6979663947
35.27191759141365,33.3519251235101,-0.22796822715124868,-0.33458708058251363,400.0,-1.2108,1.375,0.4,2.659,1.3,1126259642.413,40.649815058779424,-7.8601850574721635,-36372.03216350272
38.77870527080986,30.220455440076545,-0.4714692473850366,0.013614447382703954,400.0,-1.2108,1.375,0.4,2.659,1.3,1126259642.413,40.650079879628585,-7.8601850574721635,-36290.32474955352
38.25873978946393,30.532198946902533,-0.44079315122658996,-0.08335767099510577,400.0,-1.2108,1.375,0.4,2.659,1.3,1126259642.413,40.650493163877584,-7.8601850574721635,-36264.63296419022
38.23094226372841,30.691429034920013,-0.6992777327580743,0.2699719938417101,400.0,-1.2108,1.375,0.4,2.659,1.3,1126259642.413,40.65300499989424,-7.8601850574721635,-36312.814829726085
34.42709049471638,34.3684187284513,-0.19411268645307772,-0.337251057855966,400.0,-1.2108,1.375,0.4,2.659,1.3,1126259642.413,40.65327175980833,-7.8601850574721635,-36433.75467506868
36.766492238100554,31.862720459948253,-0.13927467413584407,-0.47850608313410825,400.0,-1.2108,1.375,0.4,2.659,1.3,1126259642.413,40.65384333667974,-7.8601850574721635,-36311.09270734568
35.99419716609821,32.71640191448775,-0.2485643596392475,-0.3121781101484208,400.0,-1.2108,1.375,0.4,2.659,1.3,1126259642.413,40.654493021051366,-7.8601850574721635,-36378.26426576428
37.14659776019216,31.212430808555325,-0.2478205766910895,-0.3494413151619763,400.0,-1.2108,1.375,0.4,2.659,1.3,1126259642.413,40.65567256439218,-7.8601850574721635,-36276.66658763367
37.048276846963525,31.29609289843115,-0.4656745901408874,-0.12810549811767652,400.0,-1.2108,1.375,0.4,2.659,1.3,1126259642.413,40.65772445879718,-7.8601850574721635,-36277.8577550327
38.604010991273206,30.39216502470282,-0.48753853210704706,0.0254083595337877,400.0,-1.2108,1.375,0.4,2.659,1.3,1126259642.413,40.66210404851898,-7.8601850574721635,-36305.57679320179
37.615334785046436,30.04233778335447,-0.14759415487536598,-0.5753656153833696,400.0,-1.2108,1.375,0.4,2.659,1.3,1126259642.413,40.66447731964501,-7.8601850574721635,-36287.10124774692
36.28874513796589,32.983255533626135,-0.08365030569712001,-0.4271123046730364,400.0,-1.2108,1.375,0.4,2.659,1.3,1126259642.413,40.6680107418276,-7.8601850574721635,-36481.509870574046
36.16531211986564,31.860452065046903,0.07844980543770817,-0.7705711802158581,400.0,-1.2108,1.375,0.4,2.659,1.3,1126259642.413,40.669310266790674,-7.8601850574721635,-36355.65135103774
35.58187364908846,33.07611663148896,0.012567064740515943,-0.6134898777296919,400.0,-1.2108,1.375,0.4,2.659,1.3,1126259642.413,40.669484821671446,-7.8601850574721635,-36375.37616762167
34.82007541940313,33.95075371025704,-0.030730122747604588,-0.5218726987262746,400.0,-1.2108,1.375,0.4,2.659,1.3,1126259642.413,40.66989377975442,-7.8601850574721635,-36426.86302655802
36.502800389357866,32.07628593018589,0.09184252963614303,-0.7345856973256433,400.0,-1.2108,1.375,0.4,2.659,1.3,1126259642.413,40.67452098689647,-7.8601850574721635,-36308.422115729176
34.35834287282869,33.84157479019815,-0.5170146399554948,-0.10994913395680456,400.0,-1.2108,1.375,0.4,2.659,1.3,1126259642.413,40.67521808748114,-7.8601850574721635,-36293.06511359681
34.94728557944573,33.149192136519574,-0.3994802304485859,-0.2351996754518016,400.0,-1.2108,1.375,0.4,2.659,1.3,1126259642.413,40.67563135849611,-7.8601850574721635,-36314.508109644325
37.523797253423254,31.671782237139652,-0.5147357005286962,0.04155378746122873,400.0,-1.2108,1.375,0.4,2.659,1.3,1126259642.413,40.67637733850084,-7.8601850574721635,-36433.589946504915
34.64069790622156,34.00024759828572,0.09357020301748736,-0.6615956287056239,400.0,-1.2108,1.375,0.4,2.659,1.3,1126259642.413,40.67677613577149,-7.8601850574721635,-36386.69962229517
34.57611872599543,34.020087394058216,-0.021024925143663636,-0.5683492999415561,400.0,-1.2108,1.375,0.4,2.659,1.3,1126259642.413,40.67715824173937,-7.8601850574721635,-36373.13061301685
35.48680135049316,33.86718073195587,-0.22739310129976448,-0.2564004875778983,400.0,-1.2108,1.375,0.4,2.659,1.3,1126259642.413,40.67807576048018,-7.8601850574721635,-36512.82311609515
35.63355193026024,33.432926866831195,-0.6395586642517584,0.12809238206474272,400.0,-1.2108,1.375,0.4,2.659,1.3,1126259642.413,40.680861952159304,-7.8601850574721635,-36465.58530505554
37.937863369385546,30.990531526621773,-0.7612442672470953,0.31836335629052276,400.0,-1.2108,1.375,0.4,2.659,1.3,1126259642.413,40.68236009187126,-7.8601850574721635,-36338.79831124461
34.99716455797891,33.40988752003454,-0.58700365682591,-0.0103737049735525,400.0,-1.2108,1.375,0.4,2.659,1.3,1126259642.413,40.68296165827978,-7.8601850574721635,-36306.64020495415
37.19932895091956,30.436673076648752,-0.14628723702437088,-0.5725550434874205,400.0,-1.2108,1.375,0.4,2.659,1.3,1126259642.413,40.68304432650175,-7.8601850574721635,-36317.25143636664
35.277983432996834,32.506624305519644,-0.06310612881349492,-0.6348794060464349,400.0,-1.2108,1.375,0.4,2.659,1.3,1126259642.413,40.68418724881758,-7.8601850574721635,-36403.54203346309
34.71246245258054,33.72233383332898,-0.29377042729947284,-0.3169852043131415,400.0,-1.2108,1.375,0.4,2.659,1.3,1126259642.413,40.68573450464421,-7.8601850574721635,-36317.372321726616
36.16139667344328,32.74725988050501,-0.5555441874053999,0.038618975224258556,400.0,-1.2108,1.375,0.4,2.659,1.3,1126259642.413,40.68648718228747,-7.8601850574721635,-36430.59131990084
34.47859855304554,34.185255767831826,-0.6801427498784828,0.12082699538409603,400.0,-1.2108,1.375,0.4,2.659,1.3,1126259642.413,40.68815584682211,-7.8601850574721635,-36394.38106455787
36.641011334140096,31.329510181342656,-0.11371509540178808,-0.564273127231139,400.0,-1.2108,1.375,0.4,2.659,1.3,1126259642.413,40.68914844745846,-7.8601850574721635,-36379.22054819928
36.18731039250058,32.66671281948422,-0.20311840921569718,-0.3492372223189038,400.0,-1.2108,1.375,0.4,2.659,1.3,1126259642.413,40.690288105544674,-7.8601850574721635,-36417.91899982989
37.36986513581133,30.889016799421032,-0.46335706364467033,-0.13438983953719985,400.0,-1.2108,1.375,0.4,2.659,1.3,1126259642.413,40.69054079829627,-7.8601850574721635,-36314.355636102686
34.953833401208044,32.660545910620016,-0.29899895046391195,-0.4056532048195033,400.0,-1.2108,1.375,0.4,2.659,1.3,1126259642.413,40.69076943285,-7.8601850574721635,-36409.631980209626
34.84061685241961,33.16857542126678,-0.57758326728884,-0.07672823626038083,400.0,-1.2108,1.375,0.4,2.659,1.3,1126259642.413,40.69085724251074,-7.8601850574721635,-36339.028607620276
36.826954778658056,31.59328099853672,-0.14466604346159492,-0.49983869597634034,400.0,-1.2108,1.375,0.4,2.659,1.3,1126259642.413,40.69098457516061,-7.8601850574721635,-36273.43635903183
35.35936929286638,32.27837074255196,-0.17560463524351808,-0.535568989554202,400.0,-1.2108,1.375,0.4,2.659,1.3,1126259642.413,40.69108988520076,-7.8601850574721635,-36405.73012914744
34.80538944498583,33.807663216825745,-0.49132425330632024,-0.06492882534584499,400.0,-1.2108,1.375,0.4,2.659,1.3,1126259642.413,40.691707911639405,-7.8601850574721635,-36376.68506100573
36.20823657979009,31.60745415765154,-0.4009356439781998,-0.27411710956386437,400.0,-1.2108,1.375,0.4,2.659,1.3,1126259642.413,40.69242325334108,-7.8601850574721635,-36398.49819119632
38.01299049288433,30.02638890855627,-0.1863482837619164,-0.5023890225067009,400.0,-1.2108,1.375,0.4,2.659,1.3,1126259642.413,40.69314943646199,-7.8601850574721635,-36369.124020727686
37.04822228144658,31.292348648091405,0.10408207203582864,-0.771169217305532,400.0,-1.2108,1.375,0.4,2.659,1.3,1126259642.413,40.694705316738634,-7.8601850574721635,-36284.600462377464
35.82189733321587,32.2432991435181,-0.5433809051396044,-0.095038257589216,400.0,-1.2108,1.375,0.4,2.659,1.3,1126259642.413,40.69493913953944,-7.8601850574721635,-36335.486778909224
37.19048116703987,31.638609015668337,-0.005265710333143242,-0.6022733712940505,400.0,-1.2108,1.375,0.4,2.659,1.3,1126259642.413,40.69516433984139,-7.8601850574721635,-36357.81124773092
36.719450113081606,32.01675371525143,-0.06830017676958747,-0.5212784096370927,400.0,-1.2108,1.375,0.4,2.659,1.3,1126259642.413,40.6952212078816,-7.8601850574721635,-36354.02569458354
35.448841497543214,32.599016626515514,-0.5191500076673926,-0.12469748888233928,400.0,-1.2108,1.375,0.4,2.659,1.3,1126259642.413,40.69565386915765,-7.8601850574721635,-36334.477540841566
36.22715553352083,31.750746705966694,-0.27917194849808163,-0.40316824737633067,400.0,-1.2108,1.375,0.4,2.659,1.3,1126259642.413,40.69568068438461,-7.8601850574721635,-36369.03299673638
35.440133154437476,31.861196096897253,-0.17164619781250143,-0.6188609316115184,400.0,-1.2108,1.375,0.4,2.659,1.3,1126259642.413,40.6971256354271,-7.8601850574721635,-36303.40691257124
35.650879967160776,31.480842887820465,-0.09213432184947647,-0.7086450734781891,400.0,-1.2108,1.375,0.4,2.659,1.3,1126259642.413,40.69718927249676,-7.8601850574721635,-36260.610253623054
34.75075055261256,32.375155458457385,-0.06777307899521662,-0.7348634622964744,400.0,-1.2108,1.375,0.4,2.659,1.3,1126259642.413,40.69763478162666,-7.8601850574721635,-36274.145238804
36.302342735625075,30.709067196841026,-0.15681067407172983,-0.666052094092594,400.0,-1.2108,1.375,0.4,2.659,1.3,1126259642.413,40.69859627435944,-7.8601850574721635,-36279.721974226064
35.36038554250894,33.00167621614169,-0.010362130763017202,-0.6392492841551408,400.0,-1.2108,1.375,0.4,2.659,1.3,1126259642.413,40.69938850384243,-7.8601850574721635,-36291.70196863452
34.99952261703149,32.65253737717944,-0.251453928330673,-0.4765694959393061,400.0,-1.2108,1.375,0.4,2.659,1.3,1126259642.413,40.699644813321534,-7.8601850574721635,-36411.15923459887
36.18481164659693,32.836151012093914,-0.530868201046671,-0.0038856331172391068,400.0,-1.2108,1.375,0.4,2.659,1.3,1126259642.413,40.70009540115831,-7.8601850574721635,-36451.2365856147
36.81352680843578,31.549575904061374,-0.47480015456316926,-0.12571474959037982,400.0,-1.2108,1.375,0.4,2.659,1.3,1126259642.413,40.70015235236124,-7.8601850574721635,-36275.24554354938
35.154125269125764,33.68778793278282,-0.5825063050665402,0.05072953531012858,400.0,-1.2108,1.375,0.4,2.659,1.3,1126259642.413,40.70214294114659,-7.8601850574721635,-36438.13731388752
36.12352670156551,33.28569223627242,-0.24455268965561516,-0.2368914160498055,400.0,-1.2108,1.375,0.4,2.659,1.3,1126259642.413,40.705840193956476,-7.8601850574721635,-36512.463986137715
38.09365284193883,30.277008400683727,-0.11706907538033964,-0.5461097684995839,400.0,-1.2108,1.375,0.4,2.659,1.3,1126259642.413,40.70628374053709,-7.8601850574721635,-36306.258006061216
35.236668748884895,33.80150251133988,-0.33491678617480586,-0.18447025566457528,400.0,-1.2108,1.375,0.4,2.659,1.3,1126259642.413,40.707158492411324,-7.8601850574721635,-36466.60122259302
36.87559697341103,31.954430472243306,-0.2015003202459523,-0.3755209225411276,400.0,-1.2108,1.375,0.4,2.659,1.3,1126259642.413,40.70780848863667,-7.8601850574721635,-36375.94025475355
37.76125203866785,30.228981901432714,-0.03153366969814719,-0.6707342880604334,400.0,-1.2108,1.375,0.4,2.659,1.3,1126259642.413,40.70813629637448,-7.8601850574721635,-36373.850652659516
37.02312844764383,30.844628257750045,-0.30721865160540723,-0.3714147171494767,400.0,-1.2108,1.375,0.4,2.659,1.3,1126259642.413,40.70818961317527,-7.8601850574721635,-36387.476269932406
36.73316299115913,31.82551566091355,-0.4275435050733989,-0.13661246442914146,400.0,-1.2108,1.375,0.4,2.659,1.3,1126259642.413,40.70878376242407,-7.8601850574721635,-36292.84616113784
36.72276199089339,32.20465358674356,-0.051607428012594575,-0.5303216614279351,400.0,-1.2108,1.375,0.4,2.659,1.3,1126259642.413,40.70884386116002,-7.8601850574721635,-36415.65084817203
38.0052810775181,30.809749616643405,-0.6985344909731703,0.2532614375001327,400.0,-1.2108,1.375,0.4,2.659,1.3,1126259642.413,40.71018902602853,-7.8601850574721635,-36290.996487905686
36.98468990747437,31.030460381136024,-0.47100075688618703,-0.16019993800025584,400.0,-1.2108,1.375,0.4,2.659,1.3,1126259642.413,40.71081678195405,-7.8601850574721635,-36375.13907628929
38.539922858485276,30.068065727160615,-0.5429359606692451,0.04550926345176026,400.0,-1.2108,1.375,0.4,2.659,1.3,1126259642.413,40.71171537477365,-7.8601850574721635,-36250.915839089
36.76460797465188,30.89855813148219,-0.360620006167842,-0.3394982476026599,400.0,-1.2108,1.375,0.4,2.659,1.3,1126259642.413,40.71184000205932,-7.8601850574721635,-36358.33055935989
36.726657961631446,30.632444082089386,-0.21210965033728935,-0.557256435521542,400.0,-1.2108,1.375,0.4,2.659,1.3,1126259642.413,40.71277405877411,-7.8601850574721635,-36258.475404730154
36.09369526002673,32.555648093059375,-0.40677987775389,-0.14939949058277158,400.0,-1.2108,1.375,0.4,2.659,1.3,1126259642.413,40.71329091384139,-7.8601850574721635,-36349.2510718106
35.16403516885591,32.58208646447404,-0.44285997767279983,-0.2539255060327189,400.0,-1.2108,1.375,0.4,2.659,1.3,1126259642.413,40.713363617529055,-7.8601850574721635,-36406.00152191614
36.0249104256945,32.00452054539693,-0.2626555089206071,-0.3933428555494738,400.0,-1.2108,1.375,0.4,2.659,1.3,1126259642.413,40.714189788032535,-7.8601850574721635,-36351.24058192064
38.10903517599531,30.420560738265323,-0.024257185453924607,-0.6291048973092195,400.0,-1.2108,1.375,0.4,2.659,1.3,1126259642.413,40.7144624309203,-7.8601850574721635,-36258.51945337206
36.372067988736596,32.00297222576735,-0.002419933874846153,-0.6312680144534641,400.0,-1.2108,1.375,0.4,2.659,1.3,1126259642.413,40.71502640067905,-7.8601850574721635,-36280.04713160209
34.87727850651107,34.415686693087395,-0.11328718895554919,-0.365195106597211,400.0,-1.2108,1.375,0.4,2.659,1.3,1126259642.413,40.71548830400165,-7.8601850574721635,-36507.30642003503
37.14046995934327,30.01970841839777,-0.18155660359698864,-0.6131007925616376,400.0,-1.2108,1.375,0.4,2.659,1.3,1126259642.413,40.71605195597509,-7.8601850574721635,-36261.71896783473
33.724670598739685,33.71134022190105,-0.11510460259840802,-0.5964275220902154,400.0,-1.2108,1.375,0.4,2.659,1.3,1126259642.413,40.71732713809006,-7.8601850574721635,-36385.8254083479
34.78611444161654,33.64924718882348,-0.021634878709775963,-0.56478657290163,400.0,-1.2108,1.375,0.4,2.659,1.3,1126259642.413,40.71786450054095,-7.8601850574721635,-36316.46913368883
35.00612313564611,32.66407112671767,-0.4674962744324611,-0.23274746552028122,400.0,-1.2108,1.375,0.4,2.659,1.3,1126259642.413,40.718555669359155,-7.8601850574721635,-36411.7107609892
34.54575008628593,33.43975908037914,-0.338787949516532,-0.30509767834140106,400.0,-1.2108,1.375,0.4,2.659,1.3,1126259642.413,40.71937011808244,-7.8601850574721635,-36344.33287165786
34.05554482697204,33.10144247501472,-0.039880813269886656,-0.739131655372776,400.0,-1.2108,1.375,0.4,2.659,1.3,1126259642.413,40.71937491926062,-7.8601850574721635,-36294.471249515314
36.60799171086684,30.723863103563506,-0.307865607479416,-0.4428649495747087,400.0,-1.2108,1.375,0.4,2.659,1.3,1126259642.413,40.72193415571601,-7.8601850574721635,-36258.67356959551
35.51996604173395,32.52782616275754,-0.16570636302682043,-0.48829581509306796,400.0,-1.2108,1.375,0.4,2.659,1.3,1126259642.413,40.72267374647226,-7.8601850574721635,-36335.66044771444
37.9560867655009,31.230088365931007,-0.37949535443881055,-0.11102397132735992,400.0,-1.2108,1.375,0.4,2.659,1.3,1126259642.413,40.72366117967925,-7.8601850574721635,-36414.296425043445
37.899986677199124,30.720212217792614,0.0728243561909023,-0.7244195067707031,400.0,-1.2108,1.375,0.4,2.659,1.3,1126259642.413,40.72369261682105,-7.8601850574721635,-36253.447432935456
35.75666802227364,31.966517136568747,0.03440650942806309,-0.7612569312765399,400.0,-1.2108,1.375,0.4,2.659,1.3,1126259642.413,40.72550166251604,-7.8601850574721635,-36405.12711241433
34.792017169174386,33.10699820043226,-0.5102253161110295,-0.1614653691104257,400.0,-1.2108,1.375,0.4,2.659,1.3,1126259642.413,40.72655806313645,-7.8601850574721635,-36373.38042110777
36.38054363933901,32.17497041318325,0.02889873348578964,-0.6498066397198001,400.0,-1.2108,1.375,0.4,2.659,1.3,1126259642.413,40.729336910145676,-7.8601850574721635,-36307.034347168425
34.103152169768435,33.15801966381308,-0.18517002552512643,-0.5854656202848074,400.0,-1.2108,1.375,0.4,2.659,1.3,1126259642.413,40.72994939812406,-7.8601850574721635,-36327.41746846842
34.3998019179688,33.199194480384485,-0.4479221130863032,-0.2688558774712942,400.0,-1.2108,1.375,0.4,2.659,1.3,1126259642.413,40.73223179683258,-7.8601850574721635,-36413.10983916288
36.31229551534221,32.52746755333832,-0.24959051155572712,-0.29864158031040455,400.0,-1.2108,1.375,0.4,2.659,1.3,1126259642.413,40.73274484734127,-7.8601850574721635,-36410.52464994527
37.33698452235681,30.71264025534895,-0.42910876809654047,-0.19825189757493686,400.0,-1.2108,1.375,0.4,2.659,1.3,1126259642.413,40.73298421348035,-7.8601850574721635,-36373.7223925587
36.60116819059396,31.655489436820655,-0.5230146069237062,-0.08046652413336511,400.0,-1.2108,1.375,0.4,2.659,1.3,1126259642.413,40.73313765019446,-7.8601850574721635,-36295.66830399666
34.17124516950551,33.49933350998576,-0.058865279213903166,-0.6288977541448781,400.0,-1.2108,1.375,0.4,2.659,1.3,1126259642.413,40.733373044513165,-7.8601850574721635,-36413.824983725426
38.16478260867205,30.791349073330277,-0.5724642071407275,0.12041551845265813,400.0,-1.2108,1.375,0.4,2.659,1.3,1126259642.413,40.73400282743876,-7.8601850574721635,-36330.09768190005
36.212498761042326,32.89466878919349,-0.2779628925875003,-0.24591852276046777,400.0,-1.2108,1.375,0.4,2.659,1.3,1126259642.413,40.734007488816474,-7.8601850574721635,-36460.520029206535
37.52182315673504,30.92751053158862,-0.359667786010832,-0.21117244961449175,400.0,-1.2108,1.375,0.4,2.659,1.3,1126259642.413,40.73431007839564,-7.8601850574721635,-36265.81352977164
35.356922929475665,32.14952153325112,-0.11492446870426691,-0.6476541149040399,400.0,-1.2108,1.375,0.4,2.659,1.3,1126259642.413,40.73487963688718,-7.8601850574721635,-36378.52087358555
37.84217296823423,31.055879814606485,-0.45281396503222127,-0.06525211709079909,400.0,-1.2108,1.375,0.4,2.659,1.3,1126259642.413,40.735538236384045,-7.8601850574721635,-36335.90294318508
34.457847859284804,32.7658156798902,-0.08416159479446608,-0.7094126154803282,400.0,-1.2108,1.375,0.4,2.659,1.3,1126259642.413,40.73719910381814,-7.8601850574721635,-36307.884259837505
37.61969640561023,30.979152640674254,-0.5642272547409961,0.030137691258077193,400.0,-1.2108,1.375,0.4,2.659,1.3,1126259642.413,40.73771852293194,-7.8601850574721635,-36261.40904879353
36.585340447294165,31.858895713630098,0.019026362832861743,-0.6528490755530434,400.0,-1.2108,1.375,0.4,2.659,1.3,1126259642.413,40.73929613766379,-7.8601850574721635,-36275.26500283247
34.605596548006496,34.0977410613414,-0.010724914971236094,-0.551578816836075,400.0,-1.2108,1.375,0.4,2.659,1.3,1126259642.413,40.7422383209701,-7.8601850574721635,-36404.96119423888
34.59647466948025,34.10208619036201,-0.4174080909638155,-0.15502189091391883,400.0,-1.2108,1.375,0.4,2.659,1.3,1126259642.413,40.74239142632868,-7.8601850574721635,-36403.73317232447
36.34535609422747,32.19705564349124,-0.1950232106715096,-0.4285772771671842,400.0,-1.2108,1.375,0.4,2.659,1.3,1126259642.413,40.742609771012255,-7.8601850574721635,-36304.505928680235
33.63180579718536,33.61268314418615,-0.06448500329948909,-0.6880636335885388,400.0,-1.2108,1.375,0.4,2.659,1.3,1126259642.413,40.743113165639066,-7.8601850574721635,-36324.28311443821
37.1677963199262,31.34680457492095,-0.5153625271979754,-0.04577367940858057,400.0,-1.2108,1.375,0.4,2.659,1.3,1126259642.413,40.743826832190464,-7.8601850574721635,-36266.52087866075
36.10205624030462,31.77162028407408,-0.07061791229104186,-0.6548909198076216,400.0,-1.2108,1.375,0.4,2.659,1.3,1126259642.413,40.74643854812828,-7.8601850574721635,-36392.85693465809
37.23577341596533,30.72705615285673,-0.059075954099101796,-0.6550314677652119,400.0,-1.2108,1.375,0.4,2.659,1.3,1126259642.413,40.746900798035284,-7.8601850574721635,-36385.3985520967
34.21117406192303,33.59339681862072,-0.440395032854645,-0.23493443154218632,400.0,-1.2108,1.375,0.4,2.659,1.3,1126259642.413,40.74773836921072,-7.8601850574721635,-36394.19420281219
34.679520941220154,33.790799494181286,-0.2481582054950073,-0.35910455754070586,400.0,-1.2108,1.375,0.4,2.659,1.3,1126259642.413,40.75153544356336,-7.8601850574721635,-36327.59606477654
34.191643971454454,33.284866070187626,-0.2513295372853168,-0.4883263561736164,400.0,-1.2108,1.375,0.4,2.659,1.3,1126259642.413,40.75265227304818,-7.8601850574721635,-36395.291121205155
37.430574949042786,31.30090042255178,0.03724740226838613,-0.6643926639553673,400.0,-1.2108,1.375,0.4,2.659,1.3,1126259642.413,40.75507309915133,-7.8601850574721635,-36304.36525695746
37.43087914231288,30.162190572609664,-0.1616432019871612,-0.5823393234589034,400.0,-1.2108,1.375,0.4,2.659,1.3,1126259642.413,40.75513694195013,-7.8601850574721635,-36278.41342935132
37.20432062576601,31.959498699492432,-0.44209287111446866,-0.06156463000990148,400.0,-1.2108,1.375,0.4,2.659,1.3,1126259642.413,40.75528862714067,-7.8601850574721635,-36440.619731160004
33.92019768026465,33.83502331671205,0.002846098049301471,-0.6650828626771695,400.0,-1.2108,1.375,0.4,2.659,1.3,1126259642.413,40.755601174277814,-7.8601850574721635,-36405.02930199441
37.201921477683875,31.70222138496534,-0.0641799729815247,-0.5185792034032386,400.0,-1.2108,1.375,0.4,2.659,1.3,1126259642.413,40.757549585249606,-7.8601850574721635,-36387.1424599599
37.64121649001648,31.534194372409086,-0.40090199181081065,-0.08861165437994961,400.0,-1.2108,1.375,0.4,2.659,1.3,1126259642.413,40.75776469740951,-7.8601850574721635,-36426.56218692928
35.335583814286835,33.47001112519554,-0.1985675023487626,-0.36626229594310333,400.0,-1.2108,1.375,0.4,2.659,1.3,1126259642.413,40.75791645727919,-7.8601850574721635,-36428.24168379312
36.95737094936774,30.834733284129108,-0.199314220192798,-0.5106193048533698,400.0,-1.2108,1.375,0.4,2.659,1.3,1126259642.413,40.758487257394705,-7.8601850574721635,-36380.31313337335
35.595878717119334,33.27342500127183,-0.0913324793989744,-0.46811078847333076,400.0,-1.2108,1.375,0.4,2.659,1.3,1126259642.413,40.75901278503524,-7.8601850574721635,-36436.39546619144
35.93169929140296,32.526652547210915,-0.011043984707158866,-0.6326525798107494,400.0,-1.2108,1.375,0.4,2.659,1.3,1126259642.413,40.75907011142034,-7.8601850574721635,-36297.698733310994
34.3745869012068,34.139899664241874,-0.49372405222939664,-0.10360636557488312,400.0,-1.2108,1.375,0.4,2.659,1.3,1126259642.413,40.75970064419818,-7.8601850574721635,-36343.12835476047
36.42193633364234,32.60261153250488,-0.5395641623351757,0.009557347440100894,400.0,-1.2108,1.375,0.4,2.659,1.3,1126259642.413,40.75982681032595,-7.8601850574721635,-36446.13462192048
33.947750555106445,33.67482262654237,-0.38367183183199205,-0.3156946995852007,400.0,-1.2108,1.375,0.4,2.659,1.3,1126259642.413,40.76205957642133,-7.8601850574721635,-36415.41114931575
36.72473405169046,31.238326518618692,-0.09128652710303367,-0.6189489239034833,400.0,-1.2108,1.375,0.4,2.659,1.3,1126259642.413,40.76208957683544,-7.8601850574721635,-36382.296904956616
38.156837221121435,30.113026274066687,-0.4402895784762372,-0.12828745777414188,400.0,-1.2108,1.375,0.4,2.659,1.3,1126259642.413,40.76212334242657,-7.8601850574721635,-36343.05535724524
36.78738073133245,31.341515063252224,-0.05086470388712208,-0.6448371816779717,400.0,-1.2108,1.375,0.4,2.659,1.3,1126259642.413,40.76226116218034,-7.8601850574721635,-36338.74745952141
34.54887096313815,34.02969080792174,-0.30506602156420076,-0.28718904244604077,400.0,-1.2108,1.375,0.4,2.659,1.3,1126259642.413,40.76269295404111,-7.8601850574721635,-36362.19270141674
35.75875761282907,31.873271112869602,-0.3937176439558847,-0.3210598266856394,400.0,-1.2108,1.375,0.4,2.659,1.3,1126259642.413,40.76272712198228,-7.8601850574721635,-36398.00356006711
36.07497586145234,31.872983368028013,-0.09694059038921374,-0.6163132723887098,400.0,-1.2108,1.375,0.4,2.659,1.3,1126259642.413,40.76470144521268,-7.8601850574721635,-36374.63713579646
35.17930525599664,32.47393738874079,-0.06962507523106265,-0.6729771089676142,400.0,-1.2108,1.375,0.4,2.659,1.3,1126259642.413,40.765244664246254,-7.8601850574721635,-36409.72909432391
37.4257755277991,30.29781079611012,-0.3533221323359865,-0.3199634664870563,400.0,-1.2108,1.375,0.4,2.659,1.3,1126259642.413,40.76583586606048,-7.8601850574721635,-36328.50950102755
36.927532559813685,31.450177428005716,0.05914117291872903,-0.7118816763377106,400.0,-1.2108,1.375,0.4,2.659,1.3,1126259642.413,40.766114935465005,-7.8601850574721635,-36273.95128265615
35.07392835219405,33.29055226356453,-0.551446470346597,-0.048480972650729925,400.0,-1.2108,1.375,0.4,2.659,1.3,1126259642.413,40.76645761787647,-7.8601850574721635,-36296.47356492889
34.35587626663197,33.83280442851358,-0.4318898434821143,-0.20725456215560764,400.0,-1.2108,1.375,0.4,2.659,1.3,1126259642.413,40.76670977354118,-7.8601850574721635,-36293.57073405613
34.43556683190687,33.15573827984078,-0.2798229097228575,-0.4495898546552336,400.0,-1.2108,1.375,0.4,2.659,1.3,1126259642.413,40.767987651755334,-7.8601850574721635,-36412.19653104482
36.30256729833341,32.3385492079522,-0.4746560601974802,-0.10874380650037874,400.0,-1.2108,1.375,0.4,2.659,1.3,1126259642.413,40.76899791177921,-7.8601850574721635,-36337.74185808954
35.68536197090432,32.093661711625664,-0.4302529295372539,-0.2623038348178826,400.0,-1.2108,1.375,0.4,2.659,1.3,1126259642.413,40.77014580733888,-7.8601850574721635,-36402.3081160556
34.08266840109172,33.59537863617334,-0.16734662748780055,-0.5374094578549373,400.0,-1.2108,1.375,0.4,2.659,1.3,1126259642.413,40.770810840864435,-7.8601850574721635,-36413.24662752042
38.651552809475795,30.030389302109736,-0.17084898469563997,-0.4316483149492487,400.0,-1.2108,1.375,0.4,2.659,1.3,1126259642.413,40.77513003945782,-7.8601850574721635,-36243.18735313089
33.87788266325313,33.674746907273615,-0.027670199163464415,-0.6946080747278832,400.0,-1.2108,1.375,0.4,2.659,1.3,1126259642.413,40.775372080747665,-7.8601850574721635,-36412.321379646746
35.905431932586524,32.25752467862193,-0.44096334739726273,-0.2019687975359225,400.0,-1.2108,1.375,0.4,2.659,1.3,1126259642.413,40.77631987048743,-7.8601850574721635,-36307.55700053118
36.06033789706955,32.9851798304702,-0.4664300553920882,-0.04612067879559795,400.0,-1.2108,1.375,0.4,2.659,1.3,1126259642.413,40.77717217954388,-7.8601850574721635,-36457.175736771926
36.93568001501852,31.069294957676227,-0.4013625484094907,-0.2496679508717436,400.0,-1.2108,1.375,0.4,2.659,1.3,1126259642.413,40.77841767389743,-7.8601850574721635,-36376.67217011298
37.21325744668472,31.556953768162572,-0.5875719118749039,0.08186045100915584,400.0,-1.2108,1.375,0.4,2.659,1.3,1126259642.413,40.77919434596413,-7.8601850574721635,-36336.18571415561
34.286525758260986,33.74762302859779,-0.13640573204423717,-0.5041806914498903,400.0,-1.2108,1.375,0.4,2.659,1.3,1126259642.413,40.779880472715945,-7.8601850574721635,-36327.18819489814
36.152849220997425,32.03780125786847,-0.3795116046160215,-0.2482839023983503,400.0,-1.2108,1.375,0.4,2.659,1.3,1126259642.413,40.78359436994041,-7.8601850574721635,-36304.25520974362
35.785262978698505,32.88389281312044,0.01767756226832176,-0.6202370519130147,400.0,-1.2108,1.375,0.4,2.659,1.3,1126259642.413,40.78363925992673,-7.8601850574721635,-36372.71947847412
34.778727768225885,33.94101828061445,-0.37367377449081585,-0.19806598999474978,400.0,-1.2108,1.375,0.4,2.659,1.3,1126259642.413,40.7837387015074,-7.8601850574721635,-36407.902927272036
34.27677435179153,33.11940293074804,-0.15239450979531827,-0.6090075926974097,400.0,-1.2108,1.375,0.4,2.659,1.3,1126259642.413,40.78397692870121,-7.8601850574721635,-36374.18282626716
34.504856626475515,34.4061894138014,-0.32807408229524354,-0.20876025991953814,400.0,-1.2108,1.375,0.4,2.659,1.3,1126259642.413,40.78406714016569,-7.8601850574721635,-36456.25080096182
35.390497155206745,32.20641209485006,-0.08950373638092443,-0.6596665318860695,400.0,-1.2108,1.375,0.4,2.659,1.3,1126259642.413,40.789121426527096,-7.8601850574721635,-36401.137925231
35.08894266589641,33.7173712878328,-0.5907279068999784,0.05539923248595341,400.0,-1.2108,1.375,0.4,2.659,1.3,1126259642.413,40.78917116635436,-7.8601850574721635,-36431.8666888041
36.86685567609404,32.0358221939035,-0.08002640858395327,-0.4973080092492994,400.0,-1.2108,1.375,0.4,2.659,1.3,1126259642.413,40.78936574733234,-7.8601850574721635,-36403.49336039867
36.213857134606755,31.30886199072416,-0.35432994025162,-0.3653479950543272,400.0,-1.2108,1.375,0.4,2.659,1.3,1126259642.413,40.78968459567385,-7.8601850574721635,-36346.62323273465
36.592447954592046,32.10092631660754,-0.1634489114456559,-0.4307564416621527,400.0,-1.2108,1.375,0.4,2.659,1.3,1126259642.413,40.79069279093839,-7.8601850574721635,-36341.05401233004
36.2009438117309,31.250959321564633,-0.23728166394880407,-0.505338130036379,400.0,-1.2108,1.375,0.4,2.659,1.3,1126259642.413,40.792192439973256,-7.8601850574721635,-36318.00036468315
34.975392623571715,33.00081670392178,0.06316796050536849,-0.7351982619950029,400.0,-1.2108,1.375,0.4,2.659,1.3,1126259642.413,40.792404384818305,-7.8601850574721635,-36350.78957324961
37.34751362685841,31.464985814027717,-0.6045367441101079,0.08556462344795124,400.0,-1.2108,1.375,0.4,2.659,1.3,1126259642.413,40.79298871015764,-7.8601850574721635,-36341.917886017596
33.748285669172866,33.65619973444933,-0.2910267781857025,-0.44812662859056146,400.0,-1.2108,1.375,0.4,2.659,1.3,1126259642.413,40.79403191903677,-7.8601850574721635,-36381.70178631604
37.25387086505157,30.752884287829506,0.017312328914630082,-0.7182936392209077,400.0,-1.2108,1.375,0.4,2.659,1.3,1126259642.413,40.79409856885091,-7.8601850574721635,-36380.26771549732
38.45538942564335,30.46480585977938,-0.26805618375403306,-0.27350369644685946,400.0,-1.2108,1.375,0.4,2.659,1.3,1126259642.413,40.79643306237048,-7.8601850574721635,-36289.20225604955
36.93301322006355,31.02325848779701,-0.41022540625189197,-0.24284624465506804,400.0,-1.2108,1.375,0.4,2.659,1.3,1126259642.413,40.79666548465388,-7.8601850574721635,-36385.918297324766
37.042665497419456,30.627857439366252,-0.24607238267031356,-0.45658552224792986,400.0,-1.2108,1.375,0.4,2.659,1.3,1126259642.413,40.79700351609773,-7.8601850574721635,-36340.26932855143
35.6636008735274,32.375847080390336,-0.16965346923734817,-0.487055448849574,400.0,-1.2108,1.375,0.4,2.659,1.3,1126259642.413,40.798419243993806,-7.8601850574721635,-36340.49254161224
37.065242052819656,30.7424679772676,-0.26641472180511616,-0.42495821045895676,400.0,-1.2108,1.375,0.4,2.659,1.3,1126259642.413,40.79939498473564,-7.8601850574721635,-36378.23754452429
34.63705151321079,32.93854844821019,-0.3937320579095378,-0.32972883030053574,400.0,-1.2108,1.375,0.4,2.659,1.3,1126259642.413,40.800030611601215,-7.8601850574721635,-36410.8072462249
36.90492993444007,32.28831856834948,-0.776390688943351,0.3065620387673511,400.0,-1.2108,1.375,0.4,2.659,1.3,1126259642.413,40.8003115006544,-7.8601850574721635,-36454.217385578864
37.08844803738376,30.902219204885842,-0.06664416134637978,-0.6147548901027389,400.0,-1.2108,1.375,0.4,2.659,1.3,1126259642.413,40.80071303050403,-7.8601850574721635,-36381.565881905786
35.684198050347405,32.78054759182478,-0.5419559876736482,-0.05785659046687819,400.0,-1.2108,1.375,0.4,2.659,1.3,1126259642.413,40.80095804448059,-7.8601850574721635,-36306.749166017216
34.693585727266544,33.568469227166986,-0.15602811993697313,-0.4828464216554432,400.0,-1.2108,1.375,0.4,2.659,1.3,1126259642.413,40.801167954606825,-7.8601850574721635,-36292.56680826995
37.64271222164772,31.01135103243165,-0.33780724908944737,-0.23872751889407484,400.0,-1.2108,1.375,0.4,2.659,1.3,1126259642.413,40.80143858125217,-7.8601850574721635,-36270.57705620994
34.502003230069505,32.66169184380953,-0.07253375352419109,-0.7294930839616997,400.0,-1.2108,1.375,0.4,2.659,1.3,1126259642.413,40.80172139399413,-7.8601850574721635,-36290.22411452547
34.787587495578954,33.932077718522166,-0.021630435311564028,-0.541384921299793,400.0,-1.2108,1.375,0.4,2.659,1.3,1126259642.413,40.80179650209762,-7.8601850574721635,-36407.836672345344
36.965244495521475,30.355147593843416,-0.07742221377576494,-0.7162970456562844,400.0,-1.2108,1.375,0.4,2.659,1.3,1126259642.413,40.80179726581535,-7.8601850574721635,-36241.16453282383
35.208205761519196,33.37222316536762,0.04167678848302775,-0.6390471089051841,400.0,-1.2108,1.375,0.4,2.659,1.3,1126259642.413,40.8021522054472,-7.8601850574721635,-36354.12722916419
36.1363007345938,31.010220559634387,-0.06837019733351168,-0.7406848830094059,400.0,-1.2108,1.375,0.4,2.659,1.3,1126259642.413,40.80276791512213,-7.8601850574721635,-36256.291042213925
34.21321162118357,33.35352530396696,-0.3533276022178454,-0.355183417472515,400.0,-1.2108,1.375,0.4,2.659,1.3,1126259642.413,40.802882445654745,-7.8601850574721635,-36413.260753757
34.815296858502535,33.10804989603783,-0.38529420625618005,-0.27574717728691195,400.0,-1.2108,1.375,0.4,2.659,1.3,1126259642.413,40.80361644318141,-7.8601850574721635,-36366.04080944228
36.54984299889642,32.16397196809538,-0.3035151083246759,-0.25119338621087417,400.0,-1.2108,1.375,0.4,2.659,1.3,1126259642.413,40.8038460805927,-7.8601850574721635,-36355.19621862532
36.39918801931366,32.12197937054343,-0.31946874391528,-0.2891264152958844,400.0,-1.2108,1.375,0.4,2.659,1.3,1126259642.413,40.804834039019276,-7.8601850574721635,-36297.294677978854
35.35686636471566,32.106381962066216,-0.23546723674483674,-0.5212495894691868,400.0,-1.2108,1.375,0.4,2.659,1.3,1126259642.413,40.80559977022147,-7.8601850574721635,-36368.53200241618
36.15050124889301,31.32051071186115,-0.28000666994467194,-0.45466768673502933,400.0,-1.2108,1.375,0.4,2.659,1.3,1126259642.413,40.80642888879731,-7.8601850574721635,-36329.15864639109
35.73563776518514,32.986233501238374,-0.5466424724757984,0.0022301353607643293,400.0,-1.2108,1.375,0.4,2.659,1.3,1126259642.413,40.808049231728184,-7.8601850574721635,-36390.69030845049
36.48579953095792,32.618762735817185,-0.2384723828432895,-0.29306559702768187,400.0,-1.2108,1.375,0.4,2.659,1.3,1126259642.413,40.808842772251865,-7.8601850574721635,-36453.771704564635
35.822331795036426,32.58477614932197,-0.09583498775294128,-0.5493501606501264,400.0,-1.2108,1.375,0.4,2.659,1.3,1126259642.413,40.80932059455061,-7.8601850574721635,-36290.11390777379
36.81743056191451,30.80956579455572,-0.23477534942927072,-0.4876341406705441,400.0,-1.2108,1.375,0.4,2.659,1.3,1126259642.413,40.809457325827616,-7.8601850574721635,-36346.25824426108
38.52160503143229,30.546865234713408,-0.3128613149909541,-0.19059479148077993,400.0,-1.2108,1.375,0.4,2.659,1.3,1126259642.413,40.810884696319924,-7.8601850574721635,-36337.7036970097
37.60079287384569,31.575702110277152,-0.695048501956576,0.2472399642235088,400.0,-1.2108,1.375,0.4,2.659,1.3,1126259642.413,40.810984128814454,-7.8601850574721635,-36428.634839594466
35.63978706408348,33.121342516467784,-0.06156109119195252,-0.5199023180491003,400.0,-1.2108,1.375,0.4,2.659,1.3,1126259642.413,40.811792792244034,-7.8601850574721635,-36404.047873109295
37.149236709445944,31.93026817090808,-0.7151167624116817,0.2315400815101853,400.0,-1.2108,1.375,0.4,2.659,1.3,1126259642.413,40.813279945689956,-7.8601850574721635,-36431.44169783534
36.39542391315086,30.791703998059337,-0.19413545060382648,-0.5909195022474829,400.0,-1.2108,1.375,0.4,2.659,1.3,1126259642.413,40.81369752774072,-7.8601850574721635,-36252.17174422717
36.962821207887046,30.88803320710661,-0.2502780989540173,-0.44202066987384686,400.0,-1.2108,1.375,0.4,2.659,1.3,1126259642.413,40.81416125683301,-7.8601850574721635,-36387.87872254943
35.152814672031745,33.570413080391326,-0.5964307744996176,0.022707134464857337,400.0,-1.2108,1.375,0.4,2.659,1.3,1126259642.413,40.81428388846382,-7.8601850574721635,-36404.24029084639
35.53779048666143,33.07415427374202,-0.16051145209837642,-0.4432073240886568,400.0,-1.2108,1.375,0.4,2.659,1.3,1126259642.413,40.81572776000113,-7.8601850574721635,-36356.0504467493
37.47239595828456,30.139267246863596,-0.13850587474973974,-0.6089762272990084,400.0,-1.2108,1.375,0.4,2.659,1.3,1126259642.413,40.81576704741401,-7.8601850574721635,-36281.77523440813
37.748042293190004,30.23095546702841,-0.40815002811184165,-0.21293535176487222,400.0,-1.2108,1.375,0.4,2.659,1.3,1126259642.413,40.81591181348872,-7.8601850574721635,-36373.66301051249
36.5459836411363,32.47543880393529,-0.15333928927768492,-0.39993688543548805,400.0,-1.2108,1.375,0.4,2.659,1.3,1126259642.413,40.815936270659364,-7.8601850574721635,-36442.00101170469
35.490031925368875,32.87627748390891,-0.5122943532740396,-0.085845369365812,400.0,-1.2108,1.375,0.4,2.659,1.3,1126259642.413,40.816381287925964,-7.8601850574721635,-36290.063452144204
34.60201305799712,33.00263312191918,-0.36766035997048435,-0.35426795291528174,400.0,-1.2108,1.375,0.4,2.659,1.3,1126259642.413,40.81661157966066,-7.8601850574721635,-36412.26008972591
37.00118638705596,30.32447137907657,-0.0824425515960866,-0.7081357562577777,400.0,-1.2108,1.375,0.4,2.659,1.3,1126259642.413,40.817175826320195,-7.8601850574721635,-36240.40093759197
35.5412518849447,32.30233436151474,-0.43553591800382563,-0.2498992580700211,400.0,-1.2108,1.375,0.4,2.659,1.3,1126259642.413,40.81747189712292,-7.8601850574721635,-36393.99453812007
35.88970725506733,31.608093409769726,-0.14538428422770672,-0.5992077183295059,400.0,-1.2108,1.375,0.4,2.659,1.3,1126259642.413,40.82105290262087,-7.8601850574721635,-36356.12863275031
37.95365652870302,30.834322771229907,-0.20886349847141342,-0.3461248848767708,400.0,-1.2108,1.375,0.4,2.659,1.3,1126259642.413,40.82120430866348,-7.8601850574721635,-36285.838763361906
34.72420174609967,33.23793123318009,-0.45684128446728484,-0.21238763000916305,400.0,-1.2108,1.375,0.4,2.659,1.3,1126259642.413,40.82162278219955,-7.8601850574721635,-36352.6088779944
35.08875106841262,33.22981358768035,-0.27729426707098453,-0.32535859399657785,400.0,-1.2108,1.375,0.4,2.659,1.3,1126259642.413,40.82186770706031,-7.8601850574721635,-36294.286668314795
36.948154034540266,31.343353935407396,-0.31239945606470365,-0.32239285089952235,400.0,-1.2108,1.375,0.4,2.659,1.3,1126259642.413,40.82397492761044,-7.8601850574721635,-36293.14860734505
36.79054770328108,30.849616791379276,-0.286750973406246,-0.42119723258487296,400.0,-1.2108,1.375,0.4,2.659,1.3,1126259642.413,40.826849962971345,-7.8601850574721635,-36347.62009243553
35.994318429490626,32.29377578106361,-0.40991898367816815,-0.20924995047491968,400.0,-1.2108,1.375,0.4,2.659,1.3,1126259642.413,40.82707912218399,-7.8601850574721635,-36283.91000447324
34.46944835011437,33.32435757216733,-0.1664646456307553,-0.5358402349991612,400.0,-1.2108,1.375,0.4,2.659,1.3,1126259642.413,40.82742805255645,-7.8601850574721635,-36397.67467176487
37.614625113786964,30.690259337865005,-0.43678965785644386,-0.13973762964556785,400.0,-1.2108,1.375,0.4,2.659,1.3,1126259642.413,40.827478840125565,-7.8601850574721635,-36308.02094000135
35.52001956923732,31.84760940808085,-0.09858135547279949,-0.6881576558293391,400.0,-1.2108,1.375,0.4,2.659,1.3,1126259642.413,40.82798108009443,-7.8601850574721635,-36322.68858812469
36.17006384715871,32.44944033615245,0.04138471080030409,-0.6607501975143366,400.0,-1.2108,1.375,0.4,2.659,1.3,1126259642.413,40.828056173162395,-7.8601850574721635,-36336.49896440635
37.9069078028533,31.15394520875371,-0.5755663889508466,0.11672732460245921,400.0,-1.2108,1.375,0.4,2.659,1.3,1126259642.413,40.828373283589585,-7.8601850574721635,-36386.86760113807
37.195663993417455,30.543580795982248,-0.27086996507090355,-0.429068230343509,400.0,-1.2108,1.375,0.4,2.659,1.3,1126259642.413,40.83011323603877,-7.8601850574721635,-36354.28861715832
36.54467157196093,32.20000845964239,-0.6641136653212865,0.1315280092866738,400.0,-1.2108,1.375,0.4,2.659,1.3,1126259642.413,40.830577211993074,-7.8601850574721635,-36365.67912183822
36.65526892324838,31.868827724692686,0.09791224335919718,-0.746376538403573,400.0,-1.2108,1.375,0.4,2.659,1.3,1126259642.413,40.83174673696362,-7.8601850574721635,-36287.557570136465
36.11730990507089,32.117025592735104,-0.3503635678587799,-0.2673777377874745,400.0,-1.2108,1.375,0.4,2.659,1.3,1126259642.413,40.83393995835751,-7.8601850574721635,-36295.3141435138
37.141722921579515,30.596060185145518,-0.3132850590319125,-0.3688939044875543,400.0,-1.2108,1.375,0.4,2.659,1.3,1126259642.413,40.83493661263791,-7.8601850574721635,-36357.864897210035
34.733083520339726,33.91735974816385,-0.0606491117806906,-0.5097162618003126,400.0,-1.2108,1.375,0.4,2.659,1.3,1126259642.413,40.83527140676385,-7.8601850574721635,-36388.83395520198
35.30016652626857,33.54735968255161,-0.40539483179386493,-0.1556548941902442,400.0,-1.2108,1.375,0.4,2.659,1.3,1126259642.413,40.83725700787605,-7.8601850574721635,-36437.22978158009
38.22394444494851,30.29536286815189,-0.05570761468936414,-0.5766992802981694,400.0,-1.2108,1.375,0.4,2.659,1.3,1126259642.413,40.83802957675667,-7.8601850574721635,-36262.14216092834
36.358894065143986,31.52901187656111,-0.23907637684684774,-0.43543477966401184,400.0,-1.2108,1.375,0.4,2.659,1.3,1126259642.413,40.83859327803739,-7.8601850574721635,-36392.6285335047
38.79116052997617,30.240065001731818,-0.2971465201756472,-0.22006959124615857,400.0,-1.2108,1.375,0.4,2.659,1.3,1126259642.413,40.838594709255446,-7.8601850574721635,-36300.57092758434
35.674480088548464,32.215638047496476,-0.38789880613811806,-0.27778928996970803,400.0,-1.2108,1.375,0.4,2.659,1.3,1126259642.413,40.839040732102916,-7.8601850574721635,-36384.01392677199
36.258292255075794,31.38527353817064,0.004452839701486688,-0.7657503040139666,400.0,-1.2108,1.375,0.4,2.659,1.3,1126259642.413,40.84300442035272,-7.8601850574721635,-36381.29667560709
35.20016265251522,33.34892302339436,-0.09313791287875695,-0.48809352448995713,400.0,-1.2108,1.375,0.4,2.659,1.3,1126259642.413,40.84444378984156,-7.8601850574721635,-36344.27685160694
36.48516605381001,32.11544734176758,-0.4238909181614757,-0.16666824292500446,400.0,-1.2108,1.375,0.4,2.659,1.3,1126259642.413,40.84490944183641,-7.8601850574721635,-36316.18901258838
34.87489494930972,33.78216370947297,-0.16989533256095096,-0.3865520405232712,400.0,-1.2108,1.375,0.4,2.659,1.3,1126259642.413,40.84645625369067,-7.8601850574721635,-36389.11178904997
35.339360112983044,32.1773267803942,-0.3372274448672137,-0.3987406399499162,400.0,-1.2108,1.375,0.4,2.659,1.3,1126259642.413,40.84664082684219,-7.8601850574721635,-36382.108456863025
36.72545598130784,31.175999356625123,-0.3880029329632425,-0.27882953234385266,400.0,-1.2108,1.375,0.4,2.659,1.3,1126259642.413,40.847684196363495,-7.8601850574721635,-36392.311541238705
37.11634162923466,31.58958653234113,-0.10376588441200102,-0.4993413747733269,400.0,-1.2108,1.375,0.4,2.659,1.3,1126259642.413,40.84794842424566,-7.8601850574721635,-36316.0318922003
35.31687807840754,33.16412163308853,0.15942221224461345,-0.7986092557228242,400.0,-1.2108,1.375,0.4,2.659,1.3,1126259642.413,40.847981220421865,-7.8601850574721635,-36320.279702507716
36.171884958121275,31.3706629076767,0.019316199527541933,-0.7811323021232087,400.0,-1.2108,1.375,0.4,2.659,1.3,1126259642.413,40.848649150182595,-7.8601850574721635,-36357.08892095793
36.817194608459914,32.36977875703588,-0.38044716974901227,-0.12606713973393152,400.0,-1.2108,1.375,0.4,2.659,1.3,1126259642.413,40.850259217959135,-7.8601850574721635,-36455.790876476654
34.686865092706086,33.226878196816195,0.00024662984004147903,-0.6741494510226036,400.0,-1.2108,1.375,0.4,2.659,1.3,1126259642.413,40.85127739939063,-7.8601850574721635,-36367.84260561774
36.47131764106329,32.027634363296805,-0.10736228981778073,-0.49828790051164495,400.0,-1.2108,1.375,0.4,2.659,1.3,1126259642.413,40.85280739510861,-7.8601850574721635,-36289.00215292185
35.974778358819535,32.47332074909531,0.09416089839687125,-0.7515010042364354,400.0,-1.2108,1.375,0.4,2.659,1.3,1126259642.413,40.852856598509554,-7.8601850574721635,-36294.36712752033
34.754609618801744,33.91545466262124,-0.03239547875590412,-0.5330160946891773,400.0,-1.2108,1.375,0.4,2.659,1.3,1126259642.413,40.854325039280795,-7.8601850574721635,-36394.438707917856
35.15378954602883,33.30946132128936,-0.3819935172942148,-0.2022606557796399,400.0,-1.2108,1.375,0.4,2.659,1.3,1126259642.413,40.85482093430219,-7.8601850574721635,-36318.36466887778
38.54637857205201,30.50165072690521,-0.2964539573986154,-0.21420727933856937,400.0,-1.2108,1.375,0.4,2.659,1.3,1126259642.413,40.85531027804923,-7.8601850574721635,-36328.92887055851
36.13977725025121,32.0970227420185,-0.503101071071256,-0.11770992864538385,400.0,-1.2108,1.375,0.4,2.659,1.3,1126259642.413,40.85567860255638,-7.8601850574721635,-36294.89728957649
35.79181921773196,31.793223419170644,-0.04898845264499843,-0.6920076606409009,400.0,-1.2108,1.375,0.4,2.659,1.3,1126259642.413,40.855987758582486,-7.8601850574721635,-36385.64053597759
37.50411318180335,31.370960030804184,-0.7703793790070925,0.3133172271752463,400.0,-1.2108,1.375,0.4,2.659,1.3,1126259642.413,40.85717252686107,-7.8601850574721635,-36352.5678955873
34.698367419549164,33.973302072821184,-0.14795296618254522,-0.40481987363813543,400.0,-1.2108,1.375,0.4,2.659,1.3,1126259642.413,40.85765213325669,-7.8601850574721635,-36395.202167896015
36.8125593474414,30.62233147174259,-0.1348376708017498,-0.6259487873482269,400.0,-1.2108,1.375,0.4,2.659,1.3,1126259642.413,40.859066631196264,-7.8601850574721635,-36271.95257414341
36.71063818673415,30.653996722443033,-0.03551654646223243,-0.7520894308554633,400.0,-1.2108,1.375,0.4,2.659,1.3,1126259642.413,40.86103972571006,-7.8601850574721635,-36260.020084967
37.33277456514136,30.486955418338397,-0.33465038649058476,-0.3365541899541616,400.0,-1.2108,1.375,0.4,2.659,1.3,1126259642.413,40.86105689112854,-7.8601850574721635,-36369.2387515161
36.248400687356146,31.22923682855635,-0.2314280092683938,-0.5045088813653474,400.0,-1.2108,1.375,0.4,2.659,1.3,1126259642.413,40.86156921638011,-7.8601850574721635,-36325.13450027146
35.79318522890616,33.22013221270437,-0.42181362064213324,-0.11173017513742775,400.0,-1.2108,1.375,0.4,2.659,1.3,1126259642.413,40.86360114411675,-7.8601850574721635,-36458.1359567429
36.53835254267989,31.573733604857505,-0.09384256105405606,-0.5663080541365739,400.0,-1.2108,1.375,0.4,2.659,1.3,1126259642.413,40.8641184676462,-7.8601850574721635,-36337.070533193684
35.69655505514402,32.89864268634946,-0.5790197072842429,-0.005334134639650323,400.0,-1.2108,1.375,0.4,2.659,1.3,1126259642.413,40.86415257573745,-7.8601850574721635,-36345.76934569782
34.206139052599376,33.76333962136793,-0.46736313582482203,-0.19674029943541063,400.0,-1.2108,1.375,0.4,2.659,1.3,1126259642.413,40.8652305691293,-7.8601850574721635,-36347.71875078416
36.94874172028745,31.835220512257667,-0.6508685667706979,0.12911510093082185,400.0,-1.2108,1.375,0.4,2.659,1.3,1126259642.413,40.865262607526425,-7.8601850574721635,-36357.19369048249
36.64055215386405,30.49395442146649,-0.20861940893016184,-0.5859248669081757,400.0,-1.2108,1.375,0.4,2.659,1.3,1126259642.413,40.86682125177308,-7.8601850574721635,-36255.802027425474
37.16941004005293,30.552749833204672,-0.05548456268938823,-0.6942970455564101,400.0,-1.2108,1.375,0.4,2.659,1.3,1126259642.413,40.86743893511856,-7.8601850574721635,-36349.57247723656
36.68048154808589,32.032821529197484,-0.002042085057896631,-0.6088337718105414,400.0,-1.2108,1.375,0.4,2.659,1.3,1126259642.413,40.86835035633088,-7.8601850574721635,-36348.342801558
36.84532831071335,31.24347007305996,-0.43509860888148066,-0.19847620431868182,400.0,-1.2108,1.375,0.4,2.659,1.3,1126259642.413,40.868609080095666,-7.8601850574721635,-36353.82466985143
35.61263763091085,32.470123149414945,-0.4502174658338967,-0.20032889170392626,400.0,-1.2108,1.375,0.4,2.659,1.3,1126259642.413,40.86900841925792,-7.8601850574721635,-36325.1031788537
38.06069250263517,30.177868378870322,-0.020431289175770556,-0.685682970537872,400.0,-1.2108,1.375,0.4,2.659,1.3,1126259642.413,40.870010036188766,-7.8601850574721635,-36348.717578586846
36.21583626373795,32.63208380120607,-0.12261214365246403,-0.455242061320035,400.0,-1.2108,1.375,0.4,2.659,1.3,1126259642.413,40.87399764682567,-7.8601850574721635,-36415.68814975753
34.953066287871685,32.59041253200528,-0.24133365228614742,-0.47795387760032365,400.0,-1.2108,1.375,0.4,2.659,1.3,1126259642.413,40.87401284070204,-7.8601850574721635,-36400.56574637111
37.112026298964786,31.601129835563718,-0.0032809764191348845,-0.6125532214919649,400.0,-1.2108,1.375,0.4,2.659,1.3,1126259642.413,40.87409834841621,-7.8601850574721635,-36318.715493364034
36.072671784674405,32.46954695111327,-0.48843275926017304,-0.0804881131010261,400.0,-1.2108,1.375,0.4,2.659,1.3,1126259642.413,40.87466300132871,-7.8601850574721635,-36315.32252374618
38.36671581990061,30.453536862454897,-0.3448794577026202,-0.1834160372617817,400.0,-1.2108,1.375,0.4,2.659,1.3,1126259642.413,40.874808791266034,-7.8601850574721635,-36265.01478200639
34.137611063150906,33.52927047311601,-0.10219642973648926,-0.6068750970533121,400.0,-1.2108,1.375,0.4,2.659,1.3,1126259642.413,40.87585017776112,-7.8601850574721635,-36414.02850048159
38.63065754194419,30.159077249984353,0.0009655938408560938,-0.6443804889861502,400.0,-1.2108,1.375,0.4,2.659,1.3,1126259642.413,40.87731242075649,-7.8601850574721635,-36243.15490605576
37.052348134947685,31.44482023502765,-0.2908058758188929,-0.28841412256114435,400.0,-1.2108,1.375,0.4,2.659,1.3,1126259642.413,40.87775147308094,-7.8601850574721635,-36268.10776794144
35.62596383851569,33.00753383343931,-0.7897742192547768,0.2304208537093811,400.0,-1.2108,1.375,0.4,2.659,1.3,1126259642.413,40.87787164229536,-7.8601850574721635,-36366.029013973726
36.7840393475256,32.00128673642523,-0.5517222714308636,0.02910970437507865,400.0,-1.2108,1.375,0.4,2.659,1.3,1126259642.413,40.879134033483325,-7.8601850574721635,-36366.785886412996
34.60863338417912,33.660947422397605,-0.06087584496519624,-0.542059286715253,400.0,-1.2108,1.375,0.4,2.659,1.3,1126259642.413,40.880315421677565,-7.8601850574721635,-36293.51220688211
34.02974472469572,33.822682819191996,-0.32033267107438407,-0.35936944575924196,400.0,-1.2108,1.375,0.4,2.659,1.3,1126259642.413,40.88098572100041,-7.8601850574721635,-36380.781658301414
35.14036120529327,33.096963497302845,-0.43872084872235284,-0.1967906990596999,400.0,-1.2108,1.375,0.4,2.659,1.3,1126259642.413,40.88173248494512,-7.8601850574721635,-36289.84297526099
37.36966911729292,31.546359118811186,-0.7482697388317828,0.26613713965522784,400.0,-1.2108,1.375,0.4,2.659,1.3,1126259642.413,40.88769039674512,-7.8601850574721635,-36374.117857835154
35.62029009229131,32.180507688551415,-0.40795044868339614,-0.2833781456593317,400.0,-1.2108,1.375,0.4,2.659,1.3,1126259642.413,40.887828918089305,-7.8601850574721635,-36402.36762335591
34.880077552052086,33.0924086891914,0.05642916218120486,-0.7353537310199043,400.0,-1.2108,1.375,0.4,2.659,1.3,1126259642.413,40.892056099605156,-7.8601850574721635,-36350.75878735975
36.78055144533185,31.327626571251475,-0.3864156751342339,-0.2429751178667961,400.0,-1.2108,1.375,0.4,2.659,1.3,1126259642.413,40.89238036860554,-7.8601850574721635,-36345.31289235857
35.8218072406652,31.83297115306102,-0.05136210831902949,-0.6739419596402816,400.0,-1.2108,1.375,0.4,2.659,1.3,1126259642.413,40.89256420101306,-7.8601850574721635,-36400.095576303895
36.13152460487067,31.380854192193308,-0.30219697570969795,-0.4335996358724249,400.0,-1.2108,1.375,0.4,2.659,1.3,1126259642.413,40.892618944414856,-7.8601850574721635,-36347.470194709844
38.522319638592656,30.509967742645088,-0.266745631377785,-0.2579791720896983,400.0,-1.2108,1.375,0.4,2.659,1.3,1126259642.413,40.89435488488441,-7.8601850574721635,-36325.87645784514
37.18443545730893,31.60911383162779,-0.3351676341452545,-0.2031380611022904,400.0,-1.2108,1.375,0.4,2.659,1.3,1126259642.413,40.89740935593434,-7.8601850574721635,-36346.067001331714
37.219807408485636,31.58384149389724,-0.3230613021910332,-0.24364426299347922,400.0,-1.2108,1.375,0.4,2.659,1.3,1126259642.413,40.897929171896074,-7.8601850574721635,-36347.620799365555
38.42856742261279,30.44061874441119,-0.5411378756672596,0.06862669842071856,400.0,-1.2108,1.375,0.4,2.659,1.3,1126259642.413,40.89820820892419,-7.8601850574721635,-36274.90024878461
37.14485516587783,30.59864332187178,-0.304236643256777,-0.3830377286757431,400.0,-1.2108,1.375,0.4,2.659,1.3,1126259642.413,40.89886894062861,-7.8601850574721635,-36359.41849225878
36.86269998613176,32.312775982131114,-0.4020694659834285,-0.10329234223902456,400.0,-1.2108,1.375,0.4,2.659,1.3,1126259642.413,40.899276878794204,-7.8601850574721635,-36453.22278353427
34.666010377482934,33.716783486742834,-0.013418847483867818,-0.611152599781709,400.0,-1.2108,1.375,0.4,2.659,1.3,1126259642.413,40.89930953009633,-7.8601850574721635,-36304.81921485029
34.66424104202692,33.30398164839903,-0.42572249272066587,-0.2310974140586308,400.0,-1.2108,1.375,0.4,2.659,1.3,1126259642.413,40.899867922508996,-7.8601850574721635,-36350.161306102105
37.608219839529426,31.17800306528073,-0.07886484415952454,-0.5127027037015,400.0,-1.2108,1.375,0.4,2.659,1.3,1126259642.413,40.90123465311692,-7.8601850574721635,-36310.594623813966
36.77662001466886,30.407480164216118,-0.10300326515819205,-0.7043490857912704,400.0,-1.2108,1.375,0.4,2.659,1.3,1126259642.413,40.90314913704934,-7.8601850574721635,-36254.49906479081
37.85715950483814,30.529487138556227,-0.4329465696778021,-0.1385291797315761,400.0,-1.2108,1.375,0.4,2.659,1.3,1126259642.413,40.904941731720484,-7.8601850574721635,-36291.459443589185
37.22173225799704,31.71891500236128,-0.40633080796606347,-0.13341541210979363,400.0,-1.2108,1.375,0.4,2.659,1.3,1126259642.413,40.90631081244427,-7.8601850574721635,-36395.745442903266
36.36314142729394,31.60028483289394,0.02455756138944959,-0.7512449986287295,400.0,-1.2108,1.375,0.4,2.659,1.3,1126259642.413,40.90780720737452,-7.8601850574721635,-36375.94604652239
35.824322583118494,32.53791712276471,-0.17591682005797116,-0.43335914096326855,400.0,-1.2108,1.375,0.4,2.659,1.3,1126259642.413,40.908334238541464,-7.8601850574721635,-36282.946789019596
35.909246205421375,32.95510853586116,-0.12351588613932202,-0.4442663683838693,400.0,-1.2108,1.375,0.4,2.659,1.3,1126259642.413,40.908356859068064,-7.8601850574721635,-36428.559310730445
36.63334734639608,32.343926269947595,-0.5812219413137705,0.051970652078580426,400.0,-1.2108,1.375,0.4,2.659,1.3,1126259642.413,40.90848963671769,-7.8601850574721635,-36429.198292572015
36.307394915257696,32.826166973459735,-0.7460159648588058,0.2484688464737878,400.0,-1.2108,1.375,0.4,2.659,1.3,1126259642.413,40.91020708993628,-7.8601850574721635,-36461.76941039838
35.310409966851836,32.00486282454988,-0.3042790361400543,-0.4587708281194093,400.0,-1.2108,1.375,0.4,2.659,1.3,1126259642.413,40.912090578428035,-7.8601850574721635,-36314.38364863111
35.66984497734571,32.854437061413876,-0.41398545712074397,-0.19048058677552843,400.0,-1.2108,1.375,0.4,2.659,1.3,1126259642.413,40.9123962895944,-7.8601850574721635,-36324.059019449836
35.8490773705442,33.05346717691858,-0.7467959793831358,0.20772315756605997,400.0,-1.2108,1.375,0.4,2.659,1.3,1126259642.413,40.91317010356373,-7.8601850574721635,-36437.53295009297
37.49053832944327,30.71292180523866,-0.011579645795619868,-0.6585821753880134,400.0,-1.2108,1.375,0.4,2.659,1.3,1126259642.413,40.913345698948966,-7.8601850574721635,-36337.96018111415
38.08270082301494,30.2317569934886,-0.21964729587256535,-0.4159543689651627,400.0,-1.2108,1.375,0.4,2.659,1.3,1126259642.413,40.914036852584765,-7.8601850574721635,-36325.30121039258
36.116748147540115,31.347998807716202,-0.30592911329159356,-0.431040703639139,400.0,-1.2108,1.375,0.4,2.659,1.3,1126259642.413,40.914628313094695,-7.8601850574721635,-36328.8683828859
35.14349275426452,32.72853440003332,-0.17124676017204715,-0.5062470485938487,400.0,-1.2108,1.375,0.4,2.659,1.3,1126259642.413,40.915237638432274,-7.8601850574721635,-36382.1399100194
35.855704609237655,32.815431189441604,-0.4331824076733743,-0.1511359539132391,400.0,-1.2108,1.375,0.4,2.659,1.3,1126259642.413,40.91687090400943,-7.8601850574721635,-36370.90399582401
38.560985804512526,30.097836603261992,-0.0435663850118182,-0.5902572454335391,400.0,-1.2108,1.375,0.4,2.659,1.3,1126259642.413,40.91811315075721,-7.8601850574721635,-36244.92357771317
35.78454047739773,32.51652284063321,-0.40731778869161644,-0.20120340184810126,400.0,-1.2108,1.375,0.4,2.659,1.3,1126259642.413,40.91941337995382,-7.8601850574721635,-36285.320803451126
36.49246178790298,32.30907522480199,-0.5057326339022563,-0.026679041917804958,400.0,-1.2108,1.375,0.4,2.659,1.3,1126259642.413,40.91977519015593,-7.8601850574721635,-36386.12016708298
35.35893231488248,32.84692354633998,-0.018336405496371146,-0.6246293763121525,400.0,-1.2108,1.375,0.4,2.659,1.3,1126259642.413,40.920734609328534,-7.8601850574721635,-36291.517150292595
37.73958627651426,31.241431270199175,-0.5926705766245738,0.10825391906282478,400.0,-1.2108,1.375,0.4,2.659,1.3,1126259642.413,40.92386335808743,-7.8601850574721635,-36376.18184098019
36.197235529364406,31.38118830078649,-0.27459987961951,-0.445223559739607,400.0,-1.2108,1.375,0.4,2.659,1.3,1126259642.413,40.92423161359672,-7.8601850574721635,-36363.70026437303
36.86931308403535,31.619489552220156,-0.25567956396186525,-0.36178323282837244,400.0,-1.2108,1.375,0.4,2.659,1.3,1126259642.413,40.92436005983349,-7.8601850574721635,-36272.88272273805
35.119556619918725,33.440206753776486,-0.2730264510583048,-0.2988524754523736,400.0,-1.2108,1.375,0.4,2.659,1.3,1126259642.413,40.925966572859735,-7.8601850574721635,-36349.2694297388
35.41793031405524,33.180757071989625,-0.7967930296131144,0.22514209880825703,400.0,-1.2108,1.375,0.4,2.659,1.3,1126259642.413,40.926036784826145,-7.8601850574721635,-36354.939422776864
36.44952037764689,32.61198571567747,-0.25958823613810655,-0.2734756500309237,400.0,-1.2108,1.375,0.4,2.659,1.3,1126259642.413,40.92605962179967,-7.8601850574721635,-36450.385214645205
34.716915719569435,33.05592183392714,-0.2689961898729985,-0.43269675043090383,400.0,-1.2108,1.375,0.4,2.659,1.3,1126259642.413,40.92613979828234,-7.8601850574721635,-36403.30074580371
34.042500749255126,33.60583814705337,-0.0013332212013975886,-0.7091592587120296,400.0,-1.2108,1.375,0.4,2.659,1.3,1126259642.413,40.92699723611641,-7.8601850574721635,-36415.15540862875
35.43285673214292,32.670977991015235,-0.2623953458888029,-0.3862425193894985,400.0,-1.2108,1.375,0.4,2.659,1.3,1126259642.413,40.92811725315579,-7.8601850574721635,-36316.4738719308
36.854950440767105,31.434390200648366,-0.4092403422621732,-0.20629770444736026,400.0,-1.2108,1.375,0.4,2.659,1.3,1126259642.413,40.92878063106368,-7.8601850574721635,-36292.03736919673
37.432759609704654,31.70186903386261,-0.39759774753139177,-0.10227473771037852,400.0,-1.2108,1.375,0.4,2.659,1.3,1126259642.413,40.92902550465709,-7.8601850574721635,-36429.08795043733
38.5811409488592,30.18111555514161,-0.2417726833493864,-0.3104136446372125,400.0,-1.2108,1.375,0.4,2.659,1.3,1126259642.413,40.93065853363605,-7.8601850574721635,-36241.46288040528
36.59954805560306,32.279454661996645,-0.3617348748886232,-0.16988492884770864,400.0,-1.2108,1.375,0.4,2.659,1.3,1126259642.413,40.93068805459734,-7.8601850574721635,-36409.30419315527
35.25696688933749,33.74664704431908,-0.32773212223329085,-0.2004473562305265,400.0,-1.2108,1.375,0.4,2.659,1.3,1126259642.413,40.93099570969443,-7.8601850574721635,-36463.99944562763
37.23567588941022,31.841928450633294,-0.4230441256610441,-0.0891907168568784,400.0,-1.2108,1.375,0.4,2.659,1.3,1126259642.413,40.93156768714234,-7.8601850574721635,-36427.842505814595
34.25274957378373,34.23527892038841,-0.16379890976157724,-0.403346171706307,400.0,-1.2108,1.375,0.4,2.659,1.3,1126259642.413,40.932840175725126,-7.8601850574721635,-36335.263285937595
35.29723202928836,32.817799220180106,0.10293497739538704,-0.7662569081077886,400.0,-1.2108,1.375,0.4,2.659,1.3,1126259642.413,40.93310188998268,-7.8601850574721635,-36312.51176327402
34.37784043879317,33.299472645419534,-0.22583661648503253,-0.489063775185656,400.0,-1.2108,1.375,0.4,2.659,1.3,1126259642.413,40.933120767598666,-7.8601850574721635,-36413.18388796057
38.09604442173743,30.16783490039285,-0.22826885383421486,-0.415545895566213,400.0,-1.2108,1.375,0.4,2.659,1.3,1126259642.413,40.93314333869896,-7.8601850574721635,-36342.35873508384
36.986453934353335,31.253534945612397,-0.38278482623743404,-0.24279718334951622,400.0,-1.2108,1.375,0.4,2.659,1.3,1126259642.413,40.935279236506005,-7.8601850574721635,-36307.788931844225
36.11923193170953,32.380791343039654,0.07628842462962127,-0.7063596274624964,400.0,-1.2108,1.375,0.4,2.659,1.3,1126259642.413,40.93530483234114,-7.8601850574721635,-36302.22836252903
35.603177176905206,33.39189996523389,-0.2881608861332515,-0.2510581173296083,400.0,-1.2108,1.375,0.4,2.659,1.3,1126259642.413,40.93578997503086,-7.8601850574721635,-36458.52799265222
36.11935979034378,31.532202862033042,-0.33475542491770605,-0.37022399474282736,400.0,-1.2108,1.375,0.4,2.659,1.3,1126259642.413,40.93646101674605,-7.8601850574721635,-36389.43611973801
38.86605693735733,30.085522396420842,-0.25157915285177174,-0.28423328688824306,400.0,-1.2108,1.375,0.4,2.659,1.3,1126259642.413,40.93678369705076,-7.8601850574721635,-36263.60140374021
36.65436764452512,32.40394145303754,-0.7027518753606914,0.21502830302189635,400.0,-1.2108,1.375,0.4,2.659,1.3,1126259642.413,40.93757105640695,-7.8601850574721635,-36444.38641443122
36.103393767251085,32.54397866095631,-0.10307787256459935,-0.4964496186472242,400.0,-1.2108,1.375,0.4,2.659,1.3,1126259642.413,40.938741397284524,-7.8601850574721635,-36348.22649690403
34.60824333509117,32.74404628303757,-0.04287717098294644,-0.7341719639251036,400.0,-1.2108,1.375,0.4,2.659,1.3,1126259642.413,40.93949275446144,-7.8601850574721635,-36350.4071073522
35.2745894972549,33.51765097633949,-0.321590687438392,-0.23685920468739605,400.0,-1.2108,1.375,0.4,2.659,1.3,1126259642.413,40.94141649663307,-7.8601850574721635,-36426.00686572307
37.71628547070526,31.320043654213208,-0.4828546395054041,-0.0021853872528341256,400.0,-1.2108,1.375,0.4,2.659,1.3,1126259642.413,40.94255770731202,-7.8601850574721635,-36392.62538250582
37.78205907009967,31.072136067227273,-0.19461017998272523,-0.3612929788681111,400.0,-1.2108,1.375,0.4,2.659,1.3,1126259642.413,40.943608630985565,-7.8601850574721635,-36324.97386460802
34.670975211421165,33.24873608531604,-0.48618740870868227,-0.18250980515097692,400.0,-1.2108,1.375,0.4,2.659,1.3,1126259642.413,40.94692992430078,-7.8601850574721635,-36365.956482434936
35.51779277040289,33.504143548720606,-0.4298607373190966,-0.09280601764317056,400.0,-1.2108,1.375,0.4,2.659,1.3,1126259642.413,40.94788476779314,-7.8601850574721635,-36463.57258723714
38.73419305480326,30.160088778801644,-0.36075177442768513,-0.14287063694240132,400.0,-1.2108,1.375,0.4,2.659,1.3,1126259642.413,40.94892895659156,-7.8601850574721635,-36257.46110999082
36.6001821965157,32.50896414993226,-0.5249082930581185,0.019777116035404108,400.0,-1.2108,1.375,0.4,2.659,1.3,1126259642.413,40.94964738170354,-7.8601850574721635,-36451.66725034642
34.00937194805446,33.31174908780534,-0.10790442885338589,-0.6382087610752083,400.0,-1.2108,1.375,0.4,2.659,1.3,1126259642.413,40.95023672887485,-7.8601850574721635,-36348.32132481353
38.5151475321761,30.084318333239008,0.027661398017335637,-0.6958009546030377,400.0,-1.2108,1.375,0.4,2.659,1.3,1126259642.413,40.95117493570979,-7.8601850574721635,-36252.29815021599
35.489507434709296,32.56890360852378,-0.2046345428227615,-0.4751990579629013,400.0,-1.2108,1.375,0.4,2.659,1.3,1126259642.413,40.9512301064721,-7.8601850574721635,-36332.06310047323
36.267200243696315,32.29229681044906,-0.4998988646908644,-0.0871593779260969,400.0,-1.2108,1.375,0.4,2.659,1.3,1126259642.413,40.952955256582335,-7.8601850574721635,-36312.90409663829
35.908394623041474,32.72276289247887,-0.21949984777129258,-0.38076573193855767,400.0,-1.2108,1.375,0.4,2.659,1.3,1126259642.413,40.95308009569675,-7.8601850574721635,-36350.374104892566
35.683317423865084,32.92262293520965,-0.6720547776923143,0.11044763159950816,400.0,-1.2108,1.375,0.4,2.659,1.3,1126259642.413,40.95314361912715,-7.8601850574721635,-36349.873174482505
35.37737670620161,32.64877060342507,0.0018699947142311601,-0.7008209691966187,400.0,-1.2108,1.375,0.4,2.659,1.3,1126259642.413,40.95384317316396,-7.8601850574721635,-36339.82169816853
37.03133506504522,31.25878488771951,-0.4030050912559693,-0.19462891263348941,400.0,-1.2108,1.375,0.4,2.659,1.3,1126259642.413,40.95395185572315,-7.8601850574721635,-36294.82077246591
35.10695714225521,32.896572644200305,0.06209343325353761,-0.7368451947086797,400.0,-1.2108,1.375,0.4,2.659,1.3,1126259642.413,40.95487798719863,-7.8601850574721635,-36343.58703786922
37.08090931050657,31.13391056755979,-0.2286130201525105,-0.3970003669296528,400.0,-1.2108,1.375,0.4,2.659,1.3,1126259642.413,40.95526498997687,-7.8601850574721635,-36318.771164868616
35.81385972527257,31.859873238130405,-0.19191806147529897,-0.5359251701500821,400.0,-1.2108,1.375,0.4,2.659,1.3,1126259642.413,40.955362013321874,-7.8601850574721635,-36400.58641384128
36.67523184765927,31.47597819924171,-0.10531416000206029,-0.5757928402991995,400.0,-1.2108,1.375,0.4,2.659,1.3,1126259642.413,40.955911744379435,-7.8601850574721635,-36327.99947806231
36.264055441488374,31.77002708125801,-0.19567424286312848,-0.4726639482752859,400.0,-1.2108,1.375,0.4,2.659,1.3,1126259642.413,40.95702740015034,-7.8601850574721635,-36355.36952074409
36.52803332460127,32.15576632105394,-0.042785235886318135,-0.561693877536623,400.0,-1.2108,1.375,0.4,2.659,1.3,1126259642.413,40.95717330800276,-7.8601850574721635,-36341.120727233516
38.11295272298203,30.770130564831206,-0.6117863634683101,0.14685399372075397,400.0,-1.2108,1.375,0.4,2.659,1.3,1126259642.413,40.96092136545367,-7.8601850574721635,-36308.963105491144
35.84179494492719,31.791212214280954,-0.1856120181213567,-0.5469490876442058,400.0,-1.2108,1.375,0.4,2.659,1.3,1126259642.413,40.96173273795972,-7.8601850574721635,-36395.52890730844
38.498834516719334,30.485161941309034,-0.2521154753916341,-0.2811619681474353,400.0,-1.2108,1.375,0.4,2.659,1.3,1126259642.413,40.96198481424941,-7.8601850574721635,-36311.01281139894
37.835585860212866,30.974081835939042,-0.4927023725832116,-0.026862987045769948,400.0,-1.2108,1.375,0.4,2.659,1.3,1126259642.413,40.9621408038812,-7.8601850574721635,-36301.82350728373
34.95784963919182,33.00659628409029,-0.4726296571444102,-0.19107431356079382,400.0,-1.2108,1.375,0.4,2.659,1.3,1126259642.413,40.96668919625837,-7.8601850574721635,-36354.406483448656
35.37550199806854,32.556096381055184,-0.4851439512315313,-0.17830231909481067,400.0,-1.2108,1.375,0.4,2.659,1.3,1126259642.413,40.966917369430305,-7.8601850574721635,-36370.51002871727
35.871061109571826,31.3057154011351,-0.20105845308102527,-0.5861224391684288,400.0,-1.2108,1.375,0.4,2.659,1.3,1126259642.413,40.96734969456945,-7.8601850574721635,-36258.200028622916
37.30964319172985,31.756520182009247,-0.5184796488979765,0.02608808743920188,400.0,-1.2108,1.375,0.4,2.659,1.3,1126259642.413,40.96782289408558,-7.8601850574721635,-36423.134809572126
34.116696247589985,33.49832903336655,-0.07304114577374704,-0.6477745711066191,400.0,-1.2108,1.375,0.4,2.659,1.3,1126259642.413,40.968884981536576,-7.8601850574721635,-36415.14678635091
36.07528181565204,32.78893407327232,-0.7148285594684536,0.174357401104287,400.0,-1.2108,1.375,0.4,2.659,1.3,1126259642.413,40.96905585275498,-7.8601850574721635,-36423.88689175338
36.545413597525176,31.155878397017553,-0.14711841624970176,-0.5800412599987175,400.0,-1.2108,1.375,0.4,2.659,1.3,1126259642.413,40.96992286580546,-7.8601850574721635,-36382.54649491391
37.60678831786831,31.49186346974242,-0.3446953627526352,-0.16463425832012013,400.0,-1.2108,1.375,0.4,2.659,1.3,1126259642.413,40.970495011372165,-7.8601850574721635,-36415.58916473923
38.38199690507218,30.554946663606017,-0.29869307345573765,-0.22852035888631603,400.0,-1.2108,1.375,0.4,2.659,1.3,1126259642.413,40.9715333279041,-7.8601850574721635,-36304.8122578155
34.36343505133613,33.6729899823039,-0.18333570344049593,-0.45962651220153616,400.0,-1.2108,1.375,0.4,2.659,1.3,1126259642.413,40.97182355045567,-7.8601850574721635,-36326.91109542989
36.79201895834686,31.854659621658108,-0.5624328474997977,0.019186611872330117,400.0,-1.2108,1.375,0.4,2.659,1.3,1126259642.413,40.972268828076224,-7.8601850574721635,-36315.42275212597
35.949479098243266,32.68599869562019,-0.06975491329135239,-0.5293608386494083,400.0,-1.2108,1.375,0.4,2.659,1.3,1126259642.413,40.97254977048505,-7.8601850574721635,-36350.25638809998
37.98016482456835,30.26747157698497,-0.10578112867810127,-0.5439530996981676,400.0,-1.2108,1.375,0.4,2.659,1.3,1126259642.413,40.97306632990138,-7.8601850574721635,-36342.77819561614
34.27247576325509,34.170305454396996,-0.3651344700588185,-0.23641217446431334,400.0,-1.2108,1.375,0.4,2.659,1.3,1126259642.413,40.97308174954343,-7.8601850574721635,-36321.529956322855
34.49354867283333,33.29300912864834,-0.4152962630199568,-0.27603647969357625,400.0,-1.2108,1.375,0.4,2.659,1.3,1126259642.413,40.97404668617362,-7.8601850574721635,-36399.39921733658
35.678564733409196,32.64966412648852,-0.3694754200950937,-0.24070981343821757,400.0,-1.2108,1.375,0.4,2.659,1.3,1126259642.413,40.97432000987389,-7.8601850574721635,-36287.995450876646
35.282029104579856,32.371643062544806,0.02877352825199947,-0.754612619870159,400.0,-1.2108,1.375,0.4,2.659,1.3,1126259642.413,40.974896676605525,-7.8601850574721635,-36408.42041590778
38.285698135440995,30.20522039710194,-0.32506842516655166,-0.2348319606372354,400.0,-1.2108,1.375,0.4,2.659,1.3,1126259642.413,40.97543409189234,-7.8601850574721635,-36275.77753378874
37.928635028354165,30.987143046809333,-0.6149223893443503,0.14135715033517798,400.0,-1.2108,1.375,0.4,2.659,1.3,1126259642.413,40.976355432819474,-7.8601850574721635,-36335.14788042329
34.64518245713311,33.687126925640555,-0.4430319925045311,-0.17738232977317506,400.0,-1.2108,1.375,0.4,2.659,1.3,1126259642.413,40.979374505293904,-7.8601850574721635,-36295.01922592374
36.961109447197,31.126514813809337,-0.40092704060384293,-0.22742784443121497,400.0,-1.2108,1.375,0.4,2.659,1.3,1126259642.413,40.97951071079308,-7.8601850574721635,-36357.832561404924
38.40292498302244,30.222496955647856,-0.2879919139231786,-0.2630672982679776,400.0,-1.2108,1.375,0.4,2.659,1.3,1126259642.413,40.97981617680009,-7.8601850574721635,-36248.53338973831
37.47772521686132,31.446913621432163,-0.7348926723493898,0.26948945719972,400.0,-1.2108,1.375,0.4,2.659,1.3,1126259642.413,40.98082130036321,-7.8601850574721635,-36369.72793843477
38.041361877604714,30.136724568013992,-0.04143129734598136,-0.6386595010545775,400.0,-1.2108,1.375,0.4,2.659,1.3,1126259642.413,40.981198858501784,-7.8601850574721635,-36359.78963372065
35.54750080470768,32.481025934283835,-0.0577868862455469,-0.6138926090223742,400.0,-1.2108,1.375,0.4,2.659,1.3,1126259642.413,40.981505045004724,-7.8601850574721635,-36342.11742076387
36.38267463675683,31.97157090505787,-0.15520109947923338,-0.49086278254882854,400.0,-1.2108,1.375,0.4,2.659,1.3,1126259642.413,40.982199584164476,-7.8601850574721635,-36279.40098098655
34.1616619810673,33.36370804390753,-0.35770805678385387,-0.3577531900278313,400.0,-1.2108,1.375,0.4,2.659,1.3,1126259642.413,40.98249950858265,-7.8601850574721635,-36407.114353710895
38.13670398035206,30.673964312115583,-0.5409832486160482,0.05944111868136115,400.0,-1.2108,1.375,0.4,2.659,1.3,1126259642.413,40.984789784136126,-7.8601850574721635,-36279.288176576214
37.20141133857662,31.56675356027774,-0.2704165519199212,-0.3081361802025477,400.0,-1.2108,1.375,0.4,2.659,1.3,1126259642.413,40.98496796251818,-7.8601850574721635,-36336.129224602744
37.731216539067155,30.521353994943087,-0.051489161209689494,-0.6081723945069435,400.0,-1.2108,1.375,0.4,2.659,1.3,1126259642.413,40.985124646277136,-7.8601850574721635,-36331.076261294416
35.54495981723885,32.31033064349918,-0.013649680795413677,-0.6912025210018589,400.0,-1.2108,1.375,0.4,2.659,1.3,1126259642.413,40.98593078929766,-7.8601850574721635,-36391.315339643144
36.61101847682332,31.41869637016252,-0.21258058182639145,-0.45407769321078556,400.0,-1.2108,1.375,0.4,2.659,1.3,1126259642.413,40.98617073289843,-7.8601850574721635,-36365.8705382475
36.70070139717406,31.79101448728911,-0.4587610581878768,-0.13189137976891982,400.0,-1.2108,1.375,0.4,2.659,1.3,1126259642.413,40.98735609787454,-7.8601850574721635,-36279.611426849435
36.68071256414494,31.972858125283896,-0.052304384045901736,-0.5573554822877322,400.0,-1.2108,1.375,0.4,2.659,1.3,1126259642.413,40.98737109029183,-7.8601850574721635,-36323.61036756098
36.7071148370498,31.487315893059172,-0.24755213405854976,-0.40882032206916497,400.0,-1.2108,1.375,0.4,2.659,1.3,1126259642.413,40.98824460420748,-7.8601850574721635,-36314.11957138127
34.48184613846527,34.348013573455695,-0.35125517099601117,-0.19236109502804494,400.0,-1.2108,1.375,0.4,2.659,1.3,1126259642.413,40.98896719130456,-7.8601850574721635,-36440.56512135881
36.83840105071894,31.604106251375413,-0.49335297298572356,-0.0868575002362511,400.0,-1.2108,1.375,0.4,2.659,1.3,1126259642.413,40.9891602186521,-7.8601850574721635,-36274.37892297126
35.32790654048888,32.98228019062892,-0.3792037767449739,-0.23161805847690742,400.0,-1.2108,1.375,0.4,2.659,1.3,1126259642.413,40.98964008432401,-7.8601850574721635,-36290.62339519915
35.12155376008836,33.690207504800554,-0.17898317834064453,-0.37116294480003104,400.0,-1.2108,1.375,0.4,2.659,1.3,1126259642.413,40.99141102299352,-7.8601850574721635,-36432.30021703546
36.465302538571585,30.930307519417205,-0.05804630996150526,-0.7230219595654842,400.0,-1.2108,1.375,0.4,2.659,1.3,1126259642.413,40.992199284408606,-7.8601850574721635,-36281.59861844012
36.36782477988041,32.7199821533265,-0.485477410276428,-0.024565589041290414,400.0,-1.2108,1.375,0.4,2.659,1.3,1126259642.413,40.99237627639954,-7.8601850574721635,-36454.680418874115
36.13153793483927,32.74320388292747,-0.6215501706197746,0.09529112993281263,400.0,-1.2108,1.375,0.4,2.659,1.3,1126259642.413,40.99373214187001,-7.8601850574721635,-36424.638850301744
38.22818771831464,30.390388017086163,-0.11584833489112607,-0.49799036456404194,400.0,-1.2108,1.375,0.4,2.659,1.3,1126259642.413,40.99442546443339,-7.8601850574721635,-36250.29175263964
35.48494075997655,32.803669931701265,-0.2157377015555441,-0.42866351233019023,400.0,-1.2108,1.375,0.4,2.659,1.3,1126259642.413,40.99561387505466,-7.8601850574721635,-36288.1338748739
38.36413054043192,30.06154458069575,-0.1494436376852516,-0.4755022491050217,400.0,-1.2108,1.375,0.4,2.659,1.3,1126259642.413,40.99653822717326,-7.8601850574721635,-36299.83396583633
37.65965623187244,30.36702623005767,-0.250314674647854,-0.41750450760502306,400.0,-1.2108,1.375,0.4,2.659,1.3,1126259642.413,40.997705594491805,-7.8601850574721635,-36378.26608246327
37.630565421729536,30.441312746462,-0.3121811680086134,-0.32711984663600113,400.0,-1.2108,1.375,0.4,2.659,1.3,1126259642.413,41.00076483535807,-7.8601850574721635,-36373.18116131616
34.75391496070752,33.63959967702042,-0.417905041459663,-0.1962985856491831,400.0,-1.2108,1.375,0.4,2.659,1.3,1126259642.413,41.001387248293675,-7.8601850574721635,-36306.70754400134
36.70296651167367,32.383052323738035,-0.4312757571954744,-0.07838385549167914,400.0,-1.2108,1.375,0.4,2.659,1.3,1126259642.413,41.001425433543886,-7.8601850574721635,-36447.09382418374
34.99491954514038,32.77658422292535,-0.194147897330386,-0.4994198662069705,400.0,-1.2108,1.375,0.4,2.659,1.3,1126259642.413,41.0015738542392,-7.8601850574721635,-36404.81169101774
34.792835233891985,34.00930672585829,-0.698180402695199,0.13730503342357758,400.0,-1.2108,1.375,0.4,2.659,1.3,1126259642.413,41.00304134675241,-7.8601850574721635,-36433.85734958813
35.922447278326885,32.239529172285785,-0.42933516173277064,-0.21130221279591807,400.0,-1.2108,1.375,0.4,2.659,1.3,1126259642.413,41.00311275579775,-7.8601850574721635,-36307.69350254483
35.011712031241586,32.874392547583994,-0.440377784607333,-0.2352733193947576,400.0,-1.2108,1.375,0.4,2.659,1.3,1126259642.413,41.00337469566673,-7.8601850574721635,-36376.37136457256
38.3956326371103,30.35490123559591,-0.6763313838178566,0.23365934448146758,400.0,-1.2108,1.375,0.4,2.659,1.3,1126259642.413,41.00339546275071,-7.8601850574721635,-36249.19504008525
34.12645703744562,33.63651354377691,-0.4492454802308063,-0.23688032809044782,400.0,-1.2108,1.375,0.4,2.659,1.3,1126259642.413,41.003941902833176,-7.8601850574721635,-36403.715528869
37.48452463088454,31.476611508034598,-0.34385475679940347,-0.18715045987846785,400.0,-1.2108,1.375,0.4,2.659,1.3,1126259642.413,41.00472357194427,-7.8601850574721635,-36386.6461993529
35.34967938177689,32.706697025085276,-0.3433919629320785,-0.32028989791501494,400.0,-1.2108,1.375,0.4,2.659,1.3,1126259642.413,41.004804443363625,-7.8601850574721635,-36330.569690862314
35.66443370673748,31.536557414286666,-0.04023895779647185,-0.7660986265823948,400.0,-1.2108,1.375,0.4,2.659,1.3,1126259642.413,41.00527159374716,-7.8601850574721635,-36265.04276153918
38.300926450453545,30.635431520641113,-0.2873777006157476,-0.242721080379487,400.0,-1.2108,1.375,0.4,2.659,1.3,1126259642.413,41.00547559863544,-7.8601850574721635,-36311.71740562652
35.49109430635168,32.982868394557116,-0.05127342962333273,-0.5500933892090024,400.0,-1.2108,1.375,0.4,2.659,1.3,1126259642.413,41.008038402323045,-7.8601850574721635,-36314.218477622075
37.713472748399276,30.532366415620576,-0.357688161945907,-0.24198483629623596,400.0,-1.2108,1.375,0.4,2.659,1.3,1126259642.413,41.0101818279883,-7.8601850574721635,-36332.55067716419
34.674300671686154,33.22810825959059,-0.3260550303381369,-0.35606687028777095,400.0,-1.2108,1.375,0.4,2.659,1.3,1126259642.413,41.01078024828006,-7.8601850574721635,-36371.56866645567
35.75132243735541,31.76710725230172,-0.006279995653840437,-0.7499628386221479,400.0,-1.2108,1.375,0.4,2.659,1.3,1126259642.413,41.01227697931087,-7.8601850574721635,-36365.73244220476
37.03473299569526,30.46623474182244,-0.016331356404940073,-0.7529011443611757,400.0,-1.2108,1.375,0.4,2.659,1.3,1126259642.413,41.01492554272622,-7.8601850574721635,-36278.47454410771
34.27791131179822,33.827365708338,-0.1335981037613518,-0.5153520462447116,400.0,-1.2108,1.375,0.4,2.659,1.3,1126259642.413,41.0153043178781,-7.8601850574721635,-36310.5170508807
34.84193017409353,33.885835913103975,-0.377758451782545,-0.1917564897674698,400.0,-1.2108,1.375,0.4,2.659,1.3,1126259642.413,41.015552476253234,-7.8601850574721635,-36409.19548846988
34.690521077437715,32.89221102372451,-0.17433456681145917,-0.5436362878508151,400.0,-1.2108,1.375,0.4,2.659,1.3,1126259642.413,41.01583117058371,-7.8601850574721635,-36411.24720476287
37.7079120568574,30.8830944645521,-0.5798847743694229,0.06196238689215042,400.0,-1.2108,1.375,0.4,2.659,1.3,1126259642.413,41.01660315203811,-7.8601850574721635,-36257.107268843545
34.64290936327873,33.21683593447374,-0.3256682043035326,-0.34515232100930343,400.0,-1.2108,1.375,0.4,2.659,1.3,1126259642.413,41.01732625897591,-7.8601850574721635,-36381.15155083011
35.84413398137302,33.17393555786687,-0.44020675553051686,-0.08165171713390024,400.0,-1.2108,1.375,0.4,2.659,1.3,1126259642.413,41.01805571999337,-7.8601850574721635,-36457.49513572492
38.064252658013224,30.803396389798156,-0.3083168184838846,-0.22680636547746139,400.0,-1.2108,1.375,0.4,2.659,1.3,1126259642.413,41.01806788237874,-7.8601850574721635,-36303.39570905232
35.223851540814124,33.71047669092059,-0.4077611838954049,-0.12091207961248548,400.0,-1.2108,1.375,0.4,2.659,1.3,1126259642.413,41.0219290337339,-7.8601850574721635,-36455.28571808362
36.3893555227033,31.075167221534546,-0.06729441894309646,-0.7004387176172866,400.0,-1.2108,1.375,0.4,2.659,1.3,1126259642.413,41.024232301676996,-7.8601850574721635,-36310.08756739354
34.12194835636651,33.526015403984566,-0.19723634864013523,-0.514557101336931,400.0,-1.2108,1.375,0.4,2.659,1.3,1126259642.413,41.02544840646085,-7.8601850574721635,-36414.86899697788
37.70207292963504,30.37422811017702,-0.30236827418830325,-0.34091658808437,400.0,-1.2108,1.375,0.4,2.659,1.3,1126259642.413,41.02653667537084,-7.8601850574721635,-36373.24927218999
37.55731685815002,30.17858670417329,-0.11053964023942625,-0.6250456919367335,400.0,-1.2108,1.375,0.4,2.659,1.3,1126259642.413,41.028294691738814,-7.8601850574721635,-36321.18709356561
37.39409330304217,30.998137850942847,-0.09378444738663,-0.5619763619136272,400.0,-1.2108,1.375,0.4,2.659,1.3,1126259642.413,41.02846827028188,-7.8601850574721635,-36273.78451173951
36.00764751184829,31.292475796374426,-0.1313139313458479,-0.6475633678278536,400.0,-1.2108,1.375,0.4,2.659,1.3,1126259642.413,41.029707307981056,-7.8601850574721635,-36277.86081758867
37.716983899607996,31.311858259685543,-0.3794772726772283,-0.125632573835128,400.0,-1.2108,1.375,0.4,2.659,1.3,1126259642.413,41.030093860800605,-7.8601850574721635,-36390.83224580197
36.82477542334521,32.06876947430447,-0.1610260778988005,-0.4071642737150247,400.0,-1.2108,1.375,0.4,2.659,1.3,1126259642.413,41.030404301308934,-7.8601850574721635,-36403.02917433347
37.20331848414682,31.246503586446988,-0.32546618104455416,-0.2601535280157803,400.0,-1.2108,1.375,0.4,2.659,1.3,1126259642.413,41.030873813351775,-7.8601850574721635,-36268.091615646
35.006737043777854,32.282783739913164,-0.10537076744396569,-0.6855157974126554,400.0,-1.2108,1.375,0.4,2.659,1.3,1126259642.413,41.03152032253696,-7.8601850574721635,-36316.32720283395
34.06637719254093,33.59555577260369,0.05479055766513963,-0.7471791281577618,400.0,-1.2108,1.375,0.4,2.659,1.3,1126259642.413,41.03168473369685,-7.8601850574721635,-36414.628692555605
38.57102678578287,30.146423661541228,-0.12547581378593123,-0.4809639394923455,400.0,-1.2108,1.375,0.4,2.659,1.3,1126259642.413,41.032400183083084,-7.8601850574721635,-36238.01687588376
34.11446814586526,33.54333738302137,-0.33847267846351686,-0.3533251555650342,400.0,-1.2108,1.375,0.4,2.659,1.3,1126259642.413,41.03304997687937,-7.8601850574721635,-36414.591009512704
38.263879382580356,30.61033862637589,-0.49938206442385435,0.024421885040317393,400.0,-1.2108,1.375,0.4,2.659,1.3,1126259642.413,41.034030515762176,-7.8601850574721635,-36289.695290764095
34.54802539310649,32.96811544061361,-0.27203969934745237,-0.45321249270721276,400.0,-1.2108,1.375,0.4,2.659,1.3,1126259642.413,41.03436332339388,-7.8601850574721635,-36401.083319372505
36.94098958725383,31.057809838792775,-0.375444738740066,-0.266222982724507,400.0,-1.2108,1.375,0.4,2.659,1.3,1126259642.413,41.03439269829041,-7.8601850574721635,-36377.88077926895
37.328612148910295,31.610308453914048,-0.3152734209876738,-0.21329200778586546,400.0,-1.2108,1.375,0.4,2.659,1.3,1126259642.413,41.03493735984148,-7.8601850574721635,-36389.63347264564
36.378472102740936,32.09568372134383,0.03844957040777064,-0.6722905683023384,400.0,-1.2108,1.375,0.4,2.659,1.3,1126259642.413,41.03530968728772,-7.8601850574721635,-36287.06937088578
38.36267327209367,30.569520400425006,-0.27016567360322613,-0.26148015344409137,400.0,-1.2108,1.375,0.4,2.659,1.3,1126259642.413,41.03547952649321,-7.8601850574721635,-36304.8788427593
37.15202625581728,30.622761064135965,0.001420988802638412,-0.7432926074247943,400.0,-1.2108,1.375,0.4,2.659,1.3,1126259642.413,41.03570800026853,-7.8601850574721635,-36368.39999874836
34.76626593458987,33.51846646974121,-0.4737102996597823,-0.15086283310201756,400.0,-1.2108,1.375,0.4,2.659,1.3,1126259642.413,41.036146497130645,-7.8601850574721635,-36293.767725826656
35.92171544365294,32.631943578854596,-0.5373986006349565,-0.050383301427286586,400.0,-1.2108,1.375,0.4,2.659,1.3,1126259642.413,41.03782330767592,-7.8601850574721635,-36324.882624039485
36.19038667184057,32.09976667639009,-0.34440845562053657,-0.29026808362533396,400.0,-1.2108,1.375,0.4,2.659,1.3,1126259642.413,41.038117723671334,-7.8601850574721635,-36282.9270630439
34.64145496168987,32.6473675976453,0.010255515222152067,-0.7908921967420586,400.0,-1.2108,1.375,0.4,2.659,1.3,1126259642.413,41.04005347337282,-7.8601850574721635,-36327.65826075259
35.48828521266407,32.704379461210834,0.11232205351120689,-0.7994370737602828,400.0,-1.2108,1.375,0.4,2.659,1.3,1126259642.413,41.04010568175688,-7.8601850574721635,-36299.242769768614
37.09845842266448,32.016937156764236,-0.6223939311836153,0.13182462683180018,400.0,-1.2108,1.375,0.4,2.659,1.3,1126259642.413,41.040204241878996,-7.8601850574721635,-36438.46047994432
35.14288710062675,32.416281897076004,-0.07667908007958538,-0.6555732069978744,400.0,-1.2108,1.375,0.4,2.659,1.3,1126259642.413,41.04104182615525,-7.8601850574721635,-36399.68822304881
34.57922420749953,33.76286344701536,-0.49633894345910734,-0.11811036455453211,400.0,-1.2108,1.375,0.4,2.659,1.3,1126259642.413,41.04340161045373,-7.8601850574721635,-36297.09711233663
36.954205406774754,30.77095927886111,-0.1440680689269653,-0.580164438894665,400.0,-1.2108,1.375,0.4,2.659,1.3,1126259642.413,41.044061317119045,-7.8601850574721635,-36366.063715994926
36.38372403486792,30.842049914770925,-0.047301698049251883,-0.7588290143247941,400.0,-1.2108,1.375,0.4,2.659,1.3,1126259642.413,41.04465682810468,-7.8601850574721635,-36250.78706394564
35.18648897866503,33.693351034143205,-0.24042139784110464,-0.30216033548396937,400.0,-1.2108,1.375,0.4,2.659,1.3,1126259642.413,41.04582909600357,-7.8601850574721635,-36444.69187923779
36.64805707128205,31.026293804452315,-0.0653190994601715,-0.6800562776872459,400.0,-1.2108,1.375,0.4,2.659,1.3,1126259642.413,41.0463029225075,-7.8601850574721635,-36369.95544988662
37.86336559060059,31.073058640947856,-0.25714334035959474,-0.2788151204352092,400.0,-1.2108,1.375,0.4,2.659,1.3,1126259642.413,41.046564224713656,-7.8601850574721635,-36346.91561515312
35.9804196446732,31.2538550950887,-0.053025130902898565,-0.7541690121156724,400.0,-1.2108,1.375,0.4,2.659,1.3,1126259642.413,41.047081096721406,-7.8601850574721635,-36260.54894399113
38.00154917167499,30.048173603370643,-0.15603262856933328,-0.5123268387233882,400.0,-1.2108,1.375,0.4,2.659,1.3,1126259642.413,41.04982639222991,-7.8601850574721635,-36369.95810423863
36.64831009061392,31.60990764286042,0.10830644669047135,-0.7861686653345139,400.0,-1.2108,1.375,0.4,2.659,1.3,1126259642.413,41.050053603689435,-7.8601850574721635,-36295.72576471854
34.55507185885181,34.05413175134701,0.19360647092561833,-0.7685701973307091,400.0,-1.2108,1.375,0.4,2.659,1.3,1126259642.413,41.05042278561672,-7.8601850574721635,-36377.58083348116
37.22396646065065,30.571984556247873,-0.08749095744173202,-0.632386401288136,400.0,-1.2108,1.375,0.4,2.659,1.3,1126259642.413,41.050901202979944,-7.8601850574721635,-36369.87799934788
35.7711414371006,32.77674692343155,-0.5357316729259521,-0.034687052269478824,400.0,-1.2108,1.375,0.4,2.659,1.3,1126259642.413,41.05269770658501,-7.8601850574721635,-36328.13547694124
36.6216201939066,32.33081057224143,-0.5881857607294845,0.058648658840756596,400.0,-1.2108,1.375,0.4,2.659,1.3,1126259642.413,41.05444011274181,-7.8601850574721635,-36424.86753615817
36.15897008039292,32.04983330207114,-0.14040878414801095,-0.526322838990602,400.0,-1.2108,1.375,0.4,2.659,1.3,1126259642.413,41.05469718963505,-7.8601850574721635,-36300.38055127831
36.52043329287702,32.11563835023237,-0.34992968354306264,-0.21362228694960234,400.0,-1.2108,1.375,0.4,2.659,1.3,1126259642.413,41.05599710316231,-7.8601850574721635,-36326.09103349226
38.36276553207288,30.373642325411673,-0.18199407942098253,-0.3927234492829591,400.0,-1.2108,1.375,0.4,2.659,1.3,1126259642.413,41.05622710567376,-7.8601850574721635,-36248.84264515256
34.9787768456784,32.85131801525353,-0.36372233989069547,-0.3241162027176595,400.0,-1.2108,1.375,0.4,2.659,1.3,1126259642.413,41.05701943777358,-7.8601850574721635,-36391.882034804315
36.90227029121408,30.69604505478726,0.023036117706052905,-0.795657229994894,400.0,-1.2108,1.375,0.4,2.659,1.3,1126259642.413,41.05776463364181,-7.8601850574721635,-36327.00619183888
34.90645251150099,33.234818940445535,-0.45996869225103243,-0.17967367988487543,400.0,-1.2108,1.375,0.4,2.659,1.3,1126259642.413,41.058323727832146,-7.8601850574721635,-36305.11982284041
35.23649189029066,33.71230253864106,-0.3681726280531344,-0.16459716749249187,400.0,-1.2108,1.375,0.4,2.659,1.3,1126259642.413,41.059474406288885,-7.8601850574721635,-36457.06656853008
36.44736031401162,31.479486680595283,-0.26273448917311304,-0.4071778370413076,400.0,-1.2108,1.375,0.4,2.659,1.3,1126259642.413,41.06095545050099,-7.8601850574721635,-36386.37461518764
34.70540143155602,32.84813008982167,-0.04710900741418986,-0.7001574154921508,400.0,-1.2108,1.375,0.4,2.659,1.3,1126259642.413,41.06143790602104,-7.8601850574721635,-36406.68580529153
36.729037901920876,32.25871526916516,-0.5942030916722774,0.07219177341097671,400.0,-1.2108,1.375,0.4,2.659,1.3,1126259642.413,41.06172301120659,-7.8601850574721635,-36431.18019045089
35.16614748380481,32.79343353582378,-0.4311638901558272,-0.23263438500562666,400.0,-1.2108,1.375,0.4,2.659,1.3,1126259642.413,41.062770014290265,-7.8601850574721635,-36358.28788862179
36.676952969992215,32.31570390895857,-0.7491741278672399,0.24645644906446545,400.0,-1.2108,1.375,0.4,2.659,1.3,1126259642.413,41.06293160499033,-7.8601850574721635,-36433.685091415784
37.73980521090937,30.064442848961722,-0.11491554615327318,-0.6103608532345285,400.0,-1.2108,1.375,0.4,2.659,1.3,1126259642.413,41.06313350117231,-7.8601850574721635,-36331.66459970796
35.78873460969131,32.95903487511656,-0.1485826591718649,-0.4254099491902413,400.0,-1.2108,1.375,0.4,2.659,1.3,1126259642.413,41.06421922703148,-7.8601850574721635,-36396.347093175
35.16105678317428,32.40201515181739,-0.23186601571737728,-0.4919040230152343,400.0,-1.2108,1.375,0.4,2.659,1.3,1126259642.413,41.064660094009284,-7.8601850574721635,-36399.991102526896
36.532710718686324,32.235778558835214,-0.17865097882187342,-0.39282444375908054,400.0,-1.2108,1.375,0.4,2.659,1.3,1126259642.413,41.06532048813791,-7.8601850574721635,-36374.10784751473
37.367810977422664,30.539009319283323,-0.10943764232583483,-0.602041491964046,400.0,-1.2108,1.375,0.4,2.659,1.3,1126259642.413,41.06672808153618,-7.8601850574721635,-36380.2760752053
38.167206384356426,30.653064407146026,-0.20774538668869164,-0.35555565300134323,400.0,-1.2108,1.375,0.4,2.659,1.3,1126259642.413,41.06746536335136,-7.8601850574721635,-36280.194976285144
34.822196862874016,33.02685170312304,-0.18624578024754354,-0.48836531217077483,400.0,-1.2108,1.375,0.4,2.659,1.3,1126259642.413,41.06794910148406,-7.8601850574721635,-36385.49889904792
36.908243087225735,31.925669218752933,-0.41269295710306797,-0.11573117375924094,400.0,-1.2108,1.375,0.4,2.659,1.3,1126259642.413,41.06812943610494,-7.8601850574721635,-36375.569123804176
37.691570668668525,30.142591086443822,-0.1775943617351282,-0.5255882328595992,400.0,-1.2108,1.375,0.4,2.659,1.3,1126259642.413,41.06862205770352,-7.8601850574721635,-36347.409210896665
34.92839996093979,33.1528776844492,0.09913485289389429,-0.7545091189928994,400.0,-1.2108,1.375,0.4,2.659,1.3,1126259642.413,41.06933385982513,-7.8601850574721635,-36317.74584635572
34.2065092640715,33.331001820317525,-0.3081632276398217,-0.40963776897012844,400.0,-1.2108,1.375,0.4,2.659,1.3,1126259642.413,41.07014350291821,-7.8601850574721635,-36408.96439712633
36.31666636513183,31.19048692993079,-0.06107374440088664,-0.6978326952956915,400.0,-1.2108,1.375,0.4,2.659,1.3,1126259642.413,41.07037803787428,-7.8601850574721635,-36332.7930549131
35.25676186202263,33.08193583793933,-0.4529823759371697,-0.15347446116346694,400.0,-1.2108,1.375,0.4,2.659,1.3,1126259642.413,41.071092579735286,-7.8601850574721635,-36289.49281769326
35.88664956626034,33.012090550009376,-0.285330131660233,-0.26749028850492357,400.0,-1.2108,1.375,0.4,2.659,1.3,1126259642.413,41.0711915505704,-7.8601850574721635,-36436.06234246093
34.69054232229325,33.37190741038721,-0.4525809668883839,-0.18887239377428527,400.0,-1.2108,1.375,0.4,2.659,1.3,1126259642.413,41.07136063678252,-7.8601850574721635,-36321.05370804179
36.23412893605875,31.707848967030813,-0.3438784771085081,-0.3284790101950539,400.0,-1.2108,1.375,0.4,2.659,1.3,1126259642.413,41.07159744241488,-7.8601850574721635,-36379.229318046666
35.12867638613828,33.55701188409365,-0.2968242419302858,-0.28271587984390095,400.0,-1.2108,1.375,0.4,2.659,1.3,1126259642.413,41.07218753766077,-7.8601850574721635,-36393.936620757384
38.34435834822117,30.39702197609726,-0.2247295940148182,-0.3360949163735406,400.0,-1.2108,1.375,0.4,2.659,1.3,1126259642.413,41.074416015027225,-7.8601850574721635,-36250.49467100291
34.42590056573999,33.08562410035456,0.040591768629103075,-0.7884616130536395,400.0,-1.2108,1.375,0.4,2.659,1.3,1126259642.413,41.07460185269332,-7.8601850574721635,-36401.59885327644
36.2712914505676,31.89318201900002,0.04204325174570775,-0.7112938360161473,400.0,-1.2108,1.375,0.4,2.659,1.3,1126259642.413,41.07790702110002,-7.8601850574721635,-36312.81270968811
33.86886183011731,33.51529696025062,-0.1643344438148372,-0.5731997159577221,400.0,-1.2108,1.375,0.4,2.659,1.3,1126259642.413,41.07924593629518,-7.8601850574721635,-36373.94139909775
36.23803153811714,32.05829769859731,0.03179118793439373,-0.710245112295507,400.0,-1.2108,1.375,0.4,2.659,1.3,1126259642.413,41.07931589177571,-7.8601850574721635,-36282.159021410145
34.27945447176042,33.56139924346312,-0.4234343479530007,-0.2450328107852307,400.0,-1.2108,1.375,0.4,2.659,1.3,1126259642.413,41.07988291618068,-7.8601850574721635,-36384.47283690153
35.937731596439484,31.892701183413223,-0.08190950260582558,-0.6236917260561339,400.0,-1.2108,1.375,0.4,2.659,1.3,1126259642.413,41.08052757535275,-7.8601850574721635,-36399.30270096143
36.22159322539111,31.312634497323923,-0.03347761958506745,-0.7257434325122369,400.0,-1.2108,1.375,0.4,2.659,1.3,1126259642.413,41.08213740984631,-7.8601850574721635,-36350.87788312716
34.97773552093604,33.68998013228132,-0.3834561838748627,-0.16667869217715475,400.0,-1.2108,1.375,0.4,2.659,1.3,1126259642.413,41.08310464978073,-7.8601850574721635,-36391.23067179651
37.920742113910705,30.29198617627177,-0.24729149332632153,-0.39291181572306616,400.0,-1.2108,1.375,0.4,2.659,1.3,1126259642.413,41.085969900812856,-7.8601850574721635,-36351.49226663884
38.48024980357809,30.238150099888365,-0.5286299388299721,0.04600482916903828,400.0,-1.2108,1.375,0.4,2.659,1.3,1126259642.413,41.08614464871897,-7.8601850574721635,-36241.18221642957
35.553631525091454,33.250329215311815,-0.4402591632378669,-0.12283552313300494,400.0,-1.2108,1.375,0.4,2.659,1.3,1126259642.413,41.08684500499426,-7.8601850574721635,-36423.74859376542
36.318093579379884,32.67833347536458,-0.31038776871155266,-0.23061592324104124,400.0,-1.2108,1.375,0.4,2.659,1.3,1126259642.413,41.08760202499242,-7.8601850574721635,-36444.553920460305
36.60013982683645,32.16804508252164,-0.2170797952930112,-0.3482275308326577,400.0,-1.2108,1.375,0.4,2.659,1.3,1126259642.413,41.088475598994705,-7.8601850574721635,-36370.63525972497
37.05669980385587,31.32146947155243,-0.2799406053116755,-0.32241362662403084,400.0,-1.2108,1.375,0.4,2.659,1.3,1126259642.413,41.08894877213529,-7.8601850574721635,-36273.50689894751
34.93682469800421,33.385683024618785,-0.15986325264772344,-0.4753992981543022,400.0,-1.2108,1.375,0.4,2.659,1.3,1126259642.413,41.09039644192955,-7.8601850574721635,-36291.03736618175
34.81900997261584,32.59306721016018,-0.12943391309318356,-0.6224634875118866,400.0,-1.2108,1.375,0.4,2.659,1.3,1126259642.413,41.09098703033524,-7.8601850574721635,-36368.03067002096
35.45569551490685,33.47481566773669,-0.4389363740352865,-0.0974971776807837,400.0,-1.2108,1.375,0.4,2.659,1.3,1126259642.413,41.091957756239715,-7.8601850574721635,-36451.88740095402
36.018430471944534,31.911462805617894,-0.050248042646889646,-0.651402722238873,400.0,-1.2108,1.375,0.4,2.659,1.3,1126259642.413,41.093335394375316,-7.8601850574721635,-36378.63920526145
35.25467849978385,33.57263180789277,-0.6167996349571419,0.058872271132133336,400.0,-1.2108,1.375,0.4,2.659,1.3,1126259642.413,41.09397675310488,-7.8601850574721635,-36433.99220670257
35.4025098622042,32.03929912894865,-0.18743034388994945,-0.5654358715859273,400.0,-1.2108,1.375,0.4,2.659,1.3,1126259642.413,41.09442284864343,-7.8601850574721635,-36358.20819145852
36.49889078050991,31.548942618565587,-0.04488749719309637,-0.6549915868475391,400.0,-1.2108,1.375,0.4,2.659,1.3,1126259642.413,41.09461190786571,-7.8601850574721635,-36357.019359357655
35.41862083572702,33.12421577770404,-0.0017124524305645872,-0.597231153407151,400.0,-1.2108,1.375,0.4,2.659,1.3,1126259642.413,41.09548079378186,-7.8601850574721635,-36337.06040890765
35.310421561907,33.34676464819798,-0.16062521122720863,-0.4132748199239674,400.0,-1.2108,1.375,0.4,2.659,1.3,1126259642.413,41.09688367913951,-7.8601850574721635,-36381.857819505
37.968116734567566,30.273708248978267,-0.36433786452343786,-0.2386845943015178,400.0,-1.2108,1.375,0.4,2.659,1.3,1126259642.413,41.09711803456403,-7.8601850574721635,-36344.21493832595
35.5864185894116,32.803981078634536,-0.43601165923252766,-0.15400120783785526,400.0,-1.2108,1.375,0.4,2.659,1.3,1126259642.413,41.09717632018703,-7.8601850574721635,-36292.37613876572
35.6508914867281,31.866932511778707,-0.21866595458762433,-0.5185180068987961,400.0,-1.2108,1.375,0.4,2.659,1.3,1126259642.413,41.09781279764794,-7.8601850574721635,-36370.37904700514
34.84961009157677,33.1182214005227,-0.20498011272655045,-0.4745101617962695,400.0,-1.2108,1.375,0.4,2.659,1.3,1126259642.413,41.097941084709646,-7.8601850574721635,-36352.05698247055
34.13344521831519,33.7044243498034,-0.4601560102693011,-0.21275876161475119,400.0,-1.2108,1.375,0.4,2.659,1.3,1126259642.413,41.09796344839448,-7.8601850574721635,-36385.09035793772
37.14782567389945,31.534475382939096,-0.5086778762763049,-0.033033673373791816,400.0,-1.2108,1.375,0.4,2.659,1.3,1126259642.413,41.098117015782925,-7.8601850574721635,-36306.6533930923
35.838931415517706,31.848208748559777,-0.1971399374714349,-0.5162976595403327,400.0,-1.2108,1.375,0.4,2.659,1.3,1126259642.413,41.098190074275195,-7.8601850574721635,-36401.64938901224
34.85056561832077,33.62998758972944,-0.09767391877491467,-0.48411933382805916,400.0,-1.2108,1.375,0.4,2.659,1.3,1126259642.413,41.09851550777102,-7.8601850574721635,-36328.782516748965
37.70741446618646,30.181967841032886,-0.03087466130431689,-0.69557188432639,400.0,-1.2108,1.375,0.4,2.659,1.3,1126259642.413,41.09874289116245,-7.8601850574721635,-36359.99501920612
37.16600515806336,31.205316647106294,-0.42825282402472287,-0.16049667296916748,400.0,-1.2108,1.375,0.4,2.659,1.3,1126259642.413,41.09878383196968,-7.8601850574721635,-36274.839898837854
35.73127742492704,31.740097212478357,-0.056731998050778054,-0.7077600935387511,400.0,-1.2108,1.375,0.4,2.659,1.3,1126259642.413,41.098944451293576,-7.8601850574721635,-36354.136416708534
37.70713609871621,30.398199648997522,-0.11224455390426963,-0.5563294442755619,400.0,-1.2108,1.375,0.4,2.659,1.3,1126259642.413,41.099975888293855,-7.8601850574721635,-36368.56864568397
38.157989630540854,30.351331079955198,-0.13413920087516362,-0.47595915288853446,400.0,-1.2108,1.375,0.4,2.659,1.3,1126259642.413,41.101047439902,-7.8601850574721635,-36263.33727219224
37.76418460998498,30.385281214100804,-0.2712603491880339,-0.35988079883313806,400.0,-1.2108,1.375,0.4,2.659,1.3,1126259642.413,41.10106418432107,-7.8601850574721635,-36360.26883773795
35.888090703925364,32.59024183217414,-0.401201128139191,-0.1833260315179387,400.0,-1.2108,1.375,0.4,2.659,1.3,1126259642.413,41.10111580516603,-7.8601850574721635,-36304.27839786516
37.57600757604547,30.444957285813356,-0.20192936550892385,-0.47416019447557883,400.0,-1.2108,1.375,0.4,2.659,1.3,1126259642.413,41.10190568536178,-7.8601850574721635,-36379.00097826428
35.93270316075538,31.84478930534266,0.04159521899035423,-0.7715691178247686,400.0,-1.2108,1.375,0.4,2.659,1.3,1126259642.413,41.102308835303496,-7.8601850574721635,-36402.13986620773
36.52557301577428,32.253551114111026,-0.5002257574591974,-0.0583209107370411,400.0,-1.2108,1.375,0.4,2.659,1.3,1126259642.413,41.10357342057381,-7.8601850574721635,-36377.60188837367
37.06135534491779,31.98793523403998,-0.44040529964295777,-0.07060817950417225,400.0,-1.2108,1.375,0.4,2.659,1.3,1126259642.413,41.10432163900348,-7.8601850574721635,-36429.95960445653
37.6215245493432,30.716362617219218,-0.10159412682100069,-0.5588953428297323,400.0,-1.2108,1.375,0.4,2.659,1.3,1126259642.413,41.10457551868682,-7.8601850574721635,-36297.68378343998
36.027782842862656,32.757393404040904,-0.2652492944043185,-0.30155831117809273,400.0,-1.2108,1.375,0.4,2.659,1.3,1126259642.413,41.10531949553196,-7.8601850574721635,-36399.28756476166
35.48635592948741,32.34280285271656,-0.08731543192752686,-0.611554434881934,400.0,-1.2108,1.375,0.4,2.659,1.3,1126259642.413,41.105634529127535,-7.8601850574721635,-36396.4754198916
37.773200115823464,30.914400683175284,-0.14476305309239967,-0.44464184997978795,400.0,-1.2108,1.375,0.4,2.659,1.3,1126259642.413,41.1057793669569,-7.8601850574721635,-36270.93019231988
35.50005035583308,32.493792079579634,-0.3857102408818587,-0.2655670946575574,400.0,-1.2108,1.375,0.4,2.659,1.3,1126259642.413,41.10777388137428,-7.8601850574721635,-36352.306838483935
34.657130618598636,33.32017185081492,-0.05423601780617246,-0.6294697824362532,400.0,-1.2108,1.375,0.4,2.659,1.3,1126259642.413,41.108030406208684,-7.8601850574721635,-36347.37828829544
35.088933423094865,32.23441960804293,-0.15064808391508833,-0.6258226897922666,400.0,-1.2108,1.375,0.4,2.659,1.3,1126259642.413,41.10810922055857,-7.8601850574721635,-36326.75477469871
36.921465583933454,30.867626420555162,-0.09346760616639439,-0.6352592181138114,400.0,-1.2108,1.375,0.4,2.659,1.3,1126259642.413,41.10834719786773,-7.8601850574721635,-36381.48444605539
36.38407539668622,32.15401092733089,-0.44244798066387936,-0.15039566816562194,400.0,-1.2108,1.375,0.4,2.659,1.3,1126259642.413,41.108384070815525,-7.8601850574721635,-36302.40064631124
36.2126247887223,31.897069994645758,-0.35413593805103843,-0.29832862381570024,400.0,-1.2108,1.375,0.4,2.659,1.3,1126259642.413,41.11080643767013,-7.8601850574721635,-36329.541624779915
35.85976961264104,31.468315852397613,-0.15332490735710735,-0.6226483551174602,400.0,-1.2108,1.375,0.4,2.659,1.3,1126259642.413,41.111032177425315,-7.8601850574721635,-36292.91241377172
35.485047192551214,31.725345888541717,-0.09304627222086065,-0.7112552728483055,400.0,-1.2108,1.375,0.4,2.659,1.3,1126259642.413,41.11175764993331,-7.8601850574721635,-36276.887891899256
35.435362807117755,32.35845275768866,-0.3536523676096558,-0.3368176096253141,400.0,-1.2108,1.375,0.4,2.659,1.3,1126259642.413,41.11428832457502,-7.8601850574721635,-36402.790712185175
34.94793418098195,32.54421891177649,-0.1388885931193804,-0.5995090641845147,400.0,-1.2108,1.375,0.4,2.659,1.3,1126259642.413,41.11607637522165,-7.8601850574721635,-36386.5932331554
34.378068924533274,34.14357303397164,-0.4657255600206752,-0.1280524661017604,400.0,-1.2108,1.375,0.4,2.659,1.3,1126259642.413,41.11626459242002,-7.8601850574721635,-36345.30601250056
34.21709295089532,33.68588494435595,-0.4234709776929203,-0.2436086560707693,400.0,-1.2108,1.375,0.4,2.659,1.3,1126259642.413,41.11702281943769,-7.8601850574721635,-36368.72341681086
34.111017901266756,33.71179859517462,-0.45203627133933655,-0.22245456029544558,400.0,-1.2108,1.375,0.4,2.659,1.3,1126259642.413,41.11814575356213,-7.8601850574721635,-36389.15871363831
36.71890768298163,31.521918138092694,-0.20010089943361647,-0.43116262677807765,400.0,-1.2108,1.375,0.4,2.659,1.3,1126259642.413,41.11841829905704,-7.8601850574721635,-36300.900067543495
36.26829795420169,31.37230330546184,-0.17112407110739758,-0.5571892878202632,400.0,-1.2108,1.375,0.4,2.659,1.3,1126259642.413,41.11903437449724,-7.8601850574721635,-36380.02984372084
36.279880371673954,31.475939495154517,-0.001349563080861843,-0.7298693563125911,400.0,-1.2108,1.375,0.4,2.659,1.3,1126259642.413,41.11986411260253,-7.8601850574721635,-36397.93999916671
37.545547176995335,31.385836564771857,-0.6377104081058926,0.15409041029511356,400.0,-1.2108,1.375,0.4,2.659,1.3,1126259642.413,41.120258038720465,-7.8601850574721635,-36367.30025451997
35.64386616202456,31.759627540021356,-0.11071081348383925,-0.6562837604512302,400.0,-1.2108,1.375,0.4,2.659,1.3,1126259642.413,41.120634358383775,-7.8601850574721635,-36330.80528512318
36.218384172633094,31.691036828019442,-0.04983779794067805,-0.6713822491359204,400.0,-1.2108,1.375,0.4,2.659,1.3,1126259642.413,41.12203455301121,-7.8601850574721635,-36386.86775474078
37.143885921028094,31.157970218729808,-0.08448969911746901,-0.5563901633113466,400.0,-1.2108,1.375,0.4,2.659,1.3,1126259642.413,41.12381486740793,-7.8601850574721635,-36294.40079154261
35.21124507037727,32.34931345498176,-0.09300441114846517,-0.6583807349647236,400.0,-1.2108,1.375,0.4,2.659,1.3,1126259642.413,41.124177657213544,-7.8601850574721635,-36398.37383644821
37.458074866400885,30.436671406776334,-0.20866688591023652,-0.47669062209214474,400.0,-1.2108,1.375,0.4,2.659,1.3,1126259642.413,41.124878922476235,-7.8601850574721635,-36375.497366257136
36.259967373727655,31.591599787016992,-0.10604866988588395,-0.6120711342567647,400.0,-1.2108,1.375,0.4,2.659,1.3,1126259642.413,41.12501937957451,-7.8601850574721635,-36397.54919759135
34.427497347651666,34.363954220034884,-0.4947526636983901,-0.06380937848032209,400.0,-1.2108,1.375,0.4,2.659,1.3,1126259642.413,41.12561081137819,-7.8601850574721635,-36432.744145737845
38.24693689545218,30.051046156146747,-0.289598729746981,-0.3131996874089803,400.0,-1.2108,1.375,0.4,2.659,1.3,1126259642.413,41.12566154458129,-7.8601850574721635,-36337.687451027974
34.42308866670917,33.43239095103342,-0.4414064699958758,-0.23136606631165318,400.0,-1.2108,1.375,0.4,2.659,1.3,1126259642.413,41.12634155437131,-7.8601850574721635,-36381.04301991666
37.23967001428787,31.04101707382566,-0.4015750229080767,-0.2051798329426247,400.0,-1.2108,1.375,0.4,2.659,1.3,1126259642.413,41.12689083081792,-7.8601850574721635,-36302.89760399959
35.32088409634437,32.4389944196894,-0.21193159560896582,-0.4875703842397582,400.0,-1.2108,1.375,0.4,2.659,1.3,1126259642.413,41.126945539628316,-7.8601850574721635,-36404.33233518921
36.729728606987436,31.424841062824218,0.07593636930147135,-0.7597530076635939,400.0,-1.2108,1.375,0.4,2.659,1.3,1126259642.413,41.12712938024957,-7.8601850574721635,-36328.49024166832
35.41324599489578,32.472287649761626,-0.39587833697046854,-0.2781218796324965,400.0,-1.2108,1.375,0.4,2.659,1.3,1126259642.413,41.12714269342651,-7.8601850574721635,-36381.72272063726
34.65477765771517,33.879158826799255,-0.10338126884328827,-0.48865223968325955,400.0,-1.2108,1.375,0.4,2.659,1.3,1126259642.413,41.127917942931035,-7.8601850574721635,-36347.62565897798
35.06757282157542,33.67086802393197,-0.2079575779725333,-0.34864878891075424,400.0,-1.2108,1.375,0.4,2.659,1.3,1126259642.413,41.12925698452314,-7.8601850574721635,-36409.32382380456
34.3937327327672,33.03930535129567,0.04098219257329333,-0.7912753059687008,400.0,-1.2108,1.375,0.4,2.659,1.3,1126259642.413,41.129365537686155,-7.8601850574721635,-36385.59167846242
34.50044590809082,34.1364275557655,0.15804731065965888,-0.7395307549758399,400.0,-1.2108,1.375,0.4,2.659,1.3,1126259642.413,41.13034414162327,-7.8601850574721635,-36386.14344926704
36.77483580328889,32.23008974536243,-0.39779696027023825,-0.12990541131293853,400.0,-1.2108,1.375,0.4,2.659,1.3,1126259642.413,41.13193870319967,-7.8601850574721635,-36432.417763181875
35.65050165866468,33.19196482663279,-0.5215060838965666,-0.0372823730218092,400.0,-1.2108,1.375,0.4,2.659,1.3,1126259642.413,41.13323204128632,-7.8601850574721635,-36430.00685778415
36.55798262847036,31.31000720479537,-0.2220280183526778,-0.4615600613766342,400.0,-1.2108,1.375,0.4,2.659,1.3,1126259642.413,41.13373951622017,-7.8601850574721635,-36392.83040489402
36.08930678897371,31.513493981453312,-0.14677566889510815,-0.5899494526482043,400.0,-1.2108,1.375,0.4,2.659,1.3,1126259642.413,41.134104624459084,-7.8601850574721635,-36377.758222865734
34.20946438389275,33.230499226746375,-0.07060574615875112,-0.6779875441736218,400.0,-1.2108,1.375,0.4,2.659,1.3,1126259642.413,41.13486266645338,-7.8601850574721635,-36384.370476168144
37.27271616103656,31.549312151039693,-0.20502563569755644,-0.35889059336827944,400.0,-1.2108,1.375,0.4,2.659,1.3,1126259642.413,41.13560970117312,-7.8601850574721635,-36350.30100504939
35.65504285218156,33.25023447437061,-0.6883991710986443,0.14953220091142355,400.0,-1.2108,1.375,0.4,2.659,1.3,1126259642.413,41.136049745819626,-7.8601850574721635,-36442.05179445589
36.616536183181225,31.895117954008278,-0.05687064674055567,-0.5605640131780845,400.0,-1.2108,1.375,0.4,2.659,1.3,1126259642.413,41.13715780071014,-7.8601850574721635,-36286.40363149705
37.63659945917677,31.2661938399693,-0.26260954831740807,-0.27980349525305465,400.0,-1.2108,1.375,0.4,2.659,1.3,1126259642.413,41.1371984344595,-7.8601850574721635,-36352.33470611832
36.332369875619484,32.726216833087115,-0.6289756521995151,0.1142866985160974,400.0,-1.2108,1.375,0.4,2.659,1.3,1126259642.413,41.13777038698774,-7.8601850574721635,-36452.984188777016
37.9836671745538,30.51142287558133,-0.4236265057854518,-0.13648301681247355,400.0,-1.2108,1.375,0.4,2.659,1.3,1126259642.413,41.139343702972084,-7.8601850574721635,-36263.13322689508
37.34877866254988,30.535750803292956,-0.2170342582043399,-0.46980192620485006,400.0,-1.2108,1.375,0.4,2.659,1.3,1126259642.413,41.139698610759496,-7.8601850574721635,-36378.60212142961
34.86465492243615,32.440607766704865,-0.06353450385920092,-0.7242257108211387,400.0,-1.2108,1.375,0.4,2.659,1.3,1126259642.413,41.140322656605754,-7.8601850574721635,-36327.536927023604
35.273906484826426,32.52807909365005,-0.30869715895467625,-0.3772346549956467,400.0,-1.2108,1.375,0.4,2.659,1.3,1126259642.413,41.14055583320407,-7.8601850574721635,-36400.42904390683
36.094171579273436,31.672520157727135,-0.19968667703010534,-0.49805964810420983,400.0,-1.2108,1.375,0.4,2.659,1.3,1126259642.413,41.140781830038506,-7.8601850574721635,-36401.19143161853
34.468892935337635,33.84239077572768,-0.2247724050653698,-0.3732149023645853,400.0,-1.2108,1.375,0.4,2.659,1.3,1126259642.413,41.14144519708408,-7.8601850574721635,-36292.786329005
34.81995318804632,32.762686459186085,-0.04460388120991898,-0.7009595770425401,400.0,-1.2108,1.375,0.4,2.659,1.3,1126259642.413,41.1415233135547,-7.8601850574721635,-36409.57041964718
35.81362421926884,32.77185708164351,-0.569272266095808,-0.01222054286728591,400.0,-1.2108,1.375,0.4,2.659,1.3,1126259642.413,41.14684899828418,-7.8601850574721635,-36338.96199261879
35.73953308805138,32.224917625977895,-0.33122449699879525,-0.3400454420322321,400.0,-1.2108,1.375,0.4,2.659,1.3,1126259642.413,41.151529788236815,-7.8601850574721635,-36366.240405056706
38.485628852866675,30.13493991568845,-0.5111618372379135,0.004483000206156995,400.0,-1.2108,1.375,0.4,2.659,1.3,1126259642.413,41.15180799597427,-7.8601850574721635,-36248.38140890292
35.723441601709965,32.65645104298238,-0.08425545954993907,-0.560647285703364,400.0,-1.2108,1.375,0.4,2.659,1.3,1126259642.413,41.15204166200654,-7.8601850574721635,-36287.71132339927
35.43742477266901,32.44239164639596,-0.37397592121687506,-0.30250128451589003,400.0,-1.2108,1.375,0.4,2.659,1.3,1126259642.413,41.1522466813462,-7.8601850574721635,-36383.5431248328
34.43092456911175,33.58668173841123,-0.005906730616023842,-0.6413914299722947,400.0,-1.2108,1.375,0.4,2.659,1.3,1126259642.413,41.1536111040176,-7.8601850574721635,-36334.144930769624
38.35714367756206,30.212904816810862,-0.4133897880318733,-0.1337807527230729,400.0,-1.2108,1.375,0.4,2.659,1.3,1126259642.413,41.15417030099866,-7.8601850574721635,-36255.20737582264
34.80604955435808,33.20313555825264,0.006445633048733274,-0.6941126867814638,400.0,-1.2108,1.375,0.4,2.659,1.3,1126259642.413,41.154595195267184,-7.8601850574721635,-36338.55611939376
34.25625661973963,33.15277804376822,-0.09930490915347367,-0.6526186915713746,400.0,-1.2108,1.375,0.4,2.659,1.3,1126259642.413,41.15545005268119,-7.8601850574721635,-36379.2493667465
35.94560573508841,32.683176095265544,-0.683140808622697,0.12431141395329098,400.0,-1.2108,1.375,0.4,2.659,1.3,1126259642.413,41.15695274481948,-7.8601850574721635,-36348.068249780124
36.19210648434593,32.550363970381866,-0.20430795968676507,-0.37073542278023247,400.0,-1.2108,1.375,0.4,2.659,1.3,1126259642.413,41.15761267568445,-7.8601850574721635,-36380.75639177734
35.04277870389057,33.158493034942055,-0.1996413036640635,-0.44768857067906564,400.0,-1.2108,1.375,0.4,2.659,1.3,1126259642.413,41.15768261310435,-7.8601850574721635,-36292.2703503459
36.846061923992465,32.161413752017424,-0.3125102068543946,-0.2225484622507514,400.0,-1.2108,1.375,0.4,2.659,1.3,1126259642.413,41.157888647277154,-7.8601850574721635,-36430.57988669177
37.51570001008099,30.542473040769355,-0.2676276285475496,-0.37489800320526856,400.0,-1.2108,1.375,0.4,2.659,1.3,1126259642.413,41.15806064292305,-7.8601850574721635,-36374.318268777206
35.99829800873389,32.177488073229846,-0.11779861029973722,-0.5305095967178657,400.0,-1.2108,1.375,0.4,2.659,1.3,1126259642.413,41.15975024438325,-7.8601850574721635,-36305.25808061686
34.910024409080954,33.24547946398373,-0.39571179120575983,-0.2431115156574013,400.0,-1.2108,1.375,0.4,2.659,1.3,1126259642.413,41.159959273054724,-7.8601850574721635,-36302.93595246187
36.828020631502746,30.969226605449645,-0.20152546293452978,-0.4946073936654178,400.0,-1.2108,1.375,0.4,2.659,1.3,1126259642.413,41.160433216637976,-7.8601850574721635,-36386.62582068804
35.282367100050365,32.96001095556913,-0.3652740745911822,-0.2540787070631251,400.0,-1.2108,1.375,0.4,2.659,1.3,1126259642.413,41.161127041504486,-7.8601850574721635,-36289.64287798886
38.6945185050859,30.139561457019248,-0.4945890500478132,0.021039977218877515,400.0,-1.2108,1.375,0.4,2.659,1.3,1126259642.413,41.16134833257066,-7.8601850574721635,-36247.64595773551
37.215591111603246,31.324594674195883,-0.44322437612909255,-0.11588448645766358,400.0,-1.2108,1.375,0.4,2.659,1.3,1126259642.413,41.161946610065336,-7.8601850574721635,-36268.48354381946
34.887705987888474,33.59537724904389,-0.4977518882627814,-0.10309269749328298,400.0,-1.2108,1.375,0.4,2.659,1.3,1126259642.413,41.162123316399025,-7.8601850574721635,-36328.948861937606
35.78342477330462,33.23401248098655,-0.6276568742056439,0.10694108488339715,400.0,-1.2108,1.375,0.4,2.659,1.3,1126259642.413,41.16228619599778,-7.8601850574721635,-36458.86462358562
37.071322864115935,31.878550159190784,-0.4887817909529957,-0.01966122005739429,400.0,-1.2108,1.375,0.4,2.659,1.3,1126259642.413,41.16288792412351,-7.8601850574721635,-36405.848179948756
37.892605456251665,30.86477326127883,-0.6066230077843109,0.12576103259783505,400.0,-1.2108,1.375,0.4,2.659,1.3,1126259642.413,41.16386840783927,-7.8601850574721635,-36280.842311619774
38.40387538572144,30.4699698085629,-0.5129707159395889,0.036050698171706475,400.0,-1.2108,1.375,0.4,2.659,1.3,1126259642.413,41.164677249649586,-7.8601850574721635,-36278.235476930655
35.49987499043453,33.234702406490044,-0.5617035284425184,0.01350177713400691,400.0,-1.2108,1.375,0.4,2.659,1.3,1126259642.413,41.16685288659232,-7.8601850574721635,-36400.38932062295
34.82650768334191,34.012629112064076,-0.7248113952986031,0.17729345667434038,400.0,-1.2108,1.375,0.4,2.659,1.3,1126259642.413,41.168611673897935,-7.8601850574721635,-36440.79389889125
33.98154560610326,33.544164013732264,0.014392815160472361,-0.7280084732336218,400.0,-1.2108,1.375,0.4,2.659,1.3,1126259642.413,41.168627911022156,-7.8601850574721635,-36407.90873595202
34.51176402506249,33.284814699308264,-0.26610097088265006,-0.4139869294473057,400.0,-1.2108,1.375,0.4,2.659,1.3,1126259642.413,41.1689069205088,-7.8601850574721635,-36397.14060958816
35.82157036011281,32.05971667284599,-0.28464847501376617,-0.39999585976724544,400.0,-1.2108,1.375,0.4,2.659,1.3,1126259642.413,41.169452079135,-7.8601850574721635,-36388.09991873987
36.57185109728937,32.02742854329983,-0.4801472352758228,-0.09782529030068304,400.0,-1.2108,1.375,0.4,2.659,1.3,1126259642.413,41.16960786648559,-7.8601850574721635,-36311.75660597273
38.23757957717402,30.045205582942867,-0.29112265578628677,-0.3282506355740874,400.0,-1.2108,1.375,0.4,2.659,1.3,1126259642.413,41.17065761173059,-7.8601850574721635,-36342.13810101466
35.38907165722151,33.16918330604591,0.048844349761106826,-0.6675749704555454,400.0,-1.2108,1.375,0.4,2.659,1.3,1126259642.413,41.170997147592644,-7.8601850574721635,-36342.71187581646
34.571972129709785,33.21274251547648,-0.037319013880007385,-0.648787769266354,400.0,-1.2108,1.375,0.4,2.659,1.3,1126259642.413,41.17141008139372,-7.8601850574721635,-36400.11223289556
33.664505317330104,33.627599572526414,-0.1421419748979354,-0.6040366114370134,400.0,-1.2108,1.375,0.4,2.659,1.3,1126259642.413,41.171426688412005,-7.8601850574721635,-36339.31545739491
36.97202235016123,30.963978539900932,-0.12037013739414182,-0.5668165108074845,400.0,-1.2108,1.375,0.4,2.659,1.3,1126259642.413,41.17415846041676,-7.8601850574721635,-36388.54602133264
34.420490062386754,34.0374594884024,-0.12045303099596134,-0.4569676227713926,400.0,-1.2108,1.375,0.4,2.659,1.3,1126259642.413,41.17561856689578,-7.8601850574721635,-36325.762142395135
36.278197596606816,32.30741146706536,-0.29559127956188336,-0.30753000652543283,400.0,-1.2108,1.375,0.4,2.659,1.3,1126259642.413,41.17622947419353,-7.8601850574721635,-36320.77356616077
36.29973726303035,31.89243716289894,-0.23837211468399552,-0.40157146644757863,400.0,-1.2108,1.375,0.4,2.659,1.3,1126259642.413,41.176868830876,-7.8601850574721635,-36306.183934990004
34.2325167303853,33.75495762418793,-0.12961130697392548,-0.5347750733291611,400.0,-1.2108,1.375,0.4,2.659,1.3,1126259642.413,41.17800523912877,-7.8601850574721635,-36342.36741624464
37.08182973808141,31.199390220284542,-0.3371346137550043,-0.2866802496658039,400.0,-1.2108,1.375,0.4,2.659,1.3,1126259642.413,41.178593049660165,-7.8601850574721635,-36298.32956678008
34.99813357313116,32.67089518314608,-0.29488564776759596,-0.4153864035064537,400.0,-1.2108,1.375,0.4,2.659,1.3,1126259642.413,41.17865913789023,-7.8601850574721635,-36411.51053695174
35.011159762749536,33.81091431894301,-0.6278579817570817,0.0718553817108672,400.0,-1.2108,1.375,0.4,2.659,1.3,1126259642.413,41.1788014902745,-7.8601850574721635,-36436.04974557932
36.62511207557638,31.06331838830926,-0.15469026316319634,-0.5647458808813293,400.0,-1.2108,1.375,0.4,2.659,1.3,1126259642.413,41.17985471757842,-7.8601850574721635,-36375.24741993142
35.42588660168126,33.44540144910685,-0.3837870269605659,-0.16027701825043747,400.0,-1.2108,1.375,0.4,2.659,1.3,1126259642.413,41.18046782129876,-7.8601850574721635,-36440.06142125653
34.410812936903845,34.39241916475453,-0.6280965038705157,0.07061087337616317,400.0,-1.2108,1.375,0.4,2.659,1.3,1126259642.413,41.1804965356763,-7.8601850574721635,-36435.35220969768
37.69759714908816,30.819677405540165,-0.22388580297534735,-0.3875855948417754,400.0,-1.2108,1.375,0.4,2.659,1.3,1126259642.413,41.18146325253815,-7.8601850574721635,-36260.70671524045
37.17911481082365,31.57332890063754,-0.2116331370326912,-0.3600901248773242,400.0,-1.2108,1.375,0.4,2.659,1.3,1126259642.413,41.18187066266909,-7.8601850574721635,-36327.57226315236
36.739548718963114,31.64772204197963,-0.43970518607988673,-0.158877020304702,400.0,-1.2108,1.375,0.4,2.659,1.3,1126259642.413,41.18207143230416,-7.8601850574721635,-36274.694370014804
38.03767299733662,30.508932944312456,-0.30761738139942996,-0.25512025528041543,400.0,-1.2108,1.375,0.4,2.659,1.3,1126259642.413,41.182193227469426,-7.8601850574721635,-36256.32632549473
34.135999794628376,33.181730531792695,-0.09668981650730749,-0.6654256246336439,400.0,-1.2108,1.375,0.4,2.659,1.3,1126259642.413,41.18228129835238,-7.8601850574721635,-36345.429515597294
35.33687142677444,32.31144895873724,-0.2179486302212217,-0.5061489692191106,400.0,-1.2108,1.375,0.4,2.659,1.3,1126259642.413,41.18300300358014,-7.8601850574721635,-36407.18692428764
34.94671037486827,33.83953244370309,-0.6408147121958215,0.08809579768159381,400.0,-1.2108,1.375,0.4,2.659,1.3,1126259642.413,41.18387329303713,-7.8601850574721635,-36429.10349617086
37.16761916078072,30.951267889657583,-0.037632926510813985,-0.6331706921344847,400.0,-1.2108,1.375,0.4,2.659,1.3,1126259642.413,41.18410070329618,-7.8601850574721635,-36354.637890629354
34.82184432765176,33.18909727147056,-0.28354434563069614,-0.38365147145371814,400.0,-1.2108,1.375,0.4,2.659,1.3,1126259642.413,41.18790413104826,-7.8601850574721635,-36338.41377590068
36.02472482478916,32.259480997130595,-0.12723690686427092,-0.501082203450743,400.0,-1.2108,1.375,0.4,2.659,1.3,1126259642.413,41.1880878361947,-7.8601850574721635,-36283.59092851144
34.971882101696096,33.53811482077638,-0.700262445855196,0.11511474929363608,400.0,-1.2108,1.375,0.4,2.659,1.3,1126259642.413,41.188423220902855,-7.8601850574721635,-36336.087699185045
34.34089820195938,33.25324267149917,0.04192737966030399,-0.7564675015146513,400.0,-1.2108,1.375,0.4,2.659,1.3,1126259642.413,41.188550615268355,-7.8601850574721635,-36413.00419743439
36.49861135715098,31.921577494132038,-0.13419950624046417,-0.483307600526968,400.0,-1.2108,1.375,0.4,2.659,1.3,1126259642.413,41.18907368786193,-7.8601850574721635,-36274.71896203709
34.49217852391452,33.247707055162216,-0.16294169720739796,-0.5410040676829664,400.0,-1.2108,1.375,0.4,2.659,1.3,1126259642.413,41.18936731467163,-7.8601850574721635,-36408.815470236106
36.70732645778967,31.396329331611064,-0.31293321691240594,-0.335721251746683,400.0,-1.2108,1.375,0.4,2.659,1.3,1126259642.413,41.18939768937554,-7.8601850574721635,-36344.5747690755
37.02975865132704,31.675948367844477,-0.3548316615910351,-0.22237284943318775,400.0,-1.2108,1.375,0.4,2.659,1.3,1126259642.413,41.189451111077666,-7.8601850574721635,-36321.24403259627
35.87058541166186,33.104593026181945,-0.656514532655753,0.13744769827073372,400.0,-1.2108,1.375,0.4,2.659,1.3,1126259642.413,41.189452526226106,-7.8601850574721635,-36451.459257229035
38.58704405266657,30.29539298696883,-0.43789959729066724,-0.05649774011269809,400.0,-1.2108,1.375,0.4,2.659,1.3,1126259642.413,41.189851676962846,-7.8601850574721635,-36265.93368084352
36.00688069452931,31.740011819438163,-0.13049097467172066,-0.5797855076622802,400.0,-1.2108,1.375,0.4,2.659,1.3,1126259642.413,41.190209723212064,-7.8601850574721635,-36402.124830130546
33.89264095717312,33.4197946965749,-0.05519840488237153,-0.694268112144568,400.0,-1.2108,1.375,0.4,2.659,1.3,1126259642.413,41.19101562932098,-7.8601850574721635,-36346.08878131109
35.692417435811535,33.09449908757965,-0.7470270055814268,0.1959921244023468,400.0,-1.2108,1.375,0.4,2.659,1.3,1126259642.413,41.19211787252698,-7.8601850574721635,-36416.32415982202
35.58836309965041,32.80311631001524,-0.20267351890033322,-0.39997539457653436,400.0,-1.2108,1.375,0.4,2.659,1.3,1126259642.413,41.19275163463208,-7.8601850574721635,-36292.47734078948
37.19654755735339,30.752283614845254,-0.12614309764981835,-0.5742317795734935,400.0,-1.2108,1.375,0.4,2.659,1.3,1126259642.413,41.193009125959364,-7.8601850574721635,-36386.333071372384
36.92625385858686,32.08703952963836,-0.48611549065161136,-0.022365324695613642,400.0,-1.2108,1.375,0.4,2.659,1.3,1126259642.413,41.19302213062038,-7.8601850574721635,-36428.558899446514
34.46936922105488,33.17506946683309,-0.15293700707179803,-0.5674103457594077,400.0,-1.2108,1.375,0.4,2.659,1.3,1126259642.413,41.19611948839113,-7.8601850574721635,-36414.24325206194
37.8546308094764,30.181537381206358,-0.20475297162334116,-0.4681306604637281,400.0,-1.2108,1.375,0.4,2.659,1.3,1126259642.413,41.19648743446136,-7.8601850574721635,-36372.884665281716
33.81845409530486,33.734421724627715,-0.19219362809132995,-0.5079078936999217,400.0,-1.2108,1.375,0.4,2.659,1.3,1126259642.413,41.19659292657056,-7.8601850574721635,-36412.40054398476
34.42881876352678,33.568929268022174,0.11131823604344193,-0.7774533995639088,400.0,-1.2108,1.375,0.4,2.659,1.3,1126259642.413,41.197056561778496,-7.8601850574721635,-36339.94048687996
37.75196650465507,30.672060741285286,-0.38297739373453954,-0.20014367968061836,400.0,-1.2108,1.375,0.4,2.659,1.3,1126259642.413,41.19781297529003,-7.8601850574721635,-36278.50103529662
34.47762301353441,32.994493196522306,-0.06931038055270719,-0.6660651543232147,400.0,-1.2108,1.375,0.4,2.659,1.3,1126259642.413,41.19864425438618,-7.8601850574721635,-36390.888903403116
38.17846245783015,30.10431768817589,-0.03585610626408575,-0.6407004573020527,400.0,-1.2108,1.375,0.4,2.659,1.3,1126259642.413,41.19955398949145,-7.8601850574721635,-36339.91071392557
36.96835160919987,31.264599832498465,-0.10898672586571129,-0.5333839362586463,400.0,-1.2108,1.375,0.4,2.659,1.3,1126259642.413,41.19989188167254,-7.8601850574721635,-36309.27599731505
38.05272403720234,30.711636131534327,-0.4302641237005097,-0.08489856210084792,400.0,-1.2108,1.375,0.4,2.659,1.3,1126259642.413,41.200319353633084,-7.8601850574721635,-36271.6177109492
36.1413647901071,31.87607864807033,-0.18489242707888986,-0.48996978899554056,400.0,-1.2108,1.375,0.4,2.659,1.3,1126259642.413,41.20055690010858,-7.8601850574721635,-36357.898783898345
38.578334659039285,30.244856867115082,-0.4354987055334938,-0.05636879985823018,400.0,-1.2108,1.375,0.4,2.659,1.3,1126259642.413,41.20077333922942,-7.8601850574721635,-36250.13668352099
34.3291162880004,32.94834986179888,-0.005562957652666345,-0.7677359242532558,400.0,-1.2108,1.375,0.4,2.659,1.3,1126259642.413,41.20314266871191,-7.8601850574721635,-36330.38798589115
34.032181655575194,33.518367482126024,-0.027046561807803016,-0.6849191305614081,400.0,-1.2108,1.375,0.4,2.659,1.3,1126259642.413,41.20406044211454,-7.8601850574721635,-36411.72218983756
37.77093436379827,30.20500762642295,0.014611001222587433,-0.752837508976317,400.0,-1.2108,1.375,0.4,2.659,1.3,1126259642.413,41.20491146042132,-7.8601850574721635,-36372.330892793834
35.02723809984413,32.860076820555925,-0.3511574152461039,-0.32480260812888495,400.0,-1.2108,1.375,0.4,2.659,1.3,1126259642.413,41.205581107764594,-7.8601850574721635,-36376.20882665217
34.98623060741824,33.39478822126984,-0.03500162167396134,-0.5717032474934579,400.0,-1.2108,1.375,0.4,2.659,1.3,1126259642.413,41.2064431762938,-7.8601850574721635,-36300.904513972375
34.55624762733408,33.491793338569515,-0.41881159885125674,-0.23040595159016142,400.0,-1.2108,1.375,0.4,2.659,1.3,1126259642.413,41.20759479554979,-7.8601850574721635,-36324.5871605619
36.21291915815147,32.21288240554277,0.07466915142776792,-0.7343338121500957,400.0,-1.2108,1.375,0.4,2.659,1.3,1126259642.413,41.20855176890279,-7.8601850574721635,-36283.195955637486
35.199409319840754,32.63026466879669,-0.3230349814458412,-0.36089165991613326,400.0,-1.2108,1.375,0.4,2.659,1.3,1126259642.413,41.20858812508409,-7.8601850574721635,-36393.83389535889
34.4188780246563,34.28276123529647,-0.2599385030211684,-0.28866397478441663,400.0,-1.2108,1.375,0.4,2.659,1.3,1126259642.413,41.209229492067834,-7.8601850574721635,-36404.91422245001
34.10141195892248,34.028334424098446,0.1682639593447804,-0.7961790135231117,400.0,-1.2108,1.375,0.4,2.659,1.3,1126259642.413,41.20970652292056,-7.8601850574721635,-36306.44467318269
34.383366740340186,33.917477786506694,-0.45755542978385744,-0.15888484426809654,400.0,-1.2108,1.375,0.4,2.659,1.3,1126259642.413,41.210770928800976,-7.8601850574721635,-36297.23737722744
34.90264134515981,33.54533507688896,-0.5552577326572024,-0.029811424623314764,400.0,-1.2108,1.375,0.4,2.659,1.3,1126259642.413,41.2107794396699,-7.8601850574721635,-36318.258168814835
34.10945376397379,33.34375768177645,-0.2276212484195178,-0.5023940450692377,400.0,-1.2108,1.375,0.4,2.659,1.3,1126259642.413,41.21310132381025,-7.8601850574721635,-36389.38223118345
35.69329952092882,32.42000450958055,-0.36489201041776786,-0.2859134532409451,400.0,-1.2108,1.375,0.4,2.659,1.3,1126259642.413,41.21321230019778,-7.8601850574721635,-36317.09239923891
36.82533764298616,30.868125091334772,-0.015310573485531831,-0.7299066156704758,400.0,-1.2108,1.375,0.4,2.659,1.3,1126259642.413,41.21402236180833,-7.8601850574721635,-36364.53061967366
34.513007040984874,33.00608989145394,-0.03574781885815831,-0.6979894157477884,400.0,-1.2108,1.375,0.4,2.659,1.3,1126259642.413,41.21416180575088,-7.8601850574721635,-36402.40381345663
37.034026989637624,30.84914815379083,-0.13823635638425658,-0.5682986073326364,400.0,-1.2108,1.375,0.4,2.659,1.3,1126259642.413,41.2176561015697,-7.8601850574721635,-36387.682106473505
34.08571214416481,33.587916539180675,-0.16035459864746365,-0.5272149462446899,400.0,-1.2108,1.375,0.4,2.659,1.3,1126259642.413,41.21770204825988,-7.8601850574721635,-36413.55622634375
38.001998845820694,30.399793044592965,-0.4035130545356542,-0.15928000701580375,400.0,-1.2108,1.375,0.4,2.659,1.3,1126259642.413,41.21935014446923,-7.8601850574721635,-36291.81384262408
35.61074272648709,33.174911757900176,-0.5302447642255366,-0.01538353902900591,400.0,-1.2108,1.375,0.4,2.659,1.3,1126259642.413,41.21950225234082,-7.8601850574721635,-36417.95346592969
34.30276147951455,33.30392756538965,0.05384809860297812,-0.7665773557038353,400.0,-1.2108,1.375,0.4,2.659,1.3,1126259642.413,41.219849424767816,-7.8601850574721635,-36414.07629634814
35.29817704790377,33.06427205909498,0.08825293852569535,-0.7178683285304541,400.0,-1.2108,1.375,0.4,2.659,1.3,1126259642.413,41.220133532740995,-7.8601850574721635,-36292.82444178735
37.871006516452596,30.045433627023908,-0.06683685263612263,-0.6609351012829097,400.0,-1.2108,1.375,0.4,2.659,1.3,1126259642.413,41.22165306921265,-7.8601850574721635,-36355.80939401897
34.178838337505496,34.16574451766609,-0.15600997054836524,-0.4511365759628403,400.0,-1.2108,1.375,0.4,2.659,1.3,1126259642.413,41.223261587625814,-7.8601850574721635,-36298.78756809003
34.28273362392508,33.50521022691466,-0.387440028292089,-0.2923993258058816,400.0,-1.2108,1.375,0.4,2.659,1.3,1126259642.413,41.223547856123375,-7.8601850574721635,-36398.550412991375
35.5982234090421,32.37373393184933,-0.21106762565152723,-0.4613908423665246,400.0,-1.2108,1.375,0.4,2.659,1.3,1126259642.413,41.22416624904967,-7.8601850574721635,-36361.07357157228
36.58072008941233,32.47767848631167,-0.661666830583804,0.16238532909689757,400.0,-1.2108,1.375,0.4,2.659,1.3,1126259642.413,41.22432837491224,-7.8601850574721635,-36446.499213711686
33.743259171291484,33.7301471740797,0.00011756711716445767,-0.7255195693712347,400.0,-1.2108,1.375,0.4,2.659,1.3,1126259642.413,41.22469465919444,-7.8601850574721635,-36396.97215831864
34.10959357978732,33.14106194905333,0.010927895780115049,-0.7791491175733389,400.0,-1.2108,1.375,0.4,2.659,1.3,1126259642.413,41.225031086506945,-7.8601850574721635,-36323.24043388203
37.11147723114363,31.64318079659861,-0.4637444681077967,-0.08853490087042598,400.0,-1.2108,1.375,0.4,2.659,1.3,1126259642.413,41.22768972577016,-7.8601850574721635,-36337.504941304636
34.79452897377599,33.57877608382558,-0.23100696666025697,-0.3587127171346721,400.0,-1.2108,1.375,0.4,2.659,1.3,1126259642.413,41.22966268999585,-7.8601850574721635,-36301.65158666689
34.87968493458501,32.88104379940077,-0.30790134835977917,-0.38171879370365464,400.0,-1.2108,1.375,0.4,2.659,1.3,1126259642.413,41.23267973230749,-7.8601850574721635,-36406.07644530302
36.36584302039812,31.390910626746734,-0.07293034906503384,-0.6488812840845313,400.0,-1.2108,1.375,0.4,2.659,1.3,1126259642.413,41.23294083566131,-7.8601850574721635,-36395.74836318307
35.85186108663103,32.266344199503614,0.07412835041882104,-0.7739004975314208,400.0,-1.2108,1.375,0.4,2.659,1.3,1126259642.413,41.233179162181095,-7.8601850574721635,-36318.391576438305
35.30208977152441,33.48453704844353,-0.6571940956931195,0.10928920782320012,400.0,-1.2108,1.375,0.4,2.659,1.3,1126259642.413,41.23376921846341,-7.8601850574721635,-36424.35557295518
36.14526663528353,32.27858870813753,-0.07386468926372472,-0.5729740834083572,400.0,-1.2108,1.375,0.4,2.659,1.3,1126259642.413,41.234120856338684,-7.8601850574721635,-36284.57642124349
35.31566756556984,33.411960603164715,-0.31168151506039415,-0.26354984425137173,400.0,-1.2108,1.375,0.4,2.659,1.3,1126259642.413,41.23426468661356,-7.8601850574721635,-36402.361780612475
35.917504143816316,32.97095387973674,-0.651681298276267,0.11069769706053156,400.0,-1.2108,1.375,0.4,2.659,1.3,1126259642.413,41.23437747718483,-7.8601850574721635,-36433.1143784695
37.398736908884565,31.098338533655912,-0.11743103035246341,-0.5127282989007357,400.0,-1.2108,1.375,0.4,2.659,1.3,1126259642.413,41.234881184536825,-7.8601850574721635,-36265.28405601737
37.1646312718726,31.35910236473471,-0.4415269893550936,-0.1210900575726146,400.0,-1.2108,1.375,0.4,2.659,1.3,1126259642.413,41.235690728079135,-7.8601850574721635,-36267.82198243354
36.33543272220815,31.32983823157389,-0.11454725889145356,-0.6145154882076943,400.0,-1.2108,1.375,0.4,2.659,1.3,1126259642.413,41.236487730453085,-7.8601850574721635,-36383.54980614915
34.060307657464335,34.005956052097794,-0.36571149037891837,-0.27425703858825,400.0,-1.2108,1.375,0.4,2.659,1.3,1126259642.413,41.238494740739306,-7.8601850574721635,-36318.49110392433
35.14628896261351,33.70899924143162,-0.5840337423514292,0.04709148410975533,400.0,-1.2108,1.375,0.4,2.659,1.3,1126259642.413,41.23863356682351,-7.8601850574721635,-36440.821427346105
35.231972782303565,32.338215476697286,-0.053369235646179375,-0.6868459606137456,400.0,-1.2108,1.375,0.4,2.659,1.3,1126259642.413,41.239002973026835,-7.8601850574721635,-36400.05831006287
35.51070522665433,32.244869898846915,-0.006728740454224641,-0.7258380319807687,400.0,-1.2108,1.375,0.4,2.659,1.3,1126259642.413,41.23949518506308,-7.8601850574721635,-36404.8788055648
34.87776197301837,32.786812246801055,-0.1123987511488734,-0.6019476814870849,400.0,-1.2108,1.375,0.4,2.659,1.3,1126259642.413,41.24026243658155,-7.8601850574721635,-36412.369940095334
36.11620048349885,32.11422677240836,-0.2922997088146182,-0.35299669638917774,400.0,-1.2108,1.375,0.4,2.659,1.3,1126259642.413,41.24072710472345,-7.8601850574721635,-36295.92620004856
36.84217334994662,31.320102959089414,-0.20493739434149175,-0.4531035775015326,400.0,-1.2108,1.375,0.4,2.659,1.3,1126259642.413,41.24142022393408,-7.8601850574721635,-36329.1605365692
34.5889829660984,32.81624411665385,-0.14444657871509578,-0.6058329660296763,400.0,-1.2108,1.375,0.4,2.659,1.3,1126259642.413,41.242034788864075,-7.8601850574721635,-36371.40694529501
36.48699408848129,31.994241851532923,0.007714226123617163,-0.639853499699533,400.0,-1.2108,1.375,0.4,2.659,1.3,1126259642.413,41.243407763506724,-7.8601850574721635,-36284.877386211374
35.17990896958238,33.421840749580475,-0.5528232611432347,-0.023027108681183572,400.0,-1.2108,1.375,0.4,2.659,1.3,1126259642.413,41.245181158550785,-7.8601850574721635,-36361.20829222824
35.1700424057223,32.582833876980125,-0.021870002911864084,-0.6879450783189021,400.0,-1.2108,1.375,0.4,2.659,1.3,1126259642.413,41.24545346877888,-7.8601850574721635,-36404.91434529951
34.80605283095672,33.8613353231125,-0.28424483022548835,-0.26931607836922106,400.0,-1.2108,1.375,0.4,2.659,1.3,1126259642.413,41.24660697735049,-7.8601850574721635,-36393.1667663926
38.23004647664948,30.196748226580223,-0.39705030708245,-0.16495925103220432,400.0,-1.2108,1.375,0.4,2.659,1.3,1126259642.413,41.24665625427692,-7.8601850574721635,-36293.375888336406
34.31771504967652,33.65119589283157,-0.14022084898240622,-0.5273371795513384,400.0,-1.2108,1.375,0.4,2.659,1.3,1126259642.413,41.24678572610246,-7.8601850574721635,-36347.9611929868
35.716718794726546,32.63366341129911,-0.29392980639511784,-0.33563715121417254,400.0,-1.2108,1.375,0.4,2.659,1.3,1126259642.413,41.24685811253426,-7.8601850574721635,-36289.16636311161
34.585389366686044,33.773465527616025,-0.4200794885440694,-0.17159383842364156,400.0,-1.2108,1.375,0.4,2.659,1.3,1126259642.413,41.24704732237905,-7.8601850574721635,-36300.41989766444
35.750483257864026,33.15709351422301,-0.38349376595907825,-0.1553326476740421,400.0,-1.2108,1.375,0.4,2.659,1.3,1126259642.413,41.247288936623306,-7.8601850574721635,-36443.85456316275
34.195071235670355,33.73348369091497,-0.2224006880812404,-0.4432932470185803,400.0,-1.2108,1.375,0.4,2.659,1.3,1126259642.413,41.24784347910746,-7.8601850574721635,-36360.58989400522
34.92302098673348,32.704827584169436,-0.1837804557908071,-0.5412957685823295,400.0,-1.2108,1.375,0.4,2.659,1.3,1126259642.413,41.24786368014307,-7.8601850574721635,-36410.96574201932
35.69681578225053,32.943842880155266,-0.4449103923906137,-0.1393230917156753,400.0,-1.2108,1.375,0.4,2.659,1.3,1126259642.413,41.24814847440764,-7.8601850574721635,-36366.10481943602
37.90207902288048,30.32113703096905,-0.29947649531149156,-0.32191728221804816,400.0,-1.2108,1.375,0.4,2.659,1.3,1126259642.413,41.24866797171099,-7.8601850574721635,-36347.448975460095
35.507937926261604,33.05174290850809,-0.4935849451279606,-0.09757824166408291,400.0,-1.2108,1.375,0.4,2.659,1.3,1126259642.413,41.249205742585076,-7.8601850574721635,-36340.09009496529
35.096068268042494,32.9949545921393,-0.3347615050525,-0.31284546289271414,400.0,-1.2108,1.375,0.4,2.659,1.3,1126259642.413,41.2495284172476,-7.8601850574721635,-36316.65052572185
37.03203019109639,30.91639218438893,0.00593929341807059,-0.7282841199864533,400.0,-1.2108,1.375,0.4,2.659,1.3,1126259642.413,41.249613079246615,-7.8601850574721635,-36387.066269092764
34.31130540023734,34.27290009534761,-0.6444720396347849,0.05578469716938539,400.0,-1.2108,1.375,0.4,2.659,1.3,1126259642.413,41.250929512385724,-7.8601850574721635,-36364.6397405758
35.471428747570684,32.93905441048799,0.08369024475948855,-0.7340294186447869,400.0,-1.2108,1.375,0.4,2.659,1.3,1126259642.413,41.25178542647279,-7.8601850574721635,-36299.02647809254
36.11073082447258,32.17271283599941,-0.30349227127971834,-0.334835786939765,400.0,-1.2108,1.375,0.4,2.659,1.3,1126259642.413,41.25309244814835,-7.8601850574721635,-36283.360367096044
35.412761630004944,32.90777274349193,-0.08910018084091753,-0.5301945254390561,400.0,-1.2108,1.375,0.4,2.659,1.3,1126259642.413,41.25321621482975,-7.8601850574721635,-36290.3548701976
34.74545545795066,32.67626154002065,-0.04257828805442432,-0.7193510238604901,400.0,-1.2108,1.375,0.4,2.659,1.3,1126259642.413,41.254173032868934,-7.8601850574721635,-36373.72427219649
37.932511893467954,30.64496174635506,-0.31709782428233657,-0.24201811462848155,400.0,-1.2108,1.375,0.4,2.659,1.3,1126259642.413,41.25426954207147,-7.8601850574721635,-36255.970352091565
36.10334964457883,32.798083303243175,-0.3945528055327102,-0.1405899856832734,400.0,-1.2108,1.375,0.4,2.659,1.3,1126259642.413,41.25469969580696,-7.8601850574721635,-36430.981076156815
36.122090306644154,32.23059281341274,-0.45920655023601326,-0.14605315672656605,400.0,-1.2108,1.375,0.4,2.659,1.3,1126259642.413,41.25477785174924,-7.8601850574721635,-36282.821787188775
36.5589611487321,31.288095562086358,-0.20151903032029184,-0.4918404634792939,400.0,-1.2108,1.375,0.4,2.659,1.3,1126259642.413,41.254818866564094,-7.8601850574721635,-36394.42590477201
35.310134347874005,32.64371741810733,-0.15917369164921438,-0.5306750427752648,400.0,-1.2108,1.375,0.4,2.659,1.3,1126259642.413,41.25535165776877,-7.8601850574721635,-36362.30562076399
34.50335516139572,33.36786416115579,-0.1720599032553468,-0.49625165048468023,400.0,-1.2108,1.375,0.4,2.659,1.3,1126259642.413,41.255381237056746,-7.8601850574721635,-36376.90565919896
34.60895966211393,33.3299371448135,0.03830528532235397,-0.7145336134516269,400.0,-1.2108,1.375,0.4,2.659,1.3,1126259642.413,41.2566054612163,-7.8601850574721635,-36359.44501250799
36.654195546703065,31.13490645317269,0.0255635909071385,-0.768423767726881,400.0,-1.2108,1.375,0.4,2.659,1.3,1126259642.413,41.25825915371996,-7.8601850574721635,-36391.21465349393
36.0770237909809,32.6679687959744,-0.48954073862281255,-0.05675251940029802,400.0,-1.2108,1.375,0.4,2.659,1.3,1126259642.413,41.25862312518822,-7.8601850574721635,-36386.11764801816
33.9210599640355,33.71323655776986,-0.09991313355204709,-0.589161659924291,400.0,-1.2108,1.375,0.4,2.659,1.3,1126259642.413,41.2590367859989,-7.8601850574721635,-36415.55968148964
34.22084236439691,33.470279118604644,-0.0352201574786824,-0.6712425493531836,400.0,-1.2108,1.375,0.4,2.659,1.3,1126259642.413,41.25974111419664,-7.8601850574721635,-36411.803445634905
35.412500215286215,32.618067230779005,-0.3800572975245815,-0.2761514625418272,400.0,-1.2108,1.375,0.4,2.659,1.3,1126259642.413,41.2597687321411,-7.8601850574721635,-36339.15738251173
35.07335030418191,32.851623046204416,-0.031791697982216205,-0.6693301499238988,400.0,-1.2108,1.375,0.4,2.659,1.3,1126259642.413,41.26201150219165,-7.8601850574721635,-36368.39673912205
36.29763131917162,31.83642393952812,0.07193206764506788,-0.751389623483548,400.0,-1.2108,1.375,0.4,2.659,1.3,1126259642.413,41.26304033172981,-7.8601850574721635,-36322.53778479315
37.23465711584153,30.935079221395423,-0.2970328618668845,-0.3408801782686167,400.0,-1.2108,1.375,0.4,2.659,1.3,1126259642.413,41.26440356148955,-7.8601850574721635,-36339.82205226038
34.29530070739455,34.09114521993848,-0.009078609927920422,-0.5986051463291242,400.0,-1.2108,1.375,0.4,2.659,1.3,1126259642.413,41.26506476761135,-7.8601850574721635,-36307.541845524385
36.263474425317106,32.02008465516458,-0.22783421814310473,-0.41695855975421175,400.0,-1.2108,1.375,0.4,2.659,1.3,1126259642.413,41.2651025058274,-7.8601850574721635,-36283.0108765864
34.15354298210938,33.393860368641946,-0.10580668860087361,-0.6095447091371273,400.0,-1.2108,1.375,0.4,2.659,1.3,1126259642.413,41.2652970899733,-7.8601850574721635,-36410.915398028614
36.42796662720711,31.846678745355295,-0.16063219285485042,-0.4952905895846067,400.0,-1.2108,1.375,0.4,2.659,1.3,1126259642.413,41.26579566708479,-7.8601850574721635,-36285.06798850622
35.493836889742475,32.332837192400866,-0.16753837508259076,-0.525203058880723,400.0,-1.2108,1.375,0.4,2.659,1.3,1126259642.413,41.26654763191921,-7.8601850574721635,-36396.91239195356
34.476800452896924,33.35662935292277,-0.3262983372601053,-0.3540376372195537,400.0,-1.2108,1.375,0.4,2.659,1.3,1126259642.413,41.266830386560514,-7.8601850574721635,-36387.301521453766
36.78478827565416,31.007864885967475,-0.11389818186724054,-0.603950122869313,400.0,-1.2108,1.375,0.4,2.659,1.3,1126259642.413,41.266920915170815,-7.8601850574721635,-36387.54463266299
35.90913224831319,31.940549519591308,-0.24743136367740648,-0.4374875069903813,400.0,-1.2108,1.375,0.4,2.659,1.3,1126259642.413,41.267968078501,-7.8601850574721635,-36395.95596185116
34.92999078658128,33.4526518937346,-0.35716696374366125,-0.23712410483261648,400.0,-1.2108,1.375,0.4,2.659,1.3,1126259642.413,41.269636303448145,-7.8601850574721635,-36302.02476985712
36.77255582883324,31.361199604559577,-0.2641152133328908,-0.39017455899081016,400.0,-1.2108,1.375,0.4,2.659,1.3,1126259642.413,41.26978643073262,-7.8601850574721635,-36336.49037720026
36.355171342206624,32.52271426309009,-0.373122987769857,-0.16448924112461064,400.0,-1.2108,1.375,0.4,2.659,1.3,1126259642.413,41.270456064868576,-7.8601850574721635,-36417.898917793624
35.557141138633845,32.83037598338759,-0.052301615429290904,-0.5902133297704278,400.0,-1.2108,1.375,0.4,2.659,1.3,1126259642.413,41.27083105454902,-7.8601850574721635,-36292.21044517912
36.78516901971546,31.011974883312686,-0.034856170147970766,-0.6968853408009603,400.0,-1.2108,1.375,0.4,2.659,1.3,1126259642.413,41.271376125248814,-7.8601850574721635,-36388.272274448835
37.572369845178095,30.32894691071317,-0.06409376957496898,-0.6511534126740697,400.0,-1.2108,1.375,0.4,2.659,1.3,1126259642.413,41.27213999661912,-7.8601850574721635,-36371.0076187986
37.42175843849307,31.554658171516955,-0.47396501017568893,-0.02844563126456834,400.0,-1.2108,1.375,0.4,2.659,1.3,1126259642.413,41.27451933766335,-7.8601850574721635,-36394.25022981155
34.513065930908375,33.539036162626296,-0.2688781311574015,-0.3780927968828637,400.0,-1.2108,1.375,0.4,2.659,1.3,1126259642.413,41.274832354421335,-7.8601850574721635,-36322.927066621356
35.9194299995523,32.96007019026656,-0.39911786152669226,-0.15721057470813304,400.0,-1.2108,1.375,0.4,2.659,1.3,1126259642.413,41.27638438798921,-7.8601850574721635,-36431.196913824475
35.911379754051666,31.98847529555094,0.0011425100734469562,-0.71556705152659,400.0,-1.2108,1.375,0.4,2.659,1.3,1126259642.413,41.27786646409584,-7.8601850574721635,-36384.68612312609
34.67603128159207,33.29920701013049,-0.25862513627957695,-0.40987021139178614,400.0,-1.2108,1.375,0.4,2.659,1.3,1126259642.413,41.278536477492075,-7.8601850574721635,-36348.19393097957
36.330827439580695,31.514589338196398,-0.07062344274511284,-0.6512696530957967,400.0,-1.2108,1.375,0.4,2.659,1.3,1126259642.413,41.27903842417089,-7.8601850574721635,-36395.41309720429
35.78264632914756,31.902132220668094,0.013921391210718087,-0.7503005842350143,400.0,-1.2108,1.375,0.4,2.659,1.3,1126259642.413,41.28043854531758,-7.8601850574721635,-36402.83636256674
34.130680260106715,33.87571273642851,-0.1327999874521155,-0.5127415663198915,400.0,-1.2108,1.375,0.4,2.659,1.3,1126259642.413,41.28111218892203,-7.8601850574721635,-36336.49891098892
34.57568954214233,34.10292218829583,-0.21630023299005527,-0.35384794639918254,400.0,-1.2108,1.375,0.4,2.659,1.3,1126259642.413,41.28185816723966,-7.8601850574721635,-36398.18652405312
34.443640402408754,33.61367126703898,-0.29679674258454614,-0.34829634523988323,400.0,-1.2108,1.375,0.4,2.659,1.3,1126259642.413,41.28334363872916,-7.8601850574721635,-36321.3657275798
35.88750328729402,32.940171587085,-0.6353303697171351,0.08607155250197429,400.0,-1.2108,1.375,0.4,2.659,1.3,1126259642.413,41.28412724176327,-7.8601850574721635,-36420.90824809352
34.42677581197937,33.38122016861652,-0.29348627784553855,-0.390868912848924,400.0,-1.2108,1.375,0.4,2.659,1.3,1126259642.413,41.284850610674,-7.8601850574721635,-36393.99013833884
36.26449627395764,31.77064254943473,-0.015420916203946894,-0.6681397979339296,400.0,-1.2108,1.375,0.4,2.659,1.3,1126259642.413,41.28524743431832,-7.8601850574721635,-36355.019392241076
35.30751964533725,33.235233107889854,-0.6385690351475098,0.05569695200898667,400.0,-1.2108,1.375,0.4,2.659,1.3,1126259642.413,41.28556555794114,-7.8601850574721635,-36339.83491280318
37.74950758956158,30.215078228819657,-0.10976287812775305,-0.5954005088473582,400.0,-1.2108,1.375,0.4,2.659,1.3,1126259642.413,41.28758162371032,-7.8601850574721635,-36372.11285228317
35.48638390858175,33.32564392365676,-0.7242607158745437,0.17657347622264086,400.0,-1.2108,1.375,0.4,2.659,1.3,1126259642.413,41.28908411360034,-7.8601850574721635,-36426.7717526702
34.31452202038894,33.45169879867237,-0.10541468955878092,-0.591595631386276,400.0,-1.2108,1.375,0.4,2.659,1.3,1126259642.413,41.28909787822593,-7.8601850574721635,-36403.3179852513
36.007240929475905,32.01356980235415,-0.13247254463308084,-0.5557311281335252,400.0,-1.2108,1.375,0.4,2.659,1.3,1126259642.413,41.28985688727616,-7.8601850574721635,-36353.633723757
37.837040492551715,30.48534300480275,0.07122462484842218,-0.7586433413724797,400.0,-1.2108,1.375,0.4,2.659,1.3,1126259642.413,41.29029684381589,-7.8601850574721635,-36311.428173199165
35.73404525543292,32.48546440851483,-0.15147462622806343,-0.4859946312555616,400.0,-1.2108,1.375,0.4,2.659,1.3,1126259642.413,41.292138863685494,-7.8601850574721635,-36290.128305388425
37.16087684348936,31.068493888758013,-0.35893808209105077,-0.2582218723864523,400.0,-1.2108,1.375,0.4,2.659,1.3,1126259642.413,41.29215952473551,-7.8601850574721635,-36316.71220032488
34.20155007052245,33.64829276961254,-0.2688300059715007,-0.4031780812698885,400.0,-1.2108,1.375,0.4,2.659,1.3,1126259642.413,41.293552424679476,-7.8601850574721635,-36381.56069700814
37.819337036157805,30.099473762803036,-0.048367190590504344,-0.6702188876984041,400.0,-1.2108,1.375,0.4,2.659,1.3,1126259642.413,41.294148021838204,-7.8601850574721635,-36360.09419919234
35.111247466731506,33.381315857720246,-0.4252840123372772,-0.17709822521165186,400.0,-1.2108,1.375,0.4,2.659,1.3,1126259642.413,41.297882648192626,-7.8601850574721635,-36327.99760864783
33.86932447337859,33.65236004101593,-0.15797836664144865,-0.5550806305123076,400.0,-1.2108,1.375,0.4,2.659,1.3,1126259642.413,41.29901873230814,-7.8601850574721635,-36407.47625775982
37.173387662780996,30.997520855764947,-0.057548474670735844,-0.6046789205040599,400.0,-1.2108,1.375,0.4,2.659,1.3,1126259642.413,41.29965163920566,-7.8601850574721635,-36337.52581008389
37.017379546958516,30.913930082475968,-0.0005661683119465577,-0.7210447897677661,400.0,-1.2108,1.375,0.4,2.659,1.3,1126259642.413,41.300275320413604,-7.8601850574721635,-36388.72115736262
35.01003742414185,32.91230098681479,-0.26677079623020983,-0.40163568645265624,400.0,-1.2108,1.375,0.4,2.659,1.3,1126259642.413,41.30087689553518,-7.8601850574721635,-36368.52964748968
35.56499219220126,32.345834121639825,-0.30569943987703385,-0.3661163235867723,400.0,-1.2108,1.375,0.4,2.659,1.3,1126259642.413,41.30197974087258,-7.8601850574721635,-36376.51119782259
36.04782062275573,31.83807155777903,-0.051952770299313694,-0.6664528068016653,400.0,-1.2108,1.375,0.4,2.659,1.3,1126259642.413,41.301984944131746,-7.8601850574721635,-36390.094728024
36.07273655414619,32.93699283335645,-0.6155147997959709,0.09400014955013902,400.0,-1.2108,1.375,0.4,2.659,1.3,1126259642.413,41.30231011324554,-7.8601850574721635,-36452.02502009488
35.684822543181035,32.43115731928086,-0.2673063466505425,-0.3888807882573734,400.0,-1.2108,1.375,0.4,2.659,1.3,1126259642.413,41.30297243043803,-7.8601850574721635,-36316.23818420738
35.43953133192881,32.48438525328324,-0.2943576723416691,-0.381639213812209,400.0,-1.2108,1.375,0.4,2.659,1.3,1126259642.413,41.304407283560366,-7.8601850574721635,-36373.925529605236
34.83572637082491,33.49550694972243,0.028031878094995577,-0.6412638789885245,400.0,-1.2108,1.375,0.4,2.659,1.3,1126259642.413,41.30582970734544,-7.8601850574721635,-36293.258566819204
34.944074694339626,33.83306039967524,-0.47366121838271913,-0.08619034914309681,400.0,-1.2108,1.375,0.4,2.659,1.3,1126259642.413,41.30606370072766,-7.8601850574721635,-36427.03004460593
37.30213461611512,30.831040872826932,-0.04518748404738243,-0.6439387663511237,400.0,-1.2108,1.375,0.4,2.659,1.3,1126259642.413,41.306282722674595,-7.8601850574721635,-36354.110340817475
35.07319903029503,33.08095350517209,-0.1681561778830624,-0.46386104366566483,400.0,-1.2108,1.375,0.4,2.659,1.3,1126259642.413,41.30666295602721,-7.8601850574721635,-36303.877831049984
34.13934912476245,33.48163291183897,-0.13228764759543843,-0.5787957518376488,400.0,-1.2108,1.375,0.4,2.659,1.3,1126259642.413,41.30735569471306,-7.8601850574721635,-36415.22710891776
35.78918544783946,32.15763898713215,-0.2987156992503831,-0.3734189864514216,400.0,-1.2108,1.375,0.4,2.659,1.3,1126259642.413,41.30756996610412,-7.8601850574721635,-36372.96299662453
36.13799327306476,31.70998514847862,-0.05878860665361385,-0.6630441038740702,400.0,-1.2108,1.375,0.4,2.659,1.3,1126259642.413,41.30813100317308,-7.8601850574721635,-36397.59156618589
36.501502277365596,31.971642757140916,-0.34597306089484214,-0.24422870725742998,400.0,-1.2108,1.375,0.4,2.659,1.3,1126259642.413,41.308267713487986,-7.8601850574721635,-36282.51038845519
37.345727811876465,30.649492317673143,-0.19753563241521657,-0.4774899514309149,400.0,-1.2108,1.375,0.4,2.659,1.3,1126259642.413,41.30829569749425,-7.8601850574721635,-36382.0457530534
35.24616012396792,33.30504285703365,-0.5041654377012603,-0.08676366691019088,400.0,-1.2108,1.375,0.4,2.659,1.3,1126259642.413,41.308681347172566,-7.8601850574721635,-36343.90201689492
35.73839734430466,32.997805620814226,-0.2439057815078277,-0.3383595390884947,400.0,-1.2108,1.375,0.4,2.659,1.3,1126259642.413,41.30981609141634,-7.8601850574721635,-36394.547585162545
37.51472796038096,30.725736375958014,-0.26783771431204734,-0.3629333663862074,400.0,-1.2108,1.375,0.4,2.659,1.3,1126259642.413,41.310196628755456,-7.8601850574721635,-36326.3448596397
34.36699189506595,33.19299298211419,-0.09590958089564633,-0.6279115602545373,400.0,-1.2108,1.375,0.4,2.659,1.3,1126259642.413,41.310389226699,-7.8601850574721635,-36411.5291765311
37.62860651630114,30.40407880532242,-0.1887753380242066,-0.4811449296995599,400.0,-1.2108,1.375,0.4,2.659,1.3,1126259642.413,41.312202370467034,-7.8601850574721635,-36377.91026471959
35.1469242838481,33.18068537556054,0.12634327379919652,-0.7794913526348679,400.0,-1.2108,1.375,0.4,2.659,1.3,1126259642.413,41.312929315142526,-7.8601850574721635,-36294.66226270855
35.82752866417112,32.29005545342387,-0.16402179458353977,-0.5079182613807534,400.0,-1.2108,1.375,0.4,2.659,1.3,1126259642.413,41.31755352538764,-7.8601850574721635,-36318.30547104035
35.35664010567564,33.058326614481416,-0.17636264670323565,-0.448254042538598,400.0,-1.2108,1.375,0.4,2.659,1.3,1126259642.413,41.31850300865388,-7.8601850574721635,-36302.22718049357
36.940588021556174,31.936358255755625,-0.5747230564865253,0.05861855429282681,400.0,-1.2108,1.375,0.4,2.659,1.3,1126259642.413,41.31864929503368,-7.8601850574721635,-36393.20528459257
34.09152814153951,33.4253466667148,-0.03785811008609574,-0.6855898675725813,400.0,-1.2108,1.375,0.4,2.659,1.3,1126259642.413,41.31962631081516,-7.8601850574721635,-36405.99036802107
35.88519891726083,33.067478708848675,-0.600816760516076,0.06819734183673382,400.0,-1.2108,1.375,0.4,2.659,1.3,1126259642.413,41.320198923347114,-7.8601850574721635,-36448.10246977624
36.25225746227649,32.54052121361218,-0.528594753251509,-0.009963349197080529,400.0,-1.2108,1.375,0.4,2.659,1.3,1126259642.413,41.320889568765956,-7.8601850574721635,-36393.34664235506
35.087081340623364,32.65290806378227,-0.08667220207735174,-0.6305305972206396,400.0,-1.2108,1.375,0.4,2.659,1.3,1126259642.413,41.321292459732874,-7.8601850574721635,-36406.5848774347
35.51529529571973,32.85444151604458,-0.2776389814120074,-0.34996167462657063,400.0,-1.2108,1.375,0.4,2.659,1.3,1126259642.413,41.32330018831781,-7.8601850574721635,-36290.00781645736
34.75044065436923,33.728731790314036,-0.44577405384633406,-0.15465061683206466,400.0,-1.2108,1.375,0.4,2.659,1.3,1126259642.413,41.32353085238299,-7.8601850574721635,-36329.44624593237
34.48372853492994,34.28932218458386,-0.645839506536402,0.08775803715073666,400.0,-1.2108,1.375,0.4,2.659,1.3,1126259642.413,41.323717332502,-7.8601850574721635,-36429.065877705514
35.663268269204714,32.832922786862106,-0.49174825983158194,-0.08868765862763844,400.0,-1.2108,1.375,0.4,2.659,1.3,1126259642.413,41.324074280079344,-7.8601850574721635,-36315.72970345732
36.43372234869622,31.486021378062294,-0.006840048642392599,-0.7018270736389745,400.0,-1.2108,1.375,0.4,2.659,1.3,1126259642.413,41.325102929579444,-7.8601850574721635,-36387.41541357335
35.91194439347225,32.34356494931959,0.0302269060396278,-0.7042356637373617,400.0,-1.2108,1.375,0.4,2.659,1.3,1126259642.413,41.32512340778019,-7.8601850574721635,-36285.99998559532
37.653611799925955,30.88839984036891,-0.3329577361700352,-0.24957062326563478,400.0,-1.2108,1.375,0.4,2.659,1.3,1126259642.413,41.32538091393721,-7.8601850574721635,-36260.755565745705
36.54615698604762,31.953673219348047,0.032562003974866915,-0.6699071892016712,400.0,-1.2108,1.375,0.4,2.659,1.3,1126259642.413,41.327860646070505,-7.8601850574721635,-36286.72272181343
37.92581850279469,30.263693635848725,-0.049774684310980255,-0.643267855254863,400.0,-1.2108,1.375,0.4,2.659,1.3,1126259642.413,41.328069559268684,-7.8601850574721635,-36354.51649983388
37.976116866397355,30.37819733553823,-0.10441037991823579,-0.5376145613190315,400.0,-1.2108,1.375,0.4,2.659,1.3,1126259642.413,41.32849277703123,-7.8601850574721635,-36306.44255590594
37.436486131557835,30.86490091283959,0.02214090244930253,-0.7029081029377541,400.0,-1.2108,1.375,0.4,2.659,1.3,1126259642.413,41.328863644912474,-7.8601850574721635,-36302.56026314473
36.14807139004487,32.66169639379948,-0.34401322968468157,-0.20339622181339345,400.0,-1.2108,1.375,0.4,2.659,1.3,1126259642.413,41.32898519769586,-7.8601850574721635,-36408.317513244736
34.18160609901708,33.548644580558104,-0.12106140950969776,-0.5739763400373507,400.0,-1.2108,1.375,0.4,2.659,1.3,1126259642.413,41.32907421608141,-7.8601850574721635,-36409.71518199956
35.34589741228892,32.585557905232214,-0.0673968674236666,-0.6343229245863071,400.0,-1.2108,1.375,0.4,2.659,1.3,1126259642.413,41.32963873038969,-7.8601850574721635,-36370.15424816628
37.456091503043034,30.488569040214482,0.03590797801433421,-0.7717907819188623,400.0,-1.2108,1.375,0.4,2.659,1.3,1126259642.413,41.32997778652211,-7.8601850574721635,-36380.20461585564
36.2749111460419,31.526651994755508,-0.06274415125642843,-0.6583246071609211,400.0,-1.2108,1.375,0.4,2.659,1.3,1126259642.413,41.33037921469424,-7.8601850574721635,-36398.56742543557
37.19481806360066,31.31382822720501,-0.12285045087262084,-0.5036899512758294,400.0,-1.2108,1.375,0.4,2.659,1.3,1126259642.413,41.330434593802224,-7.8601850574721635,-36265.14396422711
37.96015427540426,30.101813415450792,0.028201099234870297,-0.7463590621630046,400.0,-1.2108,1.375,0.4,2.659,1.3,1126259642.413,41.33049582771686,-7.8601850574721635,-36372.6959894919
34.59865078680852,34.230194682213984,-0.5583319148211493,0.01131848338687913,400.0,-1.2108,1.375,0.4,2.659,1.3,1126259642.413,41.3306176142825,-7.8601850574721635,-36439.97991485425
37.70061874530712,30.361045837169716,-0.1149625717921775,-0.572853769788576,400.0,-1.2108,1.375,0.4,2.659,1.3,1126259642.413,41.33149942101992,-7.8601850574721635,-36374.90961608469
38.52160595717056,30.27213623576911,-0.36374247584457875,-0.1652347670984559,400.0,-1.2108,1.375,0.4,2.659,1.3,1126259642.413,41.33318190385959,-7.8601850574721635,-36249.99809844745
35.96180502870986,32.48615400366383,-0.13218344861927195,-0.5014909541580409,400.0,-1.2108,1.375,0.4,2.659,1.3,1126259642.413,41.33386588816582,-7.8601850574721635,-36294.601798308504
35.9143308562099,32.41892273210827,-0.17638053147125662,-0.4628520567471691,400.0,-1.2108,1.375,0.4,2.659,1.3,1126259642.413,41.33426192384103,-7.8601850574721635,-36284.96684328845
34.4503786575278,33.829370963017716,-0.41321817455799564,-0.20164882603376305,400.0,-1.2108,1.375,0.4,2.659,1.3,1126259642.413,41.334553877929736,-7.8601850574721635,-36294.961832569315
36.277402981349155,31.683776617122003,-0.1561211382721831,-0.5335518009613757,400.0,-1.2108,1.375,0.4,2.659,1.3,1126259642.413,41.334577967574944,-7.8601850574721635,-36374.780830830816
35.22137768589155,32.67238636064602,-0.2656836272783195,-0.40943390506898614,400.0,-1.2108,1.375,0.4,2.659,1.3,1126259642.413,41.3352927883416,-7.8601850574721635,-36376.862975464224
37.746258965085666,30.196694162497355,0.03472930220916437,-0.7708302219185893,400.0,-1.2108,1.375,0.4,2.659,1.3,1126259642.413,41.33538752652915,-7.8601850574721635,-36369.158802087346
36.505282710791846,32.2453917068757,-0.3896197832732693,-0.18329833525978437,400.0,-1.2108,1.375,0.4,2.659,1.3,1126259642.413,41.335591241171045,-7.8601850574721635,-36369.67792840457
37.70241396897809,30.287404594593944,-0.08532033853497087,-0.6089458553612764,400.0,-1.2108,1.375,0.4,2.659,1.3,1126259642.413,41.33605036397163,-7.8601850574721635,-36375.60621099966
34.53952712887017,33.595520849536705,0.06437429664604755,-0.69951705192638,400.0,-1.2108,1.375,0.4,2.659,1.3,1126259642.413,41.33631022736153,-7.8601850574721635,-36305.53713456979
35.25637964724761,32.78837124158622,-0.21231808175674496,-0.4591686433678618,400.0,-1.2108,1.375,0.4,2.659,1.3,1126259642.413,41.33637672518946,-7.8601850574721635,-36332.82379092183
35.29182886014757,32.8807142868007,-0.2612876626563831,-0.37504898937310427,400.0,-1.2108,1.375,0.4,2.659,1.3,1126259642.413,41.33813796742705,-7.8601850574721635,-36301.503042422286
37.91003851756697,30.743270069062785,-0.27733648261734606,-0.27937837683461764,400.0,-1.2108,1.375,0.4,2.659,1.3,1126259642.413,41.339295551068304,-7.8601850574721635,-36257.425609181395
36.55445070118191,31.614280389653487,0.10041031354903934,-0.78668728588649,400.0,-1.2108,1.375,0.4,2.659,1.3,1126259642.413,41.340882119139486,-7.8601850574721635,-36317.92665160876
34.52930697984778,34.230437785260776,-0.4109799558418462,-0.14861921822979046,400.0,-1.2108,1.375,0.4,2.659,1.3,1126259642.413,41.341077146170804,-7.8601850574721635,-36425.88140500498
37.461421315303525,31.066052240587464,-0.433930928297089,-0.13258396129783673,400.0,-1.2108,1.375,0.4,2.659,1.3,1126259642.413,41.34200994704048,-7.8601850574721635,-36259.061159336205
35.05629672496246,32.68443338024802,-0.0771959667854425,-0.6372502331377621,400.0,-1.2108,1.375,0.4,2.659,1.3,1126259642.413,41.34252387161577,-7.8601850574721635,-36406.41573938183
36.80548289848247,31.74051492846918,-0.09932539185547726,-0.5105846358720544,400.0,-1.2108,1.375,0.4,2.659,1.3,1126259642.413,41.34260445066432,-7.8601850574721635,-36286.688793177964
36.63160989943307,31.979864464101908,-0.43077853792525145,-0.14951422666358127,400.0,-1.2108,1.375,0.4,2.659,1.3,1126259642.413,41.34302881496351,-7.8601850574721635,-36312.573760903506
34.64558105322935,33.62048074625841,-0.41670104465541646,-0.19986761435342928,400.0,-1.2108,1.375,0.4,2.659,1.3,1126259642.413,41.34346791497701,-7.8601850574721635,-36293.13432076808
35.05762082548489,33.00124147893066,-0.2620643981996815,-0.40044471368760975,400.0,-1.2108,1.375,0.4,2.659,1.3,1126259642.413,41.3443276449043,-7.8601850574721635,-36324.89053415862
35.7356998752274,32.43634735503095,-0.0320877650701642,-0.6265015838311854,400.0,-1.2108,1.375,0.4,2.659,1.3,1126259642.413,41.34435108281234,-7.8601850574721635,-36303.8532263982
34.394595485215696,33.64617894129588,-0.0148377822572624,-0.6306548197482271,400.0,-1.2108,1.375,0.4,2.659,1.3,1126259642.413,41.34478454428953,-7.8601850574721635,-36325.63338765996
35.94224207027227,32.38531737488429,-0.4196134312150439,-0.19673435410667933,400.0,-1.2108,1.375,0.4,2.659,1.3,1126259642.413,41.34513447109326,-7.8601850574721635,-36284.54669265372
36.262724701121606,32.13759061003905,0.03369218002667129,-0.6757691076533814,400.0,-1.2108,1.375,0.4,2.659,1.3,1126259642.413,41.346529406197796,-7.8601850574721635,-36278.37304557857
34.62150067265573,33.74873221455064,-0.4925147882529781,-0.09944581341776237,400.0,-1.2108,1.375,0.4,2.659,1.3,1126259642.413,41.34810953153998,-7.8601850574721635,-36302.468273957114
37.686493706265075,31.127987012974437,-0.35886177884947124,-0.18579026760094433,400.0,-1.2108,1.375,0.4,2.659,1.3,1126259642.413,41.34826453956196,-7.8601850574721635,-36314.32999004043
35.064195248309424,32.79525777215607,-0.25910377913773197,-0.4195473335412763,400.0,-1.2108,1.375,0.4,2.659,1.3,1126259642.413,41.34931972049251,-7.8601850574721635,-36384.96093554555
35.095093431496494,32.955793738778326,-0.054125327683561916,-0.6094722052653159,400.0,-1.2108,1.375,0.4,2.659,1.3,1126259642.413,41.34996305188088,-7.8601850574721635,-36327.4869135527
36.03432289060608,32.15826008780471,-0.007415197044130378,-0.6756993542820245,400.0,-1.2108,1.375,0.4,2.659,1.3,1126259642.413,41.35003919406954,-7.8601850574721635,-36301.93246915908
38.48197589187923,30.188823868869953,-0.3452695253765111,-0.20342246285916052,400.0,-1.2108,1.375,0.4,2.659,1.3,1126259642.413,41.351668657988796,-7.8601850574721635,-36245.33083475031
38.02731400641847,30.28261017964017,-0.2574211242723535,-0.355956635322265,400.0,-1.2108,1.375,0.4,2.659,1.3,1126259642.413,41.35168398611523,-7.8601850574721635,-36324.37482781557
37.158394578587576,31.32540255413288,-0.46540610691834294,-0.09851482038027987,400.0,-1.2108,1.375,0.4,2.659,1.3,1126259642.413,41.353674452048246,-7.8601850574721635,-36263.91476137989
34.02503618068267,33.698485217314186,0.0025450057417824856,-0.6904218012189893,400.0,-1.2108,1.375,0.4,2.659,1.3,1126259642.413,41.354702859812775,-7.8601850574721635,-36407.29179490321
34.53547739197922,33.21498211070205,-0.1486201483833905,-0.5490151895077519,400.0,-1.2108,1.375,0.4,2.659,1.3,1126259642.413,41.35561105392521,-7.8601850574721635,-36406.945784143376
36.08682780183819,32.3845092486644,-0.12255500129502904,-0.5108460793230134,400.0,-1.2108,1.375,0.4,2.659,1.3,1126259642.413,41.35705315855402,-7.8601850574721635,-36296.244134057866
37.79117608823378,30.89473765947374,-0.5028370447625604,-0.02180540129806785,400.0,-1.2108,1.375,0.4,2.659,1.3,1126259642.413,41.357985402872124,-7.8601850574721635,-36269.646780625284
36.36251194138328,32.085658546909,-0.44067256915003017,-0.14167381282214836,400.0,-1.2108,1.375,0.4,2.659,1.3,1126259642.413,41.35844818054204,-7.8601850574721635,-36282.76097947254
36.57147017005113,31.81496674862344,0.12767084166882725,-0.7941896516693616,400.0,-1.2108,1.375,0.4,2.659,1.3,1126259642.413,41.35907944751625,-7.8601850574721635,-36276.718863395865
33.974520764970976,33.96613140177284,-0.2583286046870021,-0.397333348500174,400.0,-1.2108,1.375,0.4,2.659,1.3,1126259642.413,41.35917090547537,-7.8601850574721635,-36356.436085290625
37.87297279071496,30.307033295035197,-0.21732580263669776,-0.4204026448567869,400.0,-1.2108,1.375,0.4,2.659,1.3,1126259642.413,41.35965283363213,-7.8601850574721635,-36355.488795639714
35.475252325412654,33.103276978376506,-0.15048153016221855,-0.4507679487084521,400.0,-1.2108,1.375,0.4,2.659,1.3,1126259642.413,41.36017172303035,-7.8601850574721635,-36347.00334737804
34.45911597898465,33.63370945622247,0.057374165010945444,-0.6940717286293201,400.0,-1.2108,1.375,0.4,2.659,1.3,1126259642.413,41.36033302174447,-7.8601850574721635,-36313.328283446426
34.03396809442031,33.82844394103684,0.005144450950746782,-0.6671356014498155,400.0,-1.2108,1.375,0.4,2.659,1.3,1126259642.413,41.360716978134995,-7.8601850574721635,-36377.875485530225
38.17560525464684,30.101403747161612,-0.2893425255154859,-0.3206317419511383,400.0,-1.2108,1.375,0.4,2.659,1.3,1126259642.413,41.360723762537944,-7.8601850574721635,-36341.54684001804
35.37189272910416,33.18585099981417,-0.05661198397686626,-0.5508504012905722,400.0,-1.2108,1.375,0.4,2.659,1.3,1126259642.413,41.36080157874347,-7.8601850574721635,-36343.09088797944
34.74840994698769,33.117680280661695,-0.18466356375951784,-0.5000100145603231,400.0,-1.2108,1.375,0.4,2.659,1.3,1126259642.413,41.36111795561028,-7.8601850574721635,-36380.06106132434
34.30972869772998,34.29982664142073,-0.6109221046883074,0.02709468262526249,400.0,-1.2108,1.375,0.4,2.659,1.3,1126259642.413,41.362300519357305,-7.8601850574721635,-36378.18823973004
37.452308661582556,31.550663624475728,-0.5004343236177486,0.00012927054953509876,400.0,-1.2108,1.375,0.4,2.659,1.3,1126259642.413,41.36244349327414,-7.8601850574721635,-36399.018496177625
37.499636425383805,31.056759201282112,-0.4187134574950664,-0.14499297959891555,400.0,-1.2108,1.375,0.4,2.659,1.3,1126259642.413,41.36364087347713,-7.8601850574721635,-36260.49636234117
37.3043826281485,30.716878213234562,-0.13657759453287993,-0.5444801423063064,400.0,-1.2108,1.375,0.4,2.659,1.3,1126259642.413,41.364013817045596,-7.8601850574721635,-36378.31925982093
35.974840304805575,32.11142041035859,-0.13177208463054207,-0.5485056262899282,400.0,-1.2108,1.375,0.4,2.659,1.3,1126259642.413,41.364731350930896,-7.8601850574721635,-36331.8762689452
36.87980191094429,32.04468949663947,-0.5491220994147237,0.028703337693692266,400.0,-1.2108,1.375,0.4,2.659,1.3,1126259642.413,41.36527846914663,-7.8601850574721635,-36408.46203684686
37.27357551034701,31.673501673148486,-0.4750762724917844,-0.03364349746250739,400.0,-1.2108,1.375,0.4,2.659,1.3,1126259642.413,41.36601135523526,-7.8601850574721635,-36394.89657165772
35.81180474835327,32.14601350278717,-0.21789355802664664,-0.46254427752314287,400.0,-1.2108,1.375,0.4,2.659,1.3,1126259642.413,41.36622875570119,-7.8601850574721635,-36369.96765101466
37.478087703773554,30.997650428061753,-0.45648045697236567,-0.10401285223111084,400.0,-1.2108,1.375,0.4,2.659,1.3,1126259642.413,41.36907717596008,-7.8601850574721635,-36264.20653242675
34.13911862125884,33.881036167792445,-0.06869019644675048,-0.5866444636069812,400.0,-1.2108,1.375,0.4,2.659,1.3,1126259642.413,41.36969350599847,-7.8601850574721635,-36330.899198424566
34.69056720742732,33.09631595541691,-0.054306926890614726,-0.6474090152351204,400.0,-1.2108,1.375,0.4,2.659,1.3,1126259642.413,41.37074862186474,-7.8601850574721635,-36400.173952401135
34.9715091725036,33.45138386603872,0.04563031738730472,-0.656168836939071,400.0,-1.2108,1.375,0.4,2.659,1.3,1126259642.413,41.37395067959076,-7.8601850574721635,-36310.9599229172
36.057239904919804,32.093582307134405,-0.08457738834629921,-0.5919062306809901,400.0,-1.2108,1.375,0.4,2.659,1.3,1126259642.413,41.37412263783289,-7.8601850574721635,-36312.882631691544
35.16464971876422,32.746103686866654,0.09103539620727855,-0.7991020670022064,400.0,-1.2108,1.375,0.4,2.659,1.3,1126259642.413,41.37525034979377,-7.8601850574721635,-36374.09594901864
36.32091755462506,32.275253186188095,-0.48608317321930383,-0.0925601395658962,400.0,-1.2108,1.375,0.4,2.659,1.3,1126259642.413,41.377110171876154,-7.8601850574721635,-36322.22262264579
35.550004446307746,32.484794811772204,-0.13281814194899808,-0.5488463397001663,400.0,-1.2108,1.375,0.4,2.659,1.3,1126259642.413,41.37717905057554,-7.8601850574721635,-36340.0348165316
34.54567000743313,33.4781052391775,-0.20141016423207045,-0.4542682628807862,400.0,-1.2108,1.375,0.4,2.659,1.3,1126259642.413,41.37736363642859,-7.8601850574721635,-36331.188538726725
36.97838499676204,31.116683722766304,0.03400638842218165,-0.7443861864724373,400.0,-1.2108,1.375,0.4,2.659,1.3,1126259642.413,41.37950988337632,-7.8601850574721635,-36355.88398955664
37.91858854345553,30.14375698823483,-0.14484860937737518,-0.5307615576696955,400.0,-1.2108,1.375,0.4,2.659,1.3,1126259642.413,41.37975066783498,-7.8601850574721635,-36373.32344923176
33.91879241846771,33.74447563188319,-0.06465804936753108,-0.6263846619372457,400.0,-1.2108,1.375,0.4,2.659,1.3,1126259642.413,41.38171248715754,-7.8601850574721635,-36414.495482465696
37.72393046043374,30.51083316603468,-0.2773467621515045,-0.34777639608923044,400.0,-1.2108,1.375,0.4,2.659,1.3,1126259642.413,41.38288207028447,-7.8601850574721635,-36336.7641595693
34.48364911179818,33.79677990302816,-0.38706500311602954,-0.23074044641909328,400.0,-1.2108,1.375,0.4,2.659,1.3,1126259642.413,41.38315975309655,-7.8601850574721635,-36294.48594507985
35.284798812645654,33.154875094804126,-0.473080176090957,-0.11467810314021387,400.0,-1.2108,1.375,0.4,2.659,1.3,1126259642.413,41.38351620947956,-7.8601850574721635,-36309.87212628022
37.56588765259435,30.984523232055075,-0.17614296653374878,-0.43385755243428525,400.0,-1.2108,1.375,0.4,2.659,1.3,1126259642.413,41.383972204423145,-7.8601850574721635,-36257.57911296595
37.268046840394845,31.455098051597833,-0.4932169557836646,-0.05008196688999983,400.0,-1.2108,1.375,0.4,2.659,1.3,1126259642.413,41.38503048635181,-7.8601850574721635,-36312.383989255526
35.55676358533014,32.72049829543623,0.11415534382729173,-0.7845475360785068,400.0,-1.2108,1.375,0.4,2.659,1.3,1126259642.413,41.38523119444291,-7.8601850574721635,-36287.232416728424
35.88050963210108,32.00936108965424,-0.049456754988974366,-0.6617472705083298,400.0,-1.2108,1.375,0.4,2.659,1.3,1126259642.413,41.38595935349202,-7.8601850574721635,-36386.65832010545
35.134301417422165,32.92042395565545,-0.06585551408143242,-0.6120256481010491,400.0,-1.2108,1.375,0.4,2.659,1.3,1126259642.413,41.386007878633905,-7.8601850574721635,-36326.80231069438
34.28074308096267,34.13521826854862,-0.33590464475390763,-0.26843633260270644,400.0,-1.2108,1.375,0.4,2.659,1.3,1126259642.413,41.38728343442369,-7.8601850574721635,-36314.736153556216
36.18467901921019,32.14728127841455,-0.021920384808141458,-0.6219519150342148,400.0,-1.2108,1.375,0.4,2.659,1.3,1126259642.413,41.38811540506554,-7.8601850574721635,-36281.20217109909
36.02661415793197,32.45486781029924,0.13038619554027014,-0.7761585903262735,400.0,-1.2108,1.375,0.4,2.659,1.3,1126259642.413,41.38859984343677,-7.8601850574721635,-36300.77779345553
36.93960774589691,31.309223360997652,-0.2959993340898033,-0.3348542894170749,400.0,-1.2108,1.375,0.4,2.659,1.3,1126259642.413,41.38891308311301,-7.8601850574721635,-36303.835507696196
34.89546371854806,33.90800875501491,-0.6014636783465913,0.048930436384032105,400.0,-1.2108,1.375,0.4,2.659,1.3,1126259642.413,41.390704350231985,-7.8601850574721635,-36433.29736837825
37.53685668775751,31.241993335050985,-0.2949988476718597,-0.2525532132501471,400.0,-1.2108,1.375,0.4,2.659,1.3,1126259642.413,41.39075718071578,-7.8601850574721635,-36312.693541735156
36.964684449381934,31.17487787311192,0.019500817426519074,-0.7173160327343564,400.0,-1.2108,1.375,0.4,2.659,1.3,1126259642.413,41.39078246372071,-7.8601850574721635,-36340.60181350996
36.958036204927026,30.896846863610925,0.022730735771886945,-0.758162607382854,400.0,-1.2108,1.375,0.4,2.659,1.3,1126259642.413,41.39180479796906,-7.8601850574721635,-36388.43572420342
34.45929808585559,33.82872485513801,0.14247148267753362,-0.7529646243217951,400.0,-1.2108,1.375,0.4,2.659,1.3,1126259642.413,41.39257159339785,-7.8601850574721635,-36295.36352092505
37.48692203336426,31.326620745306176,-0.4639304338575759,-0.058523265711797556,400.0,-1.2108,1.375,0.4,2.659,1.3,1126259642.413,41.39398075846643,-7.8601850574721635,-36332.75953671179
34.498375660196324,33.45225743457253,0.09445625539234004,-0.7780358284758545,400.0,-1.2108,1.375,0.4,2.659,1.3,1126259642.413,41.39431944172052,-7.8601850574721635,-36354.89352373826
34.86074554446528,33.87932441713128,-0.4521930503774638,-0.09370288989460424,400.0,-1.2108,1.375,0.4,2.659,1.3,1126259642.413,41.39516901302884,-7.8601850574721635,-36419.09490422978
37.64037718715375,30.972619534582318,-0.3981578309921703,-0.14558208457425953,400.0,-1.2108,1.375,0.4,2.659,1.3,1126259642.413,41.39535439368497,-7.8601850574721635,-36262.68435788716
35.42886143570998,32.984793314090325,-0.407600659700702,-0.18535818471404608,400.0,-1.2108,1.375,0.4,2.659,1.3,1126259642.413,41.39540882847017,-7.8601850574721635,-36300.50006396554
35.1150154303996,33.12511939990683,-0.26831152618945875,-0.37174362776008196,400.0,-1.2108,1.375,0.4,2.659,1.3,1126259642.413,41.39547365906979,-7.8601850574721635,-36289.84189294569
34.381778914794474,34.28403347614236,-0.4485767490646483,-0.12065981261867365,400.0,-1.2108,1.375,0.4,2.659,1.3,1126259642.413,41.396594896454985,-7.8601850574721635,-36395.08647661321
35.27456957298593,32.568008516851066,-0.04782950218620258,-0.6554243882872425,400.0,-1.2108,1.375,0.4,2.659,1.3,1126259642.413,41.39679200148224,-7.8601850574721635,-36391.39160728167
35.01919593536665,32.91398340752019,-0.04834528679345382,-0.6382876609259635,400.0,-1.2108,1.375,0.4,2.659,1.3,1126259642.413,41.396989748885396,-7.8601850574721635,-36365.220790880354
36.507452212235584,32.486447872718735,-0.6060156093380227,0.0952194321193971,400.0,-1.2108,1.375,0.4,2.659,1.3,1126259642.413,41.397331116225786,-7.8601850574721635,-36439.054698250766
34.413754978906496,34.09210780812519,0.12142281247574366,-0.7097597379338638,400.0,-1.2108,1.375,0.4,2.659,1.3,1126259642.413,41.397563597672885,-7.8601850574721635,-36340.46815582327
36.078282320362824,32.37932509731361,-0.43731088525548456,-0.14780318129535291,400.0,-1.2108,1.375,0.4,2.659,1.3,1126259642.413,41.398017396060226,-7.8601850574721635,-36293.58232794915
34.61037003948789,33.258069440930385,-0.1858583327001498,-0.488620382410044,400.0,-1.2108,1.375,0.4,2.659,1.3,1126259642.413,41.39942628488127,-7.8601850574721635,-36378.255790802425
35.805127451734926,32.6312641164816,-0.06846836440305101,-0.5707646649184503,400.0,-1.2108,1.375,0.4,2.659,1.3,1126259642.413,41.39981918274724,-7.8601850574721635,-36296.62465992705
37.15434370536696,30.76648425626975,-0.05114267826995886,-0.6606284081642559,400.0,-1.2108,1.375,0.4,2.659,1.3,1126259642.413,41.400394533448576,-7.8601850574721635,-36385.61456820849
34.48677721468732,33.393769635850894,0.02065187328452539,-0.7093291421744663,400.0,-1.2108,1.375,0.4,2.659,1.3,1126259642.413,41.4014981494182,-7.8601850574721635,-36377.15644056485
34.84330850889401,32.92153771448701,-0.10909255739594112,-0.5885259608117986,400.0,-1.2108,1.375,0.4,2.659,1.3,1126259642.413,41.402002541497936,-7.8601850574721635,-36405.57956656415
34.31549529828759,33.797606276616634,-0.2839566693729504,-0.34332762797737665,400.0,-1.2108,1.375,0.4,2.659,1.3,1126259642.413,41.402119903694135,-7.8601850574721635,-36309.07661621675
35.376473628919534,32.47975968863727,-0.10746485411616319,-0.5957009549023552,400.0,-1.2108,1.375,0.4,2.659,1.3,1126259642.413,41.40278176001884,-7.8601850574721635,-36388.82515957014
37.53498012549361,31.188584850511642,-0.5650582594444921,0.047229806440705735,400.0,-1.2108,1.375,0.4,2.659,1.3,1126259642.413,41.40319713615937,-7.8601850574721635,-36295.091649964335
38.34734695209466,30.23657865116019,-0.2117582818690632,-0.38730601852790963,400.0,-1.2108,1.375,0.4,2.659,1.3,1126259642.413,41.40412198155653,-7.8601850574721635,-36252.873816465726
36.44717528593438,31.801448344119557,-0.12049908794762237,-0.5426301760550518,400.0,-1.2108,1.375,0.4,2.659,1.3,1126259642.413,41.40590132627799,-7.8601850574721635,-36295.18270617756
37.428787376593434,30.753478160212747,-0.00012426327038231322,-0.6952763655032075,400.0,-1.2108,1.375,0.4,2.659,1.3,1126259642.413,41.40639673695811,-7.8601850574721635,-36342.797388406696
36.1546785256265,32.69499403943068,-0.7051359773999439,0.1724101899932693,400.0,-1.2108,1.375,0.4,2.659,1.3,1126259642.413,41.407182430333954,-7.8601850574721635,-36418.03308280792
34.73052178264527,33.69528691199904,-0.3075187463700403,-0.2985276355399764,400.0,-1.2108,1.375,0.4,2.659,1.3,1126259642.413,41.40737160432195,-7.8601850574721635,-36314.60523304135
36.994363888900885,31.082387022276436,-0.22035699471638256,-0.44131201576514634,400.0,-1.2108,1.375,0.4,2.659,1.3,1126259642.413,41.40770141776072,-7.8601850574721635,-36362.07930071567
35.135380907213694,33.12079740727722,-0.36870350744168545,-0.2532575493394671,400.0,-1.2108,1.375,0.4,2.659,1.3,1126259642.413,41.40775210290112,-7.8601850574721635,-36289.835084513135
35.0231851845093,33.43041666695516,-0.028168438490540237,-0.5932208024611375,400.0,-1.2108,1.375,0.4,2.659,1.3,1126259642.413,41.408631240251474,-7.8601850574721635,-36318.216529240795
36.13103628831695,32.65827148624806,-0.42334719222044503,-0.12632791766769283,400.0,-1.2108,1.375,0.4,2.659,1.3,1126259642.413,41.409014543974536,-7.8601850574721635,-36396.96823750693
34.75784010893318,33.19056855770598,0.03454594298614749,-0.7188961740189699,400.0,-1.2108,1.375,0.4,2.659,1.3,1126259642.413,41.40916093090745,-7.8601850574721635,-36357.39404957774
34.926923985769534,33.84483188840512,-0.44175375546423584,-0.10246655572217561,400.0,-1.2108,1.375,0.4,2.659,1.3,1126259642.413,41.40964284292117,-7.8601850574721635,-36426.22315446413
37.91692269721591,30.170703345375717,-0.14220965899870888,-0.5317263816483708,400.0,-1.2108,1.375,0.4,2.659,1.3,1126259642.413,41.41033242873688,-7.8601850574721635,-36372.15825715512
38.32765511663055,30.170331134601195,-0.19076327460601492,-0.40992014814947436,400.0,-1.2108,1.375,0.4,2.659,1.3,1126259642.413,41.41033761727617,-7.8601850574721635,-36275.690324680334
37.900182681448335,30.767661154504314,-0.4150470811073508,-0.12846727772769406,400.0,-1.2108,1.375,0.4,2.659,1.3,1126259642.413,41.41136961763122,-7.8601850574721635,-36260.07489873444
35.78509814992648,32.32735189289157,-0.08536897038830585,-0.574349944863338,400.0,-1.2108,1.375,0.4,2.659,1.3,1126259642.413,41.41205424886849,-7.8601850574721635,-36319.0854295476
34.282287949882694,33.87045583793761,-0.2880900099298652,-0.335101540828964,400.0,-1.2108,1.375,0.4,2.659,1.3,1126259642.413,41.412664942596884,-7.8601850574721635,-36303.05510347419
35.50662865357304,32.37781269062225,-0.08042894711890919,-0.6243706914812486,400.0,-1.2108,1.375,0.4,2.659,1.3,1126259642.413,41.41278246044083,-7.8601850574721635,-36383.21037515255
36.43123879501331,32.137959975576685,-0.21984325363752905,-0.39211002475569845,400.0,-1.2108,1.375,0.4,2.659,1.3,1126259642.413,41.41290637848584,-7.8601850574721635,-36308.985118934484
34.422772903516396,34.12983035668081,0.0024314783194642198,-0.5756706712641645,400.0,-1.2108,1.375,0.4,2.659,1.3,1126259642.413,41.413860050311314,-7.8601850574721635,-36354.66145767824
35.10193288727507,32.809873226863964,0.003945144365667896,-0.7062690535401073,400.0,-1.2108,1.375,0.4,2.659,1.3,1126259642.413,41.41460292378151,-7.8601850574721635,-36372.94222380364
36.59803119045655,31.900690192479214,-0.12011039400584882,-0.505311951678297,400.0,-1.2108,1.375,0.4,2.659,1.3,1126259642.413,41.415697621761375,-7.8601850574721635,-36284.13582153442
34.85838776724447,33.056385327790316,-0.013231422228871692,-0.6740521609099882,400.0,-1.2108,1.375,0.4,2.659,1.3,1126259642.413,41.41628848623008,-7.8601850574721635,-36369.10759286621
37.524444005154955,30.726950059787768,-0.3107030374820259,-0.29691418086133614,400.0,-1.2108,1.375,0.4,2.659,1.3,1126259642.413,41.41735791624186,-7.8601850574721635,-36323.15402367507
35.0748965798138,33.484302858598014,0.05305152341909414,-0.6534207635579348,400.0,-1.2108,1.375,0.4,2.659,1.3,1126259642.413,41.4173733607021,-7.8601850574721635,-36349.979038011435
38.56604695818832,30.1227597332257,-0.3658874737992205,-0.1720831086306043,400.0,-1.2108,1.375,0.4,2.659,1.3,1126259642.413,41.418439006088825,-7.8601850574721635,-36237.36553597496
37.69330310605587,30.65540174585961,-0.3628018335776489,-0.22882106219530451,400.0,-1.2108,1.375,0.4,2.659,1.3,1126259642.413,41.42039730903056,-7.8601850574721635,-36297.25372422164
34.31354577728279,33.868779908140084,0.08950116963466093,-0.7283584696338576,400.0,-1.2108,1.375,0.4,2.659,1.3,1126259642.413,41.42040421356629,-7.8601850574721635,-36294.033131035525
35.26567776262924,33.23670122310186,0.13886939481073365,-0.760363696738307,400.0,-1.2108,1.375,0.4,2.659,1.3,1126259642.413,41.42050840791546,-7.8601850574721635,-36328.077113893916
36.95274330950601,30.976158507433723,-0.09755117478668948,-0.6045876278447843,400.0,-1.2108,1.375,0.4,2.659,1.3,1126259642.413,41.42115044555196,-7.8601850574721635,-36389.14580064533
37.317192514920656,30.781439899108417,0.04362873310709292,-0.7405894552621993,400.0,-1.2108,1.375,0.4,2.659,1.3,1126259642.413,41.42134675719135,-7.8601850574721635,-36361.62657093969
38.11725250796483,30.57596141820181,-0.3119165009726578,-0.24647335238689397,400.0,-1.2108,1.375,0.4,2.659,1.3,1126259642.413,41.42142839850035,-7.8601850574721635,-36253.74854079253
36.69174801724452,31.39830866342473,0.07018306510195932,-0.7834946692730136,400.0,-1.2108,1.375,0.4,2.659,1.3,1126259642.413,41.4214641313,-7.8601850574721635,-36348.79477556763
37.83338704228063,30.378170980488473,-0.20086287459310356,-0.4388822493412965,400.0,-1.2108,1.375,0.4,2.659,1.3,1126259642.413,41.42166152402053,-7.8601850574721635,-36348.48148074884
36.06106042223588,31.926423082760014,-0.11037046997009253,-0.5720823109525954,400.0,-1.2108,1.375,0.4,2.659,1.3,1126259642.413,41.42170268067002,-7.8601850574721635,-36365.788704879866
35.090380533619,32.83517312649314,-0.0018550269064632474,-0.6975519553917435,400.0,-1.2108,1.375,0.4,2.659,1.3,1126259642.413,41.42194195221458,-7.8601850574721635,-36368.434683941225
34.22646432853784,34.03665234810938,0.008702032973029072,-0.6320433527796798,400.0,-1.2108,1.375,0.4,2.659,1.3,1126259642.413,41.42208665314454,-7.8601850574721635,-36294.16058955398
34.234727397475886,33.960000920335034,-0.26172666528430777,-0.3452145815651555,400.0,-1.2108,1.375,0.4,2.659,1.3,1126259642.413,41.42241191083379,-7.8601850574721635,-36293.20792153037
34.34160943246112,33.540558191438166,-0.10931788102577852,-0.5596284151522906,400.0,-1.2108,1.375,0.4,2.659,1.3,1126259642.413,41.42266175390669,-7.8601850574721635,-36375.63337154231
35.46925679274208,33.08341202585195,-0.5643702040864644,-0.015621832925351908,400.0,-1.2108,1.375,0.4,2.659,1.3,1126259642.413,41.42284443490535,-7.8601850574721635,-36338.96974243853
37.793329911069115,30.491119427957713,-0.2840873957820376,-0.33302975529431417,400.0,-1.2108,1.375,0.4,2.659,1.3,1126259642.413,41.42313232891642,-7.8601850574721635,-36322.891402200585
34.307361350442,33.66821630766377,-0.10493772356341702,-0.5584251264146358,400.0,-1.2108,1.375,0.4,2.659,1.3,1126259642.413,41.423819727009594,-7.8601850574721635,-36346.13814700353
35.90167443237361,32.29195723212478,-0.16396502440975574,-0.4778742492715403,400.0,-1.2108,1.375,0.4,2.659,1.3,1126259642.413,41.423871359684554,-7.8601850574721635,-36300.60143462695
35.44518478157796,33.44147554412567,-0.5162234798575325,-0.020142102451047417,400.0,-1.2108,1.375,0.4,2.659,1.3,1126259642.413,41.425553017214035,-7.8601850574721635,-36442.59291777043
37.28048456816292,31.54418725655123,-0.6015658949574877,0.0914974355652351,400.0,-1.2108,1.375,0.4,2.659,1.3,1126259642.413,41.426289846736225,-7.8601850574721635,-36350.549535194405
37.665674914951495,30.383343419888476,-0.1571011796494093,-0.514631237940361,400.0,-1.2108,1.375,0.4,2.659,1.3,1126259642.413,41.42765480484147,-7.8601850574721635,-36376.05761223071
34.9770833553017,32.90823320111177,0.03478735165399227,-0.7389338310633938,400.0,-1.2108,1.375,0.4,2.659,1.3,1126259642.413,41.42807113418075,-7.8601850574721635,-36376.48558698283
36.052890238379746,32.18380924549173,-0.33545145391803766,-0.29967767590203154,400.0,-1.2108,1.375,0.4,2.659,1.3,1126259642.413,41.42865669480086,-7.8601850574721635,-36295.02235456444
35.31621318916944,32.71218819637437,0.026074837200916495,-0.7074454887629569,400.0,-1.2108,1.375,0.4,2.659,1.3,1126259642.413,41.42915654734399,-7.8601850574721635,-36338.4420074753
35.00363079748094,33.85583102750961,-0.5146959233634066,-0.027241209753548656,400.0,-1.2108,1.375,0.4,2.659,1.3,1126259642.413,41.42984779612388,-7.8601850574721635,-36443.07181533306
35.88597046316282,32.506209731502295,0.07312101502468221,-0.7143080975227384,400.0,-1.2108,1.375,0.4,2.659,1.3,1126259642.413,41.43020101519563,-7.8601850574721635,-36285.69907547137
35.82013427060386,32.450647170793864,-0.36481087626942027,-0.2581925491311194,400.0,-1.2108,1.375,0.4,2.659,1.3,1126259642.413,41.43100274359677,-7.8601850574721635,-36285.703814691195
34.35433323327334,34.04088118478523,-0.6013875964102527,0.0042823006471161,400.0,-1.2108,1.375,0.4,2.659,1.3,1126259642.413,41.431687964388516,-7.8601850574721635,-36309.2591931447
37.85854820106722,30.32799854278092,-0.0903576635203003,-0.5743680770642484,400.0,-1.2108,1.375,0.4,2.659,1.3,1126259642.413,41.43462836237015,-7.8601850574721635,-36356.74862218192
36.34346909725816,32.51702924997872,-0.6064762711039371,0.0764755748260662,400.0,-1.2108,1.375,0.4,2.659,1.3,1126259642.413,41.43486882225568,-7.8601850574721635,-36414.20559866645
38.1031719503236,30.56185070312122,-0.3045855544332204,-0.24400150094213188,400.0,-1.2108,1.375,0.4,2.659,1.3,1126259642.413,41.43493702902119,-7.8601850574721635,-36250.37702429075
35.835278087724724,32.091308286130804,0.02073999478938171,-0.7357604052075741,400.0,-1.2108,1.375,0.4,2.659,1.3,1126259642.413,41.43600172179665,-7.8601850574721635,-36376.378363155396
35.1321923661689,33.10661933658765,-0.03725418294196878,-0.5913062024300868,400.0,-1.2108,1.375,0.4,2.659,1.3,1126259642.413,41.43616063929228,-7.8601850574721635,-36290.099826670805
34.40022748817043,33.859942506483954,0.04295953004618788,-0.6742148761575766,400.0,-1.2108,1.375,0.4,2.659,1.3,1126259642.413,41.436639943774864,-7.8601850574721635,-36293.836134796125
34.541361669796835,33.47523308096488,0.11906336119623243,-0.7932507606960632,400.0,-1.2108,1.375,0.4,2.659,1.3,1126259642.413,41.43690055588461,-7.8601850574721635,-36334.92783193507
35.224456592142424,32.858149005158474,0.10280067667073317,-0.7728479155838647,400.0,-1.2108,1.375,0.4,2.659,1.3,1126259642.413,41.43767403250264,-7.8601850574721635,-36319.92718339732
34.60564489665129,33.92100557885905,-0.1820502890599522,-0.3881703826372812,400.0,-1.2108,1.375,0.4,2.659,1.3,1126259642.413,41.43816210001042,-7.8601850574721635,-36345.67553810268
36.56636625406703,31.37741802913956,0.061207656934929966,-0.7862246171297995,400.0,-1.2108,1.375,0.4,2.659,1.3,1126259642.413,41.43874690303069,-7.8601850574721635,-36384.257385396115
34.62597358479075,33.83150232391514,-0.23800769281302048,-0.36419471586223184,400.0,-1.2108,1.375,0.4,2.659,1.3,1126259642.413,41.43927682383503,-7.8601850574721635,-36324.13012987461
37.89966517458597,30.24155464695781,-0.1766724030189982,-0.48279121467135194,400.0,-1.2108,1.375,0.4,2.659,1.3,1126259642.413,41.44147227343034,-7.8601850574721635,-36364.50358443304
34.84608261736454,33.23155143821838,0.02151689203595092,-0.6830935224504747,400.0,-1.2108,1.375,0.4,2.659,1.3,1126259642.413,41.443190811666405,-7.8601850574721635,-36318.15344774257
35.53148956941476,32.764496073584034,0.1298287901858753,-0.780804340816427,400.0,-1.2108,1.375,0.4,2.659,1.3,1126259642.413,41.443356465886666,-7.8601850574721635,-36287.77401332833
35.11829040281092,33.62139457373339,-0.5739779589381029,0.01879362961840192,400.0,-1.2108,1.375,0.4,2.659,1.3,1126259642.413,41.444199501627764,-7.8601850574721635,-36409.20739698084
34.68677762560081,33.90049265210674,-0.25322023501509816,-0.3272266981594327,400.0,-1.2108,1.375,0.4,2.659,1.3,1126259642.413,41.444223810981605,-7.8601850574721635,-36363.869707392456
35.3676335398418,33.30790458918729,-0.34509936022061316,-0.21248766506527053,400.0,-1.2108,1.375,0.4,2.659,1.3,1126259642.413,41.44427674516266,-7.8601850574721635,-36386.23426066525
35.62073121946968,32.60772218334251,-0.3592057681156664,-0.2745261417807492,400.0,-1.2108,1.375,0.4,2.659,1.3,1126259642.413,41.44493901261512,-7.8601850574721635,-36288.69137300942
35.64068335525099,32.71851092915708,-0.23570804091389003,-0.37884157847007527,400.0,-1.2108,1.375,0.4,2.659,1.3,1126259642.413,41.44561088629311,-7.8601850574721635,-36285.87013509313
37.14662882920703,31.291838497844342,-0.19615994811241147,-0.42945041245030496,400.0,-1.2108,1.375,0.4,2.659,1.3,1126259642.413,41.446895799537955,-7.8601850574721635,-36268.78480465045
35.421729418277906,32.718714518616686,-0.20494942167379324,-0.4431065304059051,400.0,-1.2108,1.375,0.4,2.659,1.3,1126259642.413,41.44805876978388,-7.8601850574721635,-36307.902960386724
37.60390242526446,30.484348447938817,-0.19055817198050998,-0.46809162110829533,400.0,-1.2108,1.375,0.4,2.659,1.3,1126259642.413,41.44856244853813,-7.8601850574721635,-36370.25130445072
34.14057857238655,34.02448773968045,0.0410372692300609,-0.6726711559247216,400.0,-1.2108,1.375,0.4,2.659,1.3,1126259642.413,41.44897148619174,-7.8601850574721635,-36295.4501910934
35.20951172425434,33.29550046153591,-0.007102822210101445,-0.5953074694294365,400.0,-1.2108,1.375,0.4,2.659,1.3,1126259642.413,41.44961011770732,-7.8601850574721635,-36330.08515931202
36.01486388737603,32.368513114724685,0.06211700324627756,-0.72587780640612,400.0,-1.2108,1.375,0.4,2.659,1.3,1126259642.413,41.45165187552051,-7.8601850574721635,-36281.485310282864
35.852833219792764,32.12466869325455,-0.003992514660572627,-0.6929870882836737,400.0,-1.2108,1.375,0.4,2.659,1.3,1126259642.413,41.45177006811559,-7.8601850574721635,-36364.39513853467
35.42333472654562,32.712370003092715,-0.22839028866482097,-0.4280867037619407,400.0,-1.2108,1.375,0.4,2.659,1.3,1126259642.413,41.45388172717075,-7.8601850574721635,-36308.61756777841
35.606702163185396,32.56879858636881,-0.16041995742738407,-0.4973974219724894,400.0,-1.2108,1.375,0.4,2.659,1.3,1126259642.413,41.45532779159808,-7.8601850574721635,-36302.336269728345
36.67394471366953,31.883615750863388,-0.10588871289979553,-0.5155154875951562,400.0,-1.2108,1.375,0.4,2.659,1.3,1126259642.413,41.45628242731526,-7.8601850574721635,-36295.32287299132
34.728924175025014,33.992587496677004,-0.5296331949125384,-0.02875827673419923,400.0,-1.2108,1.375,0.4,2.659,1.3,1126259642.413,41.45776249770438,-7.8601850574721635,-36408.57302705828
34.296561806894196,33.993639285059714,-0.28942649678772747,-0.30911719019488487,400.0,-1.2108,1.375,0.4,2.659,1.3,1126259642.413,41.457914435534896,-7.8601850574721635,-36296.66065586634
34.14635038825185,33.73971392198673,-0.12101272840144896,-0.5436141346874244,400.0,-1.2108,1.375,0.4,2.659,1.3,1126259642.413,41.46077728808822,-7.8601850574721635,-36374.030660942684
33.96046219522866,33.86214704897196,0.032879054763786664,-0.7047008525721492,400.0,-1.2108,1.375,0.4,2.659,1.3,1126259642.413,41.46089963507084,-7.8601850574721635,-36389.24912374857
35.80769382173351,33.14202014216907,-0.5227858354056993,-0.010895336881657086,400.0,-1.2108,1.375,0.4,2.659,1.3,1126259642.413,41.462173174450854,-7.8601850574721635,-36448.9288057631
35.52497685693803,33.0612733896998,-0.4530463743199259,-0.13439515479237873,400.0,-1.2108,1.375,0.4,2.659,1.3,1126259642.413,41.46313303970996,-7.8601850574721635,-36348.24976479802
35.92687211707509,32.14200057701912,-0.10141656349578637,-0.5825405414546161,400.0,-1.2108,1.375,0.4,2.659,1.3,1126259642.413,41.46393723224358,-7.8601850574721635,-36336.24524216156
35.98223345434714,32.12355866410027,-0.22818692613609062,-0.42577392026587957,400.0,-1.2108,1.375,0.4,2.659,1.3,1126259642.413,41.46435127384926,-7.8601850574721635,-36324.69111141221
37.36413154048067,30.54646298251629,0.05568868389460885,-0.7922730169839125,400.0,-1.2108,1.375,0.4,2.659,1.3,1126259642.413,41.466344116853065,-7.8601850574721635,-36380.84704291685
34.4067683134964,33.458937020567404,-0.06678796725904301,-0.6132481854344948,400.0,-1.2108,1.375,0.4,2.659,1.3,1126259642.413,41.4670857898242,-7.8601850574721635,-36377.821577060975
36.36142832291271,31.951817968385587,0.045578771738829404,-0.7217972713430717,400.0,-1.2108,1.375,0.4,2.659,1.3,1126259642.413,41.467883237302416,-7.8601850574721635,-36280.48926736721
34.926076150221576,33.361922952200075,-0.1462189685195327,-0.4891259074070765,400.0,-1.2108,1.375,0.4,2.659,1.3,1126259642.413,41.46842490520518,-7.8601850574721635,-36293.16869125203
36.534170790779534,31.909197216656384,-0.183619935308418,-0.44532997686767517,400.0,-1.2108,1.375,0.4,2.659,1.3,1126259642.413,41.469020902449394,-7.8601850574721635,-36276.910191904324
37.392310881303914,31.014667867656843,-0.05204791349872273,-0.5978407502842936,400.0,-1.2108,1.375,0.4,2.659,1.3,1126259642.413,41.469903487200774,-7.8601850574721635,-36271.318771908576
37.64677245051799,30.722604990584795,-0.0375208309044566,-0.6227469165439677,400.0,-1.2108,1.375,0.4,2.659,1.3,1126259642.413,41.46999578817091,-7.8601850574721635,-36289.475158059045
35.5866176746967,32.524151732888356,-0.20024641502911072,-0.4627093606736521,400.0,-1.2108,1.375,0.4,2.659,1.3,1126259642.413,41.4741939117228,-7.8601850574721635,-36316.41177726095
38.013454670668516,30.849688094425556,-0.4053279651095749,-0.10744597715646154,400.0,-1.2108,1.375,0.4,2.659,1.3,1126259642.413,41.47439694333636,-7.8601850574721635,-36309.9764688863
34.52220059064977,33.673296354298806,-0.2580498150480661,-0.3677862027334501,400.0,-1.2108,1.375,0.4,2.659,1.3,1126259642.413,41.474590551049346,-7.8601850574721635,-36293.05574115785
35.874199473669115,32.14808735484228,-0.009066739970539583,-0.6837161958442519,400.0,-1.2108,1.375,0.4,2.659,1.3,1126259642.413,41.47616158337269,-7.8601850574721635,-36350.28603867557
37.90428606380411,30.348690934416673,-0.13647042229441714,-0.5211411979222098,400.0,-1.2108,1.375,0.4,2.659,1.3,1126259642.413,41.47648976202523,-7.8601850574721635,-36338.16781334635
37.10653322618083,31.09819760130413,-0.07803758514759898,-0.5931180835590694,400.0,-1.2108,1.375,0.4,2.659,1.3,1126259642.413,41.478619099096555,-7.8601850574721635,-36323.81346588608
37.50193233162816,30.543468167434433,-0.10779365968792093,-0.5738097942889294,400.0,-1.2108,1.375,0.4,2.659,1.3,1126259642.413,41.47874589303898,-7.8601850574721635,-36376.43408697991
35.76550152339379,32.500853518666624,-0.012640010423581066,-0.6497686883661714,400.0,-1.2108,1.375,0.4,2.659,1.3,1126259642.413,41.47980780977701,-7.8601850574721635,-36286.340534616815
37.86579089873911,30.756075301001065,-0.306848545141965,-0.26838124030204813,400.0,-1.2108,1.375,0.4,2.659,1.3,1126259642.413,41.479824109349565,-7.8601850574721635,-36254.717609419306
35.432132547427656,33.249231714245816,-0.23121556939520896,-0.35158005925698804,400.0,-1.2108,1.375,0.4,2.659,1.3,1126259642.413,41.4800625747219,-7.8601850574721635,-36386.413992544345
35.178304566620604,33.39155321106446,-0.09125459333219862,-0.5055303331977665,400.0,-1.2108,1.375,0.4,2.659,1.3,1126259642.413,41.4827881320892,-7.8601850574721635,-36351.250605581365
34.73458933741633,33.67221093577994,-0.5629244375755326,-0.030067096397427107,400.0,-1.2108,1.375,0.4,2.659,1.3,1126259642.413,41.48284970456984,-7.8601850574721635,-36309.867985024684
35.71105728803393,32.398456594408785,-0.18778666899052374,-0.4775881984300923,400.0,-1.2108,1.375,0.4,2.659,1.3,1126259642.413,41.482854484490346,-7.8601850574721635,-36318.428186534264
36.56040861966568,31.77383115778931,0.06631556278770045,-0.7286021816454485,400.0,-1.2108,1.375,0.4,2.659,1.3,1126259642.413,41.483464489002984,-7.8601850574721635,-36278.03388186895
36.31953075851642,32.08481069648225,-0.0752330897378872,-0.5724745879152293,400.0,-1.2108,1.375,0.4,2.659,1.3,1126259642.413,41.48421683716229,-7.8601850574721635,-36277.29925285856
38.34633215848708,30.023258918311193,0.04628105709323979,-0.7485561028291217,400.0,-1.2108,1.375,0.4,2.659,1.3,1126259642.413,41.48558164619702,-7.8601850574721635,-36318.5993850115
35.48006911156203,33.086624976725304,-0.1849192596515373,-0.39843355910839623,400.0,-1.2108,1.375,0.4,2.659,1.3,1126259642.413,41.48669672051443,-7.8601850574721635,-36343.030853047276
35.544628545246475,32.49594561710302,-0.026267904730118502,-0.6641858793403741,400.0,-1.2108,1.375,0.4,2.659,1.3,1126259642.413,41.486727289043976,-7.8601850574721635,-36338.14281834777
36.046597594370624,32.01209867021261,-0.11190693946633914,-0.5719167928963271,400.0,-1.2108,1.375,0.4,2.659,1.3,1126259642.413,41.487505373832924,-7.8601850574721635,-36341.89410114898
34.65754164953672,33.96258273370606,-0.15630497405154486,-0.4194897600802523,400.0,-1.2108,1.375,0.4,2.659,1.3,1126259642.413,41.48793721656189,-7.8601850574721635,-36380.06361937916
37.31096208266574,30.737283580960497,-0.15425905825501496,-0.5145235254696804,400.0,-1.2108,1.375,0.4,2.659,1.3,1126259642.413,41.48967547527256,-7.8601850574721635,-36373.265938835546
36.690185904792635,31.851491980214963,-0.2622671092206544,-0.3259842738919978,400.0,-1.2108,1.375,0.4,2.659,1.3,1126259642.413,41.490015201230015,-7.8601850574721635,-36290.551721006836
37.88621138348728,30.59654879067927,-0.12619094486983357,-0.49091357600561647,400.0,-1.2108,1.375,0.4,2.659,1.3,1126259642.413,41.490496682071196,-7.8601850574721635,-36263.77474078026
35.363386839740755,33.404795233661886,-0.3642128556200554,-0.20146428891961662,400.0,-1.2108,1.375,0.4,2.659,1.3,1126259642.413,41.490721937144215,-7.8601850574721635,-36419.0361395547
38.253268644134145,30.00237031693936,0.002096119203322755,-0.7034454183300966,400.0,-1.2108,1.375,0.4,2.659,1.3,1126259642.413,41.4907368969735,-7.8601850574721635,-36350.60039177344
35.9000890546795,32.63251060269418,-0.103943702282313,-0.5000510275223219,400.0,-1.2108,1.375,0.4,2.659,1.3,1126259642.413,41.49077807305441,-7.8601850574721635,-36318.9532164376
38.35648923371521,30.031625816950925,-0.22862981247937325,-0.380820243882687,400.0,-1.2108,1.375,0.4,2.659,1.3,1126259642.413,41.4912119839215,-7.8601850574721635,-36312.92669117049
36.962078188846725,31.130421173203146,0.032370128843454415,-0.7319202431550214,400.0,-1.2108,1.375,0.4,2.659,1.3,1126259642.413,41.49205812801276,-7.8601850574721635,-36356.05998744568
36.21710829206851,31.656224762042214,0.012419306038625122,-0.731199327832434,400.0,-1.2108,1.375,0.4,2.659,1.3,1126259642.413,41.492661042683004,-7.8601850574721635,-36393.918366542915
34.24729893297695,33.93074924348469,-0.1428677830903907,-0.48656292178895877,400.0,-1.2108,1.375,0.4,2.659,1.3,1126259642.413,41.4944130722364,-7.8601850574721635,-36294.28806085653
37.76528865189043,30.725819901192622,-0.06080398897791531,-0.5729465836988145,400.0,-1.2108,1.375,0.4,2.659,1.3,1126259642.413,41.496061204315055,-7.8601850574721635,-36262.01059388127
35.09142781075494,33.69968799630759,-0.47273594262102747,-0.08365001887688023,400.0,-1.2108,1.375,0.4,2.659,1.3,1126259642.413,41.49673612398542,-7.8601850574721635,-36428.63130781165
35.07702178533505,33.54177384776111,-0.5368963760619592,-0.02571023300631653,400.0,-1.2108,1.375,0.4,2.659,1.3,1126259642.413,41.49821760188047,-7.8601850574721635,-36374.23534568208
34.94825482721219,33.23684920688348,-0.21972302600280846,-0.4246412040262541,400.0,-1.2108,1.375,0.4,2.659,1.3,1126259642.413,41.501691076881116,-7.8601850574721635,-36293.41142368083
35.10755595776799,33.33486832622518,-0.4767502149048994,-0.12531148476129683,400.0,-1.2108,1.375,0.4,2.659,1.3,1126259642.413,41.502812813387536,-7.8601850574721635,-36313.678983414815
34.269080254760325,34.12652447797847,-0.19900589776625602,-0.40204544676352844,400.0,-1.2108,1.375,0.4,2.659,1.3,1126259642.413,41.5031697027662,-7.8601850574721635,-36309.657859700754
36.236198657042046,31.76589980311074,-0.044688283375168,-0.6555205475367625,400.0,-1.2108,1.375,0.4,2.659,1.3,1126259642.413,41.50634739861542,-7.8601850574721635,-36365.03083919942
36.00147190197584,32.38641965808897,0.11755010982234504,-0.7729809113072612,400.0,-1.2108,1.375,0.4,2.659,1.3,1126259642.413,41.506414219630855,-7.8601850574721635,-36282.479081549965
34.292199543471924,34.03266049394794,-0.3225525872672088,-0.2729993141772441,400.0,-1.2108,1.375,0.4,2.659,1.3,1126259642.413,41.50698692655982,-7.8601850574721635,-36295.3180340872
38.043831277726554,30.4209846372893,-0.2222238367253138,-0.37683037543870523,400.0,-1.2108,1.375,0.4,2.659,1.3,1126259642.413,41.509096212584964,-7.8601850574721635,-36275.75864844577
34.378045166469775,33.77849922959336,-0.2228178538175378,-0.4123120037211736,400.0,-1.2108,1.375,0.4,2.659,1.3,1126259642.413,41.5091614759522,-7.8601850574721635,-36302.60360990695
36.991039425284185,31.863556181333255,-0.5353755063103475,0.008370570598247917,400.0,-1.2108,1.375,0.4,2.659,1.3,1126259642.413,41.510297777898415,-7.8601850574721635,-36377.184726477804
36.98426485990248,32.00862136754672,-0.45302445058517166,-0.06935714188335201,400.0,-1.2108,1.375,0.4,2.659,1.3,1126259642.413,41.51089786845524,-7.8601850574721635,-36419.0675415223
34.937577317388346,33.18264573501897,-0.13742114598959712,-0.5117941225610821,400.0,-1.2108,1.375,0.4,2.659,1.3,1126259642.413,41.51146606953475,-7.8601850574721635,-36308.96692852323
34.91704844784721,33.845297804531064,-0.5060146800071061,-0.05177730961491478,400.0,-1.2108,1.375,0.4,2.659,1.3,1126259642.413,41.511759054145166,-7.8601850574721635,-36424.13350917504
36.51674862601987,32.43678673855603,-0.475327603421768,-0.05801546939969793,400.0,-1.2108,1.375,0.4,2.659,1.3,1126259642.413,41.51287414955911,-7.8601850574721635,-36428.43689745228
36.4329659095758,31.97738776342596,-0.35269887402985167,-0.25859053274793875,400.0,-1.2108,1.375,0.4,2.659,1.3,1126259642.413,41.513187464214376,-7.8601850574721635,-36275.510173592214
37.75874333393542,30.49950664201355,-0.11321620043579385,-0.5359646022018214,400.0,-1.2108,1.375,0.4,2.659,1.3,1126259642.413,41.51372444733626,-7.8601850574721635,-36330.33299413002
34.82217785341647,33.98943326905883,-0.49732842574086,-0.04909182069414675,400.0,-1.2108,1.375,0.4,2.659,1.3,1126259642.413,41.513972843254514,-7.8601850574721635,-36435.479984774494
36.659486197594546,31.86239517381449,0.0006685028662773707,-0.6375168598452994,400.0,-1.2108,1.375,0.4,2.659,1.3,1126259642.413,41.514649582804836,-7.8601850574721635,-36287.254663402404
36.0708576598927,32.500939221331606,-0.507471936425158,-0.06921453110605924,400.0,-1.2108,1.375,0.4,2.659,1.3,1126259642.413,41.51558004132373,-7.8601850574721635,-36325.123681675715
35.49196950077924,32.59462248158458,-0.2009211381828403,-0.46229802285303,400.0,-1.2108,1.375,0.4,2.659,1.3,1126259642.413,41.51721498600239,-7.8601850574721635,-36321.87693213301
36.093645105142706,32.418741949498376,-0.08621110304934998,-0.5359947518188761,400.0,-1.2108,1.375,0.4,2.659,1.3,1126259642.413,41.52040862412008,-7.8601850574721635,-36306.5307869791
36.69768570398725,31.65743126377912,0.06214009043709812,-0.7252304247647126,400.0,-1.2108,1.375,0.4,2.659,1.3,1126259642.413,41.52059428241958,-7.8601850574721635,-36276.594464103764
37.16120514797697,31.37053868538295,-0.11624947488540623,-0.5060643703240945,400.0,-1.2108,1.375,0.4,2.659,1.3,1126259642.413,41.52064851793817,-7.8601850574721635,-36269.10528095593
36.91957390835927,32.01185183840712,-0.5074086959690906,-0.008704391412829304,400.0,-1.2108,1.375,0.4,2.659,1.3,1126259642.413,41.520681193139964,-7.8601850574721635,-36408.25519197288
36.29361393192427,31.840466657396846,-0.1933109137242498,-0.4677673661759274,400.0,-1.2108,1.375,0.4,2.659,1.3,1126259642.413,41.52086524671942,-7.8601850574721635,-36322.347634239966
37.904819505943514,30.429928293109953,0.030653880557126312,-0.7168191887585507,400.0,-1.2108,1.375,0.4,2.659,1.3,1126259642.413,41.52104767403515,-7.8601850574721635,-36310.30741959359
36.045814281810365,32.103179723242654,-0.18416291141266422,-0.47802672864803275,400.0,-1.2108,1.375,0.4,2.659,1.3,1126259642.413,41.52121065210143,-7.8601850574721635,-36312.73027178057
36.59292078698549,31.94094227071351,-0.48436055523582755,-0.09083379929528351,400.0,-1.2108,1.375,0.4,2.659,1.3,1126259642.413,41.521649329030986,-7.8601850574721635,-36292.496686509876
38.03247641739663,30.551803983131535,-0.2942564480278733,-0.28520317986872035,400.0,-1.2108,1.375,0.4,2.659,1.3,1126259642.413,41.521846958971636,-7.8601850574721635,-36253.90712359672
35.113582411134786,33.36512588307859,-0.007039517724788558,-0.5979512967333793,400.0,-1.2108,1.375,0.4,2.659,1.3,1126259642.413,41.52222443361122,-7.8601850574721635,-36323.82606882423
36.655816349915305,31.355066041133988,0.062344342035878575,-0.7718287589097212,400.0,-1.2108,1.375,0.4,2.659,1.3,1126259642.413,41.52499083590506,-7.8601850574721635,-36369.08346929067
37.58658314246215,30.58200773050477,-0.07518146980689694,-0.6027137639732721,400.0,-1.2108,1.375,0.4,2.659,1.3,1126259642.413,41.52774433544244,-7.8601850574721635,-36352.99802666399
34.505604989535925,33.753184731264156,-0.2699233555400923,-0.35393803919115446,400.0,-1.2108,1.375,0.4,2.659,1.3,1126259642.413,41.52943518927134,-7.8601850574721635,-36293.32448070554
38.56999541969772,30.159141189986457,-0.3056507658170068,-0.2447415900814022,400.0,-1.2108,1.375,0.4,2.659,1.3,1126259642.413,41.5300381891191,-7.8601850574721635,-36238.82733848398
38.037333218202335,30.27870769848294,-0.00963275829119431,-0.6680720741919977,400.0,-1.2108,1.375,0.4,2.659,1.3,1126259642.413,41.531564816546314,-7.8601850574721635,-36322.55557724662
37.11201002771611,31.363914918031917,-0.18303530254883776,-0.42504242547479304,400.0,-1.2108,1.375,0.4,2.659,1.3,1126259642.413,41.532169656001194,-7.8601850574721635,-36270.39659833314
35.37940451686337,32.77186154685983,-0.13007222277267777,-0.5292162684637246,400.0,-1.2108,1.375,0.4,2.659,1.3,1126259642.413,41.53267520225116,-7.8601850574721635,-36305.45499529552
36.00042467687434,32.156328541271726,-0.2325118332264525,-0.4199705450573936,400.0,-1.2108,1.375,0.4,2.659,1.3,1126259642.413,41.53378052915082,-7.8601850574721635,-36309.9980429587
34.90596098865005,33.69984111258426,-0.10092133737178473,-0.47782620102433254,400.0,-1.2108,1.375,0.4,2.659,1.3,1126259642.413,41.534315907396355,-7.8601850574721635,-36372.99747159448
34.825084856557986,33.75633355151644,-0.4602284806510165,-0.10587292096565432,400.0,-1.2108,1.375,0.4,2.659,1.3,1126259642.413,41.53768259847838,-7.8601850574721635,-36360.499200161175
37.76532160179824,30.971973818942306,-0.38164421900791673,-0.15823926761408957,400.0,-1.2108,1.375,0.4,2.659,1.3,1126259642.413,41.537701087760205,-7.8601850574721635,-36283.54627799632
36.84585838315424,31.69268416650388,-0.06503493030141672,-0.5635018914793123,400.0,-1.2108,1.375,0.4,2.659,1.3,1126259642.413,41.538346788060466,-7.8601850574721635,-36282.72465815222
34.908320147162755,33.313145668905676,0.10835959870089812,-0.7657178579545603,400.0,-1.2108,1.375,0.4,2.659,1.3,1126259642.413,41.53907663730074,-7.8601850574721635,-36291.3552055237
35.04842126213004,33.004283444795206,0.08010929324263544,-0.7620877835513934,400.0,-1.2108,1.375,0.4,2.659,1.3,1126259642.413,41.54010453637065,-7.8601850574721635,-36326.54239541953
36.98572625969496,31.26766877957011,-0.12562409645609485,-0.5156192513615823,400.0,-1.2108,1.375,0.4,2.659,1.3,1126259642.413,41.54072801276988,-7.8601850574721635,-36303.707678330094
36.73232741495178,31.47372836869272,0.030022335344645656,-0.7184246411276068,400.0,-1.2108,1.375,0.4,2.659,1.3,1126259642.413,41.54166672570913,-7.8601850574721635,-36311.13473421447
36.636118794797106,31.636957962777693,-0.12586134434398982,-0.5120498452550032,400.0,-1.2108,1.375,0.4,2.659,1.3,1126259642.413,41.54168204293343,-7.8601850574721635,-36292.59436795627
37.406447792924595,30.916789367114227,-0.1390266196828944,-0.5071479037572847,400.0,-1.2108,1.375,0.4,2.659,1.3,1126259642.413,41.54207738190216,-7.8601850574721635,-36295.407130114545
36.982366956607045,31.121914405926546,-0.09409557650697761,-0.5787778651094464,400.0,-1.2108,1.375,0.4,2.659,1.3,1126259642.413,41.543732074788494,-7.8601850574721635,-36352.98051542904
35.529903204198604,32.60614641941817,-0.2004173947576266,-0.45697928545840016,400.0,-1.2108,1.375,0.4,2.659,1.3,1126259642.413,41.54383191983058,-7.8601850574721635,-36309.635553024214
37.40017177122787,30.859964499625896,-0.29191207291059323,-0.32498832144534623,400.0,-1.2108,1.375,0.4,2.659,1.3,1126259642.413,41.54436174220273,-7.8601850574721635,-36314.628105174
37.02265616478648,31.227553755444525,-0.048157155511426825,-0.6233750313580573,400.0,-1.2108,1.375,0.4,2.659,1.3,1126259642.413,41.544695370972164,-7.8601850574721635,-36305.61477182811
34.2042335179177,33.93711351122194,-0.029433846766185795,-0.5909534833057434,400.0,-1.2108,1.375,0.4,2.659,1.3,1126259642.413,41.54485985603034,-7.8601850574721635,-36304.328028506105
38.01936230656453,30.41653555337773,-0.06773423779864682,-0.5819500901589704,400.0,-1.2108,1.375,0.4,2.659,1.3,1126259642.413,41.544874577941336,-7.8601850574721635,-36282.35273645884
36.27776351292641,32.181077929555286,-0.047000182123230955,-0.587481811247118,400.0,-1.2108,1.375,0.4,2.659,1.3,1126259642.413,41.54566352433693,-7.8601850574721635,-36287.25955798408
35.696878947679366,32.554602632225055,-0.14145412129241147,-0.4970719990927398,400.0,-1.2108,1.375,0.4,2.659,1.3,1126259642.413,41.54814224991868,-7.8601850574721635,-36286.84475481746
35.45009948140713,33.339254467912966,-0.397354652080418,-0.15014933466675745,400.0,-1.2108,1.375,0.4,2.659,1.3,1126259642.413,41.54909960750838,-7.8601850574721635,-36422.41982874204
35.18509084570967,32.9910548352345,-0.23586411345380354,-0.4101964960300923,400.0,-1.2108,1.375,0.4,2.659,1.3,1126259642.413,41.54933016478566,-7.8601850574721635,-36300.81684787824
35.292661432712634,32.78021917474861,-0.04384083967960295,-0.6332237456390758,400.0,-1.2108,1.375,0.4,2.659,1.3,1126259642.413,41.549941289364654,-7.8601850574721635,-36323.40219407018
37.21800115418183,30.972106869193997,0.0320987618831341,-0.7282533242198034,400.0,-1.2108,1.375,0.4,2.659,1.3,1126259642.413,41.55016334367144,-7.8601850574721635,-36332.55385224199
37.047218772992544,31.252287569457437,-0.2053798152127445,-0.42514604572351156,400.0,-1.2108,1.375,0.4,2.659,1.3,1126259642.413,41.5504502480756,-7.8601850574721635,-36293.1347161873
34.91503192928578,33.27680098560355,-0.26911080617346983,-0.36693522100320686,400.0,-1.2108,1.375,0.4,2.659,1.3,1126259642.413,41.55114857067011,-7.8601850574721635,-36292.87797728797
34.8598932582315,33.32033103841451,0.03908426166921994,-0.6826613364255524,400.0,-1.2108,1.375,0.4,2.659,1.3,1126259642.413,41.551519723506786,-7.8601850574721635,-36293.935933187924
35.55094105596379,32.38527369204406,0.05324470944434906,-0.7592082865433967,400.0,-1.2108,1.375,0.4,2.659,1.3,1126259642.413,41.551700609436125,-7.8601850574721635,-36371.80493338724
34.809084230273555,33.805804092546175,-0.11541730278666334,-0.45978906413906123,400.0,-1.2108,1.375,0.4,2.659,1.3,1126259642.413,41.55202553317605,-7.8601850574721635,-36377.14331751417
38.29382521449835,30.375994896953305,-0.2611118715803979,-0.30231900824493274,400.0,-1.2108,1.375,0.4,2.659,1.3,1126259642.413,41.55505293591662,-7.8601850574721635,-36243.93281994956
37.93290018820204,30.868878293787983,-0.4119262617894003,-0.1091761317528791,400.0,-1.2108,1.375,0.4,2.659,1.3,1126259642.413,41.55533258975161,-7.8601850574721635,-36292.021618154344
35.54273066164126,32.87655738983516,-0.4308923812058959,-0.17577872990194177,400.0,-1.2108,1.375,0.4,2.659,1.3,1126259642.413,41.55633776306688,-7.8601850574721635,-36299.53322354646
37.85740754243459,30.527374662348702,-0.008728956841685342,-0.6563330992314301,400.0,-1.2108,1.375,0.4,2.659,1.3,1126259642.413,41.5572263049819,-7.8601850574721635,-36291.82771363811
37.582540386588406,31.055230500765557,-0.25191191196456825,-0.3305123453241235,400.0,-1.2108,1.375,0.4,2.659,1.3,1126259642.413,41.55755532303232,-7.8601850574721635,-36270.26725679714
37.17137200190192,30.99311130996678,0.06126745446429749,-0.7654630328203595,400.0,-1.2108,1.375,0.4,2.659,1.3,1126259642.413,41.558205279745216,-7.8601850574721635,-36339.61776392546
36.1359885776146,31.966989966129557,0.08474639743795703,-0.7881908789658417,400.0,-1.2108,1.375,0.4,2.659,1.3,1126259642.413,41.558763462896344,-7.8601850574721635,-36330.0327242139
37.97819108496385,30.1299160524115,0.027092655562582668,-0.7467497374306205,400.0,-1.2108,1.375,0.4,2.659,1.3,1126259642.413,41.558844425793254,-7.8601850574721635,-36370.03904149762
38.25255732579859,30.000752384276865,-0.11944111951501829,-0.5438977884725011,400.0,-1.2108,1.375,0.4,2.659,1.3,1126259642.413,41.559939630728664,-7.8601850574721635,-36351.10793209868
35.07357074533482,33.40879488330479,-0.23711931107365367,-0.3495591426822904,400.0,-1.2108,1.375,0.4,2.659,1.3,1126259642.413,41.5610554850846,-7.8601850574721635,-36325.90488386084
37.92728310760995,30.257904332578224,-0.11924624620301351,-0.5426155676760768,400.0,-1.2108,1.375,0.4,2.659,1.3,1126259642.413,41.562010419991545,-7.8601850574721635,-36355.514554583155
35.72988819180026,32.51734901203024,-0.2020477084854522,-0.4298126166571891,400.0,-1.2108,1.375,0.4,2.659,1.3,1126259642.413,41.56231737557812,-7.8601850574721635,-36287.226047695316
34.60387083688243,33.48684875002072,0.008639499390667521,-0.6641805663793727,400.0,-1.2108,1.375,0.4,2.659,1.3,1126259642.413,41.563285031569656,-7.8601850574721635,-36314.08276408128
36.60839651983117,31.45845863046072,0.08133100651714803,-0.7896649825752626,400.0,-1.2108,1.375,0.4,2.659,1.3,1126259642.413,41.5636503047121,-7.8601850574721635,-36354.043885217165
36.598937635339624,32.123022121653115,-0.3133171269547741,-0.26192325169115915,400.0,-1.2108,1.375,0.4,2.659,1.3,1126259642.413,41.56402082054709,-7.8601850574721635,-36355.65552446936
37.690327941393036,30.495477372540467,-0.07675560540214316,-0.5909175874276971,400.0,-1.2108,1.375,0.4,2.659,1.3,1126259642.413,41.566141797518384,-7.8601850574721635,-36351.26437471156
38.13644875930645,30.588955412291014,-0.34300838997625016,-0.19987477256363032,400.0,-1.2108,1.375,0.4,2.659,1.3,1126259642.413,41.5673328175,-7.8601850574721635,-36258.69979724782
37.15424001528488,31.026850658348803,-0.13062061281245585,-0.5338499895388277,400.0,-1.2108,1.375,0.4,2.659,1.3,1126259642.413,41.568377577677815,-7.8601850574721635,-36333.360616976766
35.64356846969804,32.45440898293412,-0.04136928507207385,-0.6256213187815945,400.0,-1.2108,1.375,0.4,2.659,1.3,1126259642.413,41.5699653853151,-7.8601850574721635,-36320.95481271582
35.606572077017546,32.76447166084611,-0.11015109407243949,-0.5092806932536239,400.0,-1.2108,1.375,0.4,2.659,1.3,1126259642.413,41.570609509145825,-7.8601850574721635,-36288.6657140683
37.317252309470376,31.30562519351672,-0.22856054168225864,-0.3627186017061902,400.0,-1.2108,1.375,0.4,2.659,1.3,1126259642.413,41.5706306670932,-7.8601850574721635,-36280.477672675486
34.99442137035329,33.01569700069911,-0.021855277434497056,-0.6561774868308234,400.0,-1.2108,1.375,0.4,2.659,1.3,1126259642.413,41.572072160409725,-7.8601850574721635,-36340.3368878391
38.20639585648828,30.072006216742903,-0.09166214443638204,-0.5805104928821307,400.0,-1.2108,1.375,0.4,2.659,1.3,1126259642.413,41.57268389063046,-7.8601850574721635,-36342.36665209751
35.145114494076914,33.535539999992345,-0.446559271406308,-0.1140408457172139,400.0,-1.2108,1.375,0.4,2.659,1.3,1126259642.413,41.57268737489126,-7.8601850574721635,-36392.13940114764
35.04988204267838,33.45209119502792,-0.14636236740520242,-0.4410476923785198,400.0,-1.2108,1.375,0.4,2.659,1.3,1126259642.413,41.573467273754844,-7.8601850574721635,-36332.371895314296
35.063415755921326,33.55370341520054,-0.4006211231065324,-0.16542470750628754,400.0,-1.2108,1.375,0.4,2.659,1.3,1126259642.413,41.573765345290745,-7.8601850574721635,-36374.19506459221
36.57842455836653,31.637643330336843,-0.02046333068417333,-0.656035624438728,400.0,-1.2108,1.375,0.4,2.659,1.3,1126259642.413,41.573894984659916,-7.8601850574721635,-36304.853620100424
34.54728277349607,33.891743142565765,-0.3295170959142505,-0.27053551836573364,400.0,-1.2108,1.375,0.4,2.659,1.3,1126259642.413,41.57404476530112,-7.8601850574721635,-36319.70035443259
38.408499111135285,30.297807811233973,-0.3301038322136913,-0.2110942985160092,400.0,-1.2108,1.375,0.4,2.659,1.3,1126259642.413,41.57440546257418,-7.8601850574721635,-36242.439946406535
36.801745087719745,31.992848145697714,-0.6048974426508134,0.07616813508652726,400.0,-1.2108,1.375,0.4,2.659,1.3,1126259642.413,41.57479909538245,-7.8601850574721635,-36368.902663573215
35.870069961680684,32.27150447601002,0.011833602756370354,-0.6863868003692608,400.0,-1.2108,1.375,0.4,2.659,1.3,1126259642.413,41.57489020386297,-7.8601850574721635,-36312.12502377913
34.874005553204334,33.80235622609405,-0.5266548619442339,-0.045142555213183666,400.0,-1.2108,1.375,0.4,2.659,1.3,1126259642.413,41.57521287269104,-7.8601850574721635,-36394.97180789363
37.57310958758746,30.810005506759985,-0.08805263921971551,-0.5491745598072001,400.0,-1.2108,1.375,0.4,2.659,1.3,1126259642.413,41.57554865350781,-7.8601850574721635,-36284.04120451773
35.717522431767655,32.40488511719452,-0.12119563688382085,-0.5457945377610802,400.0,-1.2108,1.375,0.4,2.659,1.3,1126259642.413,41.57570724956194,-7.8601850574721635,-36315.211248945976
35.323519601141804,32.723200092180335,0.06617882502278927,-0.7536785996928466,400.0,-1.2108,1.375,0.4,2.659,1.3,1126259642.413,41.577186319221894,-7.8601850574721635,-36333.05468411754
36.51916888852501,32.347106572184146,-0.51139719762692,-0.027236540400474574,400.0,-1.2108,1.375,0.4,2.659,1.3,1126259642.413,41.57719216842874,-7.8601850574721635,-36409.334377059255
34.53818242475083,34.013530725073906,-0.2824946342842727,-0.3054953105111218,400.0,-1.2108,1.375,0.4,2.659,1.3,1126259642.413,41.57788244425295,-7.8601850574721635,-36354.12949655038
37.87267587166796,30.459677151899278,-0.051979704885080524,-0.6185936163011594,400.0,-1.2108,1.375,0.4,2.659,1.3,1126259642.413,41.57864925172813,-7.8601850574721635,-36309.52118459694
36.01105719364967,32.5241384188368,-0.48604152490987895,-0.09505874438181613,400.0,-1.2108,1.375,0.4,2.659,1.3,1126259642.413,41.57881290615043,-7.8601850574721635,-36315.61083854854
37.97364695724914,30.564697983509287,-0.4126915916512889,-0.13051119863973087,400.0,-1.2108,1.375,0.4,2.659,1.3,1126259642.413,41.579607034160844,-7.8601850574721635,-36257.089644046864
35.00816710683525,33.77735747147352,-0.5404946414635023,-0.007267440309686624,400.0,-1.2108,1.375,0.4,2.659,1.3,1126259642.413,41.580765635237135,-7.8601850574721635,-36428.404475823605
34.84515442704899,33.76870353063871,-0.14475265189470105,-0.4337174371909568,400.0,-1.2108,1.375,0.4,2.659,1.3,1126259642.413,41.583726235535806,-7.8601850574721635,-36376.3954512765
36.76338036118136,31.41185593600408,-0.03346027285444386,-0.6334380242709695,400.0,-1.2108,1.375,0.4,2.659,1.3,1126259642.413,41.58438470114229,-7.8601850574721635,-36321.59691295506
34.55334985575133,33.87697772182758,-0.43979733410542865,-0.1609327153234909,400.0,-1.2108,1.375,0.4,2.659,1.3,1126259642.413,41.585950760416345,-7.8601850574721635,-36317.33140787146
37.34482607923266,31.137689320445077,-0.05764905866128783,-0.5780001754256936,400.0,-1.2108,1.375,0.4,2.659,1.3,1126259642.413,41.58785113661371,-7.8601850574721635,-36266.10776657564
34.58460788349029,33.827262018420896,-0.4024394846860757,-0.2018088656445468,400.0,-1.2108,1.375,0.4,2.659,1.3,1126259642.413,41.588897466905124,-7.8601850574721635,-36312.37092471674
36.84136991827209,31.924355635676154,-0.4958006505789805,-0.05183517611926708,400.0,-1.2108,1.375,0.4,2.659,1.3,1126259642.413,41.58927051745573,-7.8601850574721635,-36357.263703583696
37.792374388162216,30.552472841619046,-0.2623176929207832,-0.3387888325809552,400.0,-1.2108,1.375,0.4,2.659,1.3,1126259642.413,41.58971176823724,-7.8601850574721635,-36301.73896799852
36.89018401010957,31.32192212073702,-0.2034012908296597,-0.4440148678172314,400.0,-1.2108,1.375,0.4,2.659,1.3,1126259642.413,41.589846899048204,-7.8601850574721635,-36313.59869095067
37.81838377953614,30.43764430012503,-0.16068223140667942,-0.4786596437285259,400.0,-1.2108,1.375,0.4,2.659,1.3,1126259642.413,41.59299173572565,-7.8601850574721635,-36333.701616209684
37.00584086834412,31.360244111843855,-0.34639449519948406,-0.254025279994341,400.0,-1.2108,1.375,0.4,2.659,1.3,1126259642.413,41.59301940999177,-7.8601850574721635,-36274.81815716522
36.52571343158745,32.062871454510486,-0.3553141514309888,-0.21654625945409708,400.0,-1.2108,1.375,0.4,2.659,1.3,1126259642.413,41.59364353971942,-7.8601850574721635,-36310.49964737744
36.459510294273464,32.30027916388924,-0.35098091256957376,-0.2015576560692084,400.0,-1.2108,1.375,0.4,2.659,1.3,1126259642.413,41.593692219301175,-7.8601850574721635,-36374.81068631922
38.28316659318268,30.377322925322897,-0.2622247399822377,-0.3030804177221334,400.0,-1.2108,1.375,0.4,2.659,1.3,1126259642.413,41.59373452728017,-7.8601850574721635,-36243.588248932996
35.07570218641317,33.49535768540736,-0.48978001723299885,-0.09620255385323845,400.0,-1.2108,1.375,0.4,2.659,1.3,1126259642.413,41.59423671648776,-7.8601850574721635,-36353.64966515803
34.902608888471725,33.5932383670738,-0.13212994211108992,-0.47302658601939945,400.0,-1.2108,1.375,0.4,2.659,1.3,1126259642.413,41.59502421921363,-7.8601850574721635,-36332.6450909427
34.59551346761307,33.86524573192785,0.17533590579570074,-0.7792774381656593,400.0,-1.2108,1.375,0.4,2.659,1.3,1126259642.413,41.595203142032815,-7.8601850574721635,-36325.54269178898
37.044767506626755,31.37499417548669,-0.19064794691771872,-0.42196036629911504,400.0,-1.2108,1.375,0.4,2.659,1.3,1126259642.413,41.596549661422046,-7.8601850574721635,-36270.57947714319
34.43982939902569,34.22155099763743,-0.2581086551447762,-0.30711942758662925,400.0,-1.2108,1.375,0.4,2.659,1.3,1126259642.413,41.59686317364057,-7.8601850574721635,-36393.531766397326
38.383340424194444,30.28384001880532,-0.3132638560483905,-0.23671601368189482,400.0,-1.2108,1.375,0.4,2.659,1.3,1126259642.413,41.59749991681434,-7.8601850574721635,-36241.034794557374
34.39941938252169,33.87414706454032,-0.18636839384481316,-0.4207108482562659,400.0,-1.2108,1.375,0.4,2.659,1.3,1126259642.413,41.60031922726044,-7.8601850574721635,-36294.35743734323
36.38002231796487,31.97431351883851,-0.22672032583081475,-0.3960967057033136,400.0,-1.2108,1.375,0.4,2.659,1.3,1126259642.413,41.60080769117766,-7.8601850574721635,-36279.37853759525
36.807983228462874,31.313334581555683,-0.038998951636979334,-0.6438534535705966,400.0,-1.2108,1.375,0.4,2.659,1.3,1126259642.413,41.60186738579209,-7.8601850574721635,-36341.72200715077
34.377474552832496,33.9385432001407,-0.2812282731635557,-0.33301119324966744,400.0,-1.2108,1.375,0.4,2.659,1.3,1126259642.413,41.603124030822975,-7.8601850574721635,-36294.091020541375
37.981091291554584,30.345611005942217,-0.25786498905356375,-0.35443670330752564,400.0,-1.2108,1.375,0.4,2.659,1.3,1126259642.413,41.603164176439414,-7.8601850574721635,-36316.70667854559
36.56422221304776,31.421637612851608,0.03518215867189167,-0.7438563315802309,400.0,-1.2108,1.375,0.4,2.659,1.3,1126259642.413,41.60333034240958,-7.8601850574721635,-36374.145374604435
35.745862806880794,32.34694717046892,-0.030003520260152988,-0.6516283493220958,400.0,-1.2108,1.375,0.4,2.659,1.3,1126259642.413,41.604253680787785,-7.8601850574721635,-36323.75231422797
35.513487430730294,33.052452275865186,-0.13141925759794348,-0.4616141413016947,400.0,-1.2108,1.375,0.4,2.659,1.3,1126259642.413,41.6046237012208,-7.8601850574721635,-36341.89410660281
34.2261911832942,33.905811960252244,-0.07608699745727318,-0.5571882569768236,400.0,-1.2108,1.375,0.4,2.659,1.3,1126259642.413,41.60588732739486,-7.8601850574721635,-36305.8238173611
34.580469801395076,34.05280294414491,-0.19806313215833934,-0.3644860670124274,400.0,-1.2108,1.375,0.4,2.659,1.3,1126259642.413,41.606004889688236,-7.8601850574721635,-36384.8783870128
35.880214837740226,32.518086376142506,-0.3520695261166409,-0.26241643619625044,400.0,-1.2108,1.375,0.4,2.659,1.3,1126259642.413,41.60710146515381,-7.8601850574721635,-36287.1226683186
35.81835242443322,32.84670568737318,-0.2563247753520595,-0.3291872661173057,400.0,-1.2108,1.375,0.4,2.659,1.3,1126259642.413,41.608479491650655,-7.8601850574721635,-36369.89271852168
38.292628569309365,30.066645372211582,-0.19545081139288353,-0.43386271529777054,400.0,-1.2108,1.375,0.4,2.659,1.3,1126259642.413,41.60853989772106,-7.8601850574721635,-36319.45338605468
34.25826121879951,34.05740066838878,0.17052561505878372,-0.7845315049722397,400.0,-1.2108,1.375,0.4,2.659,1.3,1126259642.413,41.60917652127505,-7.8601850574721635,-36293.748881829844
37.75334289006038,30.769841778467303,-0.11461359275671473,-0.5051323444970648,400.0,-1.2108,1.375,0.4,2.659,1.3,1126259642.413,41.61036363508279,-7.8601850574721635,-36259.75725551811
36.472292365226195,31.57942547326881,0.06842665600131598,-0.777301471766685,400.0,-1.2108,1.375,0.4,2.659,1.3,1126259642.413,41.61065401183495,-7.8601850574721635,-36355.12796089086
36.73122531721628,31.50503627564445,-0.11309941474479553,-0.5446959514686959,400.0,-1.2108,1.375,0.4,2.659,1.3,1126259642.413,41.611595334975114,-7.8601850574721635,-36302.38607538094
34.553628611944376,34.07745026770385,-0.22211980860855038,-0.3478231510809389,400.0,-1.2108,1.375,0.4,2.659,1.3,1126259642.413,41.614195274121236,-7.8601850574721635,-36384.15516778686
35.48489474260894,32.59470780604514,0.027288135566103988,-0.7012730978397912,400.0,-1.2108,1.375,0.4,2.659,1.3,1126259642.413,41.61468606816131,-7.8601850574721635,-36323.599206654326
35.62859374669776,33.00582171100725,-0.4461377080851551,-0.11789094705712588,400.0,-1.2108,1.375,0.4,2.659,1.3,1126259642.413,41.61541070309171,-7.8601850574721635,-36366.11792614467
36.37086850046434,31.906113679622642,0.09642900466145693,-0.7817381555876364,400.0,-1.2108,1.375,0.4,2.659,1.3,1126259642.413,41.615556506420795,-7.8601850574721635,-36284.30990902151
34.87081701215955,33.56813687160826,-0.5145269352463078,-0.08175873320284965,400.0,-1.2108,1.375,0.4,2.659,1.3,1126259642.413,41.61671597394012,-7.8601850574721635,-36316.61164732452
36.92603589976187,31.3896146731269,-0.2924467049864555,-0.32294052183517863,400.0,-1.2108,1.375,0.4,2.659,1.3,1126259642.413,41.61749445536463,-7.8601850574721635,-36287.813239341216
34.59809915393934,33.65282953308896,0.0016453719027170466,-0.6365129764649027,400.0,-1.2108,1.375,0.4,2.659,1.3,1126259642.413,41.6175623090788,-7.8601850574721635,-36292.6697223251
36.84335314422308,31.62015236231599,-0.06512317098988302,-0.5672584597496684,400.0,-1.2108,1.375,0.4,2.659,1.3,1126259642.413,41.61778094035502,-7.8601850574721635,-36270.524695655964
35.306535897147306,33.3952828994661,-0.40575992903326025,-0.15572503136702032,400.0,-1.2108,1.375,0.4,2.659,1.3,1126259642.413,41.61825142305006,-7.8601850574721635,-36395.45467869913
36.981522052687026,31.6503005402447,-0.268794519289344,-0.3249062731722269,400.0,-1.2108,1.375,0.4,2.659,1.3,1126259642.413,41.61856131205873,-7.8601850574721635,-36300.16964960443
36.870461708834526,31.245322329989467,-0.10612570717635451,-0.5660735541922844,400.0,-1.2108,1.375,0.4,2.659,1.3,1126259642.413,41.61871240580429,-7.8601850574721635,-36345.77491159887
37.417365223797546,30.87572936450078,-0.08345138217026388,-0.5769402609878687,400.0,-1.2108,1.375,0.4,2.659,1.3,1126259642.413,41.62041554736385,-7.8601850574721635,-36304.60091851976
34.9205732194636,33.77305187030929,-0.5272315753233372,-0.0412564484476623,400.0,-1.2108,1.375,0.4,2.659,1.3,1126259642.413,41.62047816951571,-7.8601850574721635,-36399.46379078065
37.344941274652626,31.11917929050036,-0.18491495746853684,-0.4364929332616056,400.0,-1.2108,1.375,0.4,2.659,1.3,1126259642.413,41.6208200616725,-7.8601850574721635,-36266.299823187735
34.34228080680698,34.294824788386045,-0.42011374098674137,-0.13507674380862605,400.0,-1.2108,1.375,0.4,2.659,1.3,1126259642.413,41.621095269060234,-7.8601850574721635,-36386.529148832364
36.95178292837078,31.56843936218804,-0.10752041839708185,-0.5140528274209355,400.0,-1.2108,1.375,0.4,2.659,1.3,1126259642.413,41.6211569830383,-7.8601850574721635,-36274.99657893622
34.65867939077355,33.953023990921366,-0.2627673338645544,-0.2993514993007112,400.0,-1.2108,1.375,0.4,2.659,1.3,1126259642.413,41.621617802195644,-7.8601850574721635,-36377.417586068615
36.16874792404893,31.86975120633657,-0.059321490386434333,-0.6222260831623555,400.0,-1.2108,1.375,0.4,2.659,1.3,1126259642.413,41.622536506290345,-7.8601850574721635,-36351.50196907615
34.4152834923549,34.115149495013924,-0.3244829791332639,-0.24538216559261777,400.0,-1.2108,1.375,0.4,2.659,1.3,1126259642.413,41.622884652809915,-7.8601850574721635,-36347.85125297293
38.300189706911645,30.148855287106365,-0.29492738390095197,-0.28987850375622415,400.0,-1.2108,1.375,0.4,2.659,1.3,1126259642.413,41.62353992527855,-7.8601850574721635,-36289.05003706745
36.4965716400298,31.89660795425271,-0.3764817408785003,-0.22144796372717174,400.0,-1.2108,1.375,0.4,2.659,1.3,1126259642.413,41.624694719756974,-7.8601850574721635,-36278.41919357469
37.57578124887877,30.986414308240583,-0.2160613322146104,-0.3715639782089784,400.0,-1.2108,1.375,0.4,2.659,1.3,1126259642.413,41.62517491361161,-7.8601850574721635,-36258.76718751687
36.396344966841134,32.08721572601445,-0.4585750807291637,-0.12631715032170987,400.0,-1.2108,1.375,0.4,2.659,1.3,1126259642.413,41.62567781728585,-7.8601850574721635,-36288.5759699422
35.15214915594049,33.527256269969044,-0.5035559200262805,-0.057221318835897816,400.0,-1.2108,1.375,0.4,2.659,1.3,1126259642.413,41.626720848120456,-7.8601850574721635,-36391.58175387428
36.47596698500919,31.959470505515675,-0.11486699735845593,-0.5225746479607211,400.0,-1.2108,1.375,0.4,2.659,1.3,1126259642.413,41.62688535662717,-7.8601850574721635,-36277.08416321437
37.855471101724014,30.76782830498295,-0.3326457939821135,-0.23259343614858802,400.0,-1.2108,1.375,0.4,2.659,1.3,1126259642.413,41.62728271312863,-7.8601850574721635,-36254.86664114184
36.739987324466156,31.69967427928488,-0.41091335501441073,-0.17879996475225435,400.0,-1.2108,1.375,0.4,2.659,1.3,1126259642.413,41.62777973574717,-7.8601850574721635,-36276.559425673775
36.52238803148416,31.787737817596486,0.06814620356007237,-0.739622945057245,400.0,-1.2108,1.375,0.4,2.659,1.3,1126259642.413,41.62862892342065,-7.8601850574721635,-36280.59968075598
37.158222640815495,31.33563529923852,-0.098036958378416,-0.5266042643694739,400.0,-1.2108,1.375,0.4,2.659,1.3,1126259642.413,41.63054944448723,-7.8601850574721635,-36264.52792438754
36.91998352387456,31.358618634263937,-0.17344277142597944,-0.4682151708673299,400.0,-1.2108,1.375,0.4,2.659,1.3,1126259642.413,41.63246867640662,-7.8601850574721635,-36295.37079832813
34.738152355961596,33.57681036652977,-0.28735567368196724,-0.33249144804287956,400.0,-1.2108,1.375,0.4,2.659,1.3,1126259642.413,41.63325751315694,-7.8601850574721635,-36291.71003206377
34.89880365938438,33.4087584931771,-0.1986433820422407,-0.42839657840442485,400.0,-1.2108,1.375,0.4,2.659,1.3,1126259642.413,41.63419711489237,-7.8601850574721635,-36295.10610175564
37.891941051689145,30.431400153859478,-0.12713729126470352,-0.5220841191537022,400.0,-1.2108,1.375,0.4,2.659,1.3,1126259642.413,41.634423445780726,-7.8601850574721635,-36313.83286240487
37.499310520982064,31.07211648425042,-0.1432657846263244,-0.46467727422465,400.0,-1.2108,1.375,0.4,2.659,1.3,1126259642.413,41.63578065538367,-7.8601850574721635,-36262.18347689725
36.56168772554542,32.174225461690455,-0.5333690106873795,-0.007745054482138247,400.0,-1.2108,1.375,0.4,2.659,1.3,1126259642.413,41.63604757177221,-7.8601850574721635,-36362.08925108498
36.384679224697216,32.12618331510941,-0.09521198613161388,-0.5249502827632464,400.0,-1.2108,1.375,0.4,2.659,1.3,1126259642.413,41.63618695310551,-7.8601850574721635,-36295.39941603608
35.341841017876696,32.90399829491094,-0.23957972767221233,-0.38556900231009766,400.0,-1.2108,1.375,0.4,2.659,1.3,1126259642.413,41.63720015457159,-7.8601850574721635,-36288.66460508847
36.64205994297012,31.636921201973554,-0.11450753642627719,-0.5264813544409426,400.0,-1.2108,1.375,0.4,2.659,1.3,1126259642.413,41.63753477589811,-7.8601850574721635,-36291.52309004404
37.193646507714284,31.3662474075123,-0.36966378265012223,-0.20965460134171335,400.0,-1.2108,1.375,0.4,2.659,1.3,1126259642.413,41.63812625933961,-7.8601850574721635,-36272.630239999344
34.478269897403415,33.84007808701675,0.10106098409291053,-0.7226690930659898,400.0,-1.2108,1.375,0.4,2.659,1.3,1126259642.413,41.64039037864454,-7.8601850574721635,-36293.626487792855
36.04874392817124,32.01889055836252,0.015081470779161055,-0.7088858576136139,400.0,-1.2108,1.375,0.4,2.659,1.3,1126259642.413,41.640813206729845,-7.8601850574721635,-36338.946409812175
36.31350404451117,32.48991872391589,-0.5339777665535104,-0.008437909442220615,400.0,-1.2108,1.375,0.4,2.659,1.3,1126259642.413,41.64102685064552,-7.8601850574721635,-36394.23880553315
34.58594995589304,34.11539404593538,-0.47013020887063395,-0.09171201984323069,400.0,-1.2108,1.375,0.4,2.659,1.3,1126259642.413,41.64119449074583,-7.8601850574721635,-36404.31469965346
37.07745026670067,31.34912532817817,-0.20642496524462572,-0.4157809152447711,400.0,-1.2108,1.375,0.4,2.659,1.3,1126259642.413,41.643935550965615,-7.8601850574721635,-36270.31260528835
34.79387311959614,33.707834968206875,-0.13157820752078236,-0.4573235205694792,400.0,-1.2108,1.375,0.4,2.659,1.3,1126259642.413,41.644208253288205,-7.8601850574721635,-36335.926045349166
34.663542313582234,33.89768176528802,-0.20903389105043407,-0.3707696224872761,400.0,-1.2108,1.375,0.4,2.659,1.3,1126259642.413,41.64437581162739,-7.8601850574721635,-36356.02364042519
34.967581236443124,33.29413295997087,-0.3290504002575868,-0.28295246350331865,400.0,-1.2108,1.375,0.4,2.659,1.3,1126259642.413,41.64657759392088,-7.8601850574721635,-36291.2501695317
35.89324153484896,32.92425431940149,-0.3632167257227237,-0.18662897167717651,400.0,-1.2108,1.375,0.4,2.659,1.3,1126259642.413,41.64665464083434,-7.8601850574721635,-36418.4553884906
37.749646568247044,30.966367038095235,-0.3091911500596864,-0.2419987125332078,400.0,-1.2108,1.375,0.4,2.659,1.3,1126259642.413,41.64816004158568,-7.8601850574721635,-36278.473272441646
35.321714399425026,33.09359980685449,-0.33000235079477713,-0.27147648324580614,400.0,-1.2108,1.375,0.4,2.659,1.3,1126259642.413,41.64854909263353,-7.8601850574721635,-36303.199657029196
37.81334031097093,30.78288971307956,-0.4133023592426479,-0.13396009888703542,400.0,-1.2108,1.375,0.4,2.659,1.3,1126259642.413,41.648966856602534,-7.8601850574721635,-36253.42805080707
37.62219643630289,30.9851705487361,-0.3856902443601754,-0.16597365340245956,400.0,-1.2108,1.375,0.4,2.659,1.3,1126259642.413,41.649038472698955,-7.8601850574721635,-36262.52292611681
35.30198362288173,33.409689354291125,-0.6013860500314838,0.03963090777659184,400.0,-1.2108,1.375,0.4,2.659,1.3,1126259642.413,41.649867692838114,-7.8601850574721635,-36398.37103215847
37.537945355512164,31.16161181915967,-0.41836444080830704,-0.12346653651048972,400.0,-1.2108,1.375,0.4,2.659,1.3,1126259642.413,41.65031490149543,-7.8601850574721635,-36287.263017790894
36.891333096573675,31.813578640336218,-0.23107169658196988,-0.35352445522812265,400.0,-1.2108,1.375,0.4,2.659,1.3,1126259642.413,41.652102504608415,-7.8601850574721635,-36329.093741142446
35.69424675624804,32.786902531532434,-0.16829316480289477,-0.4361742531452376,400.0,-1.2108,1.375,0.4,2.659,1.3,1126259642.413,41.65221931435637,-7.8601850574721635,-36310.592847802865
34.59791125474598,33.97018682671286,-0.25303583745717234,-0.33323244603940955,400.0,-1.2108,1.375,0.4,2.659,1.3,1126259642.413,41.65327298196183,-7.8601850574721635,-36358.68772686315
37.828529374996656,30.668124372347297,-0.3917532699027805,-0.1636330816483361,400.0,-1.2108,1.375,0.4,2.659,1.3,1126259642.413,41.65366838203052,-7.8601850574721635,-36261.132370648236
37.892494597832204,30.73661651040957,-0.23361540930599595,-0.3469100562419977,400.0,-1.2108,1.375,0.4,2.659,1.3,1126259642.413,41.65376865304235,-7.8601850574721635,-36254.67021381385
35.159787110127084,33.54364051107907,-0.2683127493727705,-0.30298100364371877,400.0,-1.2108,1.375,0.4,2.659,1.3,1126259642.413,41.6558570442954,-7.8601850574721635,-36398.78951010011
36.73887113159372,31.725331308330013,-0.3391804499231804,-0.26029927486112353,400.0,-1.2108,1.375,0.4,2.659,1.3,1126259642.413,41.656529710807135,-7.8601850574721635,-36273.51733232972
37.78245465618666,30.57322126178885,-0.22025031535295056,-0.3992685480804508,400.0,-1.2108,1.375,0.4,2.659,1.3,1126259642.413,41.657114742358694,-7.8601850574721635,-36298.082395619815
36.319856755370886,32.00417108273966,-0.32138421314779175,-0.2914971777560742,400.0,-1.2108,1.375,0.4,2.659,1.3,1126259642.413,41.65787435807195,-7.8601850574721635,-36280.45093786937
35.38254063729725,33.181413395631346,-0.1679241424744721,-0.4263430431423595,400.0,-1.2108,1.375,0.4,2.659,1.3,1126259642.413,41.65939207647758,-7.8601850574721635,-36344.764984977395
34.88155171885883,33.49749016990472,-0.27281028127461915,-0.34206771264403885,400.0,-1.2108,1.375,0.4,2.659,1.3,1126259642.413,41.65979198684129,-7.8601850574721635,-36302.11298877051
35.900357150363895,32.834733932006664,-0.3096377951370749,-0.26405487064180966,400.0,-1.2108,1.375,0.4,2.659,1.3,1126259642.413,41.659985208824295,-7.8601850574721635,-36389.14104325238
37.42911694848248,31.15068248753604,-0.3152692435617256,-0.26727533666539127,400.0,-1.2108,1.375,0.4,2.659,1.3,1126259642.413,41.660759870004824,-7.8601850574721635,-36265.97015705142
37.6436947687913,30.984077213306197,-0.2300307751067346,-0.3494226170445339,400.0,-1.2108,1.375,0.4,2.659,1.3,1126259642.413,41.662403628394564,-7.8601850574721635,-36265.347650078606
34.89196423555557,33.76369791206136,-0.20529575363439861,-0.3631570988064639,400.0,-1.2108,1.375,0.4,2.659,1.3,1126259642.413,41.66367335222563,-7.8601850574721635,-36388.42383719024
34.25212769174803,34.09939791896558,-0.21063066857796806,-0.3927831310631953,400.0,-1.2108,1.375,0.4,2.659,1.3,1126259642.413,41.66501826924226,-7.8601850574721635,-36300.43422980147
35.524106367271216,33.2204924471766,-0.40482839112621305,-0.1599446685075439,400.0,-1.2108,1.375,0.4,2.659,1.3,1126259642.413,41.66602115959192,-7.8601850574721635,-36402.224914971215
37.11066327183259,31.53357155624157,-0.23817579602423078,-0.3492794917029842,400.0,-1.2108,1.375,0.4,2.659,1.3,1126259642.413,41.66804180022313,-7.8601850574721635,-36296.54529212076
36.19051697841274,32.09135573290115,-0.00381755840666706,-0.6625474183319766,400.0,-1.2108,1.375,0.4,2.659,1.3,1126259642.413,41.66977378136069,-7.8601850574721635,-36283.270106827265
36.50589063398303,31.79028230828409,0.07827434674254635,-0.7540194769340736,400.0,-1.2108,1.375,0.4,2.659,1.3,1126259642.413,41.67087941274671,-7.8601850574721635,-36281.57897467377
35.317636822457246,32.98319553003982,-0.2911009868043658,-0.3363200779787019,400.0,-1.2108,1.375,0.4,2.659,1.3,1126259642.413,41.671326255077126,-7.8601850574721635,-36290.189202581256
34.44125762482434,34.16619170034936,-0.22183534546347852,-0.3405742494437818,400.0,-1.2108,1.375,0.4,2.659,1.3,1126259642.413,41.67208123945335,-7.8601850574721635,-36377.39022297862
34.74216792090955,33.82264009877982,-0.35454991051650486,-0.21584821769796309,400.0,-1.2108,1.375,0.4,2.659,1.3,1126259642.413,41.672676574902255,-7.8601850574721635,-36356.38102308562
34.8889530101747,33.69284089810246,-0.17413106157107616,-0.40330095990225473,400.0,-1.2108,1.375,0.4,2.659,1.3,1126259642.413,41.67374021116049,-7.8601850574721635,-36359.84078916552
37.110160549953505,30.96096713411478,0.07959736525075603,-0.7890814178928047,400.0,-1.2108,1.375,0.4,2.659,1.3,1126259642.413,41.67591978508144,-7.8601850574721635,-36363.607917474175
36.00125126739464,32.61056266414974,-0.3778911294507472,-0.2097312586010396,400.0,-1.2108,1.375,0.4,2.659,1.3,1126259642.413,41.67642657222557,-7.8601850574721635,-36340.6398628741
34.41006157753173,33.84127049566573,-0.29754051734895093,-0.32278687112952736,400.0,-1.2108,1.375,0.4,2.659,1.3,1126259642.413,41.67726929262967,-7.8601850574721635,-36293.40307457917
37.23630607439755,31.053151317201657,-0.12418492596352695,-0.5254744547858554,400.0,-1.2108,1.375,0.4,2.659,1.3,1126259642.413,41.677949769525014,-7.8601850574721635,-36300.13518553121
35.60635685559418,33.069788169285616,-0.4329372222134919,-0.1298112319201648,400.0,-1.2108,1.375,0.4,2.659,1.3,1126259642.413,41.67819291822902,-7.8601850574721635,-36380.10951960068
34.40704969713012,33.93470682587921,0.04700407986047661,-0.6598388032293151,400.0,-1.2108,1.375,0.4,2.659,1.3,1126259642.413,41.67934529560124,-7.8601850574721635,-36297.94517182056
37.14764514278523,31.18481424471959,-0.08655621874080227,-0.5667264887696519,400.0,-1.2108,1.375,0.4,2.659,1.3,1126259642.413,41.68064371187681,-7.8601850574721635,-36287.52142020387
35.01738557095223,33.36269635295347,0.045371102851368805,-0.6756730106749396,400.0,-1.2108,1.375,0.4,2.659,1.3,1126259642.413,41.68109770887242,-7.8601850574721635,-36300.59765449776
36.53829504451832,32.03542321184863,-0.3936999257183883,-0.19098577142510503,400.0,-1.2108,1.375,0.4,2.659,1.3,1126259642.413,41.68198009230482,-7.8601850574721635,-36305.46668635891
37.552970851231656,30.842003907995654,-0.17406183138363324,-0.45382768238337357,400.0,-1.2108,1.375,0.4,2.659,1.3,1126259642.413,41.68268761590909,-7.8601850574721635,-36281.06037037138
35.348433479673155,33.4201223394967,-0.45029400115387347,-0.09891846003471311,400.0,-1.2108,1.375,0.4,2.659,1.3,1126259642.413,41.682946839002334,-7.8601850574721635,-36419.28194120457
34.843886922326384,33.323699258870086,-0.06377972477985858,-0.583607188023993,400.0,-1.2108,1.375,0.4,2.659,1.3,1126259642.413,41.683084465246296,-7.8601850574721635,-36301.565340304405
35.15766350440951,32.92858873624044,-0.036498850490343904,-0.6234562865929502,400.0,-1.2108,1.375,0.4,2.659,1.3,1126259642.413,41.68349697152782,-7.8601850574721635,-36318.346514636636
37.40993293127808,31.31684089274338,-0.41014072141680996,-0.1371422276996121,400.0,-1.2108,1.375,0.4,2.659,1.3,1126259642.413,41.68392784784649,-7.8601850574721635,-36304.38932815613
38.02126599545512,30.464792332075746,-0.2586511511173403,-0.33441586046997257,400.0,-1.2108,1.375,0.4,2.659,1.3,1126259642.413,41.684916877784545,-7.8601850574721635,-36265.00902626284
36.09975923270414,32.04956261199422,-0.05822362297568695,-0.6154671841364227,400.0,-1.2108,1.375,0.4,2.659,1.3,1126259642.413,41.68651181636719,-7.8601850574721635,-36313.65371916364
37.452674195483844,31.190791988378457,-0.4018727194478875,-0.15563286468914425,400.0,-1.2108,1.375,0.4,2.659,1.3,1126259642.413,41.687713797808826,-7.8601850574721635,-36278.48978710415
35.65077076827117,32.408401077143616,0.056719357605376414,-0.7442272578712836,400.0,-1.2108,1.375,0.4,2.659,1.3,1126259642.413,41.688192560639855,-7.8601850574721635,-36334.04481514865
36.50561647212114,31.958373574894836,-0.3096604120245782,-0.29645058905278454,400.0,-1.2108,1.375,0.4,2.659,1.3,1126259642.413,41.68903409262259,-7.8601850574721635,-36281.00766926684
35.354966571855705,32.78592928959208,-0.1346725790148946,-0.5212150341659672,400.0,-1.2108,1.375,0.4,2.659,1.3,1126259642.413,41.6893139749549,-7.8601850574721635,-36307.20938290999
37.09788349545318,31.324594317978004,-0.16530707962658991,-0.4638717492672509,400.0,-1.2108,1.375,0.4,2.659,1.3,1126259642.413,41.689472804152444,-7.8601850574721635,-36270.06769624672
35.93837204637667,32.23848843239603,-0.17164373073561065,-0.4825075227402158,400.0,-1.2108,1.375,0.4,2.659,1.3,1126259642.413,41.689557331227235,-7.8601850574721635,-36304.84573447074
37.01335963872132,31.16238494814439,0.004949224469079139,-0.6855162892061091,400.0,-1.2108,1.375,0.4,2.659,1.3,1126259642.413,41.692879404390695,-7.8601850574721635,-36330.15348639698
35.29369577679176,33.099717962712525,-0.3074572399339275,-0.29837024389164635,400.0,-1.2108,1.375,0.4,2.659,1.3,1126259642.413,41.69411610341382,-7.8601850574721635,-36298.63624860864
37.78772035788886,30.573556669689065,-0.2819853481213006,-0.3190102013638569,400.0,-1.2108,1.375,0.4,2.659,1.3,1126259642.413,41.69426716431143,-7.8601850574721635,-36296.622474434924
35.79734908986694,32.67582053457605,-0.21414614804269697,-0.38716714819224674,400.0,-1.2108,1.375,0.4,2.659,1.3,1126259642.413,41.694478293071455,-7.8601850574721635,-36305.58372657881
36.52227481646299,32.3473077876855,-0.3597896988454712,-0.19261746684998726,400.0,-1.2108,1.375,0.4,2.659,1.3,1126259642.413,41.69512575784965,-7.8601850574721635,-36410.08927682598
34.63032690514632,33.834513267515185,0.04174558750432239,-0.644659101905407,400.0,-1.2108,1.375,0.4,2.659,1.3,1126259642.413,41.69865897855519,-7.8601850574721635,-36326.51005360287
34.44431577059107,33.8520190060822,0.03968537042114395,-0.6586630695840754,400.0,-1.2108,1.375,0.4,2.659,1.3,1126259642.413,41.70104827572705,-7.8601850574721635,-36296.40048768089
36.47356774979398,32.112153161539204,-0.1751159972940584,-0.42324646691113416,400.0,-1.2108,1.375,0.4,2.659,1.3,1126259642.413,41.70243043345999,-7.8601850574721635,-36311.98183351668
34.48122361612459,33.90063623394263,0.15151954852622623,-0.7655724599109932,400.0,-1.2108,1.375,0.4,2.659,1.3,1126259642.413,41.7026209625696,-7.8601850574721635,-36305.836551627755
35.49321736907372,32.999046740926545,-0.2184572432687958,-0.37704766082249597,400.0,-1.2108,1.375,0.4,2.659,1.3,1126259642.413,41.70273181383447,-7.8601850574721635,-36319.243861026465
35.221161368444534,33.44593702060188,-0.29412162026965993,-0.28097175657370405,400.0,-1.2108,1.375,0.4,2.659,1.3,1126259642.413,41.70350299551934,-7.8601850574721635,-36386.69109351097
34.23103269876705,34.05974074797775,-0.1166618082037452,-0.4958787382053472,400.0,-1.2108,1.375,0.4,2.659,1.3,1126259642.413,41.70359276140895,-7.8601850574721635,-36296.68049033173
36.30195629617242,31.9146641641267,-0.17165660524398035,-0.4790670667020198,400.0,-1.2108,1.375,0.4,2.659,1.3,1126259642.413,41.70362699493596,-7.8601850574721635,-36300.18147736812
34.86093274043392,33.333697366090476,-0.014743658444523078,-0.6321289035642634,400.0,-1.2108,1.375,0.4,2.659,1.3,1126259642.413,41.70390190416359,-7.8601850574721635,-36292.54819148937
34.75785431404109,33.48530256279026,-0.17010494753994687,-0.46083988776827256,400.0,-1.2108,1.375,0.4,2.659,1.3,1126259642.413,41.70490951655374,-7.8601850574721635,-36291.77025222419
36.0297902791916,32.29680587391991,-0.2361379169459241,-0.38889798277735343,400.0,-1.2108,1.375,0.4,2.659,1.3,1126259642.413,41.705306688892904,-7.8601850574721635,-36283.228498771816
36.38174937279541,31.99223004099185,-0.2679634293693702,-0.34978967316335874,400.0,-1.2108,1.375,0.4,2.659,1.3,1126259642.413,41.70539438344072,-7.8601850574721635,-36279.71092042231
36.901054656154706,31.81045809002384,-0.2673016407860844,-0.3026167137922592,400.0,-1.2108,1.375,0.4,2.659,1.3,1126259642.413,41.708099452704865,-7.8601850574721635,-36330.66759465133
35.66058557396079,32.67188096104594,-0.06406998101304812,-0.5793815603138757,400.0,-1.2108,1.375,0.4,2.659,1.3,1126259642.413,41.70878242321513,-7.8601850574721635,-36288.46245182917
34.092474157928976,34.037658975855926,0.10181108336194061,-0.7294123867536716,400.0,-1.2108,1.375,0.4,2.659,1.3,1126259642.413,41.709348274216154,-7.8601850574721635,-36305.91940783633
36.13411912632269,32.618898693991554,-0.5374614276670295,-0.011266273346097921,400.0,-1.2108,1.375,0.4,2.659,1.3,1126259642.413,41.71150730371292,-7.8601850574721635,-36386.37892198689
34.90797542702005,33.78109082020816,-0.3909463664394146,-0.16444445128890872,400.0,-1.2108,1.375,0.4,2.659,1.3,1126259642.413,41.71160071094682,-7.8601850574721635,-36398.058621716664
34.854885501307,33.82507697564655,-0.39021907227632363,-0.1761066195405321,400.0,-1.2108,1.375,0.4,2.659,1.3,1126259642.413,41.712509347939964,-7.8601850574721635,-36396.04324901542
36.600777066101344,31.596725169699244,0.015568744279831737,-0.6971383781594562,400.0,-1.2108,1.375,0.4,2.659,1.3,1126259642.413,41.71362651179534,-7.8601850574721635,-36310.47234347036
35.49353941200332,33.26296985833564,-0.47609649280932714,-0.08337732661880709,400.0,-1.2108,1.375,0.4,2.659,1.3,1126259642.413,41.71446436743467,-7.8601850574721635,-36406.243352534126
35.86375953686691,32.48658916053049,-0.20161747079198017,-0.41433084725888913,400.0,-1.2108,1.375,0.4,2.659,1.3,1126259642.413,41.71853248367795,-7.8601850574721635,-36286.703433676805
34.582127463865596,33.87004843801911,-0.010309835785683091,-0.5868988097768657,400.0,-1.2108,1.375,0.4,2.659,1.3,1126259642.413,41.71955986363567,-7.8601850574721635,-36323.11248894093
37.49581545757308,31.165651352464813,-0.3873300432213635,-0.16531432537791718,400.0,-1.2108,1.375,0.4,2.659,1.3,1126259642.413,41.71961496446362,-7.8601850574721635,-36278.88211422608
37.09431665756688,31.374576197974175,-0.2663131123035594,-0.3397774975943827,400.0,-1.2108,1.375,0.4,2.659,1.3,1126259642.413,41.7199889383167,-7.8601850574721635,-36270.34667149897
34.38436069193257,34.29254239146925,-0.4439928050543486,-0.11829936539862071,400.0,-1.2108,1.375,0.4,2.659,1.3,1126259642.413,41.72056942219958,-7.8601850574721635,-36398.22405004105
35.79307453864932,33.047311868210485,-0.42445547080653545,-0.1220312430771976,400.0,-1.2108,1.375,0.4,2.659,1.3,1126259642.413,41.72078063080651,-7.8601850574721635,-36426.2160339401
35.52369103195191,32.9288832462355,-0.42469385885497657,-0.1743802037709767,400.0,-1.2108,1.375,0.4,2.659,1.3,1126259642.413,41.725595741876056,-7.8601850574721635,-36307.7065288339
35.63797397845751,33.01010436816688,-0.25496951896682374,-0.3285543591573421,400.0,-1.2108,1.375,0.4,2.659,1.3,1126259642.413,41.726310786803076,-7.8601850574721635,-36370.36981055342
35.10250155337048,33.01695574531188,-0.00012229783244238623,-0.661019502493478,400.0,-1.2108,1.375,0.4,2.659,1.3,1126259642.413,41.72668915588056,-7.8601850574721635,-36310.08287686015
35.99186276520829,32.25485792547275,-0.1738438152744804,-0.46890905678943073,400.0,-1.2108,1.375,0.4,2.659,1.3,1126259642.413,41.72682260490993,-7.8601850574721635,-36286.82038302438
34.92195640683637,33.755494988207914,-0.49033153022616305,-0.07873789279837401,400.0,-1.2108,1.375,0.4,2.659,1.3,1126259642.413,41.73049568821334,-7.8601850574721635,-36394.813783429934
37.7866934893869,30.69519063076292,-0.3153211332242609,-0.2637180007598866,400.0,-1.2108,1.375,0.4,2.659,1.3,1126259642.413,41.73163096196726,-7.8601850574721635,-36262.84142826092
36.028968548148754,32.79037508878495,-0.35315863166750133,-0.1993141714175069,400.0,-1.2108,1.375,0.4,2.659,1.3,1126259642.413,41.73233061796027,-7.8601850574721635,-36414.80464255824
36.12393805609359,32.27920609731899,-0.25369751651986017,-0.35161397042417275,400.0,-1.2108,1.375,0.4,2.659,1.3,1126259642.413,41.73581844837207,-7.8601850574721635,-36281.765681292374
34.25189425014913,34.16219510065753,-0.20903735726422593,-0.386726892525675,400.0,-1.2108,1.375,0.4,2.659,1.3,1126259642.413,41.7362986033037,-7.8601850574721635,-36314.3117781331
34.41563694042144,34.08960396799878,-0.40512221764957435,-0.1676864074932957,400.0,-1.2108,1.375,0.4,2.659,1.3,1126259642.413,41.73722991208121,-7.8601850574721635,-36340.25400750983
37.10360758003684,31.58001612188973,-0.24518075251875504,-0.3322685249793804,400.0,-1.2108,1.375,0.4,2.659,1.3,1126259642.413,41.73776855853917,-7.8601850574721635,-36309.67530857102
34.958193803510305,33.70417555650993,-0.323260314470158,-0.24707213486302881,400.0,-1.2108,1.375,0.4,2.659,1.3,1126259642.413,41.73803801865813,-7.8601850574721635,-36389.5803993918
35.324163859416025,33.36269002960658,-0.5760522371799637,0.012368843444699462,400.0,-1.2108,1.375,0.4,2.659,1.3,1126259642.413,41.738192357598635,-7.8601850574721635,-36390.46307635027
36.26029503172953,32.31251954238209,-0.2667113474028083,-0.3216417157514002,400.0,-1.2108,1.375,0.4,2.659,1.3,1126259642.413,41.738424738472816,-7.8601850574721635,-36317.30929579205
35.01211043381912,33.137870129106226,-0.043086978858026814,-0.6086291759721804,400.0,-1.2108,1.375,0.4,2.659,1.3,1126259642.413,41.74007360825857,-7.8601850574721635,-36304.228244541926
35.094047115497986,33.534660096328075,-0.5714064250039033,0.00529017011302485,400.0,-1.2108,1.375,0.4,2.659,1.3,1126259642.413,41.74170773317466,-7.8601850574721635,-36377.15290809845
34.71992262882596,33.91223545377936,-0.4879143028305987,-0.08644161074511764,400.0,-1.2108,1.375,0.4,2.659,1.3,1126259642.413,41.74481574193983,-7.8601850574721635,-36383.20360028389
35.16969564844778,33.243186474025435,-0.05287515600438547,-0.5624770071540441,400.0,-1.2108,1.375,0.4,2.659,1.3,1126259642.413,41.746054541446995,-7.8601850574721635,-36305.491533861496
34.34777598690191,33.82378115146269,-0.07546217142424877,-0.5531365345102494,400.0,-1.2108,1.375,0.4,2.659,1.3,1126259642.413,41.74683559579866,-7.8601850574721635,-36294.72205612989
34.168470273384415,34.087533484848066,-0.09804952946417597,-0.5146501094613083,400.0,-1.2108,1.375,0.4,2.659,1.3,1126259642.413,41.747560389950266,-7.8601850574721635,-36293.58170360505
34.87021759627415,33.56074201388881,-0.014623217960188811,-0.5948527058948254,400.0,-1.2108,1.375,0.4,2.659,1.3,1126259642.413,41.74875137279781,-7.8601850574721635,-36314.24212078056
34.2135080520987,34.098280792532705,0.10023918346477945,-0.7080942441486759,400.0,-1.2108,1.375,0.4,2.659,1.3,1126259642.413,41.7487725814826,-7.8601850574721635,-36293.561745751926
36.93589867310408,31.88714915429704,-0.31993634943187654,-0.2357262158116029,400.0,-1.2108,1.375,0.4,2.659,1.3,1126259642.413,41.74928532354258,-7.8601850574721635,-36370.594289994035
34.287253278346924,33.85140662284917,-0.11989051401488508,-0.5093526912987938,400.0,-1.2108,1.375,0.4,2.659,1.3,1126259642.413,41.75105935849947,-7.8601850574721635,-36305.321297478855
34.47600225809414,33.924403969009134,-0.3452313236065456,-0.25635814775672405,400.0,-1.2108,1.375,0.4,2.659,1.3,1126259642.413,41.751113672487776,-7.8601850574721635,-36310.16014315934
35.613235184701004,32.809518093684716,-0.0284565001790113,-0.6018034565472813,400.0,-1.2108,1.375,0.4,2.659,1.3,1126259642.413,41.751442062664566,-7.8601850574721635,-36298.39687563274
36.472678634200335,31.793736063863058,-0.0037447244269448454,-0.6610067209398347,400.0,-1.2108,1.375,0.4,2.659,1.3,1126259642.413,41.75172846636223,-7.8601850574721635,-36292.370223277016
34.37886042411886,34.14696968966984,-0.48451180010608086,-0.08855321347991907,400.0,-1.2108,1.375,0.4,2.659,1.3,1126259642.413,41.753230758575896,-7.8601850574721635,-36346.68545774734
36.342488216605794,32.240585855105714,-0.25822503837021055,-0.330982523265775,400.0,-1.2108,1.375,0.4,2.659,1.3,1126259642.413,41.7536883047048,-7.8601850574721635,-36317.15080669857
36.265552732438806,32.53770363916794,-0.40110772456826377,-0.1549894188978615,400.0,-1.2108,1.375,0.4,2.659,1.3,1126259642.413,41.75391126935835,-7.8601850574721635,-36395.809671766576
34.6954051450037,33.95141315126226,-0.260735962966326,-0.30461388751152096,400.0,-1.2108,1.375,0.4,2.659,1.3,1126259642.413,41.75497145356437,-7.8601850574721635,-36387.98204792393
37.430270445349706,31.21579320379625,-0.39600362560339697,-0.15913360176988453,400.0,-1.2108,1.375,0.4,2.659,1.3,1126259642.413,41.755710165231164,-7.8601850574721635,-36280.04133730865
36.897951279409654,31.8259033602742,-0.48046802728719923,-0.06552443929670271,400.0,-1.2108,1.375,0.4,2.659,1.3,1126259642.413,41.75611739525924,-7.8601850574721635,-36334.78528654591
35.22135759837386,33.53084893629003,-0.3568905576299735,-0.19928874359257953,400.0,-1.2108,1.375,0.4,2.659,1.3,1126259642.413,41.75624608811833,-7.8601850574721635,-36417.27571532933
36.89772538244547,31.74351109216404,-0.3416412325928752,-0.238282820389511,400.0,-1.2108,1.375,0.4,2.659,1.3,1126259642.413,41.75721381026511,-7.8601850574721635,-36307.80127354613
36.18742446750814,32.078949599974806,-0.05275158913164585,-0.6057655472970392,400.0,-1.2108,1.375,0.4,2.659,1.3,1126259642.413,41.758002034167696,-7.8601850574721635,-36284.96520160069
35.04852434178847,33.29527256705005,0.10948766918053465,-0.744821668007595,400.0,-1.2108,1.375,0.4,2.659,1.3,1126259642.413,41.75844576645677,-7.8601850574721635,-36293.28018264066
36.67441955799203,31.733102199051757,-0.16785521149125063,-0.4534691902853461,400.0,-1.2108,1.375,0.4,2.659,1.3,1126259642.413,41.76178680789184,-7.8601850574721635,-36275.86889940902
36.29696452187586,32.42777016636747,-0.41980965695140793,-0.13855390894405006,400.0,-1.2108,1.375,0.4,2.659,1.3,1126259642.413,41.7627960968769,-7.8601850574721635,-36370.90230260659
35.01184940502228,33.215374871027514,-0.22025145465093643,-0.4063690401722638,400.0,-1.2108,1.375,0.4,2.659,1.3,1126259642.413,41.76619144645132,-7.8601850574721635,-36290.80641996194
35.680859664488985,33.11838450110656,-0.46007948588809183,-0.0884988578929905,400.0,-1.2108,1.375,0.4,2.659,1.3,1126259642.413,41.7665605841828,-7.8601850574721635,-36419.493988433554
34.36754062643414,33.99099624597586,0.08722720122498728,-0.6944099019886847,400.0,-1.2108,1.375,0.4,2.659,1.3,1126259642.413,41.76686965645233,-7.8601850574721635,-36301.31085406757
34.348020402624606,34.04512636826597,0.036297056240946424,-0.6356041852146455,400.0,-1.2108,1.375,0.4,2.659,1.3,1126259642.413,41.76739936405703,-7.8601850574721635,-36309.104614878954
36.22529787876491,32.48058987256812,-0.30547736326287733,-0.26979506433981115,400.0,-1.2108,1.375,0.4,2.659,1.3,1126259642.413,41.76790266121229,-7.8601850574721635,-36367.9734834052
35.499462778963164,33.01348471295294,-0.17685378503499136,-0.4228018581036557,400.0,-1.2108,1.375,0.4,2.659,1.3,1126259642.413,41.76953910281722,-7.8601850574721635,-36325.54846441611
35.074975110939654,33.295019272302994,-0.2588530872596416,-0.35764053279311087,400.0,-1.2108,1.375,0.4,2.659,1.3,1126259642.413,41.76960762611906,-7.8601850574721635,-36297.445879145824
36.51845284649948,32.190485895087576,-0.4404386581306723,-0.12382640775760506,400.0,-1.2108,1.375,0.4,2.659,1.3,1126259642.413,41.769898308760204,-7.8601850574721635,-36355.337273070974
36.08787826759446,32.24738666588233,-0.31566931791716024,-0.30283889179346596,400.0,-1.2108,1.375,0.4,2.659,1.3,1126259642.413,41.77010797735889,-7.8601850574721635,-36282.473384330406
34.94003674686898,33.348665532657265,-0.07794300056521616,-0.5510633097230992,400.0,-1.2108,1.375,0.4,2.659,1.3,1126259642.413,41.770713260516764,-7.8601850574721635,-36293.37386532394
37.16693410027299,31.16965830149578,-0.20718667997430226,-0.4180914468651902,400.0,-1.2108,1.375,0.4,2.659,1.3,1126259642.413,41.770884748116465,-7.8601850574721635,-36286.897115795764
35.18878193203717,33.19126177564698,-0.17990327773391251,-0.42671447385248445,400.0,-1.2108,1.375,0.4,2.659,1.3,1126259642.413,41.77122343829811,-7.8601850574721635,-36298.04772381927
35.84071619847875,32.533086606601934,-0.2717713373016365,-0.3462161929028824,400.0,-1.2108,1.375,0.4,2.659,1.3,1126259642.413,41.77322133604962,-7.8601850574721635,-36283.87379002611
35.85401266373007,32.448374734499374,-0.27985830634534137,-0.3468185202077418,400.0,-1.2108,1.375,0.4,2.659,1.3,1126259642.413,41.773413700629675,-7.8601850574721635,-36284.879265595744
35.82165276560759,32.55323080120251,-0.2633629604693045,-0.35637296941698404,400.0,-1.2108,1.375,0.4,2.659,1.3,1126259642.413,41.77370666250367,-7.8601850574721635,-36284.77379518348
36.15746323463435,32.64185906026558,-0.4252183472149367,-0.12164648199401554,400.0,-1.2108,1.375,0.4,2.659,1.3,1126259642.413,41.773855752609336,-7.8601850574721635,-36398.69007779106
34.43639696893004,33.860358645269066,0.15458798951378105,-0.7707016985867149,400.0,-1.2108,1.375,0.4,2.659,1.3,1126259642.413,41.77393194401793,-7.8601850574721635,-36296.71814512521
36.88310549788926,31.752348137879967,-0.3716077567794793,-0.2040403789153056,400.0,-1.2108,1.375,0.4,2.659,1.3,1126259642.413,41.774142068172075,-7.8601850574721635,-36306.64914147557
34.92784456852453,33.78527322731543,-0.34240038223077096,-0.21713282421706764,400.0,-1.2108,1.375,0.4,2.659,1.3,1126259642.413,41.779027788733785,-7.8601850574721635,-36404.44776245849
36.252766218374454,31.972332763517343,0.005665000529879449,-0.6758274973229396,400.0,-1.2108,1.375,0.4,2.659,1.3,1126259642.413,41.78048239861272,-7.8601850574721635,-36297.88789372665
34.30833119937593,34.04359386275259,-0.2530202999029056,-0.34757425226835675,400.0,-1.2108,1.375,0.4,2.659,1.3,1126259642.413,41.780876758813,-7.8601850574721635,-36300.23151849976
35.187456829780245,33.229535798123166,-0.39474957442833836,-0.20859664768980993,400.0,-1.2108,1.375,0.4,2.659,1.3,1126259642.413,41.78160014491978,-7.8601850574721635,-36305.76826378124
35.89065934105884,32.394902389298835,0.007827949450749438,-0.663361591143365,400.0,-1.2108,1.375,0.4,2.659,1.3,1126259642.413,41.7832352020509,-7.8601850574721635,-36284.420260191
34.55607107818693,34.12477112270857,-0.43517991379479626,-0.124992436338418,400.0,-1.2108,1.375,0.4,2.659,1.3,1126259642.413,41.78567344826878,-7.8601850574721635,-36398.83913116252
36.60059193546349,32.16268760100948,-0.41570936279968623,-0.14321751873832184,400.0,-1.2108,1.375,0.4,2.659,1.3,1126259642.413,41.787462555194395,-7.8601850574721635,-36368.89690824929
35.459014520801496,32.925362684627565,-0.26561895591047213,-0.35035803749123484,400.0,-1.2108,1.375,0.4,2.659,1.3,1126259642.413,41.78857275466123,-7.8601850574721635,-36294.13041341535
34.669140523080564,33.88911190967846,-0.38842014760140364,-0.19641511479268361,400.0,-1.2108,1.375,0.4,2.659,1.3,1126259642.413,41.789622290163074,-7.8601850574721635,-36355.03284166296
36.69272544528759,31.738685422019792,-0.14400573085049967,-0.48559479165891684,400.0,-1.2108,1.375,0.4,2.659,1.3,1126259642.413,41.79582203279902,-7.8601850574721635,-36277.338615618406
35.07995841629685,33.566455689742085,-0.34458370439355557,-0.21872203280615832,400.0,-1.2108,1.375,0.4,2.659,1.3,1126259642.413,41.796854754978156,-7.8601850574721635,-36383.04602304668
35.89213244604201,32.705477937109706,-0.39542400987427695,-0.19058286982224845,400.0,-1.2108,1.375,0.4,2.659,1.3,1126259642.413,41.7971753478494,-7.8601850574721635,-36340.20712093195
34.859950862798264,33.817637048981666,-0.4148483809384209,-0.14916338246051483,400.0,-1.2108,1.375,0.4,2.659,1.3,1126259642.413,41.79907811386339,-7.8601850574721635,-36395.56222827692
36.251420702282935,32.31388554116329,-0.2973053662341506,-0.28838877563860843,400.0,-1.2108,1.375,0.4,2.659,1.3,1126259642.413,41.79948207990406,-7.8601850574721635,-36315.37931121606
37.020571568012905,31.395671401445895,-0.2681713592353975,-0.34081621963952874,400.0,-1.2108,1.375,0.4,2.659,1.3,1126259642.413,41.80154517288507,-7.8601850574721635,-36271.29807897126
36.11257046267995,32.545722129267425,-0.38726406282236114,-0.18062445914065928,400.0,-1.2108,1.375,0.4,2.659,1.3,1126259642.413,41.802312797753096,-7.8601850574721635,-36356.67523365726
35.44265094690888,32.832203474011244,-0.0865424248500741,-0.5473751909255254,400.0,-1.2108,1.375,0.4,2.659,1.3,1126259642.413,41.8035193047921,-7.8601850574721635,-36288.018972715035
36.86967736913603,31.72345224219347,-0.32704938187485,-0.2591127202588206,400.0,-1.2108,1.375,0.4,2.659,1.3,1126259642.413,41.806488976259416,-7.8601850574721635,-36294.36915924464
35.38591734427687,33.31302947764113,-0.4418640420834472,-0.12267287138426841,400.0,-1.2108,1.375,0.4,2.659,1.3,1126259642.413,41.806653303286204,-7.8601850574721635,-36392.63364087569
34.94407156943304,33.35059249225667,-0.37241503596088077,-0.23743600089079556,400.0,-1.2108,1.375,0.4,2.659,1.3,1126259642.413,41.812108670641464,-7.8601850574721635,-36293.51854260623
36.13162667092316,32.62055451785409,-0.3135481318205546,-0.2505219670336438,400.0,-1.2108,1.375,0.4,2.659,1.3,1126259642.413,41.812354988524284,-7.8601850574721635,-36386.123602689106
34.89531156841175,33.603370413689184,-0.14135644538760117,-0.45306010508977446,400.0,-1.2108,1.375,0.4,2.659,1.3,1126259642.413,41.81255273098809,-7.8601850574721635,-36333.77324608342
35.0991698973368,33.56667228830202,-0.36963535019883176,-0.19929443358206392,400.0,-1.2108,1.375,0.4,2.659,1.3,1126259642.413,41.81294129508895,-7.8601850574721635,-36388.72955545191
35.53756158211394,33.135526812481544,-0.525584765690746,-0.03704689795720345,400.0,-1.2108,1.375,0.4,2.659,1.3,1126259642.413,41.814084418127,-7.8601850574721635,-36381.37383677746
35.356147723945,33.34437761110803,-0.31095022668017863,-0.25780401474380266,400.0,-1.2108,1.375,0.4,2.659,1.3,1126259642.413,41.814503809994044,-7.8601850574721635,-36394.06129317432
36.09694300533679,32.7128697858014,-0.37232629123643046,-0.18238401883578606,400.0,-1.2108,1.375,0.4,2.659,1.3,1126259642.413,41.816815052917086,-7.8601850574721635,-36410.5026813821
35.070005973460525,33.521361906024985,-0.3841025720957557,-0.18804066114606144,400.0,-1.2108,1.375,0.4,2.659,1.3,1126259642.413,41.81691606178982,-7.8601850574721635,-36360.15892305837
36.07182927656361,32.674160786756566,-0.4627596671517422,-0.09748048456817965,400.0,-1.2108,1.375,0.4,2.659,1.3,1126259642.413,41.81809013398086,-7.8601850574721635,-36386.484186289825
36.67503601683622,31.950416748854067,-0.40230812974728836,-0.17202346189843357,400.0,-1.2108,1.375,0.4,2.659,1.3,1126259642.413,41.81874280574945,-7.8601850574721635,-36314.57958098558
35.88814523153786,32.66335564534905,-0.3533313516922625,-0.227065563694572,400.0,-1.2108,1.375,0.4,2.659,1.3,1126259642.413,41.82078535277606,-7.8601850574721635,-36325.57502624123
37.21010891374958,31.25018087208315,-0.27263419321192556,-0.3279571112671982,400.0,-1.2108,1.375,0.4,2.659,1.3,1126259642.413,41.822422693738424,-7.8601850574721635,-36267.6712722663
34.32397246810204,34.06482349105985,-0.12186432872454792,-0.4688697761465068,400.0,-1.2108,1.375,0.4,2.659,1.3,1126259642.413,41.82245376433156,-7.8601850574721635,-36308.10811150694
35.248091813380725,33.38076774026239,-0.5150314528584571,-0.05948112561140301,400.0,-1.2108,1.375,0.4,2.659,1.3,1126259642.413,41.82252908517037,-7.8601850574721635,-36374.37684773296
35.98017606064373,32.464897669632784,-0.12145632969186855,-0.504819397648782,400.0,-1.2108,1.375,0.4,2.659,1.3,1126259642.413,41.82311239188722,-7.8601850574721635,-36293.63539609025
34.6801568990668,33.90264853573575,-0.2710859215790974,-0.2999813946931601,400.0,-1.2108,1.375,0.4,2.659,1.3,1126259642.413,41.82660791128167,-7.8601850574721635,-36362.60543842516
37.13428038468912,31.487282027434247,-0.3342321452699011,-0.24219477278354573,400.0,-1.2108,1.375,0.4,2.659,1.3,1126259642.413,41.82684524976289,-7.8601850574721635,-36288.7018368654
36.81410913208548,31.75838838259674,-0.2501533624350404,-0.3436717391784736,400.0,-1.2108,1.375,0.4,2.659,1.3,1126259642.413,41.829227486953755,-7.8601850574721635,-36292.46186554494
34.532913832251126,34.0192515278741,-0.4886578651727461,-0.09371172734657751,400.0,-1.2108,1.375,0.4,2.659,1.3,1126259642.413,41.830570362290096,-7.8601850574721635,-36354.206079610005
36.98800709339612,31.492109832206623,-0.23464239512920368,-0.36973475986817156,400.0,-1.2108,1.375,0.4,2.659,1.3,1126259642.413,41.830679895647606,-7.8601850574721635,-36267.921780713536
34.50108065927911,33.74935911572522,-0.24619424244059945,-0.3687604522820477,400.0,-1.2108,1.375,0.4,2.659,1.3,1126259642.413,41.83156544274442,-7.8601850574721635,-36293.31412798966
34.99933953761932,33.36948647840019,-0.18480575659546714,-0.4200811612823726,400.0,-1.2108,1.375,0.4,2.659,1.3,1126259642.413,41.83348269439399,-7.8601850574721635,-36298.20787041795
37.101802437085276,31.4596058588075,-0.3772649065789687,-0.19814710757000895,400.0,-1.2108,1.375,0.4,2.659,1.3,1126259642.413,41.834199546840765,-7.8601850574721635,-36276.85456489941
34.414814858817614,33.91580651795934,-0.34857651593542793,-0.2581926116138847,400.0,-1.2108,1.375,0.4,2.659,1.3,1126259642.413,41.835340114711705,-7.8601850574721635,-36295.85995930719
35.23468872377837,33.40580319477675,-0.5111959529569693,-0.05592705547497828,400.0,-1.2108,1.375,0.4,2.659,1.3,1126259642.413,41.8364490932068,-7.8601850574721635,-36378.156992575416
37.11970956210026,31.40642192575304,-0.27914272920608685,-0.3120699156816927,400.0,-1.2108,1.375,0.4,2.659,1.3,1126259642.413,41.83653565509803,-7.8601850574721635,-36269.875954670766
34.46125515266437,34.027577226289736,-0.4378463140036177,-0.15206035528262865,400.0,-1.2108,1.375,0.4,2.659,1.3,1126259642.413,41.838424353913936,-7.8601850574721635,-36335.05193978323
34.38186268099782,34.117057768993774,-0.16391702816217293,-0.4214189742335875,400.0,-1.2108,1.375,0.4,2.659,1.3,1126259642.413,41.840026364897625,-7.8601850574721635,-36338.41565029235
34.62470061160453,33.6956146906873,-0.1275670215183059,-0.4784282653681323,400.0,-1.2108,1.375,0.4,2.659,1.3,1126259642.413,41.84122240639248,-7.8601850574721635,-36293.17932534472
35.26469735390337,33.23025006406458,-0.1794790429308088,-0.42621203657564416,400.0,-1.2108,1.375,0.4,2.659,1.3,1126259642.413,41.84593492116671,-7.8601850574721635,-36325.72670543923
35.24674029472867,33.3080409471807,-0.32757183786660243,-0.25235937178722545,400.0,-1.2108,1.375,0.4,2.659,1.3,1126259642.413,41.84706564809771,-7.8601850574721635,-36345.03391165035
36.05560461413632,32.40306654875606,-0.21180202394852354,-0.3961734455646634,400.0,-1.2108,1.375,0.4,2.659,1.3,1126259642.413,41.847360263245896,-7.8601850574721635,-36294.52074601546
34.65693711331207,33.66061106472693,-0.31413208996667885,-0.2969234992896487,400.0,-1.2108,1.375,0.4,2.659,1.3,1126259642.413,41.85204647521692,-7.8601850574721635,-36292.716892195545
35.56937638497532,33.05978911625472,-0.28764398906331035,-0.2918348096146205,400.0,-1.2108,1.375,0.4,2.659,1.3,1126259642.413,41.85264857595926,-7.8601850574721635,-36366.2872177414
35.71481933821253,32.60446189248798,-0.11036009220016414,-0.5248866871152909,400.0,-1.2108,1.375,0.4,2.659,1.3,1126259642.413,41.8551696634514,-7.8601850574721635,-36287.180372553594
34.984995405847336,33.37515232439284,-0.11521983099463215,-0.4980156957572661,400.0,-1.2108,1.375,0.4,2.659,1.3,1126259642.413,41.86126469677526,-7.8601850574721635,-36296.586740891944
36.680544943060426,31.743544407650013,-0.20505393194451516,-0.4137150022581802,400.0,-1.2108,1.375,0.4,2.659,1.3,1126259642.413,41.86155233961083,-7.8601850574721635,-36276.66234248478
34.47275940206722,33.91423083857977,-0.1725951995103157,-0.4203162595576013,400.0,-1.2108,1.375,0.4,2.659,1.3,1126259642.413,41.86433250939545,-7.8601850574721635,-36307.069389005526
36.621868224719854,31.890099367495502,-0.3306402918766246,-0.2640799714148071,400.0,-1.2108,1.375,0.4,2.659,1.3,1126259642.413,41.86462290147746,-7.8601850574721635,-36286.25022554896
34.81453270498664,33.43291591034613,-0.3006637487278674,-0.3197980230840757,400.0,-1.2108,1.375,0.4,2.659,1.3,1126259642.413,41.866583458238736,-7.8601850574721635,-36291.472662082844
36.92031502737653,31.617813112321862,-0.2815059455096575,-0.3102840912996842,400.0,-1.2108,1.375,0.4,2.659,1.3,1126259642.413,41.86854103380434,-7.8601850574721635,-36279.99109310092
35.92796200323964,32.453886378781945,-0.16275204182640074,-0.4643054198787259,400.0,-1.2108,1.375,0.4,2.659,1.3,1126259642.413,41.868900265746106,-7.8601850574721635,-36283.167078305174
35.75536268307588,32.57859765197829,-0.17132175762960689,-0.45801817955787066,400.0,-1.2108,1.375,0.4,2.659,1.3,1126259642.413,41.86946784606026,-7.8601850574721635,-36287.283843029276
36.666373550547085,31.997748271641974,-0.32544473102539156,-0.25336661879258826,400.0,-1.2108,1.375,0.4,2.659,1.3,1126259642.413,41.872442765348865,-7.8601850574721635,-36327.78046605022
36.187620204713326,32.35477338558879,-0.35226478458311394,-0.24058278537892433,400.0,-1.2108,1.375,0.4,2.659,1.3,1126259642.413,41.874025900948936,-7.8601850574721635,-36311.15581769777
34.84188239437673,33.44811952488302,-0.36904757064391003,-0.24490073504067764,400.0,-1.2108,1.375,0.4,2.659,1.3,1126259642.413,41.87403972049216,-7.8601850574721635,-36293.78081419795
36.9262300977654,31.61267705923502,-0.310324688489102,-0.27595531088988057,400.0,-1.2108,1.375,0.4,2.659,1.3,1126259642.413,41.8750942178216,-7.8601850574721635,-36279.753651048675
34.20839863664102,34.06545580071229,-0.380568065405473,-0.226141105801584,400.0,-1.2108,1.375,0.4,2.659,1.3,1126259642.413,41.87783380254329,-7.8601850574721635,-36294.77076040357
34.43800610012296,34.03811512247754,-0.21479229396760832,-0.3748618581575996,400.0,-1.2108,1.375,0.4,2.659,1.3,1126259642.413,41.880433341213056,-7.8601850574721635,-36331.17020841335
35.789014652164006,32.61766627924321,-0.19135577398907538,-0.42348691459515614,400.0,-1.2108,1.375,0.4,2.659,1.3,1126259642.413,41.882896146440814,-7.8601850574721635,-36290.4755892126
36.856019668976685,31.5862148971692,-0.28362969987692865,-0.3174555132503367,400.0,-1.2108,1.375,0.4,2.659,1.3,1126259642.413,41.88309135165979,-7.8601850574721635,-36273.817578407776
36.86934080085739,31.70845261318765,-0.37148022160098787,-0.2016916127488395,400.0,-1.2108,1.375,0.4,2.659,1.3,1126259642.413,41.88332568172595,-7.8601850574721635,-36291.34658267811
35.15022692605937,33.25545264727974,-0.1573191146409353,-0.45616207384936797,400.0,-1.2108,1.375,0.4,2.659,1.3,1126259642.413,41.887113602444835,-7.8601850574721635,-36304.187594070114
35.69773959990191,32.8515769172413,-0.21145848584400287,-0.39025711877927755,400.0,-1.2108,1.375,0.4,2.659,1.3,1126259642.413,41.88929472191701,-7.8601850574721635,-36330.91894810335
34.4149481346527,34.16191864500417,-0.4149046500860538,-0.1628184474436184,400.0,-1.2108,1.375,0.4,2.659,1.3,1126259642.413,41.891571912510656,-7.8601850574721635,-36362.235754605215
35.173014115812876,33.480291280238106,-0.42588973676478525,-0.14611530577209023,400.0,-1.2108,1.375,0.4,2.659,1.3,1126259642.413,41.89525501692572,-7.8601850574721635,-36383.3658195674
35.88510543195181,32.63873482700849,-0.216198784339969,-0.38918945020651546,400.0,-1.2108,1.375,0.4,2.659,1.3,1126259642.413,41.905137595306115,-7.8601850574721635,-36316.61766651386
35.78467151140209,32.89154135064232,-0.3678674217216765,-0.20850022975383178,400.0,-1.2108,1.375,0.4,2.659,1.3,1126259642.413,41.91329817325914,-7.8601850574721635,-36374.96998338754
34.30587428678944,34.16888009284546,-0.2873086812087326,-0.2908945849079459,400.0,-1.2108,1.375,0.4,2.659,1.3,1126259642.413,41.91703069328016,-7.8601850574721635,-36331.14901303513
36.2411282821846,32.44621490497863,-0.4015775544580935,-0.16807215705746378,400.0,-1.2108,1.375,0.4,2.659,1.3,1126259642.413,41.91805186202825,-7.8601850574721635,-36360.72467933283
34.62042897173881,33.90432607606245,-0.36571274167069523,-0.22022146462232592,400.0,-1.2108,1.375,0.4,2.659,1.3,1126259642.413,41.93068649765413,-7.8601850574721635,-36345.22954041938
34.25689371303439,34.250059518689184,-0.3380813129829588,-0.2458719481212873,400.0,-1.2108,1.375,0.4,2.659,1.3,1126259642.413,41.93422933696125,-7.8601850574721635,-36341.14580988336
34.885322068150884,33.6989471503105,-0.4019310488356057,-0.17790893463667365,400.0,-1.2108,1.375,0.4,2.659,1.3,1126259642.413,41.93743725073577,-7.8601850574721635,-36360.849811405235
35.70222704710068,32.93005817320345,-0.319760245110615,-0.2643048913655105,400.0,-1.2108,1.375,0.4,2.659,1.3,1126259642.413,41.93870187820957,-7.8601850574721635,-36357.65498592255
35.63838254297286,32.8900526282164,-0.29803748646106143,-0.29968872823979426,400.0,-1.2108,1.375,0.4,2.659,1.3,1126259642.413,41.94327587471905,-7.8601850574721635,-36326.45384611507
34.714159788197854,33.82765508968279,-0.28413231499219976,-0.3001803444219229,400.0,-1.2108,1.375,0.4,2.659,1.3,1126259642.413,41.95193696933904,-7.8601850574721635,-36349.45055353433
34.99355904974588,33.44966638734907,-0.32441742953822295,-0.27555302255949277,400.0,-1.2108,1.375,0.4,2.659,1.3,1126259642.413,41.96060000330897,-7.8601850574721635,-36315.90528347135
34.930747538077405,33.57270877962564,-0.29759151012170565,-0.29533780079822447,400.0,-1.2108,1.375,0.4,2.659,1.3,1126259642.413,41.961479387110124,-7.8601850574721635,-36334.7007021931
35.727436343849874,32.819019146575236,-0.263188085614329,-0.33286751970499306,400.0,-1.2108,1.375,0.4,2.659,1.3,1126259642.413,41.962540626046334,-7.8601850574721635,-36329.14599180331
35.371894113831786,33.15420837962237,-0.2975648813180748,-0.2911135178432135,400.0,-1.2108,1.375,0.4,2.659,1.3,1126259642.413,41.96429734584687,-7.8601850574721635,-36333.158015039255
36.02129490453605,32.596357585354426,-0.4390789099013638,-0.1315109205758639,400.0,-1.2108,1.375,0.4,2.659,1.3,1126259642.413,41.964931822443305,-7.8601850574721635,-36342.038762156175
34.42704696864608,34.11878454939591,-0.3946792669932032,-0.18530296947633965,400.0,-1.2108,1.375,0.4,2.659,1.3,1126259642.413,41.96564360992545,-7.8601850574721635,-36352.80048691642
36.33253495342083,32.16490257129602,-0.33778983542951757,-0.25222161087548034,400.0,-1.2108,1.375,0.4,2.659,1.3,1126259642.413,41.96690412805595,-7.8601850574721635,-36294.16911980276
35.60587668423564,32.78512283715716,-0.25651591128622014,-0.3518253568527273,400.0,-1.2108,1.375,0.4,2.659,1.3,1126259642.413,41.96899283729023,-7.8601850574721635,-36292.1738574944
36.26352295130282,32.295332881356,-0.30942597407519346,-0.28160659986227937,400.0,-1.2108,1.375,0.4,2.659,1.3,1126259642.413,41.972264504363835,-7.8601850574721635,-36312.993082999325
34.85132071998539,33.55237411908084,-0.22329699233660438,-0.3776508880339243,400.0,-1.2108,1.375,0.4,2.659,1.3,1126259642.413,41.98961461446327,-7.8601850574721635,-36307.84097586326
35.75158673576812,32.87048840221788,-0.39420053197059607,-0.18355793692481714,400.0,-1.2108,1.375,0.4,2.659,1.3,1126259642.413,41.99170608211663,-7.8601850574721635,-36353.02462203763
35.345910480080086,33.145348555242236,-0.37633092545455993,-0.20905959918169062,400.0,-1.2108,1.375,0.4,2.659,1.3,1126259642.413,41.993260621165874,-7.8601850574721635,-36322.710662596175
35.86962070910148,32.57739616984836,-0.29891799905433525,-0.30105898257313457,400.0,-1.2108,1.375,0.4,2.659,1.3,1126259642.413,41.99383006647337,-7.8601850574721635,-36297.41513385692
35.147096039953844,33.39702630561046,-0.38554767531061196,-0.2006948299578359,400.0,-1.2108,1.375,0.4,2.659,1.3,1126259642.413,42.01299232422629,-7.8601850574721635,-36343.656882587034
34.299358200339825,34.17708950612178,-0.4013631337700817,-0.18543213369610298,400.0,-1.2108,1.375,0.4,2.659,1.3,1126259642.413,42.01394741703131,-7.8601850574721635,-36331.55715875093
35.30122339285799,33.14077410372833,-0.27271483193379253,-0.3296449125642574,400.0,-1.2108,1.375,0.4,2.659,1.3,1126259642.413,42.02673956488908,-7.8601850574721635,-36309.99039441464
35.00810949882107,33.48436694049912,-0.37840148428343334,-0.21253134374765634,400.0,-1.2108,1.375,0.4,2.659,1.3,1126259642.413,42.03519491270556,-7.8601850574721635,-36330.04107953205
35.623315926720515,32.81953563611796,-0.30356690754830884,-0.2969128773135639,400.0,-1.2108,1.375,0.4,2.659,1.3,1126259642.413,42.037304791341214,-7.8601850574721635,-36302.49550620014
35.0860539598549,33.38605067661875,-0.33049145907826327,-0.2649880522434263,400.0,-1.2108,1.375,0.4,2.659,1.3,1126259642.413,42.03772164240212,-7.8601850574721635,-36322.49697556455
34.780364825527634,33.699143383988286,-0.3390060638537081,-0.24966191229102555,400.0,-1.2108,1.375,0.4,2.659,1.3,1126259642.413,42.068569026563054,-7.8601850574721635,-36329.245535682145
