14:56:35 ~ __main__ ~ INFO : Using multiprocessing with spawn context for parallel sampling.
14:56:35 ~ __main__ ~ INFO : Using MODEL_PATH: ../v0p1/trained-models/model-20251004_072338-10
14:56:35 ~ __main__ ~ INFO : Injection generator initialized with SEOBNRv4 waveform model.
14:56:35 ~ umamipe ~ WARNING : No source model provided to MLWaveformGenerator. We will initialize our ML model!
14:56:35 ~ umamipe ~ INFO : Initializing ML model with model_path: ../v0p1/trained-models/model-20251004_072338-10 and config_path: modelconfig-cvae-paper-I
14:56:35 ~ root ~ INFO : Starting training with specified hyperparameters
14:56:35 ~ root ~ INFO : Using MODEL_CONFIG: modelconfig-cvae-paper-I.json
14:56:35 ~ root ~ INFO : Setting training to False for model initialization.
14:56:35 ~ root ~ INFO : Setting _is_full_backward_hook to None for model initialization.
14:56:35 ~ root ~ INFO : Initializing original CVAE model architecture for testing.
14:56:35 ~ root ~ INFO : Input parameter normalization is NOT enabled.                 The model will use the raw labels without normalization.
14:56:35 ~ root ~ DEBUG : sequence_length=16380
14:56:35 ~ root ~ DEBUG : sequence_length=1019
14:56:35 ~ root ~ INFO : Model architecture of type CVAE initialized. Now loading model weights.
14:56:36 ~ root ~ INFO : Model initialized with the following hyperparameters: {'modeltype': 'original', 'batch_size': 50, 'latent_dim_x': 8, 'latent_dim_key': 3, 'activation': 'relu', 'target': None, 'epochs': 10, 'enc_cnn_in': 5, 'enc_cnn_out': 15, 'enc_cnn_kernel': 16, 'enc_cnn_dilation': 1, 'enc_pool_kernel': 4, 'enc_postfc_hidden': 500, 'dec_cnn_in': 32, 'dec_cnn_out': 64, 'dec_cnn_kernel': 5, 'dec_pool_kernel': 4, 'dec_postfc_hidden': 800, 'cond_fc_min': 16, 'cond_fc_max': 500, 'input_shape': [2, 8191], 'num_classes': 4, 'key_shape': [2, 2], 'beta': 0.1, 'decoder_input_type': 'concat', 'embed_labels_in_decoder': False, 'model_class': 'TwoC2E1D', 'model_module': 'cvae', 'labels_mean': tensor([ 3.9705e+01,  4.0195e+01, -1.1827e-03, -1.6673e-03], device='mps:0'), 'labels_std': tensor([20.1353, 20.0626,  0.5787,  0.5751], device='mps:0'), 'model_file': '/Users/suyoggarg/Library/CloudStorage/GoogleDrive-suyog999.sg@gmail.com/My Drive/WORK/PhD@Kipp_2023-25/cvae@taiwan/umami/flexcvae.py', 'model_architecture': 'TwoC2E1D(\n  (encoder_x): BaseEncoder(\n    (_act): ReLU()\n    (_last_act): ReLU()\n    (_drop): Identity()\n    (cnn_layers): Sequential(\n      (0): Sequential(\n        (0): Conv1d(2, 32, kernel_size=(6,), stride=(1,))\n        (1): ReLU()\n        (2): MaxPool1d(kernel_size=4, stride=4, padding=0, dilation=1, ceil_mode=False)\n      )\n      (1): Sequential(\n        (0): Conv1d(32, 32, kernel_size=(6,), stride=(1,))\n        (1): ReLU()\n        (2): MaxPool1d(kernel_size=4, stride=4, padding=0, dilation=1, ceil_mode=False)\n      )\n    )\n    (post_fc_layers): Sequential(\n      (0): AssertInputShape()\n      (1): Sequential(\n        (0): Linear(in_features=16324, out_features=256, bias=True)\n        (1): ReLU()\n      )\n      (2): Sequential(\n        (0): Linear(in_features=256, out_features=256, bias=True)\n        (1): ReLU()\n      )\n      (3): Sequential(\n        (0): Linear(in_features=256, out_features=64, bias=True)\n        (1): ReLU()\n      )\n    )\n  )\n  (encoder_key): BaseEncoder(\n    (_act): ReLU()\n    (_last_act): Identity()\n    (_drop): Identity()\n    (pre_fc_layers): Sequential(\n      (0): AssertInputShape()\n      (1): Sequential(\n        (0): Linear(in_features=8, out_features=64, bias=True)\n        (1): ReLU()\n      )\n      (2): Sequential(\n        (0): Linear(in_features=64, out_features=64, bias=True)\n        (1): ReLU()\n      )\n      (3): Sequential(\n        (0): Linear(in_features=64, out_features=8, bias=True)\n        (1): Identity()\n      )\n    )\n  )\n  (decoder): BaseDecoder(\n    (_act): ReLU()\n    (_last_act): Identity()\n    (_drop): Identity()\n    (pre_fc_layers): Sequential(\n      (0): AssertInputShape()\n      (1): Sequential(\n        (0): Linear(in_features=40, out_features=512, bias=True)\n        (1): Identity()\n      )\n    )\n    (cnn_layers): Sequential(\n      (0): Sequential(\n        (0): Conv1d(1, 64, kernel_size=(5,), stride=(1,), dilation=(3,))\n        (1): ReLU()\n        (2): MaxPool1d(kernel_size=4, stride=4, padding=0, dilation=1, ceil_mode=False)\n      )\n      (1): Sequential(\n        (0): Conv1d(64, 64, kernel_size=(5,), stride=(1,), dilation=(3,))\n        (1): ReLU()\n        (2): MaxPool1d(kernel_size=4, stride=4, padding=0, dilation=1, ceil_mode=False)\n      )\n      (2): Sequential(\n        (0): Conv1d(64, 64, kernel_size=(5,), stride=(1,), dilation=(3,))\n        (1): ReLU()\n        (2): MaxPool1d(kernel_size=4, stride=4, padding=0, dilation=1, ceil_mode=False)\n      )\n    )\n    (post_fc_layers): Sequential(\n      (0): AssertInputShape()\n      (1): Sequential(\n        (0): Linear(in_features=256, out_features=512, bias=True)\n        (1): ReLU()\n      )\n      (2): Sequential(\n        (0): Linear(in_features=512, out_features=16382, bias=True)\n        (1): ReLU()\n      )\n    )\n  )\n  (conditional_x): BaseConditional(\n    (_act): ReLU()\n    (_last_act): Identity()\n    (_drop): Identity()\n    (pre_fc_layers): Sequential(\n      (0): AssertInputShape()\n      (1): Sequential(\n        (0): Linear(in_features=4, out_features=128, bias=True)\n        (1): ReLU()\n      )\n      (2): Sequential(\n        (0): Linear(in_features=128, out_features=512, bias=True)\n        (1): ReLU()\n      )\n      (3): Sequential(\n        (0): Linear(in_features=512, out_features=128, bias=True)\n        (1): ReLU()\n      )\n      (4): Sequential(\n        (0): Linear(in_features=128, out_features=64, bias=True)\n        (1): ReLU()\n      )\n    )\n  )\n  (conditional_key): BaseConditional(\n    (_act): ReLU()\n    (_last_act): Identity()\n    (_drop): Identity()\n    (pre_fc_layers): Sequential(\n      (0): AssertInputShape()\n      (1): Sequential(\n        (0): Linear(in_features=4, out_features=128, bias=True)\n        (1): ReLU()\n      )\n      (2): Sequential(\n        (0): Linear(in_features=128, out_features=128, bias=True)\n        (1): ReLU()\n      )\n      (3): Sequential(\n        (0): Linear(in_features=128, out_features=128, bias=True)\n        (1): ReLU()\n      )\n      (4): Sequential(\n        (0): Linear(in_features=128, out_features=8, bias=True)\n        (1): ReLU()\n      )\n    )\n  )\n)', 'total_parameters': 13046606, 'trainable_parameters': 13046606, 'datafrac': 1.0, 'training': False, '_parameters': '{}', '_buffers': "{'labels_mean': tensor([ 3.9705e+01,  4.0195e+01, -1.1827e-03, -1.6673e-03]), 'labels_std': tensor([20.1353, 20.0626,  0.5787,  0.5751])}", '_non_persistent_buffers_set': 'set()', '_backward_pre_hooks': 'OrderedDict()', '_backward_hooks': 'OrderedDict()', '_is_full_backward_hook': None, '_forward_hooks': 'OrderedDict()', '_forward_hooks_with_kwargs': 'OrderedDict()', '_forward_hooks_always_called': 'OrderedDict()', '_forward_pre_hooks': 'OrderedDict()', '_forward_pre_hooks_with_kwargs': 'OrderedDict()', '_state_dict_hooks': 'OrderedDict()', '_state_dict_pre_hooks': 'OrderedDict()', '_load_state_dict_pre_hooks': 'OrderedDict()', '_load_state_dict_post_hooks': 'OrderedDict()', '_modules': "{'encoder_x': BaseEncoder(\n  (_act): ReLU()\n  (_last_act): ReLU()\n  (_drop): Identity()\n  (cnn_layers): Sequential(\n    (0): Sequential(\n      (0): Conv1d(2, 32, kernel_size=(6,), stride=(1,))\n      (1): ReLU()\n      (2): MaxPool1d(kernel_size=4, stride=4, padding=0, dilation=1, ceil_mode=False)\n    )\n    (1): Sequential(\n      (0): Conv1d(32, 32, kernel_size=(6,), stride=(1,))\n      (1): ReLU()\n      (2): MaxPool1d(kernel_size=4, stride=4, padding=0, dilation=1, ceil_mode=False)\n    )\n  )\n  (post_fc_layers): Sequential(\n    (0): AssertInputShape()\n    (1): Sequential(\n      (0): Linear(in_features=16324, out_features=256, bias=True)\n      (1): ReLU()\n    )\n    (2): Sequential(\n      (0): Linear(in_features=256, out_features=256, bias=True)\n      (1): ReLU()\n    )\n    (3): Sequential(\n      (0): Linear(in_features=256, out_features=64, bias=True)\n      (1): ReLU()\n    )\n  )\n), 'encoder_key': BaseEncoder(\n  (_act): ReLU()\n  (_last_act): Identity()\n  (_drop): Identity()\n  (pre_fc_layers): Sequential(\n    (0): AssertInputShape()\n    (1): Sequential(\n      (0): Linear(in_features=8, out_features=64, bias=True)\n      (1): ReLU()\n    )\n    (2): Sequential(\n      (0): Linear(in_features=64, out_features=64, bias=True)\n      (1): ReLU()\n    )\n    (3): Sequential(\n      (0): Linear(in_features=64, out_features=8, bias=True)\n      (1): Identity()\n    )\n  )\n), 'decoder': BaseDecoder(\n  (_act): ReLU()\n  (_last_act): Identity()\n  (_drop): Identity()\n  (pre_fc_layers): Sequential(\n    (0): AssertInputShape()\n    (1): Sequential(\n      (0): Linear(in_features=40, out_features=512, bias=True)\n      (1): Identity()\n    )\n  )\n  (cnn_layers): Sequential(\n    (0): Sequential(\n      (0): Conv1d(1, 64, kernel_size=(5,), stride=(1,), dilation=(3,))\n      (1): ReLU()\n      (2): MaxPool1d(kernel_size=4, stride=4, padding=0, dilation=1, ceil_mode=False)\n    )\n    (1): Sequential(\n      (0): Conv1d(64, 64, kernel_size=(5,), stride=(1,), dilation=(3,))\n      (1): ReLU()\n      (2): MaxPool1d(kernel_size=4, stride=4, padding=0, dilation=1, ceil_mode=False)\n    )\n    (2): Sequential(\n      (0): Conv1d(64, 64, kernel_size=(5,), stride=(1,), dilation=(3,))\n      (1): ReLU()\n      (2): MaxPool1d(kernel_size=4, stride=4, padding=0, dilation=1, ceil_mode=False)\n    )\n  )\n  (post_fc_layers): Sequential(\n    (0): AssertInputShape()\n    (1): Sequential(\n      (0): Linear(in_features=256, out_features=512, bias=True)\n      (1): ReLU()\n    )\n    (2): Sequential(\n      (0): Linear(in_features=512, out_features=16382, bias=True)\n      (1): ReLU()\n    )\n  )\n), 'conditional_x': BaseConditional(\n  (_act): ReLU()\n  (_last_act): Identity()\n  (_drop): Identity()\n  (pre_fc_layers): Sequential(\n    (0): AssertInputShape()\n    (1): Sequential(\n      (0): Linear(in_features=4, out_features=128, bias=True)\n      (1): ReLU()\n    )\n    (2): Sequential(\n      (0): Linear(in_features=128, out_features=512, bias=True)\n      (1): ReLU()\n    )\n    (3): Sequential(\n      (0): Linear(in_features=512, out_features=128, bias=True)\n      (1): ReLU()\n    )\n    (4): Sequential(\n      (0): Linear(in_features=128, out_features=64, bias=True)\n      (1): ReLU()\n    )\n  )\n), 'conditional_key': BaseConditional(\n  (_act): ReLU()\n  (_last_act): Identity()\n  (_drop): Identity()\n  (pre_fc_layers): Sequential(\n    (0): AssertInputShape()\n    (1): Sequential(\n      (0): Linear(in_features=4, out_features=128, bias=True)\n      (1): ReLU()\n    )\n    (2): Sequential(\n      (0): Linear(in_features=128, out_features=128, bias=True)\n      (1): ReLU()\n    )\n    (3): Sequential(\n      (0): Linear(in_features=128, out_features=128, bias=True)\n      (1): ReLU()\n    )\n    (4): Sequential(\n      (0): Linear(in_features=128, out_features=8, bias=True)\n      (1): ReLU()\n    )\n  )\n)}"}
14:56:36 ~ root ~ INFO : Total number of parameters: 30950588
14:56:36 ~ root ~ INFO : Total number of trainable parameters:           30950588
14:56:36 ~ root ~ INFO : Loaded model from ../v0p1/trained-models/model-20251004_072338-10
14:56:36 ~ umamipe ~ INFO : ML model initialized for waveform generation in MLWaveformGenerator.
14:56:36 ~ __main__ ~ INFO : MLWaveformGenerator initialized with the loaded model.
14:56:36 ~ umamipe ~ WARNING : No source model provided to MLWaveformGenerator. We will initialize our ML model!
14:56:36 ~ umamipe ~ INFO : Initializing ML model with model_path: ../v0p1/trained-models/model-20251004_072338-10 and config_path: modelconfig-cvae-paper-I
14:56:36 ~ root ~ INFO : Starting training with specified hyperparameters
14:56:36 ~ root ~ INFO : Using MODEL_CONFIG: modelconfig-cvae-paper-I.json
14:56:36 ~ root ~ INFO : Setting training to False for model initialization.
14:56:36 ~ root ~ INFO : Setting _is_full_backward_hook to None for model initialization.
14:56:36 ~ root ~ INFO : Initializing original CVAE model architecture for testing.
14:56:36 ~ root ~ INFO : Input parameter normalization is NOT enabled.                 The model will use the raw labels without normalization.
14:56:36 ~ root ~ DEBUG : sequence_length=16380
14:56:36 ~ root ~ DEBUG : sequence_length=1019
14:56:36 ~ root ~ INFO : Model architecture of type CVAE initialized. Now loading model weights.
14:56:36 ~ root ~ INFO : Model initialized with the following hyperparameters: {'modeltype': 'original', 'batch_size': 50, 'latent_dim_x': 8, 'latent_dim_key': 3, 'activation': 'relu', 'target': None, 'epochs': 10, 'enc_cnn_in': 5, 'enc_cnn_out': 15, 'enc_cnn_kernel': 16, 'enc_cnn_dilation': 1, 'enc_pool_kernel': 4, 'enc_postfc_hidden': 500, 'dec_cnn_in': 32, 'dec_cnn_out': 64, 'dec_cnn_kernel': 5, 'dec_pool_kernel': 4, 'dec_postfc_hidden': 800, 'cond_fc_min': 16, 'cond_fc_max': 500, 'input_shape': [2, 8191], 'num_classes': 4, 'key_shape': [2, 2], 'beta': 0.1, 'decoder_input_type': 'concat', 'embed_labels_in_decoder': False, 'model_class': 'TwoC2E1D', 'model_module': 'cvae', 'labels_mean': tensor([ 3.9705e+01,  4.0195e+01, -1.1827e-03, -1.6673e-03], device='mps:0'), 'labels_std': tensor([20.1353, 20.0626,  0.5787,  0.5751], device='mps:0'), 'model_file': '/Users/suyoggarg/Library/CloudStorage/GoogleDrive-suyog999.sg@gmail.com/My Drive/WORK/PhD@Kipp_2023-25/cvae@taiwan/umami/flexcvae.py', 'model_architecture': 'TwoC2E1D(\n  (encoder_x): BaseEncoder(\n    (_act): ReLU()\n    (_last_act): ReLU()\n    (_drop): Identity()\n    (cnn_layers): Sequential(\n      (0): Sequential(\n        (0): Conv1d(2, 32, kernel_size=(6,), stride=(1,))\n        (1): ReLU()\n        (2): MaxPool1d(kernel_size=4, stride=4, padding=0, dilation=1, ceil_mode=False)\n      )\n      (1): Sequential(\n        (0): Conv1d(32, 32, kernel_size=(6,), stride=(1,))\n        (1): ReLU()\n        (2): MaxPool1d(kernel_size=4, stride=4, padding=0, dilation=1, ceil_mode=False)\n      )\n    )\n    (post_fc_layers): Sequential(\n      (0): AssertInputShape()\n      (1): Sequential(\n        (0): Linear(in_features=16324, out_features=256, bias=True)\n        (1): ReLU()\n      )\n      (2): Sequential(\n        (0): Linear(in_features=256, out_features=256, bias=True)\n        (1): ReLU()\n      )\n      (3): Sequential(\n        (0): Linear(in_features=256, out_features=64, bias=True)\n        (1): ReLU()\n      )\n    )\n  )\n  (encoder_key): BaseEncoder(\n    (_act): ReLU()\n    (_last_act): Identity()\n    (_drop): Identity()\n    (pre_fc_layers): Sequential(\n      (0): AssertInputShape()\n      (1): Sequential(\n        (0): Linear(in_features=8, out_features=64, bias=True)\n        (1): ReLU()\n      )\n      (2): Sequential(\n        (0): Linear(in_features=64, out_features=64, bias=True)\n        (1): ReLU()\n      )\n      (3): Sequential(\n        (0): Linear(in_features=64, out_features=8, bias=True)\n        (1): Identity()\n      )\n    )\n  )\n  (decoder): BaseDecoder(\n    (_act): ReLU()\n    (_last_act): Identity()\n    (_drop): Identity()\n    (pre_fc_layers): Sequential(\n      (0): AssertInputShape()\n      (1): Sequential(\n        (0): Linear(in_features=40, out_features=512, bias=True)\n        (1): Identity()\n      )\n    )\n    (cnn_layers): Sequential(\n      (0): Sequential(\n        (0): Conv1d(1, 64, kernel_size=(5,), stride=(1,), dilation=(3,))\n        (1): ReLU()\n        (2): MaxPool1d(kernel_size=4, stride=4, padding=0, dilation=1, ceil_mode=False)\n      )\n      (1): Sequential(\n        (0): Conv1d(64, 64, kernel_size=(5,), stride=(1,), dilation=(3,))\n        (1): ReLU()\n        (2): MaxPool1d(kernel_size=4, stride=4, padding=0, dilation=1, ceil_mode=False)\n      )\n      (2): Sequential(\n        (0): Conv1d(64, 64, kernel_size=(5,), stride=(1,), dilation=(3,))\n        (1): ReLU()\n        (2): MaxPool1d(kernel_size=4, stride=4, padding=0, dilation=1, ceil_mode=False)\n      )\n    )\n    (post_fc_layers): Sequential(\n      (0): AssertInputShape()\n      (1): Sequential(\n        (0): Linear(in_features=256, out_features=512, bias=True)\n        (1): ReLU()\n      )\n      (2): Sequential(\n        (0): Linear(in_features=512, out_features=16382, bias=True)\n        (1): ReLU()\n      )\n    )\n  )\n  (conditional_x): BaseConditional(\n    (_act): ReLU()\n    (_last_act): Identity()\n    (_drop): Identity()\n    (pre_fc_layers): Sequential(\n      (0): AssertInputShape()\n      (1): Sequential(\n        (0): Linear(in_features=4, out_features=128, bias=True)\n        (1): ReLU()\n      )\n      (2): Sequential(\n        (0): Linear(in_features=128, out_features=512, bias=True)\n        (1): ReLU()\n      )\n      (3): Sequential(\n        (0): Linear(in_features=512, out_features=128, bias=True)\n        (1): ReLU()\n      )\n      (4): Sequential(\n        (0): Linear(in_features=128, out_features=64, bias=True)\n        (1): ReLU()\n      )\n    )\n  )\n  (conditional_key): BaseConditional(\n    (_act): ReLU()\n    (_last_act): Identity()\n    (_drop): Identity()\n    (pre_fc_layers): Sequential(\n      (0): AssertInputShape()\n      (1): Sequential(\n        (0): Linear(in_features=4, out_features=128, bias=True)\n        (1): ReLU()\n      )\n      (2): Sequential(\n        (0): Linear(in_features=128, out_features=128, bias=True)\n        (1): ReLU()\n      )\n      (3): Sequential(\n        (0): Linear(in_features=128, out_features=128, bias=True)\n        (1): ReLU()\n      )\n      (4): Sequential(\n        (0): Linear(in_features=128, out_features=8, bias=True)\n        (1): ReLU()\n      )\n    )\n  )\n)', 'total_parameters': 13046606, 'trainable_parameters': 13046606, 'datafrac': 1.0, 'training': False, '_parameters': '{}', '_buffers': "{'labels_mean': tensor([ 3.9705e+01,  4.0195e+01, -1.1827e-03, -1.6673e-03]), 'labels_std': tensor([20.1353, 20.0626,  0.5787,  0.5751])}", '_non_persistent_buffers_set': 'set()', '_backward_pre_hooks': 'OrderedDict()', '_backward_hooks': 'OrderedDict()', '_is_full_backward_hook': None, '_forward_hooks': 'OrderedDict()', '_forward_hooks_with_kwargs': 'OrderedDict()', '_forward_hooks_always_called': 'OrderedDict()', '_forward_pre_hooks': 'OrderedDict()', '_forward_pre_hooks_with_kwargs': 'OrderedDict()', '_state_dict_hooks': 'OrderedDict()', '_state_dict_pre_hooks': 'OrderedDict()', '_load_state_dict_pre_hooks': 'OrderedDict()', '_load_state_dict_post_hooks': 'OrderedDict()', '_modules': "{'encoder_x': BaseEncoder(\n  (_act): ReLU()\n  (_last_act): ReLU()\n  (_drop): Identity()\n  (cnn_layers): Sequential(\n    (0): Sequential(\n      (0): Conv1d(2, 32, kernel_size=(6,), stride=(1,))\n      (1): ReLU()\n      (2): MaxPool1d(kernel_size=4, stride=4, padding=0, dilation=1, ceil_mode=False)\n    )\n    (1): Sequential(\n      (0): Conv1d(32, 32, kernel_size=(6,), stride=(1,))\n      (1): ReLU()\n      (2): MaxPool1d(kernel_size=4, stride=4, padding=0, dilation=1, ceil_mode=False)\n    )\n  )\n  (post_fc_layers): Sequential(\n    (0): AssertInputShape()\n    (1): Sequential(\n      (0): Linear(in_features=16324, out_features=256, bias=True)\n      (1): ReLU()\n    )\n    (2): Sequential(\n      (0): Linear(in_features=256, out_features=256, bias=True)\n      (1): ReLU()\n    )\n    (3): Sequential(\n      (0): Linear(in_features=256, out_features=64, bias=True)\n      (1): ReLU()\n    )\n  )\n), 'encoder_key': BaseEncoder(\n  (_act): ReLU()\n  (_last_act): Identity()\n  (_drop): Identity()\n  (pre_fc_layers): Sequential(\n    (0): AssertInputShape()\n    (1): Sequential(\n      (0): Linear(in_features=8, out_features=64, bias=True)\n      (1): ReLU()\n    )\n    (2): Sequential(\n      (0): Linear(in_features=64, out_features=64, bias=True)\n      (1): ReLU()\n    )\n    (3): Sequential(\n      (0): Linear(in_features=64, out_features=8, bias=True)\n      (1): Identity()\n    )\n  )\n), 'decoder': BaseDecoder(\n  (_act): ReLU()\n  (_last_act): Identity()\n  (_drop): Identity()\n  (pre_fc_layers): Sequential(\n    (0): AssertInputShape()\n    (1): Sequential(\n      (0): Linear(in_features=40, out_features=512, bias=True)\n      (1): Identity()\n    )\n  )\n  (cnn_layers): Sequential(\n    (0): Sequential(\n      (0): Conv1d(1, 64, kernel_size=(5,), stride=(1,), dilation=(3,))\n      (1): ReLU()\n      (2): MaxPool1d(kernel_size=4, stride=4, padding=0, dilation=1, ceil_mode=False)\n    )\n    (1): Sequential(\n      (0): Conv1d(64, 64, kernel_size=(5,), stride=(1,), dilation=(3,))\n      (1): ReLU()\n      (2): MaxPool1d(kernel_size=4, stride=4, padding=0, dilation=1, ceil_mode=False)\n    )\n    (2): Sequential(\n      (0): Conv1d(64, 64, kernel_size=(5,), stride=(1,), dilation=(3,))\n      (1): ReLU()\n      (2): MaxPool1d(kernel_size=4, stride=4, padding=0, dilation=1, ceil_mode=False)\n    )\n  )\n  (post_fc_layers): Sequential(\n    (0): AssertInputShape()\n    (1): Sequential(\n      (0): Linear(in_features=256, out_features=512, bias=True)\n      (1): ReLU()\n    )\n    (2): Sequential(\n      (0): Linear(in_features=512, out_features=16382, bias=True)\n      (1): ReLU()\n    )\n  )\n), 'conditional_x': BaseConditional(\n  (_act): ReLU()\n  (_last_act): Identity()\n  (_drop): Identity()\n  (pre_fc_layers): Sequential(\n    (0): AssertInputShape()\n    (1): Sequential(\n      (0): Linear(in_features=4, out_features=128, bias=True)\n      (1): ReLU()\n    )\n    (2): Sequential(\n      (0): Linear(in_features=128, out_features=512, bias=True)\n      (1): ReLU()\n    )\n    (3): Sequential(\n      (0): Linear(in_features=512, out_features=128, bias=True)\n      (1): ReLU()\n    )\n    (4): Sequential(\n      (0): Linear(in_features=128, out_features=64, bias=True)\n      (1): ReLU()\n    )\n  )\n), 'conditional_key': BaseConditional(\n  (_act): ReLU()\n  (_last_act): Identity()\n  (_drop): Identity()\n  (pre_fc_layers): Sequential(\n    (0): AssertInputShape()\n    (1): Sequential(\n      (0): Linear(in_features=4, out_features=128, bias=True)\n      (1): ReLU()\n    )\n    (2): Sequential(\n      (0): Linear(in_features=128, out_features=128, bias=True)\n      (1): ReLU()\n    )\n    (3): Sequential(\n      (0): Linear(in_features=128, out_features=128, bias=True)\n      (1): ReLU()\n    )\n    (4): Sequential(\n      (0): Linear(in_features=128, out_features=8, bias=True)\n      (1): ReLU()\n    )\n  )\n)}"}
14:56:36 ~ root ~ INFO : Total number of parameters: 30950588
14:56:36 ~ root ~ INFO : Total number of trainable parameters:           30950588
14:56:36 ~ root ~ INFO : Loaded model from ../v0p1/trained-models/model-20251004_072338-10
14:56:36 ~ umamipe ~ INFO : ML model initialized for waveform generation in MLWaveformGenerator.
14:56:36 ~ __main__ ~ INFO : Injection MLWaveformGenerator initialized with the loaded model.
14:56:36 ~ __main__ ~ INFO : Injection 1/50
14:56:36 ~ __main__ ~ INFO : Running sampler for injection 0 with label dummy_inj_0000 using sampler nessai...
14:56:36 ~ root ~ INFO : Moving model parameter 'key_encoder.1.weight' from mps:0 to mps.
14:56:36 ~ root ~ INFO : Moving model parameter 'key_encoder.1.bias' from mps:0 to mps.
14:56:36 ~ root ~ INFO : Moving model parameter 'key_encoder.3.weight' from mps:0 to mps.
14:56:36 ~ root ~ INFO : Moving model parameter 'key_encoder.3.bias' from mps:0 to mps.
14:56:36 ~ root ~ INFO : Moving model parameter 'key_encoder.5.weight' from mps:0 to mps.
14:56:36 ~ root ~ INFO : Moving model parameter 'key_encoder.5.bias' from mps:0 to mps.
14:56:36 ~ root ~ INFO : Moving model parameter 'label_cond_for_x.1.weight' from mps:0 to mps.
14:56:36 ~ root ~ INFO : Moving model parameter 'label_cond_for_x.1.bias' from mps:0 to mps.
14:56:36 ~ root ~ INFO : Moving model parameter 'label_cond_for_x.3.weight' from mps:0 to mps.
14:56:36 ~ root ~ INFO : Moving model parameter 'label_cond_for_x.3.bias' from mps:0 to mps.
14:56:36 ~ root ~ INFO : Moving model parameter 'label_cond_for_x.5.weight' from mps:0 to mps.
14:56:36 ~ root ~ INFO : Moving model parameter 'label_cond_for_x.5.bias' from mps:0 to mps.
14:56:36 ~ root ~ INFO : Moving model parameter 'label_cond_for_x.7.weight' from mps:0 to mps.
14:56:36 ~ root ~ INFO : Moving model parameter 'label_cond_for_x.7.bias' from mps:0 to mps.
14:56:36 ~ root ~ INFO : Moving model parameter 'label_cond_for_key.0.weight' from mps:0 to mps.
14:56:36 ~ root ~ INFO : Moving model parameter 'label_cond_for_key.0.bias' from mps:0 to mps.
14:56:36 ~ root ~ INFO : Moving model parameter 'label_cond_for_key.2.weight' from mps:0 to mps.
14:56:36 ~ root ~ INFO : Moving model parameter 'label_cond_for_key.2.bias' from mps:0 to mps.
14:56:36 ~ root ~ INFO : Moving model parameter 'label_cond_for_key.4.weight' from mps:0 to mps.
14:56:36 ~ root ~ INFO : Moving model parameter 'label_cond_for_key.4.bias' from mps:0 to mps.
14:56:36 ~ root ~ INFO : Moving model parameter 'label_cond_for_key.6.weight' from mps:0 to mps.
14:56:36 ~ root ~ INFO : Moving model parameter 'label_cond_for_key.6.bias' from mps:0 to mps.
14:56:36 ~ root ~ INFO : Moving model parameter 'x_encoder.fc1.1.weight' from mps:0 to mps.
14:56:36 ~ root ~ INFO : Moving model parameter 'x_encoder.fc1.1.bias' from mps:0 to mps.
14:56:36 ~ root ~ INFO : Moving model parameter 'x_encoder.conv1.0.weight' from mps:0 to mps.
14:56:36 ~ root ~ INFO : Moving model parameter 'x_encoder.conv1.0.bias' from mps:0 to mps.
14:56:36 ~ root ~ INFO : Moving model parameter 'x_encoder.conv2.0.weight' from mps:0 to mps.
14:56:36 ~ root ~ INFO : Moving model parameter 'x_encoder.conv2.0.bias' from mps:0 to mps.
14:56:36 ~ root ~ INFO : Moving model parameter 'x_encoder.fc2.0.weight' from mps:0 to mps.
14:56:36 ~ root ~ INFO : Moving model parameter 'x_encoder.fc2.0.bias' from mps:0 to mps.
14:56:36 ~ root ~ INFO : Moving model parameter 'x_encoder.fc2.2.weight' from mps:0 to mps.
14:56:36 ~ root ~ INFO : Moving model parameter 'x_encoder.fc2.2.bias' from mps:0 to mps.
14:56:36 ~ root ~ INFO : Moving model parameter 'x_encoder.fc2.4.weight' from mps:0 to mps.
14:56:36 ~ root ~ INFO : Moving model parameter 'x_encoder.fc2.4.bias' from mps:0 to mps.
14:56:36 ~ root ~ INFO : Moving model parameter 'decoder.fc1.0.weight' from mps:0 to mps.
14:56:36 ~ root ~ INFO : Moving model parameter 'decoder.fc1.0.bias' from mps:0 to mps.
14:56:36 ~ root ~ INFO : Moving model parameter 'decoder.conv1.0.weight' from mps:0 to mps.
14:56:36 ~ root ~ INFO : Moving model parameter 'decoder.conv1.0.bias' from mps:0 to mps.
14:56:36 ~ root ~ INFO : Moving model parameter 'decoder.conv2.0.weight' from mps:0 to mps.
14:56:36 ~ root ~ INFO : Moving model parameter 'decoder.conv2.0.bias' from mps:0 to mps.
14:56:36 ~ root ~ INFO : Moving model parameter 'decoder.conv3.0.weight' from mps:0 to mps.
14:56:36 ~ root ~ INFO : Moving model parameter 'decoder.conv3.0.bias' from mps:0 to mps.
14:56:36 ~ root ~ INFO : Moving model parameter 'decoder.fc2.0.weight' from mps:0 to mps.
14:56:36 ~ root ~ INFO : Moving model parameter 'decoder.fc2.0.bias' from mps:0 to mps.
14:56:36 ~ root ~ INFO : Moving model parameter 'decoder.fc2.2.weight' from mps:0 to mps.
14:56:36 ~ root ~ INFO : Moving model parameter 'decoder.fc2.2.bias' from mps:0 to mps.
14:56:36 ~ root ~ INFO : Moving model parameter 'key_encoder.1.weight' from mps:0 to mps.
14:56:36 ~ root ~ INFO : Moving model parameter 'key_encoder.1.bias' from mps:0 to mps.
14:56:36 ~ root ~ INFO : Moving model parameter 'key_encoder.3.weight' from mps:0 to mps.
14:56:36 ~ root ~ INFO : Moving model parameter 'key_encoder.3.bias' from mps:0 to mps.
14:56:36 ~ root ~ INFO : Moving model parameter 'key_encoder.5.weight' from mps:0 to mps.
14:56:36 ~ root ~ INFO : Moving model parameter 'key_encoder.5.bias' from mps:0 to mps.
14:56:36 ~ root ~ INFO : Moving model parameter 'label_cond_for_x.1.weight' from mps:0 to mps.
14:56:36 ~ root ~ INFO : Moving model parameter 'label_cond_for_x.1.bias' from mps:0 to mps.
14:56:36 ~ root ~ INFO : Moving model parameter 'label_cond_for_x.3.weight' from mps:0 to mps.
14:56:36 ~ root ~ INFO : Moving model parameter 'label_cond_for_x.3.bias' from mps:0 to mps.
14:56:36 ~ root ~ INFO : Moving model parameter 'label_cond_for_x.5.weight' from mps:0 to mps.
14:56:36 ~ root ~ INFO : Moving model parameter 'label_cond_for_x.5.bias' from mps:0 to mps.
14:56:36 ~ root ~ INFO : Moving model parameter 'label_cond_for_x.7.weight' from mps:0 to mps.
14:56:36 ~ root ~ INFO : Moving model parameter 'label_cond_for_x.7.bias' from mps:0 to mps.
14:56:36 ~ root ~ INFO : Moving model parameter 'label_cond_for_key.0.weight' from mps:0 to mps.
14:56:36 ~ root ~ INFO : Moving model parameter 'label_cond_for_key.0.bias' from mps:0 to mps.
14:56:36 ~ root ~ INFO : Moving model parameter 'label_cond_for_key.2.weight' from mps:0 to mps.
14:56:36 ~ root ~ INFO : Moving model parameter 'label_cond_for_key.2.bias' from mps:0 to mps.
14:56:36 ~ root ~ INFO : Moving model parameter 'label_cond_for_key.4.weight' from mps:0 to mps.
14:56:36 ~ root ~ INFO : Moving model parameter 'label_cond_for_key.4.bias' from mps:0 to mps.
14:56:36 ~ root ~ INFO : Moving model parameter 'label_cond_for_key.6.weight' from mps:0 to mps.
14:56:36 ~ root ~ INFO : Moving model parameter 'label_cond_for_key.6.bias' from mps:0 to mps.
14:56:36 ~ root ~ INFO : Moving model parameter 'x_encoder.fc1.1.weight' from mps:0 to mps.
14:56:36 ~ root ~ INFO : Moving model parameter 'x_encoder.fc1.1.bias' from mps:0 to mps.
14:56:36 ~ root ~ INFO : Moving model parameter 'x_encoder.conv1.0.weight' from mps:0 to mps.
14:56:36 ~ root ~ INFO : Moving model parameter 'x_encoder.conv1.0.bias' from mps:0 to mps.
14:56:36 ~ root ~ INFO : Moving model parameter 'x_encoder.conv2.0.weight' from mps:0 to mps.
14:56:36 ~ root ~ INFO : Moving model parameter 'x_encoder.conv2.0.bias' from mps:0 to mps.
14:56:36 ~ root ~ INFO : Moving model parameter 'x_encoder.fc2.0.weight' from mps:0 to mps.
14:56:36 ~ root ~ INFO : Moving model parameter 'x_encoder.fc2.0.bias' from mps:0 to mps.
14:56:36 ~ root ~ INFO : Moving model parameter 'x_encoder.fc2.2.weight' from mps:0 to mps.
14:56:36 ~ root ~ INFO : Moving model parameter 'x_encoder.fc2.2.bias' from mps:0 to mps.
14:56:36 ~ root ~ INFO : Moving model parameter 'x_encoder.fc2.4.weight' from mps:0 to mps.
14:56:36 ~ root ~ INFO : Moving model parameter 'x_encoder.fc2.4.bias' from mps:0 to mps.
14:56:36 ~ root ~ INFO : Moving model parameter 'decoder.fc1.0.weight' from mps:0 to mps.
14:56:36 ~ root ~ INFO : Moving model parameter 'decoder.fc1.0.bias' from mps:0 to mps.
14:56:36 ~ root ~ INFO : Moving model parameter 'decoder.conv1.0.weight' from mps:0 to mps.
14:56:36 ~ root ~ INFO : Moving model parameter 'decoder.conv1.0.bias' from mps:0 to mps.
14:56:36 ~ root ~ INFO : Moving model parameter 'decoder.conv2.0.weight' from mps:0 to mps.
14:56:36 ~ root ~ INFO : Moving model parameter 'decoder.conv2.0.bias' from mps:0 to mps.
14:56:36 ~ root ~ INFO : Moving model parameter 'decoder.conv3.0.weight' from mps:0 to mps.
14:56:36 ~ root ~ INFO : Moving model parameter 'decoder.conv3.0.bias' from mps:0 to mps.
14:56:36 ~ root ~ INFO : Moving model parameter 'decoder.fc2.0.weight' from mps:0 to mps.
14:56:36 ~ root ~ INFO : Moving model parameter 'decoder.fc2.0.bias' from mps:0 to mps.
14:56:36 ~ root ~ INFO : Moving model parameter 'decoder.fc2.2.weight' from mps:0 to mps.
14:56:36 ~ root ~ INFO : Moving model parameter 'decoder.fc2.2.bias' from mps:0 to mps.
14:56:36 ~ umamipe ~ INFO : Generating waveform using ML model for parameters:
14:56:36 ~ umamipe ~ INFO : Converted (a_i, tilt_i, phi_i) to (spin_i_z): 0.16850915884721984, 0.7789582430890636
14:56:36 ~ umamipe ~ INFO : Formatted parameters for waveform generation:
14:56:36 ~ umamipe ~ INFO : Final parameters for waveform generation:
14:56:36 ~ umamipe ~ INFO : Generating waveform using ML model for parameters:
14:56:36 ~ umamipe ~ INFO : Using model: None and transformed model <bound method MLWaveformGenerator.get_ml_waveform of MLWaveformGenerator(duration=1.0, sampling_frequency=8192, start_time=0, frequency_domain_source_model=None, time_domain_source_model=umamipe.get_ml_waveform, parameter_conversion=umamipe.convert_to_ml_parameters, waveform_arguments={'model_path': '../v0p1/trained-models/model-20251004_072338-10', 'config_path': 'modelconfig-cvae-paper-I'})>
14:56:36 ~ umamipe ~ INFO : Generating waveform using ML model for parameters:
14:56:36 ~ umamipe ~ INFO : Generating waveform using ML model for parameters:
14:56:36 ~ umamipe ~ INFO : Received parameters for waveform generation: {'mass_1': 47.35313556869065, 'mass_2': 61.68144965690982, 'luminosity_distance': 4343.819543231891, 'dec': np.float64(-0.03462533783679431), 'ra': 2.6729953849934835, 'theta_jn': np.float64(1.7262597404620068), 'psi': 1.8383449710633477, 'phase': 2.6733647575684634, 'chi_1': 0.19399113387094172, 'chi_2': -0.04975667775226043, 'geocent_time': 0.0, 'chi_1z': 0.16850915884721984, 'chi_2z': 0.7789582430890636, 'spin_1z': 0.16850915884721984, 'spin_2z': 0.7789582430890636, 'model_path': '../v0p1/trained-models/model-20251004_072338-10', 'config_path': 'modelconfig-cvae-paper-I'}
14:56:36 ~ root ~ INFO : Model set to evaluation mode for generation.
14:56:36 ~ root ~ DEBUG : torch.Size([1, 15])
14:56:36 ~ root ~ DEBUG : torch.Size([1, 1, 800])
14:56:36 ~ root ~ DEBUG : torch.Size([1, 64, 10])
14:56:36 ~ root ~ DEBUG : torch.Size([1, 640])
14:56:36 ~ root ~ DEBUG : amp shape: (8190,), freq shape: (8189,)
14:56:36 ~ root ~ DEBUG : freq shape: (8189,), dt: 0.0001220703125, theta0: 0.0
14:56:36 ~ root ~ DEBUG : amp shape: (8190,), freq shape: (8189,), phase shape: (8190,)
14:56:36 ~ umamipe ~ INFO : Generated waveform from ML model with shape: (1, 2, 8190)
14:56:36 ~ umamipe ~ INFO : Waveform shapes after adding dummy element at the start: (8192,), (8192,)
14:56:38 ~ glasflow ~ INFO : glasflow is using its own internal version of nflows
14:56:39 ~ umamipe ~ INFO : Generating waveform using ML model for parameters:
14:56:39 ~ umamipe ~ INFO : Converted (a_i, tilt_i, phi_i) to (spin_i_z): -0.6884057429022672, -0.6058865710270332
14:56:39 ~ umamipe ~ INFO : Formatted parameters for waveform generation:
14:56:39 ~ umamipe ~ INFO : Final parameters for waveform generation:
14:56:39 ~ umamipe ~ INFO : Generating waveform using ML model for parameters:
14:56:39 ~ umamipe ~ INFO : Using model: None and transformed model <bound method MLWaveformGenerator.get_ml_waveform of MLWaveformGenerator(duration=1.0, sampling_frequency=8192, start_time=0.0, frequency_domain_source_model=None, time_domain_source_model=umamipe.get_ml_waveform, parameter_conversion=umamipe.convert_to_ml_parameters, waveform_arguments={'model_path': '../v0p1/trained-models/model-20251004_072338-10', 'config_path': 'modelconfig-cvae-paper-I'})>
14:56:39 ~ umamipe ~ INFO : Generating waveform using ML model for parameters:
14:56:39 ~ umamipe ~ INFO : Generating waveform using ML model for parameters:
14:56:39 ~ umamipe ~ INFO : Received parameters for waveform generation: {'geocent_time': 0.0, 'mass_1': np.float64(72.90637304510109), 'mass_2': np.float64(33.01630826978446), 'luminosity_distance': np.float64(3655.8037400703897), 'dec': np.float64(0.7427874016095375), 'ra': np.float64(1.971044761607571), 'theta_jn': np.float64(1.7529246033163879), 'psi': np.float64(0.8056463479312403), 'phase': np.float64(0.8143853113213807), 'chi_1': np.float64(0.3345132554360543), 'chi_2': np.float64(0.731364731989724), 'chi_1z': np.float64(-0.6884057429022672), 'chi_2z': np.float64(-0.6058865710270332), 'spin_1z': np.float64(-0.6884057429022672), 'spin_2z': np.float64(-0.6058865710270332), 'model_path': '../v0p1/trained-models/model-20251004_072338-10', 'config_path': 'modelconfig-cvae-paper-I'}
14:56:39 ~ root ~ INFO : Model set to evaluation mode for generation.
14:56:39 ~ root ~ DEBUG : torch.Size([1, 15])
14:56:39 ~ root ~ DEBUG : torch.Size([1, 1, 800])
14:56:39 ~ root ~ DEBUG : torch.Size([1, 64, 10])
14:56:39 ~ root ~ DEBUG : torch.Size([1, 640])
14:56:39 ~ root ~ DEBUG : amp shape: (8190,), freq shape: (8189,)
14:56:39 ~ root ~ DEBUG : freq shape: (8189,), dt: 0.0001220703125, theta0: 0.0
14:56:39 ~ root ~ DEBUG : amp shape: (8190,), freq shape: (8189,), phase shape: (8190,)
14:56:39 ~ umamipe ~ INFO : Generated waveform from ML model with shape: (1, 2, 8190)
14:56:39 ~ umamipe ~ INFO : Waveform shapes after adding dummy element at the start: (8192,), (8192,)
14:56:39 ~ umamipe ~ INFO : Generating waveform using ML model for parameters:
14:56:39 ~ umamipe ~ INFO : Converted (a_i, tilt_i, phi_i) to (spin_i_z): -0.34386319471919724, 0.19386048987200033
14:56:39 ~ umamipe ~ INFO : Formatted parameters for waveform generation:
14:56:39 ~ umamipe ~ INFO : Final parameters for waveform generation:
14:56:39 ~ umamipe ~ INFO : Generating waveform using ML model for parameters:
14:56:39 ~ umamipe ~ INFO : Using model: None and transformed model <bound method MLWaveformGenerator.get_ml_waveform of MLWaveformGenerator(duration=1.0, sampling_frequency=8192, start_time=0.0, frequency_domain_source_model=None, time_domain_source_model=umamipe.get_ml_waveform, parameter_conversion=umamipe.convert_to_ml_parameters, waveform_arguments={'model_path': '../v0p1/trained-models/model-20251004_072338-10', 'config_path': 'modelconfig-cvae-paper-I'})>
14:56:39 ~ umamipe ~ INFO : Generating waveform using ML model for parameters:
14:56:39 ~ umamipe ~ INFO : Generating waveform using ML model for parameters:
14:56:39 ~ umamipe ~ INFO : Received parameters for waveform generation: {'geocent_time': 0.0, 'mass_1': np.float64(56.487310674142826), 'mass_2': np.float64(33.88400733039477), 'luminosity_distance': np.float64(3837.9294395042984), 'dec': np.float64(0.45445365465439114), 'ra': np.float64(2.6051935787552787), 'theta_jn': np.float64(2.1088741015379453), 'psi': np.float64(0.3569760980127765), 'phase': np.float64(1.8927242026694415), 'chi_1': np.float64(0.26112490666457805), 'chi_2': np.float64(-0.4632666013581226), 'chi_1z': np.float64(-0.34386319471919724), 'chi_2z': np.float64(0.19386048987200033), 'spin_1z': np.float64(-0.34386319471919724), 'spin_2z': np.float64(0.19386048987200033), 'model_path': '../v0p1/trained-models/model-20251004_072338-10', 'config_path': 'modelconfig-cvae-paper-I'}
14:56:39 ~ root ~ INFO : Model set to evaluation mode for generation.
14:56:39 ~ root ~ DEBUG : torch.Size([1, 15])
14:56:39 ~ root ~ DEBUG : torch.Size([1, 1, 800])
14:56:39 ~ root ~ DEBUG : torch.Size([1, 64, 10])
14:56:39 ~ root ~ DEBUG : torch.Size([1, 640])
14:56:39 ~ root ~ DEBUG : amp shape: (8190,), freq shape: (8189,)
14:56:39 ~ root ~ DEBUG : freq shape: (8189,), dt: 0.0001220703125, theta0: 0.0
14:56:39 ~ root ~ DEBUG : amp shape: (8190,), freq shape: (8189,), phase shape: (8190,)
14:56:39 ~ umamipe ~ INFO : Generated waveform from ML model with shape: (1, 2, 8190)
14:56:39 ~ umamipe ~ INFO : Waveform shapes after adding dummy element at the start: (8192,), (8192,)
14:56:39 ~ umamipe ~ INFO : Generating waveform using ML model for parameters:
14:56:39 ~ umamipe ~ INFO : Converted (a_i, tilt_i, phi_i) to (spin_i_z): 0.45156856227900244, 0.5020718970732658
14:56:39 ~ umamipe ~ INFO : Formatted parameters for waveform generation:
14:56:39 ~ umamipe ~ INFO : Final parameters for waveform generation:
14:56:39 ~ umamipe ~ INFO : Generating waveform using ML model for parameters:
14:56:39 ~ umamipe ~ INFO : Using model: None and transformed model <bound method MLWaveformGenerator.get_ml_waveform of MLWaveformGenerator(duration=1.0, sampling_frequency=8192, start_time=0.0, frequency_domain_source_model=None, time_domain_source_model=umamipe.get_ml_waveform, parameter_conversion=umamipe.convert_to_ml_parameters, waveform_arguments={'model_path': '../v0p1/trained-models/model-20251004_072338-10', 'config_path': 'modelconfig-cvae-paper-I'})>
14:56:39 ~ umamipe ~ INFO : Generating waveform using ML model for parameters:
14:56:39 ~ umamipe ~ INFO : Generating waveform using ML model for parameters:
14:56:39 ~ umamipe ~ INFO : Received parameters for waveform generation: {'geocent_time': 0.0, 'mass_1': np.float64(41.13263880203743), 'mass_2': np.float64(51.63942339086044), 'luminosity_distance': np.float64(4502.558550208162), 'dec': np.float64(-0.4787468059796053), 'ra': np.float64(2.7385316339664847), 'theta_jn': np.float64(0.2710313979003119), 'psi': np.float64(2.2254083455081806), 'phase': np.float64(2.2309028015516312), 'chi_1': np.float64(0.3490279379741868), 'chi_2': np.float64(-0.46271008764194516), 'chi_1z': np.float64(0.45156856227900244), 'chi_2z': np.float64(0.5020718970732658), 'spin_1z': np.float64(0.45156856227900244), 'spin_2z': np.float64(0.5020718970732658), 'model_path': '../v0p1/trained-models/model-20251004_072338-10', 'config_path': 'modelconfig-cvae-paper-I'}
14:56:39 ~ root ~ INFO : Model set to evaluation mode for generation.
14:56:39 ~ root ~ DEBUG : torch.Size([1, 15])
14:56:39 ~ root ~ DEBUG : torch.Size([1, 1, 800])
14:56:39 ~ root ~ DEBUG : torch.Size([1, 64, 10])
14:56:39 ~ root ~ DEBUG : torch.Size([1, 640])
14:56:39 ~ root ~ DEBUG : amp shape: (8190,), freq shape: (8189,)
14:56:39 ~ root ~ DEBUG : freq shape: (8189,), dt: 0.0001220703125, theta0: 0.0
14:56:39 ~ root ~ DEBUG : amp shape: (8190,), freq shape: (8189,), phase shape: (8190,)
14:56:39 ~ umamipe ~ INFO : Generated waveform from ML model with shape: (1, 2, 8190)
14:56:39 ~ umamipe ~ INFO : Waveform shapes after adding dummy element at the start: (8192,), (8192,)
14:56:39 ~ umamipe ~ INFO : Generating waveform using ML model for parameters:
14:56:39 ~ umamipe ~ INFO : Converted (a_i, tilt_i, phi_i) to (spin_i_z): 0.33401350694748055, -0.0916814356848461
14:56:39 ~ umamipe ~ INFO : Formatted parameters for waveform generation:
14:56:39 ~ umamipe ~ INFO : Final parameters for waveform generation:
14:56:39 ~ umamipe ~ INFO : Generating waveform using ML model for parameters:
14:56:39 ~ umamipe ~ INFO : Using model: None and transformed model <bound method MLWaveformGenerator.get_ml_waveform of MLWaveformGenerator(duration=1.0, sampling_frequency=8192, start_time=0.0, frequency_domain_source_model=None, time_domain_source_model=umamipe.get_ml_waveform, parameter_conversion=umamipe.convert_to_ml_parameters, waveform_arguments={'model_path': '../v0p1/trained-models/model-20251004_072338-10', 'config_path': 'modelconfig-cvae-paper-I'})>
14:56:39 ~ umamipe ~ INFO : Generating waveform using ML model for parameters:
14:56:39 ~ umamipe ~ INFO : Generating waveform using ML model for parameters:
14:56:39 ~ umamipe ~ INFO : Received parameters for waveform generation: {'geocent_time': 0.0, 'mass_1': np.float64(64.92309954199747), 'mass_2': np.float64(63.047076066431984), 'luminosity_distance': np.float64(2323.1603125600877), 'dec': np.float64(-0.1673145670380001), 'ra': np.float64(2.4250101244704574), 'theta_jn': np.float64(1.0263742156068072), 'psi': np.float64(1.5446910933976872), 'phase': np.float64(4.382729322878514), 'chi_1': np.float64(-0.007094032233613475), 'chi_2': np.float64(0.6909453432522629), 'chi_1z': np.float64(0.33401350694748055), 'chi_2z': np.float64(-0.0916814356848461), 'spin_1z': np.float64(0.33401350694748055), 'spin_2z': np.float64(-0.0916814356848461), 'model_path': '../v0p1/trained-models/model-20251004_072338-10', 'config_path': 'modelconfig-cvae-paper-I'}
14:56:39 ~ root ~ INFO : Model set to evaluation mode for generation.
14:56:39 ~ root ~ DEBUG : torch.Size([1, 15])
14:56:39 ~ root ~ DEBUG : torch.Size([1, 1, 800])
14:56:39 ~ root ~ DEBUG : torch.Size([1, 64, 10])
14:56:39 ~ root ~ DEBUG : torch.Size([1, 640])
14:56:39 ~ root ~ DEBUG : amp shape: (8190,), freq shape: (8189,)
14:56:39 ~ root ~ DEBUG : freq shape: (8189,), dt: 0.0001220703125, theta0: 0.0
14:56:39 ~ root ~ DEBUG : amp shape: (8190,), freq shape: (8189,), phase shape: (8190,)
14:56:39 ~ umamipe ~ INFO : Generated waveform from ML model with shape: (1, 2, 8190)
14:56:39 ~ umamipe ~ INFO : Waveform shapes after adding dummy element at the start: (8192,), (8192,)
14:56:39 ~ umamipe ~ INFO : Generating waveform using ML model for parameters:
14:56:39 ~ umamipe ~ INFO : Converted (a_i, tilt_i, phi_i) to (spin_i_z): -0.40901191019831434, 0.4209579569105544
14:56:39 ~ umamipe ~ INFO : Formatted parameters for waveform generation:
14:56:39 ~ umamipe ~ INFO : Final parameters for waveform generation:
14:56:39 ~ umamipe ~ INFO : Generating waveform using ML model for parameters:
14:56:39 ~ umamipe ~ INFO : Using model: None and transformed model <bound method MLWaveformGenerator.get_ml_waveform of MLWaveformGenerator(duration=1.0, sampling_frequency=8192, start_time=0.0, frequency_domain_source_model=None, time_domain_source_model=umamipe.get_ml_waveform, parameter_conversion=umamipe.convert_to_ml_parameters, waveform_arguments={'model_path': '../v0p1/trained-models/model-20251004_072338-10', 'config_path': 'modelconfig-cvae-paper-I'})>
14:56:39 ~ umamipe ~ INFO : Generating waveform using ML model for parameters:
14:56:39 ~ umamipe ~ INFO : Generating waveform using ML model for parameters:
14:56:39 ~ umamipe ~ INFO : Received parameters for waveform generation: {'geocent_time': 0.0, 'mass_1': np.float64(48.178089259861366), 'mass_2': np.float64(56.2622981012902), 'luminosity_distance': np.float64(3131.5789891092854), 'dec': np.float64(-0.589714059146739), 'ra': np.float64(3.273828379241123), 'theta_jn': np.float64(1.9234924366370083), 'psi': np.float64(1.1260880071791932), 'phase': np.float64(1.780175441989115), 'chi_1': np.float64(-0.22581403739445524), 'chi_2': np.float64(-0.07620579104550124), 'chi_1z': np.float64(-0.40901191019831434), 'chi_2z': np.float64(0.4209579569105544), 'spin_1z': np.float64(-0.40901191019831434), 'spin_2z': np.float64(0.4209579569105544), 'model_path': '../v0p1/trained-models/model-20251004_072338-10', 'config_path': 'modelconfig-cvae-paper-I'}
14:56:39 ~ root ~ INFO : Model set to evaluation mode for generation.
14:56:39 ~ root ~ DEBUG : torch.Size([1, 15])
14:56:39 ~ root ~ DEBUG : torch.Size([1, 1, 800])
14:56:39 ~ root ~ DEBUG : torch.Size([1, 64, 10])
14:56:39 ~ root ~ DEBUG : torch.Size([1, 640])
14:56:39 ~ root ~ DEBUG : amp shape: (8190,), freq shape: (8189,)
14:56:39 ~ root ~ DEBUG : freq shape: (8189,), dt: 0.0001220703125, theta0: 0.0
14:56:39 ~ root ~ DEBUG : amp shape: (8190,), freq shape: (8189,), phase shape: (8190,)
14:56:39 ~ umamipe ~ INFO : Generated waveform from ML model with shape: (1, 2, 8190)
14:56:39 ~ umamipe ~ INFO : Waveform shapes after adding dummy element at the start: (8192,), (8192,)
14:56:39 ~ umamipe ~ INFO : Generating waveform using ML model for parameters:
14:56:39 ~ umamipe ~ INFO : Converted (a_i, tilt_i, phi_i) to (spin_i_z): -0.6007708522090773, -0.13114358113384106
14:56:39 ~ umamipe ~ INFO : Formatted parameters for waveform generation:
14:56:39 ~ umamipe ~ INFO : Final parameters for waveform generation:
14:56:39 ~ umamipe ~ INFO : Generating waveform using ML model for parameters:
14:56:39 ~ umamipe ~ INFO : Using model: None and transformed model <bound method MLWaveformGenerator.get_ml_waveform of MLWaveformGenerator(duration=1.0, sampling_frequency=8192, start_time=0.0, frequency_domain_source_model=None, time_domain_source_model=umamipe.get_ml_waveform, parameter_conversion=umamipe.convert_to_ml_parameters, waveform_arguments={'model_path': '../v0p1/trained-models/model-20251004_072338-10', 'config_path': 'modelconfig-cvae-paper-I'})>
14:56:39 ~ umamipe ~ INFO : Generating waveform using ML model for parameters:
14:56:39 ~ umamipe ~ INFO : Generating waveform using ML model for parameters:
14:56:39 ~ umamipe ~ INFO : Received parameters for waveform generation: {'geocent_time': 0.0, 'mass_1': np.float64(58.742140771370025), 'mass_2': np.float64(42.911950410514535), 'luminosity_distance': np.float64(4975.472213273036), 'dec': np.float64(0.29563176820178294), 'ra': np.float64(0.8951838328429743), 'theta_jn': np.float64(2.2898522147159035), 'psi': np.float64(2.367824964113519), 'phase': np.float64(3.1417726389871667), 'chi_1': np.float64(-0.20495742859559649), 'chi_2': np.float64(0.2659681047443307), 'chi_1z': np.float64(-0.6007708522090773), 'chi_2z': np.float64(-0.13114358113384106), 'spin_1z': np.float64(-0.6007708522090773), 'spin_2z': np.float64(-0.13114358113384106), 'model_path': '../v0p1/trained-models/model-20251004_072338-10', 'config_path': 'modelconfig-cvae-paper-I'}
14:56:39 ~ root ~ INFO : Model set to evaluation mode for generation.
14:56:39 ~ root ~ DEBUG : torch.Size([1, 15])
14:56:39 ~ root ~ DEBUG : torch.Size([1, 1, 800])
14:56:39 ~ root ~ DEBUG : torch.Size([1, 64, 10])
14:56:39 ~ root ~ DEBUG : torch.Size([1, 640])
14:56:39 ~ root ~ DEBUG : amp shape: (8190,), freq shape: (8189,)
14:56:39 ~ root ~ DEBUG : freq shape: (8189,), dt: 0.0001220703125, theta0: 0.0
14:56:39 ~ root ~ DEBUG : amp shape: (8190,), freq shape: (8189,), phase shape: (8190,)
14:56:39 ~ umamipe ~ INFO : Generated waveform from ML model with shape: (1, 2, 8190)
14:56:39 ~ umamipe ~ INFO : Waveform shapes after adding dummy element at the start: (8192,), (8192,)
14:56:39 ~ umamipe ~ INFO : Generating waveform using ML model for parameters:
14:56:39 ~ umamipe ~ INFO : Converted (a_i, tilt_i, phi_i) to (spin_i_z): -0.4335201771436916, -0.2683311849846878
14:56:39 ~ umamipe ~ INFO : Formatted parameters for waveform generation:
14:56:39 ~ umamipe ~ INFO : Final parameters for waveform generation:
14:56:39 ~ umamipe ~ INFO : Generating waveform using ML model for parameters:
14:56:39 ~ umamipe ~ INFO : Using model: None and transformed model <bound method MLWaveformGenerator.get_ml_waveform of MLWaveformGenerator(duration=1.0, sampling_frequency=8192, start_time=0.0, frequency_domain_source_model=None, time_domain_source_model=umamipe.get_ml_waveform, parameter_conversion=umamipe.convert_to_ml_parameters, waveform_arguments={'model_path': '../v0p1/trained-models/model-20251004_072338-10', 'config_path': 'modelconfig-cvae-paper-I'})>
14:56:39 ~ umamipe ~ INFO : Generating waveform using ML model for parameters:
14:56:39 ~ umamipe ~ INFO : Generating waveform using ML model for parameters:
14:56:39 ~ umamipe ~ INFO : Received parameters for waveform generation: {'geocent_time': 0.0, 'mass_1': np.float64(66.77951675465965), 'mass_2': np.float64(66.06483587032551), 'luminosity_distance': np.float64(3833.6563152360427), 'dec': np.float64(-1.3945883106010792), 'ra': np.float64(2.0930692024751325), 'theta_jn': np.float64(2.355189570398194), 'psi': np.float64(2.266237629291684), 'phase': np.float64(5.093120540410076), 'chi_1': np.float64(-0.5366918425316051), 'chi_2': np.float64(0.5490514723182686), 'chi_1z': np.float64(-0.4335201771436916), 'chi_2z': np.float64(-0.2683311849846878), 'spin_1z': np.float64(-0.4335201771436916), 'spin_2z': np.float64(-0.2683311849846878), 'model_path': '../v0p1/trained-models/model-20251004_072338-10', 'config_path': 'modelconfig-cvae-paper-I'}
14:56:39 ~ root ~ INFO : Model set to evaluation mode for generation.
14:56:39 ~ root ~ DEBUG : torch.Size([1, 15])
14:56:39 ~ root ~ DEBUG : torch.Size([1, 1, 800])
14:56:39 ~ root ~ DEBUG : torch.Size([1, 64, 10])
14:56:39 ~ root ~ DEBUG : torch.Size([1, 640])
14:56:39 ~ root ~ DEBUG : amp shape: (8190,), freq shape: (8189,)
14:56:39 ~ root ~ DEBUG : freq shape: (8189,), dt: 0.0001220703125, theta0: 0.0
14:56:39 ~ root ~ DEBUG : amp shape: (8190,), freq shape: (8189,), phase shape: (8190,)
14:56:39 ~ umamipe ~ INFO : Generated waveform from ML model with shape: (1, 2, 8190)
14:56:39 ~ umamipe ~ INFO : Waveform shapes after adding dummy element at the start: (8192,), (8192,)
14:56:39 ~ umamipe ~ INFO : Generating waveform using ML model for parameters:
14:56:39 ~ umamipe ~ INFO : Converted (a_i, tilt_i, phi_i) to (spin_i_z): -0.1601189730540996, 0.37577056189806
14:56:39 ~ umamipe ~ INFO : Formatted parameters for waveform generation:
14:56:39 ~ umamipe ~ INFO : Final parameters for waveform generation:
14:56:39 ~ umamipe ~ INFO : Generating waveform using ML model for parameters:
14:56:39 ~ umamipe ~ INFO : Using model: None and transformed model <bound method MLWaveformGenerator.get_ml_waveform of MLWaveformGenerator(duration=1.0, sampling_frequency=8192, start_time=0.0, frequency_domain_source_model=None, time_domain_source_model=umamipe.get_ml_waveform, parameter_conversion=umamipe.convert_to_ml_parameters, waveform_arguments={'model_path': '../v0p1/trained-models/model-20251004_072338-10', 'config_path': 'modelconfig-cvae-paper-I'})>
14:56:39 ~ umamipe ~ INFO : Generating waveform using ML model for parameters:
14:56:39 ~ umamipe ~ INFO : Generating waveform using ML model for parameters:
14:56:39 ~ umamipe ~ INFO : Received parameters for waveform generation: {'geocent_time': 0.0, 'mass_1': np.float64(67.82623606570684), 'mass_2': np.float64(48.27986234408473), 'luminosity_distance': np.float64(3877.790124526771), 'dec': np.float64(0.10491953514174596), 'ra': np.float64(5.441717904583259), 'theta_jn': np.float64(0.8124072057823648), 'psi': np.float64(0.30722003341558773), 'phase': np.float64(3.9731957811890486), 'chi_1': np.float64(0.32087751379496465), 'chi_2': np.float64(0.4944729758898892), 'chi_1z': np.float64(-0.1601189730540996), 'chi_2z': np.float64(0.37577056189806), 'spin_1z': np.float64(-0.1601189730540996), 'spin_2z': np.float64(0.37577056189806), 'model_path': '../v0p1/trained-models/model-20251004_072338-10', 'config_path': 'modelconfig-cvae-paper-I'}
14:56:39 ~ root ~ INFO : Model set to evaluation mode for generation.
14:56:39 ~ root ~ DEBUG : torch.Size([1, 15])
14:56:39 ~ root ~ DEBUG : torch.Size([1, 1, 800])
14:56:39 ~ root ~ DEBUG : torch.Size([1, 64, 10])
14:56:39 ~ root ~ DEBUG : torch.Size([1, 640])
14:56:39 ~ root ~ DEBUG : amp shape: (8190,), freq shape: (8189,)
14:56:39 ~ root ~ DEBUG : freq shape: (8189,), dt: 0.0001220703125, theta0: 0.0
14:56:39 ~ root ~ DEBUG : amp shape: (8190,), freq shape: (8189,), phase shape: (8190,)
14:56:39 ~ umamipe ~ INFO : Generated waveform from ML model with shape: (1, 2, 8190)
14:56:39 ~ umamipe ~ INFO : Waveform shapes after adding dummy element at the start: (8192,), (8192,)
14:56:39 ~ umamipe ~ INFO : Generating waveform using ML model for parameters:
14:56:39 ~ umamipe ~ INFO : Converted (a_i, tilt_i, phi_i) to (spin_i_z): 0.5749478137678661, -0.05795799970587512
14:56:39 ~ umamipe ~ INFO : Formatted parameters for waveform generation:
14:56:39 ~ umamipe ~ INFO : Final parameters for waveform generation:
14:56:39 ~ umamipe ~ INFO : Generating waveform using ML model for parameters:
14:56:39 ~ umamipe ~ INFO : Using model: None and transformed model <bound method MLWaveformGenerator.get_ml_waveform of MLWaveformGenerator(duration=1.0, sampling_frequency=8192, start_time=0.0, frequency_domain_source_model=None, time_domain_source_model=umamipe.get_ml_waveform, parameter_conversion=umamipe.convert_to_ml_parameters, waveform_arguments={'model_path': '../v0p1/trained-models/model-20251004_072338-10', 'config_path': 'modelconfig-cvae-paper-I'})>
14:56:39 ~ umamipe ~ INFO : Generating waveform using ML model for parameters:
14:56:39 ~ umamipe ~ INFO : Generating waveform using ML model for parameters:
14:56:39 ~ umamipe ~ INFO : Received parameters for waveform generation: {'geocent_time': 0.0, 'mass_1': np.float64(47.585392512072595), 'mass_2': np.float64(44.34939016994356), 'luminosity_distance': np.float64(860.2507371754734), 'dec': np.float64(-0.5233435233231242), 'ra': np.float64(1.0692238803836007), 'theta_jn': np.float64(1.0896735708503296), 'psi': np.float64(0.907063021248423), 'phase': np.float64(5.396687367997046), 'chi_1': np.float64(-0.24513511613298705), 'chi_2': np.float64(0.2788913722253946), 'chi_1z': np.float64(0.5749478137678661), 'chi_2z': np.float64(-0.05795799970587512), 'spin_1z': np.float64(0.5749478137678661), 'spin_2z': np.float64(-0.05795799970587512), 'model_path': '../v0p1/trained-models/model-20251004_072338-10', 'config_path': 'modelconfig-cvae-paper-I'}
14:56:39 ~ root ~ INFO : Model set to evaluation mode for generation.
14:56:39 ~ root ~ DEBUG : torch.Size([1, 15])
14:56:39 ~ root ~ DEBUG : torch.Size([1, 1, 800])
14:56:39 ~ root ~ DEBUG : torch.Size([1, 64, 10])
14:56:39 ~ root ~ DEBUG : torch.Size([1, 640])
14:56:39 ~ root ~ DEBUG : amp shape: (8190,), freq shape: (8189,)
14:56:39 ~ root ~ DEBUG : freq shape: (8189,), dt: 0.0001220703125, theta0: 0.0
14:56:39 ~ root ~ DEBUG : amp shape: (8190,), freq shape: (8189,), phase shape: (8190,)
14:56:39 ~ umamipe ~ INFO : Generated waveform from ML model with shape: (1, 2, 8190)
14:56:39 ~ umamipe ~ INFO : Waveform shapes after adding dummy element at the start: (8192,), (8192,)
14:56:39 ~ umamipe ~ INFO : Generating waveform using ML model for parameters:
14:56:39 ~ umamipe ~ INFO : Converted (a_i, tilt_i, phi_i) to (spin_i_z): 0.6017371760614674, 0.7754284908931288
14:56:39 ~ umamipe ~ INFO : Formatted parameters for waveform generation:
14:56:39 ~ umamipe ~ INFO : Final parameters for waveform generation:
14:56:39 ~ umamipe ~ INFO : Generating waveform using ML model for parameters:
14:56:39 ~ umamipe ~ INFO : Using model: None and transformed model <bound method MLWaveformGenerator.get_ml_waveform of MLWaveformGenerator(duration=1.0, sampling_frequency=8192, start_time=0.0, frequency_domain_source_model=None, time_domain_source_model=umamipe.get_ml_waveform, parameter_conversion=umamipe.convert_to_ml_parameters, waveform_arguments={'model_path': '../v0p1/trained-models/model-20251004_072338-10', 'config_path': 'modelconfig-cvae-paper-I'})>
14:56:39 ~ umamipe ~ INFO : Generating waveform using ML model for parameters:
14:56:39 ~ umamipe ~ INFO : Generating waveform using ML model for parameters:
14:56:39 ~ umamipe ~ INFO : Received parameters for waveform generation: {'geocent_time': 0.0, 'mass_1': np.float64(62.60320049009062), 'mass_2': np.float64(44.337343182589855), 'luminosity_distance': np.float64(761.1744229842767), 'dec': np.float64(0.43267748313035304), 'ra': np.float64(3.8102040584831043), 'theta_jn': np.float64(1.4934464903925417), 'psi': np.float64(2.8233179926403067), 'phase': np.float64(4.569495770666315), 'chi_1': np.float64(-0.0336237162296202), 'chi_2': np.float64(-0.5693332809615348), 'chi_1z': np.float64(0.6017371760614674), 'chi_2z': np.float64(0.7754284908931288), 'spin_1z': np.float64(0.6017371760614674), 'spin_2z': np.float64(0.7754284908931288), 'model_path': '../v0p1/trained-models/model-20251004_072338-10', 'config_path': 'modelconfig-cvae-paper-I'}
14:56:39 ~ root ~ INFO : Model set to evaluation mode for generation.
14:56:39 ~ root ~ DEBUG : torch.Size([1, 15])
14:56:39 ~ root ~ DEBUG : torch.Size([1, 1, 800])
14:56:39 ~ root ~ DEBUG : torch.Size([1, 64, 10])
14:56:39 ~ root ~ DEBUG : torch.Size([1, 640])
14:56:39 ~ root ~ DEBUG : amp shape: (8190,), freq shape: (8189,)
14:56:39 ~ root ~ DEBUG : freq shape: (8189,), dt: 0.0001220703125, theta0: 0.0
14:56:39 ~ root ~ DEBUG : amp shape: (8190,), freq shape: (8189,), phase shape: (8190,)
14:56:39 ~ umamipe ~ INFO : Generated waveform from ML model with shape: (1, 2, 8190)
14:56:39 ~ umamipe ~ INFO : Waveform shapes after adding dummy element at the start: (8192,), (8192,)
14:56:39 ~ umamipe ~ INFO : Generating waveform using ML model for parameters:
14:56:39 ~ umamipe ~ INFO : Converted (a_i, tilt_i, phi_i) to (spin_i_z): 0.256705830414264, -0.7916529837680764
14:56:39 ~ umamipe ~ INFO : Formatted parameters for waveform generation:
14:56:39 ~ umamipe ~ INFO : Final parameters for waveform generation:
14:56:39 ~ umamipe ~ INFO : Generating waveform using ML model for parameters:
14:56:39 ~ umamipe ~ INFO : Using model: None and transformed model <bound method MLWaveformGenerator.get_ml_waveform of MLWaveformGenerator(duration=1.0, sampling_frequency=8192, start_time=0.0, frequency_domain_source_model=None, time_domain_source_model=umamipe.get_ml_waveform, parameter_conversion=umamipe.convert_to_ml_parameters, waveform_arguments={'model_path': '../v0p1/trained-models/model-20251004_072338-10', 'config_path': 'modelconfig-cvae-paper-I'})>
14:56:39 ~ umamipe ~ INFO : Generating waveform using ML model for parameters:
14:56:39 ~ umamipe ~ INFO : Generating waveform using ML model for parameters:
14:56:39 ~ umamipe ~ INFO : Received parameters for waveform generation: {'geocent_time': 0.0, 'mass_1': np.float64(58.55344675913354), 'mass_2': np.float64(64.569027265183), 'luminosity_distance': np.float64(3404.5960026884245), 'dec': np.float64(-0.5547306149144393), 'ra': np.float64(5.730689058460257), 'theta_jn': np.float64(1.9570289625955004), 'psi': np.float64(1.723361679992044), 'phase': np.float64(4.285662383744074), 'chi_1': np.float64(0.0035416718965807364), 'chi_2': np.float64(-0.5519056828522125), 'chi_1z': np.float64(0.256705830414264), 'chi_2z': np.float64(-0.7916529837680764), 'spin_1z': np.float64(0.256705830414264), 'spin_2z': np.float64(-0.7916529837680764), 'model_path': '../v0p1/trained-models/model-20251004_072338-10', 'config_path': 'modelconfig-cvae-paper-I'}
14:56:39 ~ root ~ INFO : Model set to evaluation mode for generation.
14:56:39 ~ root ~ DEBUG : torch.Size([1, 15])
14:56:39 ~ root ~ DEBUG : torch.Size([1, 1, 800])
14:56:39 ~ root ~ DEBUG : torch.Size([1, 64, 10])
14:56:39 ~ root ~ DEBUG : torch.Size([1, 640])
14:56:39 ~ root ~ DEBUG : amp shape: (8190,), freq shape: (8189,)
14:56:39 ~ root ~ DEBUG : freq shape: (8189,), dt: 0.0001220703125, theta0: 0.0
14:56:39 ~ root ~ DEBUG : amp shape: (8190,), freq shape: (8189,), phase shape: (8190,)
14:56:39 ~ umamipe ~ INFO : Generated waveform from ML model with shape: (1, 2, 8190)
14:56:39 ~ umamipe ~ INFO : Waveform shapes after adding dummy element at the start: (8192,), (8192,)
14:56:39 ~ umamipe ~ INFO : Generating waveform using ML model for parameters:
14:56:39 ~ umamipe ~ INFO : Converted (a_i, tilt_i, phi_i) to (spin_i_z): 0.3134678809759175, 0.3916813989071912
14:56:39 ~ umamipe ~ INFO : Formatted parameters for waveform generation:
14:56:39 ~ umamipe ~ INFO : Final parameters for waveform generation:
14:56:39 ~ umamipe ~ INFO : Generating waveform using ML model for parameters:
14:56:39 ~ umamipe ~ INFO : Using model: None and transformed model <bound method MLWaveformGenerator.get_ml_waveform of MLWaveformGenerator(duration=1.0, sampling_frequency=8192, start_time=0.0, frequency_domain_source_model=None, time_domain_source_model=umamipe.get_ml_waveform, parameter_conversion=umamipe.convert_to_ml_parameters, waveform_arguments={'model_path': '../v0p1/trained-models/model-20251004_072338-10', 'config_path': 'modelconfig-cvae-paper-I'})>
14:56:39 ~ umamipe ~ INFO : Generating waveform using ML model for parameters:
14:56:39 ~ umamipe ~ INFO : Generating waveform using ML model for parameters:
14:56:39 ~ umamipe ~ INFO : Received parameters for waveform generation: {'geocent_time': 0.0, 'mass_1': np.float64(39.91556060557064), 'mass_2': np.float64(37.01906702819734), 'luminosity_distance': np.float64(2771.384892399979), 'dec': np.float64(0.9555499608856876), 'ra': np.float64(0.5007800675211413), 'theta_jn': np.float64(1.2815942896016166), 'psi': np.float64(2.386234245191695), 'phase': np.float64(5.4229645786094824), 'chi_1': np.float64(0.16887561221179537), 'chi_2': np.float64(0.6444550268759901), 'chi_1z': np.float64(0.3134678809759175), 'chi_2z': np.float64(0.3916813989071912), 'spin_1z': np.float64(0.3134678809759175), 'spin_2z': np.float64(0.3916813989071912), 'model_path': '../v0p1/trained-models/model-20251004_072338-10', 'config_path': 'modelconfig-cvae-paper-I'}
14:56:39 ~ root ~ INFO : Model set to evaluation mode for generation.
14:56:39 ~ root ~ DEBUG : torch.Size([1, 15])
14:56:39 ~ root ~ DEBUG : torch.Size([1, 1, 800])
14:56:39 ~ root ~ DEBUG : torch.Size([1, 64, 10])
14:56:39 ~ root ~ DEBUG : torch.Size([1, 640])
14:56:39 ~ root ~ DEBUG : amp shape: (8190,), freq shape: (8189,)
14:56:39 ~ root ~ DEBUG : freq shape: (8189,), dt: 0.0001220703125, theta0: 0.0
14:56:39 ~ root ~ DEBUG : amp shape: (8190,), freq shape: (8189,), phase shape: (8190,)
14:56:39 ~ umamipe ~ INFO : Generated waveform from ML model with shape: (1, 2, 8190)
14:56:39 ~ umamipe ~ INFO : Waveform shapes after adding dummy element at the start: (8192,), (8192,)
14:56:39 ~ umamipe ~ INFO : Generating waveform using ML model for parameters:
14:56:39 ~ umamipe ~ INFO : Converted (a_i, tilt_i, phi_i) to (spin_i_z): 0.09790682725570399, -0.7735241383706237
14:56:39 ~ umamipe ~ INFO : Formatted parameters for waveform generation:
14:56:39 ~ umamipe ~ INFO : Final parameters for waveform generation:
14:56:39 ~ umamipe ~ INFO : Generating waveform using ML model for parameters:
14:56:39 ~ umamipe ~ INFO : Using model: None and transformed model <bound method MLWaveformGenerator.get_ml_waveform of MLWaveformGenerator(duration=1.0, sampling_frequency=8192, start_time=0.0, frequency_domain_source_model=None, time_domain_source_model=umamipe.get_ml_waveform, parameter_conversion=umamipe.convert_to_ml_parameters, waveform_arguments={'model_path': '../v0p1/trained-models/model-20251004_072338-10', 'config_path': 'modelconfig-cvae-paper-I'})>
14:56:39 ~ umamipe ~ INFO : Generating waveform using ML model for parameters:
14:56:39 ~ umamipe ~ INFO : Generating waveform using ML model for parameters:
14:56:39 ~ umamipe ~ INFO : Received parameters for waveform generation: {'geocent_time': 0.0, 'mass_1': np.float64(48.993048093078826), 'mass_2': np.float64(43.592397535746755), 'luminosity_distance': np.float64(3244.0017255758494), 'dec': np.float64(0.56549517196701), 'ra': np.float64(4.085723288533922), 'theta_jn': np.float64(2.1457524390485787), 'psi': np.float64(1.9716214068968456), 'phase': np.float64(4.60621161677272), 'chi_1': np.float64(-0.32033175649896917), 'chi_2': np.float64(-0.10884940382352154), 'chi_1z': np.float64(0.09790682725570399), 'chi_2z': np.float64(-0.7735241383706237), 'spin_1z': np.float64(0.09790682725570399), 'spin_2z': np.float64(-0.7735241383706237), 'model_path': '../v0p1/trained-models/model-20251004_072338-10', 'config_path': 'modelconfig-cvae-paper-I'}
14:56:39 ~ root ~ INFO : Model set to evaluation mode for generation.
14:56:39 ~ root ~ DEBUG : torch.Size([1, 15])
14:56:39 ~ root ~ DEBUG : torch.Size([1, 1, 800])
14:56:39 ~ root ~ DEBUG : torch.Size([1, 64, 10])
14:56:39 ~ root ~ DEBUG : torch.Size([1, 640])
14:56:39 ~ root ~ DEBUG : amp shape: (8190,), freq shape: (8189,)
14:56:39 ~ root ~ DEBUG : freq shape: (8189,), dt: 0.0001220703125, theta0: 0.0
14:56:39 ~ root ~ DEBUG : amp shape: (8190,), freq shape: (8189,), phase shape: (8190,)
14:56:39 ~ umamipe ~ INFO : Generated waveform from ML model with shape: (1, 2, 8190)
14:56:39 ~ umamipe ~ INFO : Waveform shapes after adding dummy element at the start: (8192,), (8192,)
14:56:39 ~ umamipe ~ INFO : Generating waveform using ML model for parameters:
14:56:39 ~ umamipe ~ INFO : Converted (a_i, tilt_i, phi_i) to (spin_i_z): 0.11910114166749008, -0.4542008517671754
14:56:39 ~ umamipe ~ INFO : Formatted parameters for waveform generation:
14:56:39 ~ umamipe ~ INFO : Final parameters for waveform generation:
14:56:39 ~ umamipe ~ INFO : Generating waveform using ML model for parameters:
14:56:39 ~ umamipe ~ INFO : Using model: None and transformed model <bound method MLWaveformGenerator.get_ml_waveform of MLWaveformGenerator(duration=1.0, sampling_frequency=8192, start_time=0.0, frequency_domain_source_model=None, time_domain_source_model=umamipe.get_ml_waveform, parameter_conversion=umamipe.convert_to_ml_parameters, waveform_arguments={'model_path': '../v0p1/trained-models/model-20251004_072338-10', 'config_path': 'modelconfig-cvae-paper-I'})>
14:56:39 ~ umamipe ~ INFO : Generating waveform using ML model for parameters:
14:56:39 ~ umamipe ~ INFO : Generating waveform using ML model for parameters:
14:56:39 ~ umamipe ~ INFO : Received parameters for waveform generation: {'geocent_time': 0.0, 'mass_1': np.float64(71.05337521435487), 'mass_2': np.float64(40.77704225692215), 'luminosity_distance': np.float64(1476.7434938475722), 'dec': np.float64(0.33471545129376157), 'ra': np.float64(1.2172983341356725), 'theta_jn': np.float64(1.6949847284264956), 'psi': np.float64(0.7821832880899792), 'phase': np.float64(1.0426413064844828), 'chi_1': np.float64(0.16760978254588751), 'chi_2': np.float64(-0.05746022710547712), 'chi_1z': np.float64(0.11910114166749008), 'chi_2z': np.float64(-0.4542008517671754), 'spin_1z': np.float64(0.11910114166749008), 'spin_2z': np.float64(-0.4542008517671754), 'model_path': '../v0p1/trained-models/model-20251004_072338-10', 'config_path': 'modelconfig-cvae-paper-I'}
14:56:39 ~ root ~ INFO : Model set to evaluation mode for generation.
14:56:39 ~ root ~ DEBUG : torch.Size([1, 15])
14:56:39 ~ root ~ DEBUG : torch.Size([1, 1, 800])
14:56:39 ~ root ~ DEBUG : torch.Size([1, 64, 10])
14:56:39 ~ root ~ DEBUG : torch.Size([1, 640])
14:56:39 ~ root ~ DEBUG : amp shape: (8190,), freq shape: (8189,)
14:56:39 ~ root ~ DEBUG : freq shape: (8189,), dt: 0.0001220703125, theta0: 0.0
14:56:39 ~ root ~ DEBUG : amp shape: (8190,), freq shape: (8189,), phase shape: (8190,)
14:56:39 ~ umamipe ~ INFO : Generated waveform from ML model with shape: (1, 2, 8190)
14:56:39 ~ umamipe ~ INFO : Waveform shapes after adding dummy element at the start: (8192,), (8192,)
14:56:39 ~ umamipe ~ INFO : Generating waveform using ML model for parameters:
14:56:39 ~ umamipe ~ INFO : Converted (a_i, tilt_i, phi_i) to (spin_i_z): 0.07847072077173589, 0.5360504347661545
14:56:39 ~ umamipe ~ INFO : Formatted parameters for waveform generation:
14:56:39 ~ umamipe ~ INFO : Final parameters for waveform generation:
14:56:39 ~ umamipe ~ INFO : Generating waveform using ML model for parameters:
14:56:39 ~ umamipe ~ INFO : Using model: None and transformed model <bound method MLWaveformGenerator.get_ml_waveform of MLWaveformGenerator(duration=1.0, sampling_frequency=8192, start_time=0.0, frequency_domain_source_model=None, time_domain_source_model=umamipe.get_ml_waveform, parameter_conversion=umamipe.convert_to_ml_parameters, waveform_arguments={'model_path': '../v0p1/trained-models/model-20251004_072338-10', 'config_path': 'modelconfig-cvae-paper-I'})>
14:56:39 ~ umamipe ~ INFO : Generating waveform using ML model for parameters:
14:56:39 ~ umamipe ~ INFO : Generating waveform using ML model for parameters:
14:56:39 ~ umamipe ~ INFO : Received parameters for waveform generation: {'geocent_time': 0.0, 'mass_1': np.float64(54.85865490331257), 'mass_2': np.float64(48.95536956965026), 'luminosity_distance': np.float64(1168.5665139588716), 'dec': np.float64(0.47055791321171925), 'ra': np.float64(3.4706074826378113), 'theta_jn': np.float64(2.5957299047969165), 'psi': np.float64(2.5382496777470123), 'phase': np.float64(3.5884478415975427), 'chi_1': np.float64(-0.6086659436240668), 'chi_2': np.float64(0.1870892550594969), 'chi_1z': np.float64(0.07847072077173589), 'chi_2z': np.float64(0.5360504347661545), 'spin_1z': np.float64(0.07847072077173589), 'spin_2z': np.float64(0.5360504347661545), 'model_path': '../v0p1/trained-models/model-20251004_072338-10', 'config_path': 'modelconfig-cvae-paper-I'}
14:56:39 ~ root ~ INFO : Model set to evaluation mode for generation.
14:56:39 ~ root ~ DEBUG : torch.Size([1, 15])
14:56:39 ~ root ~ DEBUG : torch.Size([1, 1, 800])
14:56:39 ~ root ~ DEBUG : torch.Size([1, 64, 10])
14:56:39 ~ root ~ DEBUG : torch.Size([1, 640])
14:56:39 ~ root ~ DEBUG : amp shape: (8190,), freq shape: (8189,)
14:56:39 ~ root ~ DEBUG : freq shape: (8189,), dt: 0.0001220703125, theta0: 0.0
14:56:39 ~ root ~ DEBUG : amp shape: (8190,), freq shape: (8189,), phase shape: (8190,)
14:56:39 ~ umamipe ~ INFO : Generated waveform from ML model with shape: (1, 2, 8190)
14:56:39 ~ umamipe ~ INFO : Waveform shapes after adding dummy element at the start: (8192,), (8192,)
14:56:39 ~ umamipe ~ INFO : Generating waveform using ML model for parameters:
14:56:39 ~ umamipe ~ INFO : Converted (a_i, tilt_i, phi_i) to (spin_i_z): -0.7789441704111533, -0.4663006134500487
14:56:39 ~ umamipe ~ INFO : Formatted parameters for waveform generation:
14:56:39 ~ umamipe ~ INFO : Final parameters for waveform generation:
14:56:39 ~ umamipe ~ INFO : Generating waveform using ML model for parameters:
14:56:39 ~ umamipe ~ INFO : Using model: None and transformed model <bound method MLWaveformGenerator.get_ml_waveform of MLWaveformGenerator(duration=1.0, sampling_frequency=8192, start_time=0.0, frequency_domain_source_model=None, time_domain_source_model=umamipe.get_ml_waveform, parameter_conversion=umamipe.convert_to_ml_parameters, waveform_arguments={'model_path': '../v0p1/trained-models/model-20251004_072338-10', 'config_path': 'modelconfig-cvae-paper-I'})>
14:56:39 ~ umamipe ~ INFO : Generating waveform using ML model for parameters:
14:56:39 ~ umamipe ~ INFO : Generating waveform using ML model for parameters:
14:56:39 ~ umamipe ~ INFO : Received parameters for waveform generation: {'geocent_time': 0.0, 'mass_1': np.float64(55.99852586044642), 'mass_2': np.float64(30.091236576628013), 'luminosity_distance': np.float64(4432.869568313932), 'dec': np.float64(0.6416869720261186), 'ra': np.float64(0.6245653217207091), 'theta_jn': np.float64(1.9472738025358098), 'psi': np.float64(1.652793942860369), 'phase': np.float64(3.706558417260607), 'chi_1': np.float64(0.40941783990326447), 'chi_2': np.float64(-0.1853269664683507), 'chi_1z': np.float64(-0.7789441704111533), 'chi_2z': np.float64(-0.4663006134500487), 'spin_1z': np.float64(-0.7789441704111533), 'spin_2z': np.float64(-0.4663006134500487), 'model_path': '../v0p1/trained-models/model-20251004_072338-10', 'config_path': 'modelconfig-cvae-paper-I'}
14:56:39 ~ root ~ INFO : Model set to evaluation mode for generation.
14:56:39 ~ root ~ DEBUG : torch.Size([1, 15])
14:56:39 ~ root ~ DEBUG : torch.Size([1, 1, 800])
14:56:39 ~ root ~ DEBUG : torch.Size([1, 64, 10])
14:56:39 ~ root ~ DEBUG : torch.Size([1, 640])
14:56:39 ~ root ~ DEBUG : amp shape: (8190,), freq shape: (8189,)
14:56:39 ~ root ~ DEBUG : freq shape: (8189,), dt: 0.0001220703125, theta0: 0.0
14:56:39 ~ root ~ DEBUG : amp shape: (8190,), freq shape: (8189,), phase shape: (8190,)
14:56:39 ~ umamipe ~ INFO : Generated waveform from ML model with shape: (1, 2, 8190)
14:56:39 ~ umamipe ~ INFO : Waveform shapes after adding dummy element at the start: (8192,), (8192,)
14:56:39 ~ umamipe ~ INFO : Generating waveform using ML model for parameters:
14:56:39 ~ umamipe ~ INFO : Converted (a_i, tilt_i, phi_i) to (spin_i_z): -0.7571057913163042, 0.4972339656293563
14:56:39 ~ umamipe ~ INFO : Formatted parameters for waveform generation:
14:56:39 ~ umamipe ~ INFO : Final parameters for waveform generation:
14:56:39 ~ umamipe ~ INFO : Generating waveform using ML model for parameters:
14:56:39 ~ umamipe ~ INFO : Using model: None and transformed model <bound method MLWaveformGenerator.get_ml_waveform of MLWaveformGenerator(duration=1.0, sampling_frequency=8192, start_time=0.0, frequency_domain_source_model=None, time_domain_source_model=umamipe.get_ml_waveform, parameter_conversion=umamipe.convert_to_ml_parameters, waveform_arguments={'model_path': '../v0p1/trained-models/model-20251004_072338-10', 'config_path': 'modelconfig-cvae-paper-I'})>
14:56:39 ~ umamipe ~ INFO : Generating waveform using ML model for parameters:
14:56:39 ~ umamipe ~ INFO : Generating waveform using ML model for parameters:
14:56:39 ~ umamipe ~ INFO : Received parameters for waveform generation: {'geocent_time': 0.0, 'mass_1': np.float64(71.18067158579328), 'mass_2': np.float64(39.51404197101829), 'luminosity_distance': np.float64(3982.0087387625144), 'dec': np.float64(0.6179572137402031), 'ra': np.float64(5.109550841802738), 'theta_jn': np.float64(0.2046809962414395), 'psi': np.float64(0.029538545961509816), 'phase': np.float64(6.214133769835045), 'chi_1': np.float64(0.009644569195985225), 'chi_2': np.float64(-0.5343649668472523), 'chi_1z': np.float64(-0.7571057913163042), 'chi_2z': np.float64(0.4972339656293563), 'spin_1z': np.float64(-0.7571057913163042), 'spin_2z': np.float64(0.4972339656293563), 'model_path': '../v0p1/trained-models/model-20251004_072338-10', 'config_path': 'modelconfig-cvae-paper-I'}
14:56:39 ~ root ~ INFO : Model set to evaluation mode for generation.
14:56:39 ~ root ~ DEBUG : torch.Size([1, 15])
14:56:39 ~ root ~ DEBUG : torch.Size([1, 1, 800])
14:56:39 ~ root ~ DEBUG : torch.Size([1, 64, 10])
14:56:39 ~ root ~ DEBUG : torch.Size([1, 640])
14:56:39 ~ root ~ DEBUG : amp shape: (8190,), freq shape: (8189,)
14:56:39 ~ root ~ DEBUG : freq shape: (8189,), dt: 0.0001220703125, theta0: 0.0
14:56:39 ~ root ~ DEBUG : amp shape: (8190,), freq shape: (8189,), phase shape: (8190,)
14:56:39 ~ umamipe ~ INFO : Generated waveform from ML model with shape: (1, 2, 8190)
14:56:39 ~ umamipe ~ INFO : Waveform shapes after adding dummy element at the start: (8192,), (8192,)
14:56:39 ~ umamipe ~ INFO : Generating waveform using ML model for parameters:
14:56:39 ~ umamipe ~ INFO : Converted (a_i, tilt_i, phi_i) to (spin_i_z): -0.17670334767941376, 0.34359655369256314
14:56:39 ~ umamipe ~ INFO : Formatted parameters for waveform generation:
14:56:39 ~ umamipe ~ INFO : Final parameters for waveform generation:
14:56:39 ~ umamipe ~ INFO : Generating waveform using ML model for parameters:
14:56:39 ~ umamipe ~ INFO : Using model: None and transformed model <bound method MLWaveformGenerator.get_ml_waveform of MLWaveformGenerator(duration=1.0, sampling_frequency=8192, start_time=0.0, frequency_domain_source_model=None, time_domain_source_model=umamipe.get_ml_waveform, parameter_conversion=umamipe.convert_to_ml_parameters, waveform_arguments={'model_path': '../v0p1/trained-models/model-20251004_072338-10', 'config_path': 'modelconfig-cvae-paper-I'})>
14:56:39 ~ umamipe ~ INFO : Generating waveform using ML model for parameters:
14:56:39 ~ umamipe ~ INFO : Generating waveform using ML model for parameters:
14:56:39 ~ umamipe ~ INFO : Received parameters for waveform generation: {'geocent_time': 0.0, 'mass_1': np.float64(70.72298046846382), 'mass_2': np.float64(53.60216242767434), 'luminosity_distance': np.float64(2899.0313662572776), 'dec': np.float64(0.4166651541896706), 'ra': np.float64(0.14067013208805232), 'theta_jn': np.float64(2.494486100269234), 'psi': np.float64(0.8045320365088966), 'phase': np.float64(1.1995150931827612), 'chi_1': np.float64(-0.1206689722628941), 'chi_2': np.float64(-0.5342870061314464), 'chi_1z': np.float64(-0.17670334767941376), 'chi_2z': np.float64(0.34359655369256314), 'spin_1z': np.float64(-0.17670334767941376), 'spin_2z': np.float64(0.34359655369256314), 'model_path': '../v0p1/trained-models/model-20251004_072338-10', 'config_path': 'modelconfig-cvae-paper-I'}
14:56:39 ~ root ~ INFO : Model set to evaluation mode for generation.
14:56:39 ~ root ~ DEBUG : torch.Size([1, 15])
14:56:39 ~ root ~ DEBUG : torch.Size([1, 1, 800])
14:56:39 ~ root ~ DEBUG : torch.Size([1, 64, 10])
14:56:39 ~ root ~ DEBUG : torch.Size([1, 640])
14:56:39 ~ root ~ DEBUG : amp shape: (8190,), freq shape: (8189,)
14:56:39 ~ root ~ DEBUG : freq shape: (8189,), dt: 0.0001220703125, theta0: 0.0
14:56:39 ~ root ~ DEBUG : amp shape: (8190,), freq shape: (8189,), phase shape: (8190,)
14:56:39 ~ umamipe ~ INFO : Generated waveform from ML model with shape: (1, 2, 8190)
14:56:39 ~ umamipe ~ INFO : Waveform shapes after adding dummy element at the start: (8192,), (8192,)
14:56:39 ~ umamipe ~ INFO : Generating waveform using ML model for parameters:
14:56:39 ~ umamipe ~ INFO : Converted (a_i, tilt_i, phi_i) to (spin_i_z): -0.4004788417140171, 0.24683834193328624
14:56:39 ~ umamipe ~ INFO : Formatted parameters for waveform generation:
14:56:39 ~ umamipe ~ INFO : Final parameters for waveform generation:
14:56:39 ~ umamipe ~ INFO : Generating waveform using ML model for parameters:
14:56:39 ~ umamipe ~ INFO : Using model: None and transformed model <bound method MLWaveformGenerator.get_ml_waveform of MLWaveformGenerator(duration=1.0, sampling_frequency=8192, start_time=0.0, frequency_domain_source_model=None, time_domain_source_model=umamipe.get_ml_waveform, parameter_conversion=umamipe.convert_to_ml_parameters, waveform_arguments={'model_path': '../v0p1/trained-models/model-20251004_072338-10', 'config_path': 'modelconfig-cvae-paper-I'})>
14:56:39 ~ umamipe ~ INFO : Generating waveform using ML model for parameters:
14:56:39 ~ umamipe ~ INFO : Generating waveform using ML model for parameters:
14:56:39 ~ umamipe ~ INFO : Received parameters for waveform generation: {'geocent_time': 0.0, 'mass_1': np.float64(52.419286257530416), 'mass_2': np.float64(60.0590564845038), 'luminosity_distance': np.float64(2207.5350139119155), 'dec': np.float64(-0.20566593724261703), 'ra': np.float64(3.263997789839217), 'theta_jn': np.float64(1.7164274928516954), 'psi': np.float64(0.5855818246706163), 'phase': np.float64(5.074734843017565), 'chi_1': np.float64(-0.45842881244137007), 'chi_2': np.float64(-0.43825725228180357), 'chi_1z': np.float64(-0.4004788417140171), 'chi_2z': np.float64(0.24683834193328624), 'spin_1z': np.float64(-0.4004788417140171), 'spin_2z': np.float64(0.24683834193328624), 'model_path': '../v0p1/trained-models/model-20251004_072338-10', 'config_path': 'modelconfig-cvae-paper-I'}
14:56:39 ~ root ~ INFO : Model set to evaluation mode for generation.
14:56:39 ~ root ~ DEBUG : torch.Size([1, 15])
14:56:39 ~ root ~ DEBUG : torch.Size([1, 1, 800])
14:56:39 ~ root ~ DEBUG : torch.Size([1, 64, 10])
14:56:39 ~ root ~ DEBUG : torch.Size([1, 640])
14:56:39 ~ root ~ DEBUG : amp shape: (8190,), freq shape: (8189,)
14:56:39 ~ root ~ DEBUG : freq shape: (8189,), dt: 0.0001220703125, theta0: 0.0
14:56:39 ~ root ~ DEBUG : amp shape: (8190,), freq shape: (8189,), phase shape: (8190,)
14:56:39 ~ umamipe ~ INFO : Generated waveform from ML model with shape: (1, 2, 8190)
14:56:39 ~ umamipe ~ INFO : Waveform shapes after adding dummy element at the start: (8192,), (8192,)
14:56:39 ~ umamipe ~ INFO : Generating waveform using ML model for parameters:
14:56:39 ~ umamipe ~ INFO : Converted (a_i, tilt_i, phi_i) to (spin_i_z): 0.7840638460194749, 0.429744902381449
14:56:39 ~ umamipe ~ INFO : Formatted parameters for waveform generation:
14:56:39 ~ umamipe ~ INFO : Final parameters for waveform generation:
14:56:39 ~ umamipe ~ INFO : Generating waveform using ML model for parameters:
14:56:39 ~ umamipe ~ INFO : Using model: None and transformed model <bound method MLWaveformGenerator.get_ml_waveform of MLWaveformGenerator(duration=1.0, sampling_frequency=8192, start_time=0.0, frequency_domain_source_model=None, time_domain_source_model=umamipe.get_ml_waveform, parameter_conversion=umamipe.convert_to_ml_parameters, waveform_arguments={'model_path': '../v0p1/trained-models/model-20251004_072338-10', 'config_path': 'modelconfig-cvae-paper-I'})>
14:56:39 ~ umamipe ~ INFO : Generating waveform using ML model for parameters:
14:56:39 ~ umamipe ~ INFO : Generating waveform using ML model for parameters:
14:56:39 ~ umamipe ~ INFO : Received parameters for waveform generation: {'geocent_time': 0.0, 'mass_1': np.float64(33.46892232671034), 'mass_2': np.float64(30.347651870209397), 'luminosity_distance': np.float64(3281.9191783256365), 'dec': np.float64(-0.3117091518352116), 'ra': np.float64(0.9848661384133521), 'theta_jn': np.float64(1.8879334608163525), 'psi': np.float64(2.0151162199904413), 'phase': np.float64(0.7658754425884715), 'chi_1': np.float64(-0.20959463333146314), 'chi_2': np.float64(-0.07454696375541965), 'chi_1z': np.float64(0.7840638460194749), 'chi_2z': np.float64(0.429744902381449), 'spin_1z': np.float64(0.7840638460194749), 'spin_2z': np.float64(0.429744902381449), 'model_path': '../v0p1/trained-models/model-20251004_072338-10', 'config_path': 'modelconfig-cvae-paper-I'}
14:56:39 ~ root ~ INFO : Model set to evaluation mode for generation.
14:56:39 ~ root ~ DEBUG : torch.Size([1, 15])
14:56:39 ~ root ~ DEBUG : torch.Size([1, 1, 800])
14:56:39 ~ root ~ DEBUG : torch.Size([1, 64, 10])
14:56:39 ~ root ~ DEBUG : torch.Size([1, 640])
14:56:39 ~ root ~ DEBUG : amp shape: (8190,), freq shape: (8189,)
14:56:39 ~ root ~ DEBUG : freq shape: (8189,), dt: 0.0001220703125, theta0: 0.0
14:56:39 ~ root ~ DEBUG : amp shape: (8190,), freq shape: (8189,), phase shape: (8190,)
14:56:39 ~ umamipe ~ INFO : Generated waveform from ML model with shape: (1, 2, 8190)
14:56:39 ~ umamipe ~ INFO : Waveform shapes after adding dummy element at the start: (8192,), (8192,)
14:56:39 ~ umamipe ~ INFO : Generating waveform using ML model for parameters:
14:56:39 ~ umamipe ~ INFO : Converted (a_i, tilt_i, phi_i) to (spin_i_z): -0.2445992421027675, -0.12637380632830042
14:56:39 ~ umamipe ~ INFO : Formatted parameters for waveform generation:
14:56:39 ~ umamipe ~ INFO : Final parameters for waveform generation:
14:56:39 ~ umamipe ~ INFO : Generating waveform using ML model for parameters:
14:56:39 ~ umamipe ~ INFO : Using model: None and transformed model <bound method MLWaveformGenerator.get_ml_waveform of MLWaveformGenerator(duration=1.0, sampling_frequency=8192, start_time=0.0, frequency_domain_source_model=None, time_domain_source_model=umamipe.get_ml_waveform, parameter_conversion=umamipe.convert_to_ml_parameters, waveform_arguments={'model_path': '../v0p1/trained-models/model-20251004_072338-10', 'config_path': 'modelconfig-cvae-paper-I'})>
14:56:39 ~ umamipe ~ INFO : Generating waveform using ML model for parameters:
14:56:39 ~ umamipe ~ INFO : Generating waveform using ML model for parameters:
14:56:39 ~ umamipe ~ INFO : Received parameters for waveform generation: {'geocent_time': 0.0, 'mass_1': np.float64(45.172440156358704), 'mass_2': np.float64(73.44470199385117), 'luminosity_distance': np.float64(3218.299780105559), 'dec': np.float64(-0.24168203901110402), 'ra': np.float64(5.933122575779513), 'theta_jn': np.float64(2.062752478329117), 'psi': np.float64(1.7211035108626822), 'phase': np.float64(3.774287786538782), 'chi_1': np.float64(0.6820017512809676), 'chi_2': np.float64(-0.3252210136658875), 'chi_1z': np.float64(-0.2445992421027675), 'chi_2z': np.float64(-0.12637380632830042), 'spin_1z': np.float64(-0.2445992421027675), 'spin_2z': np.float64(-0.12637380632830042), 'model_path': '../v0p1/trained-models/model-20251004_072338-10', 'config_path': 'modelconfig-cvae-paper-I'}
14:56:39 ~ root ~ INFO : Model set to evaluation mode for generation.
14:56:39 ~ root ~ DEBUG : torch.Size([1, 15])
14:56:39 ~ root ~ DEBUG : torch.Size([1, 1, 800])
14:56:39 ~ root ~ DEBUG : torch.Size([1, 64, 10])
14:56:39 ~ root ~ DEBUG : torch.Size([1, 640])
14:56:39 ~ root ~ DEBUG : amp shape: (8190,), freq shape: (8189,)
14:56:39 ~ root ~ DEBUG : freq shape: (8189,), dt: 0.0001220703125, theta0: 0.0
14:56:39 ~ root ~ DEBUG : amp shape: (8190,), freq shape: (8189,), phase shape: (8190,)
14:56:39 ~ umamipe ~ INFO : Generated waveform from ML model with shape: (1, 2, 8190)
14:56:39 ~ umamipe ~ INFO : Waveform shapes after adding dummy element at the start: (8192,), (8192,)
14:56:39 ~ umamipe ~ INFO : Generating waveform using ML model for parameters:
14:56:39 ~ umamipe ~ INFO : Converted (a_i, tilt_i, phi_i) to (spin_i_z): 0.5519670264965417, -0.6386898480295105
14:56:39 ~ umamipe ~ INFO : Formatted parameters for waveform generation:
14:56:39 ~ umamipe ~ INFO : Final parameters for waveform generation:
14:56:39 ~ umamipe ~ INFO : Generating waveform using ML model for parameters:
14:56:39 ~ umamipe ~ INFO : Using model: None and transformed model <bound method MLWaveformGenerator.get_ml_waveform of MLWaveformGenerator(duration=1.0, sampling_frequency=8192, start_time=0.0, frequency_domain_source_model=None, time_domain_source_model=umamipe.get_ml_waveform, parameter_conversion=umamipe.convert_to_ml_parameters, waveform_arguments={'model_path': '../v0p1/trained-models/model-20251004_072338-10', 'config_path': 'modelconfig-cvae-paper-I'})>
14:56:39 ~ umamipe ~ INFO : Generating waveform using ML model for parameters:
14:56:39 ~ umamipe ~ INFO : Generating waveform using ML model for parameters:
14:56:39 ~ umamipe ~ INFO : Received parameters for waveform generation: {'geocent_time': 0.0, 'mass_1': np.float64(74.31147223282358), 'mass_2': np.float64(33.78873406185538), 'luminosity_distance': np.float64(1636.441547683903), 'dec': np.float64(-0.12962199435300328), 'ra': np.float64(1.0633892444485842), 'theta_jn': np.float64(1.9494397475037906), 'psi': np.float64(1.1331018858379063), 'phase': np.float64(5.316878308157155), 'chi_1': np.float64(0.1831826721182504), 'chi_2': np.float64(-0.010406071931066187), 'chi_1z': np.float64(0.5519670264965417), 'chi_2z': np.float64(-0.6386898480295105), 'spin_1z': np.float64(0.5519670264965417), 'spin_2z': np.float64(-0.6386898480295105), 'model_path': '../v0p1/trained-models/model-20251004_072338-10', 'config_path': 'modelconfig-cvae-paper-I'}
14:56:39 ~ root ~ INFO : Model set to evaluation mode for generation.
14:56:39 ~ root ~ DEBUG : torch.Size([1, 15])
14:56:39 ~ root ~ DEBUG : torch.Size([1, 1, 800])
14:56:39 ~ root ~ DEBUG : torch.Size([1, 64, 10])
14:56:39 ~ root ~ DEBUG : torch.Size([1, 640])
14:56:39 ~ root ~ DEBUG : amp shape: (8190,), freq shape: (8189,)
14:56:39 ~ root ~ DEBUG : freq shape: (8189,), dt: 0.0001220703125, theta0: 0.0
14:56:39 ~ root ~ DEBUG : amp shape: (8190,), freq shape: (8189,), phase shape: (8190,)
14:56:39 ~ umamipe ~ INFO : Generated waveform from ML model with shape: (1, 2, 8190)
14:56:39 ~ umamipe ~ INFO : Waveform shapes after adding dummy element at the start: (8192,), (8192,)
14:56:39 ~ umamipe ~ INFO : Generating waveform using ML model for parameters:
14:56:39 ~ umamipe ~ INFO : Converted (a_i, tilt_i, phi_i) to (spin_i_z): -0.61809840754468, 0.7990537376340998
14:56:39 ~ umamipe ~ INFO : Formatted parameters for waveform generation:
14:56:39 ~ umamipe ~ INFO : Final parameters for waveform generation:
14:56:39 ~ umamipe ~ INFO : Generating waveform using ML model for parameters:
14:56:39 ~ umamipe ~ INFO : Using model: None and transformed model <bound method MLWaveformGenerator.get_ml_waveform of MLWaveformGenerator(duration=1.0, sampling_frequency=8192, start_time=0.0, frequency_domain_source_model=None, time_domain_source_model=umamipe.get_ml_waveform, parameter_conversion=umamipe.convert_to_ml_parameters, waveform_arguments={'model_path': '../v0p1/trained-models/model-20251004_072338-10', 'config_path': 'modelconfig-cvae-paper-I'})>
14:56:39 ~ umamipe ~ INFO : Generating waveform using ML model for parameters:
14:56:39 ~ umamipe ~ INFO : Generating waveform using ML model for parameters:
14:56:39 ~ umamipe ~ INFO : Received parameters for waveform generation: {'geocent_time': 0.0, 'mass_1': np.float64(56.14945520678526), 'mass_2': np.float64(57.23098350644159), 'luminosity_distance': np.float64(2361.690563396076), 'dec': np.float64(-1.1215101168678818), 'ra': np.float64(3.3627542573680893), 'theta_jn': np.float64(1.5981538383329645), 'psi': np.float64(2.053381901475407), 'phase': np.float64(1.337870736468992), 'chi_1': np.float64(-0.28054861271725323), 'chi_2': np.float64(0.7107272154970358), 'chi_1z': np.float64(-0.61809840754468), 'chi_2z': np.float64(0.7990537376340998), 'spin_1z': np.float64(-0.61809840754468), 'spin_2z': np.float64(0.7990537376340998), 'model_path': '../v0p1/trained-models/model-20251004_072338-10', 'config_path': 'modelconfig-cvae-paper-I'}
14:56:39 ~ root ~ INFO : Model set to evaluation mode for generation.
14:56:39 ~ root ~ DEBUG : torch.Size([1, 15])
14:56:39 ~ root ~ DEBUG : torch.Size([1, 1, 800])
14:56:39 ~ root ~ DEBUG : torch.Size([1, 64, 10])
14:56:39 ~ root ~ DEBUG : torch.Size([1, 640])
14:56:39 ~ root ~ DEBUG : amp shape: (8190,), freq shape: (8189,)
14:56:39 ~ root ~ DEBUG : freq shape: (8189,), dt: 0.0001220703125, theta0: 0.0
14:56:39 ~ root ~ DEBUG : amp shape: (8190,), freq shape: (8189,), phase shape: (8190,)
14:56:39 ~ umamipe ~ INFO : Generated waveform from ML model with shape: (1, 2, 8190)
14:56:39 ~ umamipe ~ INFO : Waveform shapes after adding dummy element at the start: (8192,), (8192,)
14:56:39 ~ umamipe ~ INFO : Generating waveform using ML model for parameters:
14:56:39 ~ umamipe ~ INFO : Converted (a_i, tilt_i, phi_i) to (spin_i_z): -0.775111390035185, -0.007364160982922918
14:56:39 ~ umamipe ~ INFO : Formatted parameters for waveform generation:
14:56:39 ~ umamipe ~ INFO : Final parameters for waveform generation:
14:56:39 ~ umamipe ~ INFO : Generating waveform using ML model for parameters:
14:56:39 ~ umamipe ~ INFO : Using model: None and transformed model <bound method MLWaveformGenerator.get_ml_waveform of MLWaveformGenerator(duration=1.0, sampling_frequency=8192, start_time=0.0, frequency_domain_source_model=None, time_domain_source_model=umamipe.get_ml_waveform, parameter_conversion=umamipe.convert_to_ml_parameters, waveform_arguments={'model_path': '../v0p1/trained-models/model-20251004_072338-10', 'config_path': 'modelconfig-cvae-paper-I'})>
14:56:39 ~ umamipe ~ INFO : Generating waveform using ML model for parameters:
14:56:39 ~ umamipe ~ INFO : Generating waveform using ML model for parameters:
14:56:39 ~ umamipe ~ INFO : Received parameters for waveform generation: {'geocent_time': 0.0, 'mass_1': np.float64(62.39895483685892), 'mass_2': np.float64(58.319500723961866), 'luminosity_distance': np.float64(2769.9934230666486), 'dec': np.float64(0.8265611350356888), 'ra': np.float64(5.718085750970005), 'theta_jn': np.float64(2.0305953363255873), 'psi': np.float64(2.2301807452118676), 'phase': np.float64(3.0985819432369603), 'chi_1': np.float64(-0.49181231716400514), 'chi_2': np.float64(0.9289472967740513), 'chi_1z': np.float64(-0.775111390035185), 'chi_2z': np.float64(-0.007364160982922918), 'spin_1z': np.float64(-0.775111390035185), 'spin_2z': np.float64(-0.007364160982922918), 'model_path': '../v0p1/trained-models/model-20251004_072338-10', 'config_path': 'modelconfig-cvae-paper-I'}
14:56:39 ~ root ~ INFO : Model set to evaluation mode for generation.
14:56:39 ~ root ~ DEBUG : torch.Size([1, 15])
14:56:39 ~ root ~ DEBUG : torch.Size([1, 1, 800])
14:56:39 ~ root ~ DEBUG : torch.Size([1, 64, 10])
14:56:39 ~ root ~ DEBUG : torch.Size([1, 640])
14:56:39 ~ root ~ DEBUG : amp shape: (8190,), freq shape: (8189,)
14:56:39 ~ root ~ DEBUG : freq shape: (8189,), dt: 0.0001220703125, theta0: 0.0
14:56:39 ~ root ~ DEBUG : amp shape: (8190,), freq shape: (8189,), phase shape: (8190,)
14:56:39 ~ umamipe ~ INFO : Generated waveform from ML model with shape: (1, 2, 8190)
14:56:39 ~ umamipe ~ INFO : Waveform shapes after adding dummy element at the start: (8192,), (8192,)
14:56:39 ~ umamipe ~ INFO : Generating waveform using ML model for parameters:
14:56:39 ~ umamipe ~ INFO : Converted (a_i, tilt_i, phi_i) to (spin_i_z): -0.6196605240910746, 0.5795685505969759
14:56:39 ~ umamipe ~ INFO : Formatted parameters for waveform generation:
14:56:39 ~ umamipe ~ INFO : Final parameters for waveform generation:
14:56:39 ~ umamipe ~ INFO : Generating waveform using ML model for parameters:
14:56:39 ~ umamipe ~ INFO : Using model: None and transformed model <bound method MLWaveformGenerator.get_ml_waveform of MLWaveformGenerator(duration=1.0, sampling_frequency=8192, start_time=0.0, frequency_domain_source_model=None, time_domain_source_model=umamipe.get_ml_waveform, parameter_conversion=umamipe.convert_to_ml_parameters, waveform_arguments={'model_path': '../v0p1/trained-models/model-20251004_072338-10', 'config_path': 'modelconfig-cvae-paper-I'})>
14:56:39 ~ umamipe ~ INFO : Generating waveform using ML model for parameters:
14:56:39 ~ umamipe ~ INFO : Generating waveform using ML model for parameters:
14:56:39 ~ umamipe ~ INFO : Received parameters for waveform generation: {'geocent_time': 0.0, 'mass_1': np.float64(46.52104407095369), 'mass_2': np.float64(64.92595614106003), 'luminosity_distance': np.float64(4181.4626408208915), 'dec': np.float64(0.25898487703248796), 'ra': np.float64(0.46959611288490866), 'theta_jn': np.float64(1.0165517627930127), 'psi': np.float64(0.2958074314318888), 'phase': np.float64(6.151089892009799), 'chi_1': np.float64(-0.3728939093454813), 'chi_2': np.float64(0.653747389583628), 'chi_1z': np.float64(-0.6196605240910746), 'chi_2z': np.float64(0.5795685505969759), 'spin_1z': np.float64(-0.6196605240910746), 'spin_2z': np.float64(0.5795685505969759), 'model_path': '../v0p1/trained-models/model-20251004_072338-10', 'config_path': 'modelconfig-cvae-paper-I'}
14:56:39 ~ root ~ INFO : Model set to evaluation mode for generation.
14:56:39 ~ root ~ DEBUG : torch.Size([1, 15])
14:56:39 ~ root ~ DEBUG : torch.Size([1, 1, 800])
14:56:39 ~ root ~ DEBUG : torch.Size([1, 64, 10])
14:56:39 ~ root ~ DEBUG : torch.Size([1, 640])
14:56:39 ~ root ~ DEBUG : amp shape: (8190,), freq shape: (8189,)
14:56:39 ~ root ~ DEBUG : freq shape: (8189,), dt: 0.0001220703125, theta0: 0.0
14:56:39 ~ root ~ DEBUG : amp shape: (8190,), freq shape: (8189,), phase shape: (8190,)
14:56:39 ~ umamipe ~ INFO : Generated waveform from ML model with shape: (1, 2, 8190)
14:56:39 ~ umamipe ~ INFO : Waveform shapes after adding dummy element at the start: (8192,), (8192,)
14:56:39 ~ umamipe ~ INFO : Generating waveform using ML model for parameters:
14:56:39 ~ umamipe ~ INFO : Converted (a_i, tilt_i, phi_i) to (spin_i_z): 0.05288161149682513, 0.6109227751906467
14:56:39 ~ umamipe ~ INFO : Formatted parameters for waveform generation:
14:56:39 ~ umamipe ~ INFO : Final parameters for waveform generation:
14:56:39 ~ umamipe ~ INFO : Generating waveform using ML model for parameters:
14:56:39 ~ umamipe ~ INFO : Using model: None and transformed model <bound method MLWaveformGenerator.get_ml_waveform of MLWaveformGenerator(duration=1.0, sampling_frequency=8192, start_time=0.0, frequency_domain_source_model=None, time_domain_source_model=umamipe.get_ml_waveform, parameter_conversion=umamipe.convert_to_ml_parameters, waveform_arguments={'model_path': '../v0p1/trained-models/model-20251004_072338-10', 'config_path': 'modelconfig-cvae-paper-I'})>
14:56:39 ~ umamipe ~ INFO : Generating waveform using ML model for parameters:
14:56:39 ~ umamipe ~ INFO : Generating waveform using ML model for parameters:
14:56:39 ~ umamipe ~ INFO : Received parameters for waveform generation: {'geocent_time': 0.0, 'mass_1': np.float64(55.85835786500142), 'mass_2': np.float64(67.42765463713802), 'luminosity_distance': np.float64(3847.5484016429587), 'dec': np.float64(0.5676763781645979), 'ra': np.float64(4.591824710353333), 'theta_jn': np.float64(1.0705678353197818), 'psi': np.float64(2.937540846481334), 'phase': np.float64(4.044147745087749), 'chi_1': np.float64(-0.2469726421834646), 'chi_2': np.float64(-0.1251774464337116), 'chi_1z': np.float64(0.05288161149682513), 'chi_2z': np.float64(0.6109227751906467), 'spin_1z': np.float64(0.05288161149682513), 'spin_2z': np.float64(0.6109227751906467), 'model_path': '../v0p1/trained-models/model-20251004_072338-10', 'config_path': 'modelconfig-cvae-paper-I'}
14:56:39 ~ root ~ INFO : Model set to evaluation mode for generation.
14:56:39 ~ root ~ DEBUG : torch.Size([1, 15])
14:56:39 ~ root ~ DEBUG : torch.Size([1, 1, 800])
14:56:39 ~ root ~ DEBUG : torch.Size([1, 64, 10])
14:56:39 ~ root ~ DEBUG : torch.Size([1, 640])
14:56:39 ~ root ~ DEBUG : amp shape: (8190,), freq shape: (8189,)
14:56:39 ~ root ~ DEBUG : freq shape: (8189,), dt: 0.0001220703125, theta0: 0.0
14:56:39 ~ root ~ DEBUG : amp shape: (8190,), freq shape: (8189,), phase shape: (8190,)
14:56:39 ~ umamipe ~ INFO : Generated waveform from ML model with shape: (1, 2, 8190)
14:56:39 ~ umamipe ~ INFO : Waveform shapes after adding dummy element at the start: (8192,), (8192,)
14:56:39 ~ umamipe ~ INFO : Generating waveform using ML model for parameters:
14:56:39 ~ umamipe ~ INFO : Converted (a_i, tilt_i, phi_i) to (spin_i_z): -0.5663696143957356, -0.6370191115223124
14:56:39 ~ umamipe ~ INFO : Formatted parameters for waveform generation:
14:56:39 ~ umamipe ~ INFO : Final parameters for waveform generation:
14:56:39 ~ umamipe ~ INFO : Generating waveform using ML model for parameters:
14:56:39 ~ umamipe ~ INFO : Using model: None and transformed model <bound method MLWaveformGenerator.get_ml_waveform of MLWaveformGenerator(duration=1.0, sampling_frequency=8192, start_time=0.0, frequency_domain_source_model=None, time_domain_source_model=umamipe.get_ml_waveform, parameter_conversion=umamipe.convert_to_ml_parameters, waveform_arguments={'model_path': '../v0p1/trained-models/model-20251004_072338-10', 'config_path': 'modelconfig-cvae-paper-I'})>
14:56:39 ~ umamipe ~ INFO : Generating waveform using ML model for parameters:
14:56:39 ~ umamipe ~ INFO : Generating waveform using ML model for parameters:
14:56:39 ~ umamipe ~ INFO : Received parameters for waveform generation: {'geocent_time': 0.0, 'mass_1': np.float64(65.853890399822), 'mass_2': np.float64(43.59216030195004), 'luminosity_distance': np.float64(4027.915583752095), 'dec': np.float64(-1.4893654748129121), 'ra': np.float64(2.0900453421599563), 'theta_jn': np.float64(2.3174554093489395), 'psi': np.float64(0.4750125725548851), 'phase': np.float64(2.220447929270492), 'chi_1': np.float64(-0.9267377488558224), 'chi_2': np.float64(-0.7045438485574479), 'chi_1z': np.float64(-0.5663696143957356), 'chi_2z': np.float64(-0.6370191115223124), 'spin_1z': np.float64(-0.5663696143957356), 'spin_2z': np.float64(-0.6370191115223124), 'model_path': '../v0p1/trained-models/model-20251004_072338-10', 'config_path': 'modelconfig-cvae-paper-I'}
14:56:39 ~ root ~ INFO : Model set to evaluation mode for generation.
14:56:39 ~ root ~ DEBUG : torch.Size([1, 15])
14:56:39 ~ root ~ DEBUG : torch.Size([1, 1, 800])
14:56:39 ~ root ~ DEBUG : torch.Size([1, 64, 10])
14:56:39 ~ root ~ DEBUG : torch.Size([1, 640])
14:56:39 ~ root ~ DEBUG : amp shape: (8190,), freq shape: (8189,)
14:56:39 ~ root ~ DEBUG : freq shape: (8189,), dt: 0.0001220703125, theta0: 0.0
14:56:39 ~ root ~ DEBUG : amp shape: (8190,), freq shape: (8189,), phase shape: (8190,)
14:56:39 ~ umamipe ~ INFO : Generated waveform from ML model with shape: (1, 2, 8190)
14:56:39 ~ umamipe ~ INFO : Waveform shapes after adding dummy element at the start: (8192,), (8192,)
14:56:39 ~ umamipe ~ INFO : Generating waveform using ML model for parameters:
14:56:39 ~ umamipe ~ INFO : Converted (a_i, tilt_i, phi_i) to (spin_i_z): -0.3129450458757328, -0.7130650726487092
14:56:39 ~ umamipe ~ INFO : Formatted parameters for waveform generation:
14:56:39 ~ umamipe ~ INFO : Final parameters for waveform generation:
14:56:39 ~ umamipe ~ INFO : Generating waveform using ML model for parameters:
14:56:39 ~ umamipe ~ INFO : Using model: None and transformed model <bound method MLWaveformGenerator.get_ml_waveform of MLWaveformGenerator(duration=1.0, sampling_frequency=8192, start_time=0.0, frequency_domain_source_model=None, time_domain_source_model=umamipe.get_ml_waveform, parameter_conversion=umamipe.convert_to_ml_parameters, waveform_arguments={'model_path': '../v0p1/trained-models/model-20251004_072338-10', 'config_path': 'modelconfig-cvae-paper-I'})>
14:56:39 ~ umamipe ~ INFO : Generating waveform using ML model for parameters:
14:56:39 ~ umamipe ~ INFO : Generating waveform using ML model for parameters:
14:56:39 ~ umamipe ~ INFO : Received parameters for waveform generation: {'geocent_time': 0.0, 'mass_1': np.float64(52.03782046793975), 'mass_2': np.float64(70.50019647408965), 'luminosity_distance': np.float64(1448.261118712216), 'dec': np.float64(0.8325854183514355), 'ra': np.float64(4.198159512631068), 'theta_jn': np.float64(0.8470317154865163), 'psi': np.float64(0.910234041666584), 'phase': np.float64(1.2200908044921148), 'chi_1': np.float64(0.23489972449500074), 'chi_2': np.float64(0.15677927794801205), 'chi_1z': np.float64(-0.3129450458757328), 'chi_2z': np.float64(-0.7130650726487092), 'spin_1z': np.float64(-0.3129450458757328), 'spin_2z': np.float64(-0.7130650726487092), 'model_path': '../v0p1/trained-models/model-20251004_072338-10', 'config_path': 'modelconfig-cvae-paper-I'}
14:56:39 ~ root ~ INFO : Model set to evaluation mode for generation.
14:56:39 ~ root ~ DEBUG : torch.Size([1, 15])
14:56:39 ~ root ~ DEBUG : torch.Size([1, 1, 800])
14:56:39 ~ root ~ DEBUG : torch.Size([1, 64, 10])
14:56:39 ~ root ~ DEBUG : torch.Size([1, 640])
14:56:39 ~ root ~ DEBUG : amp shape: (8190,), freq shape: (8189,)
14:56:39 ~ root ~ DEBUG : freq shape: (8189,), dt: 0.0001220703125, theta0: 0.0
14:56:39 ~ root ~ DEBUG : amp shape: (8190,), freq shape: (8189,), phase shape: (8190,)
14:56:39 ~ umamipe ~ INFO : Generated waveform from ML model with shape: (1, 2, 8190)
14:56:39 ~ umamipe ~ INFO : Waveform shapes after adding dummy element at the start: (8192,), (8192,)
14:56:39 ~ umamipe ~ INFO : Generating waveform using ML model for parameters:
14:56:39 ~ umamipe ~ INFO : Converted (a_i, tilt_i, phi_i) to (spin_i_z): -0.05005278447625372, -0.14912678334405993
14:56:39 ~ umamipe ~ INFO : Formatted parameters for waveform generation:
14:56:39 ~ umamipe ~ INFO : Final parameters for waveform generation:
14:56:39 ~ umamipe ~ INFO : Generating waveform using ML model for parameters:
14:56:39 ~ umamipe ~ INFO : Using model: None and transformed model <bound method MLWaveformGenerator.get_ml_waveform of MLWaveformGenerator(duration=1.0, sampling_frequency=8192, start_time=0.0, frequency_domain_source_model=None, time_domain_source_model=umamipe.get_ml_waveform, parameter_conversion=umamipe.convert_to_ml_parameters, waveform_arguments={'model_path': '../v0p1/trained-models/model-20251004_072338-10', 'config_path': 'modelconfig-cvae-paper-I'})>
14:56:39 ~ umamipe ~ INFO : Generating waveform using ML model for parameters:
14:56:39 ~ umamipe ~ INFO : Generating waveform using ML model for parameters:
14:56:39 ~ umamipe ~ INFO : Received parameters for waveform generation: {'geocent_time': 0.0, 'mass_1': np.float64(37.59333419876105), 'mass_2': np.float64(58.34443625967829), 'luminosity_distance': np.float64(1490.3308976085523), 'dec': np.float64(0.0729958094178753), 'ra': np.float64(3.851146563645467), 'theta_jn': np.float64(1.9557403068226558), 'psi': np.float64(0.3938166876262288), 'phase': np.float64(2.8884172362422498), 'chi_1': np.float64(-0.013732908019403195), 'chi_2': np.float64(0.30479357519323935), 'chi_1z': np.float64(-0.05005278447625372), 'chi_2z': np.float64(-0.14912678334405993), 'spin_1z': np.float64(-0.05005278447625372), 'spin_2z': np.float64(-0.14912678334405993), 'model_path': '../v0p1/trained-models/model-20251004_072338-10', 'config_path': 'modelconfig-cvae-paper-I'}
14:56:39 ~ root ~ INFO : Model set to evaluation mode for generation.
14:56:39 ~ root ~ DEBUG : torch.Size([1, 15])
14:56:39 ~ root ~ DEBUG : torch.Size([1, 1, 800])
14:56:39 ~ root ~ DEBUG : torch.Size([1, 64, 10])
14:56:39 ~ root ~ DEBUG : torch.Size([1, 640])
14:56:39 ~ root ~ DEBUG : amp shape: (8190,), freq shape: (8189,)
14:56:39 ~ root ~ DEBUG : freq shape: (8189,), dt: 0.0001220703125, theta0: 0.0
14:56:39 ~ root ~ DEBUG : amp shape: (8190,), freq shape: (8189,), phase shape: (8190,)
14:56:39 ~ umamipe ~ INFO : Generated waveform from ML model with shape: (1, 2, 8190)
14:56:39 ~ umamipe ~ INFO : Waveform shapes after adding dummy element at the start: (8192,), (8192,)
14:56:39 ~ umamipe ~ INFO : Generating waveform using ML model for parameters:
14:56:39 ~ umamipe ~ INFO : Converted (a_i, tilt_i, phi_i) to (spin_i_z): 0.3408638489327007, 0.7535638403437181
14:56:39 ~ umamipe ~ INFO : Formatted parameters for waveform generation:
14:56:39 ~ umamipe ~ INFO : Final parameters for waveform generation:
14:56:39 ~ umamipe ~ INFO : Generating waveform using ML model for parameters:
14:56:39 ~ umamipe ~ INFO : Using model: None and transformed model <bound method MLWaveformGenerator.get_ml_waveform of MLWaveformGenerator(duration=1.0, sampling_frequency=8192, start_time=0.0, frequency_domain_source_model=None, time_domain_source_model=umamipe.get_ml_waveform, parameter_conversion=umamipe.convert_to_ml_parameters, waveform_arguments={'model_path': '../v0p1/trained-models/model-20251004_072338-10', 'config_path': 'modelconfig-cvae-paper-I'})>
14:56:39 ~ umamipe ~ INFO : Generating waveform using ML model for parameters:
14:56:39 ~ umamipe ~ INFO : Generating waveform using ML model for parameters:
14:56:39 ~ umamipe ~ INFO : Received parameters for waveform generation: {'geocent_time': 0.0, 'mass_1': np.float64(35.55572020727718), 'mass_2': np.float64(61.25089580043614), 'luminosity_distance': np.float64(3799.6608296539416), 'dec': np.float64(0.4488166666768264), 'ra': np.float64(4.12354930495779), 'theta_jn': np.float64(2.419717038210554), 'psi': np.float64(2.7562640821229545), 'phase': np.float64(1.9332309239695464), 'chi_1': np.float64(-0.2762276632904373), 'chi_2': np.float64(0.5042394600548574), 'chi_1z': np.float64(0.3408638489327007), 'chi_2z': np.float64(0.7535638403437181), 'spin_1z': np.float64(0.3408638489327007), 'spin_2z': np.float64(0.7535638403437181), 'model_path': '../v0p1/trained-models/model-20251004_072338-10', 'config_path': 'modelconfig-cvae-paper-I'}
14:56:39 ~ root ~ INFO : Model set to evaluation mode for generation.
14:56:39 ~ root ~ DEBUG : torch.Size([1, 15])
14:56:39 ~ root ~ DEBUG : torch.Size([1, 1, 800])
14:56:39 ~ root ~ DEBUG : torch.Size([1, 64, 10])
14:56:39 ~ root ~ DEBUG : torch.Size([1, 640])
14:56:39 ~ root ~ DEBUG : amp shape: (8190,), freq shape: (8189,)
14:56:39 ~ root ~ DEBUG : freq shape: (8189,), dt: 0.0001220703125, theta0: 0.0
14:56:39 ~ root ~ DEBUG : amp shape: (8190,), freq shape: (8189,), phase shape: (8190,)
14:56:39 ~ umamipe ~ INFO : Generated waveform from ML model with shape: (1, 2, 8190)
14:56:39 ~ umamipe ~ INFO : Waveform shapes after adding dummy element at the start: (8192,), (8192,)
14:56:39 ~ umamipe ~ INFO : Generating waveform using ML model for parameters:
14:56:39 ~ umamipe ~ INFO : Converted (a_i, tilt_i, phi_i) to (spin_i_z): 0.744587495633853, 0.6267999945707501
14:56:39 ~ umamipe ~ INFO : Formatted parameters for waveform generation:
14:56:39 ~ umamipe ~ INFO : Final parameters for waveform generation:
14:56:39 ~ umamipe ~ INFO : Generating waveform using ML model for parameters:
14:56:39 ~ umamipe ~ INFO : Using model: None and transformed model <bound method MLWaveformGenerator.get_ml_waveform of MLWaveformGenerator(duration=1.0, sampling_frequency=8192, start_time=0.0, frequency_domain_source_model=None, time_domain_source_model=umamipe.get_ml_waveform, parameter_conversion=umamipe.convert_to_ml_parameters, waveform_arguments={'model_path': '../v0p1/trained-models/model-20251004_072338-10', 'config_path': 'modelconfig-cvae-paper-I'})>
14:56:39 ~ umamipe ~ INFO : Generating waveform using ML model for parameters:
14:56:39 ~ umamipe ~ INFO : Generating waveform using ML model for parameters:
14:56:39 ~ umamipe ~ INFO : Received parameters for waveform generation: {'geocent_time': 0.0, 'mass_1': np.float64(52.36300666203343), 'mass_2': np.float64(73.30095104668092), 'luminosity_distance': np.float64(1707.292062554447), 'dec': np.float64(0.18172773242897405), 'ra': np.float64(3.121079972862769), 'theta_jn': np.float64(0.10290299607334373), 'psi': np.float64(0.6060091849222988), 'phase': np.float64(0.9642939656276993), 'chi_1': np.float64(-0.543791876027243), 'chi_2': np.float64(0.574849691437265), 'chi_1z': np.float64(0.744587495633853), 'chi_2z': np.float64(0.6267999945707501), 'spin_1z': np.float64(0.744587495633853), 'spin_2z': np.float64(0.6267999945707501), 'model_path': '../v0p1/trained-models/model-20251004_072338-10', 'config_path': 'modelconfig-cvae-paper-I'}
14:56:39 ~ root ~ INFO : Model set to evaluation mode for generation.
14:56:39 ~ root ~ DEBUG : torch.Size([1, 15])
14:56:39 ~ root ~ DEBUG : torch.Size([1, 1, 800])
14:56:39 ~ root ~ DEBUG : torch.Size([1, 64, 10])
14:56:39 ~ root ~ DEBUG : torch.Size([1, 640])
14:56:39 ~ root ~ DEBUG : amp shape: (8190,), freq shape: (8189,)
14:56:39 ~ root ~ DEBUG : freq shape: (8189,), dt: 0.0001220703125, theta0: 0.0
14:56:39 ~ root ~ DEBUG : amp shape: (8190,), freq shape: (8189,), phase shape: (8190,)
14:56:39 ~ umamipe ~ INFO : Generated waveform from ML model with shape: (1, 2, 8190)
14:56:39 ~ umamipe ~ INFO : Waveform shapes after adding dummy element at the start: (8192,), (8192,)
14:56:39 ~ umamipe ~ INFO : Generating waveform using ML model for parameters:
14:56:39 ~ umamipe ~ INFO : Converted (a_i, tilt_i, phi_i) to (spin_i_z): -0.3442642435327084, 0.39708736255055777
14:56:39 ~ umamipe ~ INFO : Formatted parameters for waveform generation:
14:56:39 ~ umamipe ~ INFO : Final parameters for waveform generation:
14:56:39 ~ umamipe ~ INFO : Generating waveform using ML model for parameters:
14:56:39 ~ umamipe ~ INFO : Using model: None and transformed model <bound method MLWaveformGenerator.get_ml_waveform of MLWaveformGenerator(duration=1.0, sampling_frequency=8192, start_time=0.0, frequency_domain_source_model=None, time_domain_source_model=umamipe.get_ml_waveform, parameter_conversion=umamipe.convert_to_ml_parameters, waveform_arguments={'model_path': '../v0p1/trained-models/model-20251004_072338-10', 'config_path': 'modelconfig-cvae-paper-I'})>
14:56:39 ~ umamipe ~ INFO : Generating waveform using ML model for parameters:
14:56:39 ~ umamipe ~ INFO : Generating waveform using ML model for parameters:
14:56:39 ~ umamipe ~ INFO : Received parameters for waveform generation: {'geocent_time': 0.0, 'mass_1': np.float64(74.4996392163263), 'mass_2': np.float64(67.37988978154544), 'luminosity_distance': np.float64(4795.086274608779), 'dec': np.float64(-0.6494365307331698), 'ra': np.float64(1.6140488906609505), 'theta_jn': np.float64(2.3805715870730335), 'psi': np.float64(1.5062797285716942), 'phase': np.float64(4.504870620760223), 'chi_1': np.float64(0.026538999484528543), 'chi_2': np.float64(-0.1255638657281485), 'chi_1z': np.float64(-0.3442642435327084), 'chi_2z': np.float64(0.39708736255055777), 'spin_1z': np.float64(-0.3442642435327084), 'spin_2z': np.float64(0.39708736255055777), 'model_path': '../v0p1/trained-models/model-20251004_072338-10', 'config_path': 'modelconfig-cvae-paper-I'}
14:56:39 ~ root ~ INFO : Model set to evaluation mode for generation.
14:56:39 ~ root ~ DEBUG : torch.Size([1, 15])
14:56:39 ~ root ~ DEBUG : torch.Size([1, 1, 800])
14:56:39 ~ root ~ DEBUG : torch.Size([1, 64, 10])
14:56:39 ~ root ~ DEBUG : torch.Size([1, 640])
14:56:39 ~ root ~ DEBUG : amp shape: (8190,), freq shape: (8189,)
14:56:39 ~ root ~ DEBUG : freq shape: (8189,), dt: 0.0001220703125, theta0: 0.0
14:56:39 ~ root ~ DEBUG : amp shape: (8190,), freq shape: (8189,), phase shape: (8190,)
14:56:39 ~ umamipe ~ INFO : Generated waveform from ML model with shape: (1, 2, 8190)
14:56:39 ~ umamipe ~ INFO : Waveform shapes after adding dummy element at the start: (8192,), (8192,)
14:56:39 ~ umamipe ~ INFO : Generating waveform using ML model for parameters:
14:56:39 ~ umamipe ~ INFO : Converted (a_i, tilt_i, phi_i) to (spin_i_z): 0.5563010474839152, 0.625483778907739
14:56:39 ~ umamipe ~ INFO : Formatted parameters for waveform generation:
14:56:39 ~ umamipe ~ INFO : Final parameters for waveform generation:
14:56:39 ~ umamipe ~ INFO : Generating waveform using ML model for parameters:
14:56:39 ~ umamipe ~ INFO : Using model: None and transformed model <bound method MLWaveformGenerator.get_ml_waveform of MLWaveformGenerator(duration=1.0, sampling_frequency=8192, start_time=0.0, frequency_domain_source_model=None, time_domain_source_model=umamipe.get_ml_waveform, parameter_conversion=umamipe.convert_to_ml_parameters, waveform_arguments={'model_path': '../v0p1/trained-models/model-20251004_072338-10', 'config_path': 'modelconfig-cvae-paper-I'})>
14:56:39 ~ umamipe ~ INFO : Generating waveform using ML model for parameters:
14:56:39 ~ umamipe ~ INFO : Generating waveform using ML model for parameters:
14:56:39 ~ umamipe ~ INFO : Received parameters for waveform generation: {'geocent_time': 0.0, 'mass_1': np.float64(53.94428008631806), 'mass_2': np.float64(46.17235562802595), 'luminosity_distance': np.float64(3790.3805153845506), 'dec': np.float64(-0.16081711424994433), 'ra': np.float64(2.984983274902835), 'theta_jn': np.float64(1.9345870319425196), 'psi': np.float64(1.4387401141107583), 'phase': np.float64(5.968652901400982), 'chi_1': np.float64(-0.004602917285956841), 'chi_2': np.float64(0.6292467257412885), 'chi_1z': np.float64(0.5563010474839152), 'chi_2z': np.float64(0.625483778907739), 'spin_1z': np.float64(0.5563010474839152), 'spin_2z': np.float64(0.625483778907739), 'model_path': '../v0p1/trained-models/model-20251004_072338-10', 'config_path': 'modelconfig-cvae-paper-I'}
14:56:39 ~ root ~ INFO : Model set to evaluation mode for generation.
14:56:39 ~ root ~ DEBUG : torch.Size([1, 15])
14:56:39 ~ root ~ DEBUG : torch.Size([1, 1, 800])
14:56:39 ~ root ~ DEBUG : torch.Size([1, 64, 10])
14:56:39 ~ root ~ DEBUG : torch.Size([1, 640])
14:56:39 ~ root ~ DEBUG : amp shape: (8190,), freq shape: (8189,)
14:56:39 ~ root ~ DEBUG : freq shape: (8189,), dt: 0.0001220703125, theta0: 0.0
14:56:39 ~ root ~ DEBUG : amp shape: (8190,), freq shape: (8189,), phase shape: (8190,)
14:56:39 ~ umamipe ~ INFO : Generated waveform from ML model with shape: (1, 2, 8190)
14:56:39 ~ umamipe ~ INFO : Waveform shapes after adding dummy element at the start: (8192,), (8192,)
14:56:39 ~ umamipe ~ INFO : Generating waveform using ML model for parameters:
14:56:39 ~ umamipe ~ INFO : Converted (a_i, tilt_i, phi_i) to (spin_i_z): -0.5793230424695145, -0.6935252296742652
14:56:39 ~ umamipe ~ INFO : Formatted parameters for waveform generation:
14:56:39 ~ umamipe ~ INFO : Final parameters for waveform generation:
14:56:39 ~ umamipe ~ INFO : Generating waveform using ML model for parameters:
14:56:39 ~ umamipe ~ INFO : Using model: None and transformed model <bound method MLWaveformGenerator.get_ml_waveform of MLWaveformGenerator(duration=1.0, sampling_frequency=8192, start_time=0.0, frequency_domain_source_model=None, time_domain_source_model=umamipe.get_ml_waveform, parameter_conversion=umamipe.convert_to_ml_parameters, waveform_arguments={'model_path': '../v0p1/trained-models/model-20251004_072338-10', 'config_path': 'modelconfig-cvae-paper-I'})>
14:56:39 ~ umamipe ~ INFO : Generating waveform using ML model for parameters:
14:56:39 ~ umamipe ~ INFO : Generating waveform using ML model for parameters:
14:56:39 ~ umamipe ~ INFO : Received parameters for waveform generation: {'geocent_time': 0.0, 'mass_1': np.float64(64.34738983966808), 'mass_2': np.float64(57.20365384338247), 'luminosity_distance': np.float64(3499.3501237191613), 'dec': np.float64(0.10349490195366297), 'ra': np.float64(1.2657774704497302), 'theta_jn': np.float64(0.9628167522875287), 'psi': np.float64(0.10732254864690186), 'phase': np.float64(4.6844935381498125), 'chi_1': np.float64(-0.3788625712654281), 'chi_2': np.float64(0.03823841133264837), 'chi_1z': np.float64(-0.5793230424695145), 'chi_2z': np.float64(-0.6935252296742652), 'spin_1z': np.float64(-0.5793230424695145), 'spin_2z': np.float64(-0.6935252296742652), 'model_path': '../v0p1/trained-models/model-20251004_072338-10', 'config_path': 'modelconfig-cvae-paper-I'}
14:56:39 ~ root ~ INFO : Model set to evaluation mode for generation.
14:56:39 ~ root ~ DEBUG : torch.Size([1, 15])
14:56:39 ~ root ~ DEBUG : torch.Size([1, 1, 800])
14:56:39 ~ root ~ DEBUG : torch.Size([1, 64, 10])
14:56:39 ~ root ~ DEBUG : torch.Size([1, 640])
14:56:39 ~ root ~ DEBUG : amp shape: (8190,), freq shape: (8189,)
14:56:39 ~ root ~ DEBUG : freq shape: (8189,), dt: 0.0001220703125, theta0: 0.0
14:56:39 ~ root ~ DEBUG : amp shape: (8190,), freq shape: (8189,), phase shape: (8190,)
14:56:39 ~ umamipe ~ INFO : Generated waveform from ML model with shape: (1, 2, 8190)
14:56:39 ~ umamipe ~ INFO : Waveform shapes after adding dummy element at the start: (8192,), (8192,)
14:56:39 ~ umamipe ~ INFO : Generating waveform using ML model for parameters:
14:56:39 ~ umamipe ~ INFO : Converted (a_i, tilt_i, phi_i) to (spin_i_z): 0.34050189921752017, 0.2472641240509792
14:56:39 ~ umamipe ~ INFO : Formatted parameters for waveform generation:
14:56:39 ~ umamipe ~ INFO : Final parameters for waveform generation:
14:56:39 ~ umamipe ~ INFO : Generating waveform using ML model for parameters:
14:56:39 ~ umamipe ~ INFO : Using model: None and transformed model <bound method MLWaveformGenerator.get_ml_waveform of MLWaveformGenerator(duration=1.0, sampling_frequency=8192, start_time=0.0, frequency_domain_source_model=None, time_domain_source_model=umamipe.get_ml_waveform, parameter_conversion=umamipe.convert_to_ml_parameters, waveform_arguments={'model_path': '../v0p1/trained-models/model-20251004_072338-10', 'config_path': 'modelconfig-cvae-paper-I'})>
14:56:39 ~ umamipe ~ INFO : Generating waveform using ML model for parameters:
14:56:39 ~ umamipe ~ INFO : Generating waveform using ML model for parameters:
14:56:39 ~ umamipe ~ INFO : Received parameters for waveform generation: {'geocent_time': 0.0, 'mass_1': np.float64(54.01174658464768), 'mass_2': np.float64(69.28931517551409), 'luminosity_distance': np.float64(2836.108120705398), 'dec': np.float64(0.9944420268493451), 'ra': np.float64(0.06476165911225751), 'theta_jn': np.float64(1.5022206084821617), 'psi': np.float64(0.46107408992165155), 'phase': np.float64(1.9841073266938551), 'chi_1': np.float64(-0.7010821920205896), 'chi_2': np.float64(-0.6418882235282526), 'chi_1z': np.float64(0.34050189921752017), 'chi_2z': np.float64(0.2472641240509792), 'spin_1z': np.float64(0.34050189921752017), 'spin_2z': np.float64(0.2472641240509792), 'model_path': '../v0p1/trained-models/model-20251004_072338-10', 'config_path': 'modelconfig-cvae-paper-I'}
14:56:39 ~ root ~ INFO : Model set to evaluation mode for generation.
14:56:39 ~ root ~ DEBUG : torch.Size([1, 15])
14:56:39 ~ root ~ DEBUG : torch.Size([1, 1, 800])
14:56:39 ~ root ~ DEBUG : torch.Size([1, 64, 10])
14:56:39 ~ root ~ DEBUG : torch.Size([1, 640])
14:56:39 ~ root ~ DEBUG : amp shape: (8190,), freq shape: (8189,)
14:56:39 ~ root ~ DEBUG : freq shape: (8189,), dt: 0.0001220703125, theta0: 0.0
14:56:39 ~ root ~ DEBUG : amp shape: (8190,), freq shape: (8189,), phase shape: (8190,)
14:56:39 ~ umamipe ~ INFO : Generated waveform from ML model with shape: (1, 2, 8190)
14:56:39 ~ umamipe ~ INFO : Waveform shapes after adding dummy element at the start: (8192,), (8192,)
14:56:39 ~ umamipe ~ INFO : Generating waveform using ML model for parameters:
14:56:39 ~ umamipe ~ INFO : Converted (a_i, tilt_i, phi_i) to (spin_i_z): -0.32547348257969716, -0.15495492059571236
14:56:39 ~ umamipe ~ INFO : Formatted parameters for waveform generation:
14:56:39 ~ umamipe ~ INFO : Final parameters for waveform generation:
14:56:39 ~ umamipe ~ INFO : Generating waveform using ML model for parameters:
14:56:39 ~ umamipe ~ INFO : Using model: None and transformed model <bound method MLWaveformGenerator.get_ml_waveform of MLWaveformGenerator(duration=1.0, sampling_frequency=8192, start_time=0.0, frequency_domain_source_model=None, time_domain_source_model=umamipe.get_ml_waveform, parameter_conversion=umamipe.convert_to_ml_parameters, waveform_arguments={'model_path': '../v0p1/trained-models/model-20251004_072338-10', 'config_path': 'modelconfig-cvae-paper-I'})>
14:56:39 ~ umamipe ~ INFO : Generating waveform using ML model for parameters:
14:56:39 ~ umamipe ~ INFO : Generating waveform using ML model for parameters:
14:56:39 ~ umamipe ~ INFO : Received parameters for waveform generation: {'geocent_time': 0.0, 'mass_1': np.float64(39.37509530900255), 'mass_2': np.float64(70.55170398561077), 'luminosity_distance': np.float64(4026.2467231804553), 'dec': np.float64(-0.3338192193656878), 'ra': np.float64(2.561360462909016), 'theta_jn': np.float64(1.1429761750807172), 'psi': np.float64(2.60940123997379), 'phase': np.float64(3.1036418015161598), 'chi_1': np.float64(-0.3579462002537007), 'chi_2': np.float64(-0.24750122486273343), 'chi_1z': np.float64(-0.32547348257969716), 'chi_2z': np.float64(-0.15495492059571236), 'spin_1z': np.float64(-0.32547348257969716), 'spin_2z': np.float64(-0.15495492059571236), 'model_path': '../v0p1/trained-models/model-20251004_072338-10', 'config_path': 'modelconfig-cvae-paper-I'}
14:56:39 ~ root ~ INFO : Model set to evaluation mode for generation.
14:56:39 ~ root ~ DEBUG : torch.Size([1, 15])
14:56:39 ~ root ~ DEBUG : torch.Size([1, 1, 800])
14:56:39 ~ root ~ DEBUG : torch.Size([1, 64, 10])
14:56:39 ~ root ~ DEBUG : torch.Size([1, 640])
14:56:39 ~ root ~ DEBUG : amp shape: (8190,), freq shape: (8189,)
14:56:39 ~ root ~ DEBUG : freq shape: (8189,), dt: 0.0001220703125, theta0: 0.0
14:56:39 ~ root ~ DEBUG : amp shape: (8190,), freq shape: (8189,), phase shape: (8190,)
14:56:39 ~ umamipe ~ INFO : Generated waveform from ML model with shape: (1, 2, 8190)
14:56:39 ~ umamipe ~ INFO : Waveform shapes after adding dummy element at the start: (8192,), (8192,)
14:56:39 ~ umamipe ~ INFO : Generating waveform using ML model for parameters:
14:56:39 ~ umamipe ~ INFO : Converted (a_i, tilt_i, phi_i) to (spin_i_z): 0.6240617636282131, 0.5418866062089005
14:56:39 ~ umamipe ~ INFO : Formatted parameters for waveform generation:
14:56:39 ~ umamipe ~ INFO : Final parameters for waveform generation:
14:56:39 ~ umamipe ~ INFO : Generating waveform using ML model for parameters:
14:56:39 ~ umamipe ~ INFO : Using model: None and transformed model <bound method MLWaveformGenerator.get_ml_waveform of MLWaveformGenerator(duration=1.0, sampling_frequency=8192, start_time=0.0, frequency_domain_source_model=None, time_domain_source_model=umamipe.get_ml_waveform, parameter_conversion=umamipe.convert_to_ml_parameters, waveform_arguments={'model_path': '../v0p1/trained-models/model-20251004_072338-10', 'config_path': 'modelconfig-cvae-paper-I'})>
14:56:39 ~ umamipe ~ INFO : Generating waveform using ML model for parameters:
14:56:39 ~ umamipe ~ INFO : Generating waveform using ML model for parameters:
14:56:39 ~ umamipe ~ INFO : Received parameters for waveform generation: {'geocent_time': 0.0, 'mass_1': np.float64(56.66879557916411), 'mass_2': np.float64(73.38742410706661), 'luminosity_distance': np.float64(2434.7227078120804), 'dec': np.float64(-0.35031412244317267), 'ra': np.float64(0.15049485759605455), 'theta_jn': np.float64(1.313056084766426), 'psi': np.float64(2.120818408526922), 'phase': np.float64(6.051092052443716), 'chi_1': np.float64(0.17345627090762186), 'chi_2': np.float64(-0.3933006555160288), 'chi_1z': np.float64(0.6240617636282131), 'chi_2z': np.float64(0.5418866062089005), 'spin_1z': np.float64(0.6240617636282131), 'spin_2z': np.float64(0.5418866062089005), 'model_path': '../v0p1/trained-models/model-20251004_072338-10', 'config_path': 'modelconfig-cvae-paper-I'}
14:56:39 ~ root ~ INFO : Model set to evaluation mode for generation.
14:56:39 ~ root ~ DEBUG : torch.Size([1, 15])
14:56:39 ~ root ~ DEBUG : torch.Size([1, 1, 800])
14:56:39 ~ root ~ DEBUG : torch.Size([1, 64, 10])
14:56:39 ~ root ~ DEBUG : torch.Size([1, 640])
14:56:39 ~ root ~ DEBUG : amp shape: (8190,), freq shape: (8189,)
14:56:39 ~ root ~ DEBUG : freq shape: (8189,), dt: 0.0001220703125, theta0: 0.0
14:56:39 ~ root ~ DEBUG : amp shape: (8190,), freq shape: (8189,), phase shape: (8190,)
14:56:39 ~ umamipe ~ INFO : Generated waveform from ML model with shape: (1, 2, 8190)
14:56:39 ~ umamipe ~ INFO : Waveform shapes after adding dummy element at the start: (8192,), (8192,)
14:56:39 ~ umamipe ~ INFO : Generating waveform using ML model for parameters:
14:56:39 ~ umamipe ~ INFO : Converted (a_i, tilt_i, phi_i) to (spin_i_z): -0.23135437771808476, 0.3768752780821176
14:56:39 ~ umamipe ~ INFO : Formatted parameters for waveform generation:
14:56:39 ~ umamipe ~ INFO : Final parameters for waveform generation:
14:56:39 ~ umamipe ~ INFO : Generating waveform using ML model for parameters:
14:56:39 ~ umamipe ~ INFO : Using model: None and transformed model <bound method MLWaveformGenerator.get_ml_waveform of MLWaveformGenerator(duration=1.0, sampling_frequency=8192, start_time=0.0, frequency_domain_source_model=None, time_domain_source_model=umamipe.get_ml_waveform, parameter_conversion=umamipe.convert_to_ml_parameters, waveform_arguments={'model_path': '../v0p1/trained-models/model-20251004_072338-10', 'config_path': 'modelconfig-cvae-paper-I'})>
14:56:39 ~ umamipe ~ INFO : Generating waveform using ML model for parameters:
14:56:39 ~ umamipe ~ INFO : Generating waveform using ML model for parameters:
14:56:39 ~ umamipe ~ INFO : Received parameters for waveform generation: {'geocent_time': 0.0, 'mass_1': np.float64(38.506009978075866), 'mass_2': np.float64(72.0454294418122), 'luminosity_distance': np.float64(4111.404185613903), 'dec': np.float64(0.6012026784638832), 'ra': np.float64(2.8848595918413045), 'theta_jn': np.float64(0.9290033524279877), 'psi': np.float64(2.51046307144029), 'phase': np.float64(2.9998612389875468), 'chi_1': np.float64(0.6548835166262993), 'chi_2': np.float64(-0.32445173372419917), 'chi_1z': np.float64(-0.23135437771808476), 'chi_2z': np.float64(0.3768752780821176), 'spin_1z': np.float64(-0.23135437771808476), 'spin_2z': np.float64(0.3768752780821176), 'model_path': '../v0p1/trained-models/model-20251004_072338-10', 'config_path': 'modelconfig-cvae-paper-I'}
14:56:39 ~ root ~ INFO : Model set to evaluation mode for generation.
14:56:39 ~ root ~ DEBUG : torch.Size([1, 15])
14:56:39 ~ root ~ DEBUG : torch.Size([1, 1, 800])
14:56:39 ~ root ~ DEBUG : torch.Size([1, 64, 10])
14:56:39 ~ root ~ DEBUG : torch.Size([1, 640])
14:56:39 ~ root ~ DEBUG : amp shape: (8190,), freq shape: (8189,)
14:56:39 ~ root ~ DEBUG : freq shape: (8189,), dt: 0.0001220703125, theta0: 0.0
14:56:39 ~ root ~ DEBUG : amp shape: (8190,), freq shape: (8189,), phase shape: (8190,)
14:56:39 ~ umamipe ~ INFO : Generated waveform from ML model with shape: (1, 2, 8190)
14:56:39 ~ umamipe ~ INFO : Waveform shapes after adding dummy element at the start: (8192,), (8192,)
14:56:39 ~ umamipe ~ INFO : Generating waveform using ML model for parameters:
14:56:39 ~ umamipe ~ INFO : Converted (a_i, tilt_i, phi_i) to (spin_i_z): -0.005165204028614867, -0.770072471645979
14:56:39 ~ umamipe ~ INFO : Formatted parameters for waveform generation:
14:56:39 ~ umamipe ~ INFO : Final parameters for waveform generation:
14:56:39 ~ umamipe ~ INFO : Generating waveform using ML model for parameters:
14:56:39 ~ umamipe ~ INFO : Using model: None and transformed model <bound method MLWaveformGenerator.get_ml_waveform of MLWaveformGenerator(duration=1.0, sampling_frequency=8192, start_time=0.0, frequency_domain_source_model=None, time_domain_source_model=umamipe.get_ml_waveform, parameter_conversion=umamipe.convert_to_ml_parameters, waveform_arguments={'model_path': '../v0p1/trained-models/model-20251004_072338-10', 'config_path': 'modelconfig-cvae-paper-I'})>
14:56:39 ~ umamipe ~ INFO : Generating waveform using ML model for parameters:
14:56:39 ~ umamipe ~ INFO : Generating waveform using ML model for parameters:
14:56:39 ~ umamipe ~ INFO : Received parameters for waveform generation: {'geocent_time': 0.0, 'mass_1': np.float64(55.75267274273783), 'mass_2': np.float64(49.49737831835233), 'luminosity_distance': np.float64(4070.7972098254836), 'dec': np.float64(0.4855582129211911), 'ra': np.float64(3.6272766773362366), 'theta_jn': np.float64(1.2006056450853062), 'psi': np.float64(1.9438901549064715), 'phase': np.float64(3.4258596681283824), 'chi_1': np.float64(0.24660223642229764), 'chi_2': np.float64(0.08918446074085866), 'chi_1z': np.float64(-0.005165204028614867), 'chi_2z': np.float64(-0.770072471645979), 'spin_1z': np.float64(-0.005165204028614867), 'spin_2z': np.float64(-0.770072471645979), 'model_path': '../v0p1/trained-models/model-20251004_072338-10', 'config_path': 'modelconfig-cvae-paper-I'}
14:56:39 ~ root ~ INFO : Model set to evaluation mode for generation.
14:56:39 ~ root ~ DEBUG : torch.Size([1, 15])
14:56:39 ~ root ~ DEBUG : torch.Size([1, 1, 800])
14:56:39 ~ root ~ DEBUG : torch.Size([1, 64, 10])
14:56:39 ~ root ~ DEBUG : torch.Size([1, 640])
14:56:39 ~ root ~ DEBUG : amp shape: (8190,), freq shape: (8189,)
14:56:39 ~ root ~ DEBUG : freq shape: (8189,), dt: 0.0001220703125, theta0: 0.0
14:56:39 ~ root ~ DEBUG : amp shape: (8190,), freq shape: (8189,), phase shape: (8190,)
14:56:39 ~ umamipe ~ INFO : Generated waveform from ML model with shape: (1, 2, 8190)
14:56:39 ~ umamipe ~ INFO : Waveform shapes after adding dummy element at the start: (8192,), (8192,)
14:56:39 ~ umamipe ~ INFO : Generating waveform using ML model for parameters:
14:56:39 ~ umamipe ~ INFO : Converted (a_i, tilt_i, phi_i) to (spin_i_z): -0.15892324100021415, -0.07417697947174928
14:56:39 ~ umamipe ~ INFO : Formatted parameters for waveform generation:
14:56:39 ~ umamipe ~ INFO : Final parameters for waveform generation:
14:56:39 ~ umamipe ~ INFO : Generating waveform using ML model for parameters:
14:56:39 ~ umamipe ~ INFO : Using model: None and transformed model <bound method MLWaveformGenerator.get_ml_waveform of MLWaveformGenerator(duration=1.0, sampling_frequency=8192, start_time=0.0, frequency_domain_source_model=None, time_domain_source_model=umamipe.get_ml_waveform, parameter_conversion=umamipe.convert_to_ml_parameters, waveform_arguments={'model_path': '../v0p1/trained-models/model-20251004_072338-10', 'config_path': 'modelconfig-cvae-paper-I'})>
14:56:39 ~ umamipe ~ INFO : Generating waveform using ML model for parameters:
14:56:39 ~ umamipe ~ INFO : Generating waveform using ML model for parameters:
14:56:39 ~ umamipe ~ INFO : Received parameters for waveform generation: {'geocent_time': 0.0, 'mass_1': np.float64(37.51231434907789), 'mass_2': np.float64(45.14674315137265), 'luminosity_distance': np.float64(3737.2965384866684), 'dec': np.float64(0.6245317852096506), 'ra': np.float64(6.031569609326468), 'theta_jn': np.float64(1.7717570261589657), 'psi': np.float64(2.289730941502963), 'phase': np.float64(3.904630248301614), 'chi_1': np.float64(-0.03090787474006293), 'chi_2': np.float64(0.05610915162574793), 'chi_1z': np.float64(-0.15892324100021415), 'chi_2z': np.float64(-0.07417697947174928), 'spin_1z': np.float64(-0.15892324100021415), 'spin_2z': np.float64(-0.07417697947174928), 'model_path': '../v0p1/trained-models/model-20251004_072338-10', 'config_path': 'modelconfig-cvae-paper-I'}
14:56:39 ~ root ~ INFO : Model set to evaluation mode for generation.
14:56:39 ~ root ~ DEBUG : torch.Size([1, 15])
14:56:39 ~ root ~ DEBUG : torch.Size([1, 1, 800])
14:56:39 ~ root ~ DEBUG : torch.Size([1, 64, 10])
14:56:39 ~ root ~ DEBUG : torch.Size([1, 640])
14:56:39 ~ root ~ DEBUG : amp shape: (8190,), freq shape: (8189,)
14:56:39 ~ root ~ DEBUG : freq shape: (8189,), dt: 0.0001220703125, theta0: 0.0
14:56:39 ~ root ~ DEBUG : amp shape: (8190,), freq shape: (8189,), phase shape: (8190,)
14:56:39 ~ umamipe ~ INFO : Generated waveform from ML model with shape: (1, 2, 8190)
14:56:39 ~ umamipe ~ INFO : Waveform shapes after adding dummy element at the start: (8192,), (8192,)
14:56:39 ~ umamipe ~ INFO : Generating waveform using ML model for parameters:
14:56:39 ~ umamipe ~ INFO : Converted (a_i, tilt_i, phi_i) to (spin_i_z): -0.7861845218593715, -0.7751919848205931
14:56:39 ~ umamipe ~ INFO : Formatted parameters for waveform generation:
14:56:39 ~ umamipe ~ INFO : Final parameters for waveform generation:
14:56:39 ~ umamipe ~ INFO : Generating waveform using ML model for parameters:
14:56:39 ~ umamipe ~ INFO : Using model: None and transformed model <bound method MLWaveformGenerator.get_ml_waveform of MLWaveformGenerator(duration=1.0, sampling_frequency=8192, start_time=0.0, frequency_domain_source_model=None, time_domain_source_model=umamipe.get_ml_waveform, parameter_conversion=umamipe.convert_to_ml_parameters, waveform_arguments={'model_path': '../v0p1/trained-models/model-20251004_072338-10', 'config_path': 'modelconfig-cvae-paper-I'})>
14:56:39 ~ umamipe ~ INFO : Generating waveform using ML model for parameters:
14:56:39 ~ umamipe ~ INFO : Generating waveform using ML model for parameters:
14:56:39 ~ umamipe ~ INFO : Received parameters for waveform generation: {'geocent_time': 0.0, 'mass_1': np.float64(70.99517497158394), 'mass_2': np.float64(55.37368479127109), 'luminosity_distance': np.float64(1561.0710755390962), 'dec': np.float64(0.04754926464165599), 'ra': np.float64(5.989510576168176), 'theta_jn': np.float64(0.6436439893811866), 'psi': np.float64(3.0510749124550953), 'phase': np.float64(6.2055273383993), 'chi_1': np.float64(0.025886945990977503), 'chi_2': np.float64(-0.1011029115547119), 'chi_1z': np.float64(-0.7861845218593715), 'chi_2z': np.float64(-0.7751919848205931), 'spin_1z': np.float64(-0.7861845218593715), 'spin_2z': np.float64(-0.7751919848205931), 'model_path': '../v0p1/trained-models/model-20251004_072338-10', 'config_path': 'modelconfig-cvae-paper-I'}
14:56:39 ~ root ~ INFO : Model set to evaluation mode for generation.
14:56:39 ~ root ~ DEBUG : torch.Size([1, 15])
14:56:39 ~ root ~ DEBUG : torch.Size([1, 1, 800])
14:56:39 ~ root ~ DEBUG : torch.Size([1, 64, 10])
14:56:39 ~ root ~ DEBUG : torch.Size([1, 640])
14:56:39 ~ root ~ DEBUG : amp shape: (8190,), freq shape: (8189,)
14:56:39 ~ root ~ DEBUG : freq shape: (8189,), dt: 0.0001220703125, theta0: 0.0
14:56:39 ~ root ~ DEBUG : amp shape: (8190,), freq shape: (8189,), phase shape: (8190,)
14:56:39 ~ umamipe ~ INFO : Generated waveform from ML model with shape: (1, 2, 8190)
14:56:39 ~ umamipe ~ INFO : Waveform shapes after adding dummy element at the start: (8192,), (8192,)
14:56:39 ~ umamipe ~ INFO : Generating waveform using ML model for parameters:
14:56:39 ~ umamipe ~ INFO : Converted (a_i, tilt_i, phi_i) to (spin_i_z): -0.5795524350538024, 0.26471930793067733
14:56:39 ~ umamipe ~ INFO : Formatted parameters for waveform generation:
14:56:39 ~ umamipe ~ INFO : Final parameters for waveform generation:
14:56:39 ~ umamipe ~ INFO : Generating waveform using ML model for parameters:
14:56:39 ~ umamipe ~ INFO : Using model: None and transformed model <bound method MLWaveformGenerator.get_ml_waveform of MLWaveformGenerator(duration=1.0, sampling_frequency=8192, start_time=0.0, frequency_domain_source_model=None, time_domain_source_model=umamipe.get_ml_waveform, parameter_conversion=umamipe.convert_to_ml_parameters, waveform_arguments={'model_path': '../v0p1/trained-models/model-20251004_072338-10', 'config_path': 'modelconfig-cvae-paper-I'})>
14:56:39 ~ umamipe ~ INFO : Generating waveform using ML model for parameters:
14:56:39 ~ umamipe ~ INFO : Generating waveform using ML model for parameters:
14:56:39 ~ umamipe ~ INFO : Received parameters for waveform generation: {'geocent_time': 0.0, 'mass_1': np.float64(47.464293065757374), 'mass_2': np.float64(65.23823072709317), 'luminosity_distance': np.float64(4826.07513401829), 'dec': np.float64(-0.7621018098411617), 'ra': np.float64(3.0646400036984747), 'theta_jn': np.float64(1.5742476030128483), 'psi': np.float64(1.1947582902785276), 'phase': np.float64(3.3926440221948337), 'chi_1': np.float64(0.4999950604582769), 'chi_2': np.float64(-0.026299538688137343), 'chi_1z': np.float64(-0.5795524350538024), 'chi_2z': np.float64(0.26471930793067733), 'spin_1z': np.float64(-0.5795524350538024), 'spin_2z': np.float64(0.26471930793067733), 'model_path': '../v0p1/trained-models/model-20251004_072338-10', 'config_path': 'modelconfig-cvae-paper-I'}
14:56:39 ~ root ~ INFO : Model set to evaluation mode for generation.
14:56:39 ~ root ~ DEBUG : torch.Size([1, 15])
14:56:39 ~ root ~ DEBUG : torch.Size([1, 1, 800])
14:56:39 ~ root ~ DEBUG : torch.Size([1, 64, 10])
14:56:39 ~ root ~ DEBUG : torch.Size([1, 640])
14:56:39 ~ root ~ DEBUG : amp shape: (8190,), freq shape: (8189,)
14:56:39 ~ root ~ DEBUG : freq shape: (8189,), dt: 0.0001220703125, theta0: 0.0
14:56:39 ~ root ~ DEBUG : amp shape: (8190,), freq shape: (8189,), phase shape: (8190,)
14:56:39 ~ umamipe ~ INFO : Generated waveform from ML model with shape: (1, 2, 8190)
14:56:39 ~ umamipe ~ INFO : Waveform shapes after adding dummy element at the start: (8192,), (8192,)
14:56:39 ~ umamipe ~ INFO : Generating waveform using ML model for parameters:
14:56:39 ~ umamipe ~ INFO : Converted (a_i, tilt_i, phi_i) to (spin_i_z): 0.042096302236186545, -0.6160509416519204
14:56:39 ~ umamipe ~ INFO : Formatted parameters for waveform generation:
14:56:39 ~ umamipe ~ INFO : Final parameters for waveform generation:
14:56:39 ~ umamipe ~ INFO : Generating waveform using ML model for parameters:
14:56:39 ~ umamipe ~ INFO : Using model: None and transformed model <bound method MLWaveformGenerator.get_ml_waveform of MLWaveformGenerator(duration=1.0, sampling_frequency=8192, start_time=0.0, frequency_domain_source_model=None, time_domain_source_model=umamipe.get_ml_waveform, parameter_conversion=umamipe.convert_to_ml_parameters, waveform_arguments={'model_path': '../v0p1/trained-models/model-20251004_072338-10', 'config_path': 'modelconfig-cvae-paper-I'})>
14:56:39 ~ umamipe ~ INFO : Generating waveform using ML model for parameters:
14:56:39 ~ umamipe ~ INFO : Generating waveform using ML model for parameters:
14:56:39 ~ umamipe ~ INFO : Received parameters for waveform generation: {'geocent_time': 0.0, 'mass_1': np.float64(31.411853604003074), 'mass_2': np.float64(72.30518690212448), 'luminosity_distance': np.float64(4818.523952792913), 'dec': np.float64(-0.953963815072064), 'ra': np.float64(3.4613241357027915), 'theta_jn': np.float64(2.2077891945688726), 'psi': np.float64(1.4595163389860069), 'phase': np.float64(3.008210899704712), 'chi_1': np.float64(0.6684936146092324), 'chi_2': np.float64(-0.20869453503918006), 'chi_1z': np.float64(0.042096302236186545), 'chi_2z': np.float64(-0.6160509416519204), 'spin_1z': np.float64(0.042096302236186545), 'spin_2z': np.float64(-0.6160509416519204), 'model_path': '../v0p1/trained-models/model-20251004_072338-10', 'config_path': 'modelconfig-cvae-paper-I'}
14:56:39 ~ root ~ INFO : Model set to evaluation mode for generation.
14:56:39 ~ root ~ DEBUG : torch.Size([1, 15])
14:56:39 ~ root ~ DEBUG : torch.Size([1, 1, 800])
14:56:39 ~ root ~ DEBUG : torch.Size([1, 64, 10])
14:56:39 ~ root ~ DEBUG : torch.Size([1, 640])
14:56:39 ~ root ~ DEBUG : amp shape: (8190,), freq shape: (8189,)
14:56:39 ~ root ~ DEBUG : freq shape: (8189,), dt: 0.0001220703125, theta0: 0.0
14:56:39 ~ root ~ DEBUG : amp shape: (8190,), freq shape: (8189,), phase shape: (8190,)
14:56:39 ~ umamipe ~ INFO : Generated waveform from ML model with shape: (1, 2, 8190)
14:56:39 ~ umamipe ~ INFO : Waveform shapes after adding dummy element at the start: (8192,), (8192,)
14:56:39 ~ umamipe ~ INFO : Generating waveform using ML model for parameters:
14:56:39 ~ umamipe ~ INFO : Converted (a_i, tilt_i, phi_i) to (spin_i_z): 0.09942325574250632, -0.2552504931899122
14:56:39 ~ umamipe ~ INFO : Formatted parameters for waveform generation:
14:56:39 ~ umamipe ~ INFO : Final parameters for waveform generation:
14:56:39 ~ umamipe ~ INFO : Generating waveform using ML model for parameters:
14:56:39 ~ umamipe ~ INFO : Using model: None and transformed model <bound method MLWaveformGenerator.get_ml_waveform of MLWaveformGenerator(duration=1.0, sampling_frequency=8192, start_time=0.0, frequency_domain_source_model=None, time_domain_source_model=umamipe.get_ml_waveform, parameter_conversion=umamipe.convert_to_ml_parameters, waveform_arguments={'model_path': '../v0p1/trained-models/model-20251004_072338-10', 'config_path': 'modelconfig-cvae-paper-I'})>
14:56:39 ~ umamipe ~ INFO : Generating waveform using ML model for parameters:
14:56:39 ~ umamipe ~ INFO : Generating waveform using ML model for parameters:
14:56:39 ~ umamipe ~ INFO : Received parameters for waveform generation: {'geocent_time': 0.0, 'mass_1': np.float64(43.609806762547784), 'mass_2': np.float64(68.29069923701583), 'luminosity_distance': np.float64(4119.022876610186), 'dec': np.float64(0.2259246128482705), 'ra': np.float64(0.7155829579374213), 'theta_jn': np.float64(2.348152033989687), 'psi': np.float64(0.9365379781057069), 'phase': np.float64(3.361396344704928), 'chi_1': np.float64(-0.20494338067119425), 'chi_2': np.float64(0.006879532286173917), 'chi_1z': np.float64(0.09942325574250632), 'chi_2z': np.float64(-0.2552504931899122), 'spin_1z': np.float64(0.09942325574250632), 'spin_2z': np.float64(-0.2552504931899122), 'model_path': '../v0p1/trained-models/model-20251004_072338-10', 'config_path': 'modelconfig-cvae-paper-I'}
14:56:39 ~ root ~ INFO : Model set to evaluation mode for generation.
14:56:39 ~ root ~ DEBUG : torch.Size([1, 15])
14:56:39 ~ root ~ DEBUG : torch.Size([1, 1, 800])
14:56:39 ~ root ~ DEBUG : torch.Size([1, 64, 10])
14:56:39 ~ root ~ DEBUG : torch.Size([1, 640])
14:56:39 ~ root ~ DEBUG : amp shape: (8190,), freq shape: (8189,)
14:56:39 ~ root ~ DEBUG : freq shape: (8189,), dt: 0.0001220703125, theta0: 0.0
14:56:39 ~ root ~ DEBUG : amp shape: (8190,), freq shape: (8189,), phase shape: (8190,)
14:56:39 ~ umamipe ~ INFO : Generated waveform from ML model with shape: (1, 2, 8190)
14:56:39 ~ umamipe ~ INFO : Waveform shapes after adding dummy element at the start: (8192,), (8192,)
14:56:39 ~ umamipe ~ INFO : Generating waveform using ML model for parameters:
14:56:39 ~ umamipe ~ INFO : Converted (a_i, tilt_i, phi_i) to (spin_i_z): -0.4797855174624244, -0.7743222005433321
14:56:39 ~ umamipe ~ INFO : Formatted parameters for waveform generation:
14:56:39 ~ umamipe ~ INFO : Final parameters for waveform generation:
14:56:39 ~ umamipe ~ INFO : Generating waveform using ML model for parameters:
14:56:39 ~ umamipe ~ INFO : Using model: None and transformed model <bound method MLWaveformGenerator.get_ml_waveform of MLWaveformGenerator(duration=1.0, sampling_frequency=8192, start_time=0.0, frequency_domain_source_model=None, time_domain_source_model=umamipe.get_ml_waveform, parameter_conversion=umamipe.convert_to_ml_parameters, waveform_arguments={'model_path': '../v0p1/trained-models/model-20251004_072338-10', 'config_path': 'modelconfig-cvae-paper-I'})>
14:56:39 ~ umamipe ~ INFO : Generating waveform using ML model for parameters:
14:56:39 ~ umamipe ~ INFO : Generating waveform using ML model for parameters:
14:56:39 ~ umamipe ~ INFO : Received parameters for waveform generation: {'geocent_time': 0.0, 'mass_1': np.float64(52.76647411318159), 'mass_2': np.float64(48.27235691316014), 'luminosity_distance': np.float64(4057.3749594097226), 'dec': np.float64(0.08789579828826506), 'ra': np.float64(5.517114852048491), 'theta_jn': np.float64(0.44938120380322527), 'psi': np.float64(0.08368781436978906), 'phase': np.float64(1.1846905225349145), 'chi_1': np.float64(-0.3920586275475637), 'chi_2': np.float64(0.008994856375246506), 'chi_1z': np.float64(-0.4797855174624244), 'chi_2z': np.float64(-0.7743222005433321), 'spin_1z': np.float64(-0.4797855174624244), 'spin_2z': np.float64(-0.7743222005433321), 'model_path': '../v0p1/trained-models/model-20251004_072338-10', 'config_path': 'modelconfig-cvae-paper-I'}
14:56:39 ~ root ~ INFO : Model set to evaluation mode for generation.
14:56:39 ~ root ~ DEBUG : torch.Size([1, 15])
14:56:39 ~ root ~ DEBUG : torch.Size([1, 1, 800])
14:56:39 ~ root ~ DEBUG : torch.Size([1, 64, 10])
14:56:39 ~ root ~ DEBUG : torch.Size([1, 640])
14:56:39 ~ root ~ DEBUG : amp shape: (8190,), freq shape: (8189,)
14:56:39 ~ root ~ DEBUG : freq shape: (8189,), dt: 0.0001220703125, theta0: 0.0
14:56:39 ~ root ~ DEBUG : amp shape: (8190,), freq shape: (8189,), phase shape: (8190,)
14:56:39 ~ umamipe ~ INFO : Generated waveform from ML model with shape: (1, 2, 8190)
14:56:39 ~ umamipe ~ INFO : Waveform shapes after adding dummy element at the start: (8192,), (8192,)
14:56:39 ~ umamipe ~ INFO : Generating waveform using ML model for parameters:
14:56:39 ~ umamipe ~ INFO : Converted (a_i, tilt_i, phi_i) to (spin_i_z): 0.7385617400418276, 0.34657039299563497
14:56:39 ~ umamipe ~ INFO : Formatted parameters for waveform generation:
14:56:39 ~ umamipe ~ INFO : Final parameters for waveform generation:
14:56:39 ~ umamipe ~ INFO : Generating waveform using ML model for parameters:
14:56:39 ~ umamipe ~ INFO : Using model: None and transformed model <bound method MLWaveformGenerator.get_ml_waveform of MLWaveformGenerator(duration=1.0, sampling_frequency=8192, start_time=0.0, frequency_domain_source_model=None, time_domain_source_model=umamipe.get_ml_waveform, parameter_conversion=umamipe.convert_to_ml_parameters, waveform_arguments={'model_path': '../v0p1/trained-models/model-20251004_072338-10', 'config_path': 'modelconfig-cvae-paper-I'})>
14:56:39 ~ umamipe ~ INFO : Generating waveform using ML model for parameters:
14:56:39 ~ umamipe ~ INFO : Generating waveform using ML model for parameters:
14:56:39 ~ umamipe ~ INFO : Received parameters for waveform generation: {'geocent_time': 0.0, 'mass_1': np.float64(42.717992494264095), 'mass_2': np.float64(52.91413669832865), 'luminosity_distance': np.float64(4111.910678529072), 'dec': np.float64(-0.12352427396410838), 'ra': np.float64(6.0489125230690775), 'theta_jn': np.float64(0.9259261703907303), 'psi': np.float64(1.6149733534998592), 'phase': np.float64(1.5908002876721568), 'chi_1': np.float64(0.2596853025568235), 'chi_2': np.float64(-0.2680309263450474), 'chi_1z': np.float64(0.7385617400418276), 'chi_2z': np.float64(0.34657039299563497), 'spin_1z': np.float64(0.7385617400418276), 'spin_2z': np.float64(0.34657039299563497), 'model_path': '../v0p1/trained-models/model-20251004_072338-10', 'config_path': 'modelconfig-cvae-paper-I'}
14:56:39 ~ root ~ INFO : Model set to evaluation mode for generation.
14:56:39 ~ root ~ DEBUG : torch.Size([1, 15])
14:56:39 ~ root ~ DEBUG : torch.Size([1, 1, 800])
14:56:39 ~ root ~ DEBUG : torch.Size([1, 64, 10])
14:56:39 ~ root ~ DEBUG : torch.Size([1, 640])
14:56:39 ~ root ~ DEBUG : amp shape: (8190,), freq shape: (8189,)
14:56:39 ~ root ~ DEBUG : freq shape: (8189,), dt: 0.0001220703125, theta0: 0.0
14:56:39 ~ root ~ DEBUG : amp shape: (8190,), freq shape: (8189,), phase shape: (8190,)
14:56:39 ~ umamipe ~ INFO : Generated waveform from ML model with shape: (1, 2, 8190)
14:56:39 ~ umamipe ~ INFO : Waveform shapes after adding dummy element at the start: (8192,), (8192,)
14:56:39 ~ umamipe ~ INFO : Generating waveform using ML model for parameters:
14:56:39 ~ umamipe ~ INFO : Converted (a_i, tilt_i, phi_i) to (spin_i_z): 0.005064048298838997, 0.24673581338143125
14:56:39 ~ umamipe ~ INFO : Formatted parameters for waveform generation:
14:56:39 ~ umamipe ~ INFO : Final parameters for waveform generation:
14:56:39 ~ umamipe ~ INFO : Generating waveform using ML model for parameters:
14:56:39 ~ umamipe ~ INFO : Using model: None and transformed model <bound method MLWaveformGenerator.get_ml_waveform of MLWaveformGenerator(duration=1.0, sampling_frequency=8192, start_time=0.0, frequency_domain_source_model=None, time_domain_source_model=umamipe.get_ml_waveform, parameter_conversion=umamipe.convert_to_ml_parameters, waveform_arguments={'model_path': '../v0p1/trained-models/model-20251004_072338-10', 'config_path': 'modelconfig-cvae-paper-I'})>
14:56:39 ~ umamipe ~ INFO : Generating waveform using ML model for parameters:
14:56:39 ~ umamipe ~ INFO : Generating waveform using ML model for parameters:
14:56:39 ~ umamipe ~ INFO : Received parameters for waveform generation: {'geocent_time': 0.0, 'mass_1': np.float64(55.05892865145998), 'mass_2': np.float64(53.95566318004692), 'luminosity_distance': np.float64(2862.1007065033104), 'dec': np.float64(-1.27976299229186), 'ra': np.float64(5.749892200279213), 'theta_jn': np.float64(2.2016999532568837), 'psi': np.float64(0.42366916094006446), 'phase': np.float64(0.767048787936592), 'chi_1': np.float64(-0.12321388061465581), 'chi_2': np.float64(0.2007146681306652), 'chi_1z': np.float64(0.005064048298838997), 'chi_2z': np.float64(0.24673581338143125), 'spin_1z': np.float64(0.005064048298838997), 'spin_2z': np.float64(0.24673581338143125), 'model_path': '../v0p1/trained-models/model-20251004_072338-10', 'config_path': 'modelconfig-cvae-paper-I'}
14:56:39 ~ root ~ INFO : Model set to evaluation mode for generation.
14:56:39 ~ root ~ DEBUG : torch.Size([1, 15])
14:56:39 ~ root ~ DEBUG : torch.Size([1, 1, 800])
14:56:39 ~ root ~ DEBUG : torch.Size([1, 64, 10])
14:56:39 ~ root ~ DEBUG : torch.Size([1, 640])
14:56:39 ~ root ~ DEBUG : amp shape: (8190,), freq shape: (8189,)
14:56:39 ~ root ~ DEBUG : freq shape: (8189,), dt: 0.0001220703125, theta0: 0.0
14:56:39 ~ root ~ DEBUG : amp shape: (8190,), freq shape: (8189,), phase shape: (8190,)
14:56:39 ~ umamipe ~ INFO : Generated waveform from ML model with shape: (1, 2, 8190)
14:56:39 ~ umamipe ~ INFO : Waveform shapes after adding dummy element at the start: (8192,), (8192,)
14:56:39 ~ umamipe ~ INFO : Generating waveform using ML model for parameters:
14:56:39 ~ umamipe ~ INFO : Converted (a_i, tilt_i, phi_i) to (spin_i_z): -0.5517425298655371, -0.3766863469283912
14:56:39 ~ umamipe ~ INFO : Formatted parameters for waveform generation:
14:56:39 ~ umamipe ~ INFO : Final parameters for waveform generation:
14:56:39 ~ umamipe ~ INFO : Generating waveform using ML model for parameters:
14:56:39 ~ umamipe ~ INFO : Using model: None and transformed model <bound method MLWaveformGenerator.get_ml_waveform of MLWaveformGenerator(duration=1.0, sampling_frequency=8192, start_time=0.0, frequency_domain_source_model=None, time_domain_source_model=umamipe.get_ml_waveform, parameter_conversion=umamipe.convert_to_ml_parameters, waveform_arguments={'model_path': '../v0p1/trained-models/model-20251004_072338-10', 'config_path': 'modelconfig-cvae-paper-I'})>
14:56:39 ~ umamipe ~ INFO : Generating waveform using ML model for parameters:
14:56:39 ~ umamipe ~ INFO : Generating waveform using ML model for parameters:
14:56:39 ~ umamipe ~ INFO : Received parameters for waveform generation: {'geocent_time': 0.0, 'mass_1': np.float64(30.278742599864948), 'mass_2': np.float64(71.56670466793467), 'luminosity_distance': np.float64(1958.324982156578), 'dec': np.float64(-0.37062433854071564), 'ra': np.float64(5.951122514905317), 'theta_jn': np.float64(2.0553201788764315), 'psi': np.float64(1.6055634073564105), 'phase': np.float64(5.421861222401122), 'chi_1': np.float64(-0.5422982030965727), 'chi_2': np.float64(-0.4962044305746511), 'chi_1z': np.float64(-0.5517425298655371), 'chi_2z': np.float64(-0.3766863469283912), 'spin_1z': np.float64(-0.5517425298655371), 'spin_2z': np.float64(-0.3766863469283912), 'model_path': '../v0p1/trained-models/model-20251004_072338-10', 'config_path': 'modelconfig-cvae-paper-I'}
14:56:39 ~ root ~ INFO : Model set to evaluation mode for generation.
14:56:39 ~ root ~ DEBUG : torch.Size([1, 15])
14:56:39 ~ root ~ DEBUG : torch.Size([1, 1, 800])
14:56:39 ~ root ~ DEBUG : torch.Size([1, 64, 10])
14:56:39 ~ root ~ DEBUG : torch.Size([1, 640])
14:56:39 ~ root ~ DEBUG : amp shape: (8190,), freq shape: (8189,)
14:56:39 ~ root ~ DEBUG : freq shape: (8189,), dt: 0.0001220703125, theta0: 0.0
14:56:39 ~ root ~ DEBUG : amp shape: (8190,), freq shape: (8189,), phase shape: (8190,)
14:56:39 ~ umamipe ~ INFO : Generated waveform from ML model with shape: (1, 2, 8190)
14:56:39 ~ umamipe ~ INFO : Waveform shapes after adding dummy element at the start: (8192,), (8192,)
14:56:39 ~ umamipe ~ INFO : Generating waveform using ML model for parameters:
14:56:39 ~ umamipe ~ INFO : Converted (a_i, tilt_i, phi_i) to (spin_i_z): 0.5698036857338031, 0.46552617351879344
14:56:39 ~ umamipe ~ INFO : Formatted parameters for waveform generation:
14:56:39 ~ umamipe ~ INFO : Final parameters for waveform generation:
14:56:39 ~ umamipe ~ INFO : Generating waveform using ML model for parameters:
14:56:39 ~ umamipe ~ INFO : Using model: None and transformed model <bound method MLWaveformGenerator.get_ml_waveform of MLWaveformGenerator(duration=1.0, sampling_frequency=8192, start_time=0.0, frequency_domain_source_model=None, time_domain_source_model=umamipe.get_ml_waveform, parameter_conversion=umamipe.convert_to_ml_parameters, waveform_arguments={'model_path': '../v0p1/trained-models/model-20251004_072338-10', 'config_path': 'modelconfig-cvae-paper-I'})>
14:56:39 ~ umamipe ~ INFO : Generating waveform using ML model for parameters:
14:56:39 ~ umamipe ~ INFO : Generating waveform using ML model for parameters:
14:56:39 ~ umamipe ~ INFO : Received parameters for waveform generation: {'geocent_time': 0.0, 'mass_1': np.float64(61.90633505775589), 'mass_2': np.float64(53.95879331022435), 'luminosity_distance': np.float64(3109.931879110668), 'dec': np.float64(0.6006477691790798), 'ra': np.float64(1.9927788116428065), 'theta_jn': np.float64(0.5933269792118545), 'psi': np.float64(1.2464783550204952), 'phase': np.float64(4.8155040532645215), 'chi_1': np.float64(-0.009002653855229024), 'chi_2': np.float64(0.7061831217264883), 'chi_1z': np.float64(0.5698036857338031), 'chi_2z': np.float64(0.46552617351879344), 'spin_1z': np.float64(0.5698036857338031), 'spin_2z': np.float64(0.46552617351879344), 'model_path': '../v0p1/trained-models/model-20251004_072338-10', 'config_path': 'modelconfig-cvae-paper-I'}
14:56:39 ~ root ~ INFO : Model set to evaluation mode for generation.
14:56:39 ~ root ~ DEBUG : torch.Size([1, 15])
14:56:39 ~ root ~ DEBUG : torch.Size([1, 1, 800])
14:56:39 ~ root ~ DEBUG : torch.Size([1, 64, 10])
14:56:39 ~ root ~ DEBUG : torch.Size([1, 640])
14:56:39 ~ root ~ DEBUG : amp shape: (8190,), freq shape: (8189,)
14:56:39 ~ root ~ DEBUG : freq shape: (8189,), dt: 0.0001220703125, theta0: 0.0
14:56:39 ~ root ~ DEBUG : amp shape: (8190,), freq shape: (8189,), phase shape: (8190,)
14:56:39 ~ umamipe ~ INFO : Generated waveform from ML model with shape: (1, 2, 8190)
14:56:39 ~ umamipe ~ INFO : Waveform shapes after adding dummy element at the start: (8192,), (8192,)
14:56:39 ~ umamipe ~ INFO : Generating waveform using ML model for parameters:
14:56:39 ~ umamipe ~ INFO : Converted (a_i, tilt_i, phi_i) to (spin_i_z): -0.16206944238707788, -0.25481396627179986
14:56:39 ~ umamipe ~ INFO : Formatted parameters for waveform generation:
14:56:39 ~ umamipe ~ INFO : Final parameters for waveform generation:
14:56:39 ~ umamipe ~ INFO : Generating waveform using ML model for parameters:
14:56:39 ~ umamipe ~ INFO : Using model: None and transformed model <bound method MLWaveformGenerator.get_ml_waveform of MLWaveformGenerator(duration=1.0, sampling_frequency=8192, start_time=0.0, frequency_domain_source_model=None, time_domain_source_model=umamipe.get_ml_waveform, parameter_conversion=umamipe.convert_to_ml_parameters, waveform_arguments={'model_path': '../v0p1/trained-models/model-20251004_072338-10', 'config_path': 'modelconfig-cvae-paper-I'})>
14:56:39 ~ umamipe ~ INFO : Generating waveform using ML model for parameters:
14:56:39 ~ umamipe ~ INFO : Generating waveform using ML model for parameters:
14:56:39 ~ umamipe ~ INFO : Received parameters for waveform generation: {'geocent_time': 0.0, 'mass_1': np.float64(64.79312698822554), 'mass_2': np.float64(56.150583127649135), 'luminosity_distance': np.float64(4700.286497255291), 'dec': np.float64(0.18072643549014303), 'ra': np.float64(2.3407159058244815), 'theta_jn': np.float64(0.9170087914680652), 'psi': np.float64(2.5544130053571577), 'phase': np.float64(2.331924429634055), 'chi_1': np.float64(0.2371157519667331), 'chi_2': np.float64(0.7433424449285737), 'chi_1z': np.float64(-0.16206944238707788), 'chi_2z': np.float64(-0.25481396627179986), 'spin_1z': np.float64(-0.16206944238707788), 'spin_2z': np.float64(-0.25481396627179986), 'model_path': '../v0p1/trained-models/model-20251004_072338-10', 'config_path': 'modelconfig-cvae-paper-I'}
14:56:39 ~ root ~ INFO : Model set to evaluation mode for generation.
14:56:39 ~ root ~ DEBUG : torch.Size([1, 15])
14:56:39 ~ root ~ DEBUG : torch.Size([1, 1, 800])
14:56:39 ~ root ~ DEBUG : torch.Size([1, 64, 10])
14:56:39 ~ root ~ DEBUG : torch.Size([1, 640])
14:56:39 ~ root ~ DEBUG : amp shape: (8190,), freq shape: (8189,)
14:56:39 ~ root ~ DEBUG : freq shape: (8189,), dt: 0.0001220703125, theta0: 0.0
14:56:39 ~ root ~ DEBUG : amp shape: (8190,), freq shape: (8189,), phase shape: (8190,)
14:56:39 ~ umamipe ~ INFO : Generated waveform from ML model with shape: (1, 2, 8190)
14:56:39 ~ umamipe ~ INFO : Waveform shapes after adding dummy element at the start: (8192,), (8192,)
14:56:39 ~ umamipe ~ INFO : Generating waveform using ML model for parameters:
14:56:39 ~ umamipe ~ INFO : Converted (a_i, tilt_i, phi_i) to (spin_i_z): -0.3551002509888436, -0.7778849076268385
14:56:39 ~ umamipe ~ INFO : Formatted parameters for waveform generation:
14:56:39 ~ umamipe ~ INFO : Final parameters for waveform generation:
14:56:39 ~ umamipe ~ INFO : Generating waveform using ML model for parameters:
14:56:39 ~ umamipe ~ INFO : Using model: None and transformed model <bound method MLWaveformGenerator.get_ml_waveform of MLWaveformGenerator(duration=1.0, sampling_frequency=8192, start_time=0.0, frequency_domain_source_model=None, time_domain_source_model=umamipe.get_ml_waveform, parameter_conversion=umamipe.convert_to_ml_parameters, waveform_arguments={'model_path': '../v0p1/trained-models/model-20251004_072338-10', 'config_path': 'modelconfig-cvae-paper-I'})>
14:56:39 ~ umamipe ~ INFO : Generating waveform using ML model for parameters:
14:56:39 ~ umamipe ~ INFO : Generating waveform using ML model for parameters:
14:56:39 ~ umamipe ~ INFO : Received parameters for waveform generation: {'geocent_time': 0.0, 'mass_1': np.float64(37.65417536123263), 'mass_2': np.float64(51.390822051200395), 'luminosity_distance': np.float64(3914.2240521926683), 'dec': np.float64(-0.38377823381004406), 'ra': np.float64(3.0515270184787315), 'theta_jn': np.float64(1.6450100291820073), 'psi': np.float64(0.8646836098381481), 'phase': np.float64(0.14772673838338943), 'chi_1': np.float64(-0.22819188761769596), 'chi_2': np.float64(0.25451850493448874), 'chi_1z': np.float64(-0.3551002509888436), 'chi_2z': np.float64(-0.7778849076268385), 'spin_1z': np.float64(-0.3551002509888436), 'spin_2z': np.float64(-0.7778849076268385), 'model_path': '../v0p1/trained-models/model-20251004_072338-10', 'config_path': 'modelconfig-cvae-paper-I'}
14:56:39 ~ root ~ INFO : Model set to evaluation mode for generation.
14:56:39 ~ root ~ DEBUG : torch.Size([1, 15])
14:56:39 ~ root ~ DEBUG : torch.Size([1, 1, 800])
14:56:39 ~ root ~ DEBUG : torch.Size([1, 64, 10])
14:56:39 ~ root ~ DEBUG : torch.Size([1, 640])
14:56:39 ~ root ~ DEBUG : amp shape: (8190,), freq shape: (8189,)
14:56:39 ~ root ~ DEBUG : freq shape: (8189,), dt: 0.0001220703125, theta0: 0.0
14:56:39 ~ root ~ DEBUG : amp shape: (8190,), freq shape: (8189,), phase shape: (8190,)
14:56:39 ~ umamipe ~ INFO : Generated waveform from ML model with shape: (1, 2, 8190)
14:56:39 ~ umamipe ~ INFO : Waveform shapes after adding dummy element at the start: (8192,), (8192,)
14:56:39 ~ umamipe ~ INFO : Generating waveform using ML model for parameters:
14:56:39 ~ umamipe ~ INFO : Converted (a_i, tilt_i, phi_i) to (spin_i_z): -0.12727953970491124, 0.622334159769468
14:56:39 ~ umamipe ~ INFO : Formatted parameters for waveform generation:
14:56:39 ~ umamipe ~ INFO : Final parameters for waveform generation:
14:56:39 ~ umamipe ~ INFO : Generating waveform using ML model for parameters:
14:56:39 ~ umamipe ~ INFO : Using model: None and transformed model <bound method MLWaveformGenerator.get_ml_waveform of MLWaveformGenerator(duration=1.0, sampling_frequency=8192, start_time=0.0, frequency_domain_source_model=None, time_domain_source_model=umamipe.get_ml_waveform, parameter_conversion=umamipe.convert_to_ml_parameters, waveform_arguments={'model_path': '../v0p1/trained-models/model-20251004_072338-10', 'config_path': 'modelconfig-cvae-paper-I'})>
14:56:39 ~ umamipe ~ INFO : Generating waveform using ML model for parameters:
14:56:39 ~ umamipe ~ INFO : Generating waveform using ML model for parameters:
14:56:39 ~ umamipe ~ INFO : Received parameters for waveform generation: {'geocent_time': 0.0, 'mass_1': np.float64(49.12268955083401), 'mass_2': np.float64(60.711205857988965), 'luminosity_distance': np.float64(4234.834892070145), 'dec': np.float64(-0.17306596743479524), 'ra': np.float64(3.593092243176758), 'theta_jn': np.float64(2.0840525480988807), 'psi': np.float64(2.7936345710519483), 'phase': np.float64(4.020605477035734), 'chi_1': np.float64(0.12223084012247969), 'chi_2': np.float64(-0.4373160559237367), 'chi_1z': np.float64(-0.12727953970491124), 'chi_2z': np.float64(0.622334159769468), 'spin_1z': np.float64(-0.12727953970491124), 'spin_2z': np.float64(0.622334159769468), 'model_path': '../v0p1/trained-models/model-20251004_072338-10', 'config_path': 'modelconfig-cvae-paper-I'}
14:56:39 ~ root ~ INFO : Model set to evaluation mode for generation.
14:56:39 ~ root ~ DEBUG : torch.Size([1, 15])
14:56:39 ~ root ~ DEBUG : torch.Size([1, 1, 800])
14:56:39 ~ root ~ DEBUG : torch.Size([1, 64, 10])
14:56:39 ~ root ~ DEBUG : torch.Size([1, 640])
14:56:39 ~ root ~ DEBUG : amp shape: (8190,), freq shape: (8189,)
14:56:39 ~ root ~ DEBUG : freq shape: (8189,), dt: 0.0001220703125, theta0: 0.0
14:56:39 ~ root ~ DEBUG : amp shape: (8190,), freq shape: (8189,), phase shape: (8190,)
14:56:39 ~ umamipe ~ INFO : Generated waveform from ML model with shape: (1, 2, 8190)
14:56:39 ~ umamipe ~ INFO : Waveform shapes after adding dummy element at the start: (8192,), (8192,)
14:56:39 ~ umamipe ~ INFO : Generating waveform using ML model for parameters:
14:56:39 ~ umamipe ~ INFO : Converted (a_i, tilt_i, phi_i) to (spin_i_z): 0.6781064793635341, 0.737852942281191
14:56:39 ~ umamipe ~ INFO : Formatted parameters for waveform generation:
14:56:39 ~ umamipe ~ INFO : Final parameters for waveform generation:
14:56:39 ~ umamipe ~ INFO : Generating waveform using ML model for parameters:
14:56:39 ~ umamipe ~ INFO : Using model: None and transformed model <bound method MLWaveformGenerator.get_ml_waveform of MLWaveformGenerator(duration=1.0, sampling_frequency=8192, start_time=0.0, frequency_domain_source_model=None, time_domain_source_model=umamipe.get_ml_waveform, parameter_conversion=umamipe.convert_to_ml_parameters, waveform_arguments={'model_path': '../v0p1/trained-models/model-20251004_072338-10', 'config_path': 'modelconfig-cvae-paper-I'})>
14:56:39 ~ umamipe ~ INFO : Generating waveform using ML model for parameters:
14:56:39 ~ umamipe ~ INFO : Generating waveform using ML model for parameters:
14:56:39 ~ umamipe ~ INFO : Received parameters for waveform generation: {'geocent_time': 0.0, 'mass_1': np.float64(37.232402517521024), 'mass_2': np.float64(43.94817395106192), 'luminosity_distance': np.float64(3993.3747725706667), 'dec': np.float64(0.9342406463032995), 'ra': np.float64(0.37096156419075377), 'theta_jn': np.float64(2.4053307592161186), 'psi': np.float64(0.6921642193534254), 'phase': np.float64(5.408916582647854), 'chi_1': np.float64(0.4091540120005326), 'chi_2': np.float64(0.21640365104575238), 'chi_1z': np.float64(0.6781064793635341), 'chi_2z': np.float64(0.737852942281191), 'spin_1z': np.float64(0.6781064793635341), 'spin_2z': np.float64(0.737852942281191), 'model_path': '../v0p1/trained-models/model-20251004_072338-10', 'config_path': 'modelconfig-cvae-paper-I'}
14:56:39 ~ root ~ INFO : Model set to evaluation mode for generation.
14:56:39 ~ root ~ DEBUG : torch.Size([1, 15])
14:56:39 ~ root ~ DEBUG : torch.Size([1, 1, 800])
14:56:39 ~ root ~ DEBUG : torch.Size([1, 64, 10])
14:56:39 ~ root ~ DEBUG : torch.Size([1, 640])
14:56:39 ~ root ~ DEBUG : amp shape: (8190,), freq shape: (8189,)
14:56:39 ~ root ~ DEBUG : freq shape: (8189,), dt: 0.0001220703125, theta0: 0.0
14:56:39 ~ root ~ DEBUG : amp shape: (8190,), freq shape: (8189,), phase shape: (8190,)
14:56:39 ~ umamipe ~ INFO : Generated waveform from ML model with shape: (1, 2, 8190)
14:56:39 ~ umamipe ~ INFO : Waveform shapes after adding dummy element at the start: (8192,), (8192,)
14:56:39 ~ umamipe ~ INFO : Generating waveform using ML model for parameters:
14:56:39 ~ umamipe ~ INFO : Converted (a_i, tilt_i, phi_i) to (spin_i_z): -0.4236075015296688, -0.7217414567726771
14:56:39 ~ umamipe ~ INFO : Formatted parameters for waveform generation:
14:56:39 ~ umamipe ~ INFO : Final parameters for waveform generation:
14:56:39 ~ umamipe ~ INFO : Generating waveform using ML model for parameters:
14:56:39 ~ umamipe ~ INFO : Using model: None and transformed model <bound method MLWaveformGenerator.get_ml_waveform of MLWaveformGenerator(duration=1.0, sampling_frequency=8192, start_time=0.0, frequency_domain_source_model=None, time_domain_source_model=umamipe.get_ml_waveform, parameter_conversion=umamipe.convert_to_ml_parameters, waveform_arguments={'model_path': '../v0p1/trained-models/model-20251004_072338-10', 'config_path': 'modelconfig-cvae-paper-I'})>
14:56:39 ~ umamipe ~ INFO : Generating waveform using ML model for parameters:
14:56:39 ~ umamipe ~ INFO : Generating waveform using ML model for parameters:
14:56:39 ~ umamipe ~ INFO : Received parameters for waveform generation: {'geocent_time': 0.0, 'mass_1': np.float64(71.63337462366017), 'mass_2': np.float64(53.09080816309571), 'luminosity_distance': np.float64(3250.6487314893106), 'dec': np.float64(-0.9101364534082997), 'ra': np.float64(1.357739601201267), 'theta_jn': np.float64(1.8804520705477241), 'psi': np.float64(0.40005613451957683), 'phase': np.float64(5.921151496927138), 'chi_1': np.float64(-0.21312767553569445), 'chi_2': np.float64(-0.46435539031252787), 'chi_1z': np.float64(-0.4236075015296688), 'chi_2z': np.float64(-0.7217414567726771), 'spin_1z': np.float64(-0.4236075015296688), 'spin_2z': np.float64(-0.7217414567726771), 'model_path': '../v0p1/trained-models/model-20251004_072338-10', 'config_path': 'modelconfig-cvae-paper-I'}
14:56:39 ~ root ~ INFO : Model set to evaluation mode for generation.
14:56:39 ~ root ~ DEBUG : torch.Size([1, 15])
14:56:39 ~ root ~ DEBUG : torch.Size([1, 1, 800])
14:56:39 ~ root ~ DEBUG : torch.Size([1, 64, 10])
14:56:39 ~ root ~ DEBUG : torch.Size([1, 640])
14:56:39 ~ root ~ DEBUG : amp shape: (8190,), freq shape: (8189,)
14:56:39 ~ root ~ DEBUG : freq shape: (8189,), dt: 0.0001220703125, theta0: 0.0
14:56:39 ~ root ~ DEBUG : amp shape: (8190,), freq shape: (8189,), phase shape: (8190,)
14:56:39 ~ umamipe ~ INFO : Generated waveform from ML model with shape: (1, 2, 8190)
14:56:39 ~ umamipe ~ INFO : Waveform shapes after adding dummy element at the start: (8192,), (8192,)
14:56:39 ~ umamipe ~ INFO : Generating waveform using ML model for parameters:
14:56:39 ~ umamipe ~ INFO : Converted (a_i, tilt_i, phi_i) to (spin_i_z): 0.32136160367120015, -0.5200305452865234
14:56:39 ~ umamipe ~ INFO : Formatted parameters for waveform generation:
14:56:39 ~ umamipe ~ INFO : Final parameters for waveform generation:
14:56:39 ~ umamipe ~ INFO : Generating waveform using ML model for parameters:
14:56:39 ~ umamipe ~ INFO : Using model: None and transformed model <bound method MLWaveformGenerator.get_ml_waveform of MLWaveformGenerator(duration=1.0, sampling_frequency=8192, start_time=0.0, frequency_domain_source_model=None, time_domain_source_model=umamipe.get_ml_waveform, parameter_conversion=umamipe.convert_to_ml_parameters, waveform_arguments={'model_path': '../v0p1/trained-models/model-20251004_072338-10', 'config_path': 'modelconfig-cvae-paper-I'})>
14:56:39 ~ umamipe ~ INFO : Generating waveform using ML model for parameters:
14:56:39 ~ umamipe ~ INFO : Generating waveform using ML model for parameters:
14:56:39 ~ umamipe ~ INFO : Received parameters for waveform generation: {'geocent_time': 0.0, 'mass_1': np.float64(37.4740331340182), 'mass_2': np.float64(56.44578286080008), 'luminosity_distance': np.float64(2555.842842184735), 'dec': np.float64(0.646405339552689), 'ra': np.float64(2.5430170578619706), 'theta_jn': np.float64(2.0129966964181545), 'psi': np.float64(2.225170874271166), 'phase': np.float64(0.8531198489391941), 'chi_1': np.float64(-0.5580742732508891), 'chi_2': np.float64(0.31625407876409184), 'chi_1z': np.float64(0.32136160367120015), 'chi_2z': np.float64(-0.5200305452865234), 'spin_1z': np.float64(0.32136160367120015), 'spin_2z': np.float64(-0.5200305452865234), 'model_path': '../v0p1/trained-models/model-20251004_072338-10', 'config_path': 'modelconfig-cvae-paper-I'}
14:56:39 ~ root ~ INFO : Model set to evaluation mode for generation.
14:56:39 ~ root ~ DEBUG : torch.Size([1, 15])
14:56:39 ~ root ~ DEBUG : torch.Size([1, 1, 800])
14:56:39 ~ root ~ DEBUG : torch.Size([1, 64, 10])
14:56:39 ~ root ~ DEBUG : torch.Size([1, 640])
14:56:39 ~ root ~ DEBUG : amp shape: (8190,), freq shape: (8189,)
14:56:39 ~ root ~ DEBUG : freq shape: (8189,), dt: 0.0001220703125, theta0: 0.0
14:56:39 ~ root ~ DEBUG : amp shape: (8190,), freq shape: (8189,), phase shape: (8190,)
14:56:39 ~ umamipe ~ INFO : Generated waveform from ML model with shape: (1, 2, 8190)
14:56:39 ~ umamipe ~ INFO : Waveform shapes after adding dummy element at the start: (8192,), (8192,)
14:56:39 ~ umamipe ~ INFO : Generating waveform using ML model for parameters:
14:56:39 ~ umamipe ~ INFO : Converted (a_i, tilt_i, phi_i) to (spin_i_z): -0.04393976194525617, 0.5551858747099707
14:56:39 ~ umamipe ~ INFO : Formatted parameters for waveform generation:
14:56:39 ~ umamipe ~ INFO : Final parameters for waveform generation:
14:56:39 ~ umamipe ~ INFO : Generating waveform using ML model for parameters:
14:56:39 ~ umamipe ~ INFO : Using model: None and transformed model <bound method MLWaveformGenerator.get_ml_waveform of MLWaveformGenerator(duration=1.0, sampling_frequency=8192, start_time=0.0, frequency_domain_source_model=None, time_domain_source_model=umamipe.get_ml_waveform, parameter_conversion=umamipe.convert_to_ml_parameters, waveform_arguments={'model_path': '../v0p1/trained-models/model-20251004_072338-10', 'config_path': 'modelconfig-cvae-paper-I'})>
14:56:39 ~ umamipe ~ INFO : Generating waveform using ML model for parameters:
14:56:39 ~ umamipe ~ INFO : Generating waveform using ML model for parameters:
14:56:39 ~ umamipe ~ INFO : Received parameters for waveform generation: {'geocent_time': 0.0, 'mass_1': np.float64(60.59963535518409), 'mass_2': np.float64(44.82605908545358), 'luminosity_distance': np.float64(1220.0728140778513), 'dec': np.float64(-0.5733799508097019), 'ra': np.float64(4.748861944683393), 'theta_jn': np.float64(1.350472633174193), 'psi': np.float64(1.7117345177989398), 'phase': np.float64(0.857919814600378), 'chi_1': np.float64(-0.45219811703667634), 'chi_2': np.float64(-0.19776096545992736), 'chi_1z': np.float64(-0.04393976194525617), 'chi_2z': np.float64(0.5551858747099707), 'spin_1z': np.float64(-0.04393976194525617), 'spin_2z': np.float64(0.5551858747099707), 'model_path': '../v0p1/trained-models/model-20251004_072338-10', 'config_path': 'modelconfig-cvae-paper-I'}
14:56:39 ~ root ~ INFO : Model set to evaluation mode for generation.
14:56:39 ~ root ~ DEBUG : torch.Size([1, 15])
14:56:39 ~ root ~ DEBUG : torch.Size([1, 1, 800])
14:56:39 ~ root ~ DEBUG : torch.Size([1, 64, 10])
14:56:39 ~ root ~ DEBUG : torch.Size([1, 640])
14:56:39 ~ root ~ DEBUG : amp shape: (8190,), freq shape: (8189,)
14:56:39 ~ root ~ DEBUG : freq shape: (8189,), dt: 0.0001220703125, theta0: 0.0
14:56:39 ~ root ~ DEBUG : amp shape: (8190,), freq shape: (8189,), phase shape: (8190,)
14:56:39 ~ umamipe ~ INFO : Generated waveform from ML model with shape: (1, 2, 8190)
14:56:39 ~ umamipe ~ INFO : Waveform shapes after adding dummy element at the start: (8192,), (8192,)
14:56:39 ~ umamipe ~ INFO : Generating waveform using ML model for parameters:
14:56:39 ~ umamipe ~ INFO : Converted (a_i, tilt_i, phi_i) to (spin_i_z): 0.20276495218328905, -0.04775796058186155
14:56:39 ~ umamipe ~ INFO : Formatted parameters for waveform generation:
14:56:39 ~ umamipe ~ INFO : Final parameters for waveform generation:
14:56:39 ~ umamipe ~ INFO : Generating waveform using ML model for parameters:
14:56:39 ~ umamipe ~ INFO : Using model: None and transformed model <bound method MLWaveformGenerator.get_ml_waveform of MLWaveformGenerator(duration=1.0, sampling_frequency=8192, start_time=0.0, frequency_domain_source_model=None, time_domain_source_model=umamipe.get_ml_waveform, parameter_conversion=umamipe.convert_to_ml_parameters, waveform_arguments={'model_path': '../v0p1/trained-models/model-20251004_072338-10', 'config_path': 'modelconfig-cvae-paper-I'})>
14:56:39 ~ umamipe ~ INFO : Generating waveform using ML model for parameters:
14:56:39 ~ umamipe ~ INFO : Generating waveform using ML model for parameters:
14:56:39 ~ umamipe ~ INFO : Received parameters for waveform generation: {'geocent_time': 0.0, 'mass_1': np.float64(64.3526227370681), 'mass_2': np.float64(37.202898509559354), 'luminosity_distance': np.float64(1346.0249867543807), 'dec': np.float64(-0.5811488070357456), 'ra': np.float64(5.355337811987279), 'theta_jn': np.float64(1.6024966227900312), 'psi': np.float64(2.5349592216036627), 'phase': np.float64(2.3221534547173714), 'chi_1': np.float64(0.04338736809252306), 'chi_2': np.float64(0.04613028527674355), 'chi_1z': np.float64(0.20276495218328905), 'chi_2z': np.float64(-0.04775796058186155), 'spin_1z': np.float64(0.20276495218328905), 'spin_2z': np.float64(-0.04775796058186155), 'model_path': '../v0p1/trained-models/model-20251004_072338-10', 'config_path': 'modelconfig-cvae-paper-I'}
14:56:39 ~ root ~ INFO : Model set to evaluation mode for generation.
14:56:39 ~ root ~ DEBUG : torch.Size([1, 15])
14:56:39 ~ root ~ DEBUG : torch.Size([1, 1, 800])
14:56:39 ~ root ~ DEBUG : torch.Size([1, 64, 10])
14:56:39 ~ root ~ DEBUG : torch.Size([1, 640])
14:56:39 ~ root ~ DEBUG : amp shape: (8190,), freq shape: (8189,)
14:56:39 ~ root ~ DEBUG : freq shape: (8189,), dt: 0.0001220703125, theta0: 0.0
14:56:39 ~ root ~ DEBUG : amp shape: (8190,), freq shape: (8189,), phase shape: (8190,)
14:56:39 ~ umamipe ~ INFO : Generated waveform from ML model with shape: (1, 2, 8190)
14:56:39 ~ umamipe ~ INFO : Waveform shapes after adding dummy element at the start: (8192,), (8192,)
14:56:39 ~ umamipe ~ INFO : Generating waveform using ML model for parameters:
14:56:39 ~ umamipe ~ INFO : Converted (a_i, tilt_i, phi_i) to (spin_i_z): 0.6583856224849229, 0.7690957046120943
14:56:39 ~ umamipe ~ INFO : Formatted parameters for waveform generation:
14:56:39 ~ umamipe ~ INFO : Final parameters for waveform generation:
14:56:39 ~ umamipe ~ INFO : Generating waveform using ML model for parameters:
14:56:39 ~ umamipe ~ INFO : Using model: None and transformed model <bound method MLWaveformGenerator.get_ml_waveform of MLWaveformGenerator(duration=1.0, sampling_frequency=8192, start_time=0.0, frequency_domain_source_model=None, time_domain_source_model=umamipe.get_ml_waveform, parameter_conversion=umamipe.convert_to_ml_parameters, waveform_arguments={'model_path': '../v0p1/trained-models/model-20251004_072338-10', 'config_path': 'modelconfig-cvae-paper-I'})>
14:56:39 ~ umamipe ~ INFO : Generating waveform using ML model for parameters:
14:56:39 ~ umamipe ~ INFO : Generating waveform using ML model for parameters:
14:56:39 ~ umamipe ~ INFO : Received parameters for waveform generation: {'geocent_time': 0.0, 'mass_1': np.float64(40.765782055920376), 'mass_2': np.float64(49.28181820922887), 'luminosity_distance': np.float64(4924.076733229865), 'dec': np.float64(-0.4732432724664332), 'ra': np.float64(4.554230731201051), 'theta_jn': np.float64(2.666954843532229), 'psi': np.float64(1.7789446649037872), 'phase': np.float64(3.0745886680895995), 'chi_1': np.float64(-0.3872570622859772), 'chi_2': np.float64(0.18869601774709652), 'chi_1z': np.float64(0.6583856224849229), 'chi_2z': np.float64(0.7690957046120943), 'spin_1z': np.float64(0.6583856224849229), 'spin_2z': np.float64(0.7690957046120943), 'model_path': '../v0p1/trained-models/model-20251004_072338-10', 'config_path': 'modelconfig-cvae-paper-I'}
14:56:39 ~ root ~ INFO : Model set to evaluation mode for generation.
14:56:39 ~ root ~ DEBUG : torch.Size([1, 15])
14:56:39 ~ root ~ DEBUG : torch.Size([1, 1, 800])
14:56:39 ~ root ~ DEBUG : torch.Size([1, 64, 10])
14:56:39 ~ root ~ DEBUG : torch.Size([1, 640])
14:56:39 ~ root ~ DEBUG : amp shape: (8190,), freq shape: (8189,)
14:56:39 ~ root ~ DEBUG : freq shape: (8189,), dt: 0.0001220703125, theta0: 0.0
14:56:39 ~ root ~ DEBUG : amp shape: (8190,), freq shape: (8189,), phase shape: (8190,)
14:56:39 ~ umamipe ~ INFO : Generated waveform from ML model with shape: (1, 2, 8190)
14:56:39 ~ umamipe ~ INFO : Waveform shapes after adding dummy element at the start: (8192,), (8192,)
14:56:39 ~ umamipe ~ INFO : Generating waveform using ML model for parameters:
14:56:39 ~ umamipe ~ INFO : Converted (a_i, tilt_i, phi_i) to (spin_i_z): 0.6048586588897935, -0.0632405260935609
14:56:39 ~ umamipe ~ INFO : Formatted parameters for waveform generation:
14:56:39 ~ umamipe ~ INFO : Final parameters for waveform generation:
14:56:39 ~ umamipe ~ INFO : Generating waveform using ML model for parameters:
14:56:39 ~ umamipe ~ INFO : Using model: None and transformed model <bound method MLWaveformGenerator.get_ml_waveform of MLWaveformGenerator(duration=1.0, sampling_frequency=8192, start_time=0.0, frequency_domain_source_model=None, time_domain_source_model=umamipe.get_ml_waveform, parameter_conversion=umamipe.convert_to_ml_parameters, waveform_arguments={'model_path': '../v0p1/trained-models/model-20251004_072338-10', 'config_path': 'modelconfig-cvae-paper-I'})>
14:56:39 ~ umamipe ~ INFO : Generating waveform using ML model for parameters:
14:56:39 ~ umamipe ~ INFO : Generating waveform using ML model for parameters:
14:56:39 ~ umamipe ~ INFO : Received parameters for waveform generation: {'geocent_time': 0.0, 'mass_1': np.float64(39.074587548948905), 'mass_2': np.float64(71.40249358565794), 'luminosity_distance': np.float64(2893.2755696736017), 'dec': np.float64(0.24062022284648396), 'ra': np.float64(1.4052383914598174), 'theta_jn': np.float64(1.0434748780671383), 'psi': np.float64(1.9445144028690213), 'phase': np.float64(3.0462948303039585), 'chi_1': np.float64(0.6407291220974454), 'chi_2': np.float64(-0.16821238665279914), 'chi_1z': np.float64(0.6048586588897935), 'chi_2z': np.float64(-0.0632405260935609), 'spin_1z': np.float64(0.6048586588897935), 'spin_2z': np.float64(-0.0632405260935609), 'model_path': '../v0p1/trained-models/model-20251004_072338-10', 'config_path': 'modelconfig-cvae-paper-I'}
14:56:39 ~ root ~ INFO : Model set to evaluation mode for generation.
14:56:39 ~ root ~ DEBUG : torch.Size([1, 15])
14:56:39 ~ root ~ DEBUG : torch.Size([1, 1, 800])
14:56:39 ~ root ~ DEBUG : torch.Size([1, 64, 10])
14:56:39 ~ root ~ DEBUG : torch.Size([1, 640])
14:56:39 ~ root ~ DEBUG : amp shape: (8190,), freq shape: (8189,)
14:56:39 ~ root ~ DEBUG : freq shape: (8189,), dt: 0.0001220703125, theta0: 0.0
14:56:39 ~ root ~ DEBUG : amp shape: (8190,), freq shape: (8189,), phase shape: (8190,)
14:56:39 ~ umamipe ~ INFO : Generated waveform from ML model with shape: (1, 2, 8190)
14:56:39 ~ umamipe ~ INFO : Waveform shapes after adding dummy element at the start: (8192,), (8192,)
14:56:39 ~ umamipe ~ INFO : Generating waveform using ML model for parameters:
14:56:39 ~ umamipe ~ INFO : Converted (a_i, tilt_i, phi_i) to (spin_i_z): -0.36257669786582325, -0.6209149883769816
14:56:39 ~ umamipe ~ INFO : Formatted parameters for waveform generation:
14:56:39 ~ umamipe ~ INFO : Final parameters for waveform generation:
14:56:39 ~ umamipe ~ INFO : Generating waveform using ML model for parameters:
14:56:39 ~ umamipe ~ INFO : Using model: None and transformed model <bound method MLWaveformGenerator.get_ml_waveform of MLWaveformGenerator(duration=1.0, sampling_frequency=8192, start_time=0.0, frequency_domain_source_model=None, time_domain_source_model=umamipe.get_ml_waveform, parameter_conversion=umamipe.convert_to_ml_parameters, waveform_arguments={'model_path': '../v0p1/trained-models/model-20251004_072338-10', 'config_path': 'modelconfig-cvae-paper-I'})>
14:56:39 ~ umamipe ~ INFO : Generating waveform using ML model for parameters:
14:56:39 ~ umamipe ~ INFO : Generating waveform using ML model for parameters:
14:56:39 ~ umamipe ~ INFO : Received parameters for waveform generation: {'geocent_time': 0.0, 'mass_1': np.float64(36.05493295336667), 'mass_2': np.float64(40.760702208490635), 'luminosity_distance': np.float64(4245.358963918501), 'dec': np.float64(0.7118920969010868), 'ra': np.float64(0.24858379262001387), 'theta_jn': np.float64(1.3898701325431742), 'psi': np.float64(1.5524891683034157), 'phase': np.float64(3.864368543691177), 'chi_1': np.float64(0.0868604013572877), 'chi_2': np.float64(0.2969407841718648), 'chi_1z': np.float64(-0.36257669786582325), 'chi_2z': np.float64(-0.6209149883769816), 'spin_1z': np.float64(-0.36257669786582325), 'spin_2z': np.float64(-0.6209149883769816), 'model_path': '../v0p1/trained-models/model-20251004_072338-10', 'config_path': 'modelconfig-cvae-paper-I'}
14:56:39 ~ root ~ INFO : Model set to evaluation mode for generation.
14:56:39 ~ root ~ DEBUG : torch.Size([1, 15])
14:56:39 ~ root ~ DEBUG : torch.Size([1, 1, 800])
14:56:39 ~ root ~ DEBUG : torch.Size([1, 64, 10])
14:56:39 ~ root ~ DEBUG : torch.Size([1, 640])
14:56:39 ~ root ~ DEBUG : amp shape: (8190,), freq shape: (8189,)
14:56:39 ~ root ~ DEBUG : freq shape: (8189,), dt: 0.0001220703125, theta0: 0.0
14:56:39 ~ root ~ DEBUG : amp shape: (8190,), freq shape: (8189,), phase shape: (8190,)
14:56:39 ~ umamipe ~ INFO : Generated waveform from ML model with shape: (1, 2, 8190)
14:56:39 ~ umamipe ~ INFO : Waveform shapes after adding dummy element at the start: (8192,), (8192,)
14:56:39 ~ umamipe ~ INFO : Generating waveform using ML model for parameters:
14:56:39 ~ umamipe ~ INFO : Converted (a_i, tilt_i, phi_i) to (spin_i_z): -0.3806293573170241, -0.3750080414346796
14:56:39 ~ umamipe ~ INFO : Formatted parameters for waveform generation:
14:56:39 ~ umamipe ~ INFO : Final parameters for waveform generation:
14:56:39 ~ umamipe ~ INFO : Generating waveform using ML model for parameters:
14:56:39 ~ umamipe ~ INFO : Using model: None and transformed model <bound method MLWaveformGenerator.get_ml_waveform of MLWaveformGenerator(duration=1.0, sampling_frequency=8192, start_time=0.0, frequency_domain_source_model=None, time_domain_source_model=umamipe.get_ml_waveform, parameter_conversion=umamipe.convert_to_ml_parameters, waveform_arguments={'model_path': '../v0p1/trained-models/model-20251004_072338-10', 'config_path': 'modelconfig-cvae-paper-I'})>
14:56:39 ~ umamipe ~ INFO : Generating waveform using ML model for parameters:
14:56:39 ~ umamipe ~ INFO : Generating waveform using ML model for parameters:
14:56:39 ~ umamipe ~ INFO : Received parameters for waveform generation: {'geocent_time': 0.0, 'mass_1': np.float64(38.3919048138367), 'mass_2': np.float64(72.15808040246705), 'luminosity_distance': np.float64(3548.600256326426), 'dec': np.float64(-0.5965723679095397), 'ra': np.float64(4.937733992621923), 'theta_jn': np.float64(1.7457015433369492), 'psi': np.float64(1.1539943147445213), 'phase': np.float64(0.11499818880834187), 'chi_1': np.float64(0.2260540033418349), 'chi_2': np.float64(0.14866654421310047), 'chi_1z': np.float64(-0.3806293573170241), 'chi_2z': np.float64(-0.3750080414346796), 'spin_1z': np.float64(-0.3806293573170241), 'spin_2z': np.float64(-0.3750080414346796), 'model_path': '../v0p1/trained-models/model-20251004_072338-10', 'config_path': 'modelconfig-cvae-paper-I'}
14:56:39 ~ root ~ INFO : Model set to evaluation mode for generation.
14:56:39 ~ root ~ DEBUG : torch.Size([1, 15])
14:56:39 ~ root ~ DEBUG : torch.Size([1, 1, 800])
14:56:39 ~ root ~ DEBUG : torch.Size([1, 64, 10])
14:56:39 ~ root ~ DEBUG : torch.Size([1, 640])
14:56:39 ~ root ~ DEBUG : amp shape: (8190,), freq shape: (8189,)
14:56:39 ~ root ~ DEBUG : freq shape: (8189,), dt: 0.0001220703125, theta0: 0.0
14:56:39 ~ root ~ DEBUG : amp shape: (8190,), freq shape: (8189,), phase shape: (8190,)
14:56:39 ~ umamipe ~ INFO : Generated waveform from ML model with shape: (1, 2, 8190)
14:56:39 ~ umamipe ~ INFO : Waveform shapes after adding dummy element at the start: (8192,), (8192,)
14:56:39 ~ umamipe ~ INFO : Generating waveform using ML model for parameters:
14:56:39 ~ umamipe ~ INFO : Converted (a_i, tilt_i, phi_i) to (spin_i_z): 0.6139051764792371, 0.785282905997422
14:56:39 ~ umamipe ~ INFO : Formatted parameters for waveform generation:
14:56:39 ~ umamipe ~ INFO : Final parameters for waveform generation:
14:56:39 ~ umamipe ~ INFO : Generating waveform using ML model for parameters:
14:56:39 ~ umamipe ~ INFO : Using model: None and transformed model <bound method MLWaveformGenerator.get_ml_waveform of MLWaveformGenerator(duration=1.0, sampling_frequency=8192, start_time=0.0, frequency_domain_source_model=None, time_domain_source_model=umamipe.get_ml_waveform, parameter_conversion=umamipe.convert_to_ml_parameters, waveform_arguments={'model_path': '../v0p1/trained-models/model-20251004_072338-10', 'config_path': 'modelconfig-cvae-paper-I'})>
14:56:39 ~ umamipe ~ INFO : Generating waveform using ML model for parameters:
14:56:39 ~ umamipe ~ INFO : Generating waveform using ML model for parameters:
14:56:39 ~ umamipe ~ INFO : Received parameters for waveform generation: {'geocent_time': 0.0, 'mass_1': np.float64(42.21696132775932), 'mass_2': np.float64(60.16889008894151), 'luminosity_distance': np.float64(2577.652622623395), 'dec': np.float64(-0.3890120760573369), 'ra': np.float64(2.3663669288206837), 'theta_jn': np.float64(2.8592401523711737), 'psi': np.float64(1.4454417751753923), 'phase': np.float64(2.371119287848712), 'chi_1': np.float64(-0.010747981560223274), 'chi_2': np.float64(0.15051255183273723), 'chi_1z': np.float64(0.6139051764792371), 'chi_2z': np.float64(0.785282905997422), 'spin_1z': np.float64(0.6139051764792371), 'spin_2z': np.float64(0.785282905997422), 'model_path': '../v0p1/trained-models/model-20251004_072338-10', 'config_path': 'modelconfig-cvae-paper-I'}
14:56:39 ~ root ~ INFO : Model set to evaluation mode for generation.
14:56:39 ~ root ~ DEBUG : torch.Size([1, 15])
14:56:39 ~ root ~ DEBUG : torch.Size([1, 1, 800])
14:56:39 ~ root ~ DEBUG : torch.Size([1, 64, 10])
14:56:39 ~ root ~ DEBUG : torch.Size([1, 640])
14:56:39 ~ root ~ DEBUG : amp shape: (8190,), freq shape: (8189,)
14:56:39 ~ root ~ DEBUG : freq shape: (8189,), dt: 0.0001220703125, theta0: 0.0
14:56:39 ~ root ~ DEBUG : amp shape: (8190,), freq shape: (8189,), phase shape: (8190,)
14:56:39 ~ umamipe ~ INFO : Generated waveform from ML model with shape: (1, 2, 8190)
14:56:39 ~ umamipe ~ INFO : Waveform shapes after adding dummy element at the start: (8192,), (8192,)
14:56:39 ~ umamipe ~ INFO : Generating waveform using ML model for parameters:
14:56:39 ~ umamipe ~ INFO : Converted (a_i, tilt_i, phi_i) to (spin_i_z): -0.24072628956390474, -0.6910102708932341
14:56:39 ~ umamipe ~ INFO : Formatted parameters for waveform generation:
14:56:39 ~ umamipe ~ INFO : Final parameters for waveform generation:
14:56:39 ~ umamipe ~ INFO : Generating waveform using ML model for parameters:
14:56:39 ~ umamipe ~ INFO : Using model: None and transformed model <bound method MLWaveformGenerator.get_ml_waveform of MLWaveformGenerator(duration=1.0, sampling_frequency=8192, start_time=0.0, frequency_domain_source_model=None, time_domain_source_model=umamipe.get_ml_waveform, parameter_conversion=umamipe.convert_to_ml_parameters, waveform_arguments={'model_path': '../v0p1/trained-models/model-20251004_072338-10', 'config_path': 'modelconfig-cvae-paper-I'})>
14:56:39 ~ umamipe ~ INFO : Generating waveform using ML model for parameters:
14:56:39 ~ umamipe ~ INFO : Generating waveform using ML model for parameters:
14:56:39 ~ umamipe ~ INFO : Received parameters for waveform generation: {'geocent_time': 0.0, 'mass_1': np.float64(51.87289029015514), 'mass_2': np.float64(50.706436528952636), 'luminosity_distance': np.float64(2730.878224644384), 'dec': np.float64(0.592196968499761), 'ra': np.float64(4.11916937835694), 'theta_jn': np.float64(1.294004527565269), 'psi': np.float64(1.6290467374830382), 'phase': np.float64(1.2932100586176833), 'chi_1': np.float64(0.12521160952474292), 'chi_2': np.float64(-0.1823223951876888), 'chi_1z': np.float64(-0.24072628956390474), 'chi_2z': np.float64(-0.6910102708932341), 'spin_1z': np.float64(-0.24072628956390474), 'spin_2z': np.float64(-0.6910102708932341), 'model_path': '../v0p1/trained-models/model-20251004_072338-10', 'config_path': 'modelconfig-cvae-paper-I'}
14:56:39 ~ root ~ INFO : Model set to evaluation mode for generation.
14:56:39 ~ root ~ DEBUG : torch.Size([1, 15])
14:56:39 ~ root ~ DEBUG : torch.Size([1, 1, 800])
14:56:39 ~ root ~ DEBUG : torch.Size([1, 64, 10])
14:56:39 ~ root ~ DEBUG : torch.Size([1, 640])
14:56:39 ~ root ~ DEBUG : amp shape: (8190,), freq shape: (8189,)
14:56:39 ~ root ~ DEBUG : freq shape: (8189,), dt: 0.0001220703125, theta0: 0.0
14:56:39 ~ root ~ DEBUG : amp shape: (8190,), freq shape: (8189,), phase shape: (8190,)
14:56:39 ~ umamipe ~ INFO : Generated waveform from ML model with shape: (1, 2, 8190)
14:56:39 ~ umamipe ~ INFO : Waveform shapes after adding dummy element at the start: (8192,), (8192,)
14:56:39 ~ umamipe ~ INFO : Generating waveform using ML model for parameters:
14:56:39 ~ umamipe ~ INFO : Converted (a_i, tilt_i, phi_i) to (spin_i_z): 0.4743211291044165, 0.3564399337939801
14:56:39 ~ umamipe ~ INFO : Formatted parameters for waveform generation:
14:56:39 ~ umamipe ~ INFO : Final parameters for waveform generation:
14:56:39 ~ umamipe ~ INFO : Generating waveform using ML model for parameters:
14:56:39 ~ umamipe ~ INFO : Using model: None and transformed model <bound method MLWaveformGenerator.get_ml_waveform of MLWaveformGenerator(duration=1.0, sampling_frequency=8192, start_time=0.0, frequency_domain_source_model=None, time_domain_source_model=umamipe.get_ml_waveform, parameter_conversion=umamipe.convert_to_ml_parameters, waveform_arguments={'model_path': '../v0p1/trained-models/model-20251004_072338-10', 'config_path': 'modelconfig-cvae-paper-I'})>
14:56:39 ~ umamipe ~ INFO : Generating waveform using ML model for parameters:
14:56:39 ~ umamipe ~ INFO : Generating waveform using ML model for parameters:
14:56:39 ~ umamipe ~ INFO : Received parameters for waveform generation: {'geocent_time': 0.0, 'mass_1': np.float64(39.89416970774467), 'mass_2': np.float64(38.769714787119696), 'luminosity_distance': np.float64(4179.937759526402), 'dec': np.float64(0.3994759174745683), 'ra': np.float64(3.3812572729468906), 'theta_jn': np.float64(1.342942876031521), 'psi': np.float64(2.794173722502727), 'phase': np.float64(5.55485950073623), 'chi_1': np.float64(0.0514589902777232), 'chi_2': np.float64(0.09290996635696805), 'chi_1z': np.float64(0.4743211291044165), 'chi_2z': np.float64(0.3564399337939801), 'spin_1z': np.float64(0.4743211291044165), 'spin_2z': np.float64(0.3564399337939801), 'model_path': '../v0p1/trained-models/model-20251004_072338-10', 'config_path': 'modelconfig-cvae-paper-I'}
14:56:39 ~ root ~ INFO : Model set to evaluation mode for generation.
14:56:39 ~ root ~ DEBUG : torch.Size([1, 15])
14:56:39 ~ root ~ DEBUG : torch.Size([1, 1, 800])
14:56:39 ~ root ~ DEBUG : torch.Size([1, 64, 10])
14:56:39 ~ root ~ DEBUG : torch.Size([1, 640])
14:56:39 ~ root ~ DEBUG : amp shape: (8190,), freq shape: (8189,)
14:56:39 ~ root ~ DEBUG : freq shape: (8189,), dt: 0.0001220703125, theta0: 0.0
14:56:39 ~ root ~ DEBUG : amp shape: (8190,), freq shape: (8189,), phase shape: (8190,)
14:56:39 ~ umamipe ~ INFO : Generated waveform from ML model with shape: (1, 2, 8190)
14:56:39 ~ umamipe ~ INFO : Waveform shapes after adding dummy element at the start: (8192,), (8192,)
14:56:39 ~ umamipe ~ INFO : Generating waveform using ML model for parameters:
14:56:39 ~ umamipe ~ INFO : Converted (a_i, tilt_i, phi_i) to (spin_i_z): 0.5654363699820741, -0.47680086331538085
14:56:39 ~ umamipe ~ INFO : Formatted parameters for waveform generation:
14:56:39 ~ umamipe ~ INFO : Final parameters for waveform generation:
14:56:39 ~ umamipe ~ INFO : Generating waveform using ML model for parameters:
14:56:39 ~ umamipe ~ INFO : Using model: None and transformed model <bound method MLWaveformGenerator.get_ml_waveform of MLWaveformGenerator(duration=1.0, sampling_frequency=8192, start_time=0.0, frequency_domain_source_model=None, time_domain_source_model=umamipe.get_ml_waveform, parameter_conversion=umamipe.convert_to_ml_parameters, waveform_arguments={'model_path': '../v0p1/trained-models/model-20251004_072338-10', 'config_path': 'modelconfig-cvae-paper-I'})>
14:56:39 ~ umamipe ~ INFO : Generating waveform using ML model for parameters:
14:56:39 ~ umamipe ~ INFO : Generating waveform using ML model for parameters:
14:56:39 ~ umamipe ~ INFO : Received parameters for waveform generation: {'geocent_time': 0.0, 'mass_1': np.float64(40.12056669844114), 'mass_2': np.float64(52.65123157632708), 'luminosity_distance': np.float64(1881.241785194458), 'dec': np.float64(0.6671654415736828), 'ra': np.float64(4.106544548049141), 'theta_jn': np.float64(2.8513778678669026), 'psi': np.float64(0.4288578280526352), 'phase': np.float64(3.205352436831618), 'chi_1': np.float64(0.15561052588257962), 'chi_2': np.float64(0.3631405368578616), 'chi_1z': np.float64(0.5654363699820741), 'chi_2z': np.float64(-0.47680086331538085), 'spin_1z': np.float64(0.5654363699820741), 'spin_2z': np.float64(-0.47680086331538085), 'model_path': '../v0p1/trained-models/model-20251004_072338-10', 'config_path': 'modelconfig-cvae-paper-I'}
14:56:39 ~ root ~ INFO : Model set to evaluation mode for generation.
14:56:39 ~ root ~ DEBUG : torch.Size([1, 15])
14:56:39 ~ root ~ DEBUG : torch.Size([1, 1, 800])
14:56:39 ~ root ~ DEBUG : torch.Size([1, 64, 10])
14:56:39 ~ root ~ DEBUG : torch.Size([1, 640])
14:56:39 ~ root ~ DEBUG : amp shape: (8190,), freq shape: (8189,)
14:56:39 ~ root ~ DEBUG : freq shape: (8189,), dt: 0.0001220703125, theta0: 0.0
14:56:39 ~ root ~ DEBUG : amp shape: (8190,), freq shape: (8189,), phase shape: (8190,)
14:56:39 ~ umamipe ~ INFO : Generated waveform from ML model with shape: (1, 2, 8190)
14:56:39 ~ umamipe ~ INFO : Waveform shapes after adding dummy element at the start: (8192,), (8192,)
14:56:39 ~ umamipe ~ INFO : Generating waveform using ML model for parameters:
14:56:39 ~ umamipe ~ INFO : Converted (a_i, tilt_i, phi_i) to (spin_i_z): 0.23867320037152817, -0.061996612763307035
14:56:39 ~ umamipe ~ INFO : Formatted parameters for waveform generation:
14:56:39 ~ umamipe ~ INFO : Final parameters for waveform generation:
14:56:39 ~ umamipe ~ INFO : Generating waveform using ML model for parameters:
14:56:39 ~ umamipe ~ INFO : Using model: None and transformed model <bound method MLWaveformGenerator.get_ml_waveform of MLWaveformGenerator(duration=1.0, sampling_frequency=8192, start_time=0.0, frequency_domain_source_model=None, time_domain_source_model=umamipe.get_ml_waveform, parameter_conversion=umamipe.convert_to_ml_parameters, waveform_arguments={'model_path': '../v0p1/trained-models/model-20251004_072338-10', 'config_path': 'modelconfig-cvae-paper-I'})>
14:56:39 ~ umamipe ~ INFO : Generating waveform using ML model for parameters:
14:56:39 ~ umamipe ~ INFO : Generating waveform using ML model for parameters:
14:56:39 ~ umamipe ~ INFO : Received parameters for waveform generation: {'geocent_time': 0.0, 'mass_1': np.float64(74.20444223969409), 'mass_2': np.float64(74.16042544388998), 'luminosity_distance': np.float64(4906.877880272766), 'dec': np.float64(0.2292278297195889), 'ra': np.float64(5.227203392567474), 'theta_jn': np.float64(0.5587229248897337), 'psi': np.float64(0.802552568413198), 'phase': np.float64(0.5780272901343244), 'chi_1': np.float64(0.0014659732720389174), 'chi_2': np.float64(0.6422432682791005), 'chi_1z': np.float64(0.23867320037152817), 'chi_2z': np.float64(-0.061996612763307035), 'spin_1z': np.float64(0.23867320037152817), 'spin_2z': np.float64(-0.061996612763307035), 'model_path': '../v0p1/trained-models/model-20251004_072338-10', 'config_path': 'modelconfig-cvae-paper-I'}
14:56:39 ~ root ~ INFO : Model set to evaluation mode for generation.
14:56:39 ~ root ~ DEBUG : torch.Size([1, 15])
14:56:39 ~ root ~ DEBUG : torch.Size([1, 1, 800])
14:56:39 ~ root ~ DEBUG : torch.Size([1, 64, 10])
14:56:39 ~ root ~ DEBUG : torch.Size([1, 640])
14:56:39 ~ root ~ DEBUG : amp shape: (8190,), freq shape: (8189,)
14:56:39 ~ root ~ DEBUG : freq shape: (8189,), dt: 0.0001220703125, theta0: 0.0
14:56:39 ~ root ~ DEBUG : amp shape: (8190,), freq shape: (8189,), phase shape: (8190,)
14:56:39 ~ umamipe ~ INFO : Generated waveform from ML model with shape: (1, 2, 8190)
14:56:39 ~ umamipe ~ INFO : Waveform shapes after adding dummy element at the start: (8192,), (8192,)
14:56:39 ~ umamipe ~ INFO : Generating waveform using ML model for parameters:
14:56:39 ~ umamipe ~ INFO : Converted (a_i, tilt_i, phi_i) to (spin_i_z): 0.6476058145773753, -0.12322834598574395
14:56:39 ~ umamipe ~ INFO : Formatted parameters for waveform generation:
14:56:39 ~ umamipe ~ INFO : Final parameters for waveform generation:
14:56:39 ~ umamipe ~ INFO : Generating waveform using ML model for parameters:
14:56:39 ~ umamipe ~ INFO : Using model: None and transformed model <bound method MLWaveformGenerator.get_ml_waveform of MLWaveformGenerator(duration=1.0, sampling_frequency=8192, start_time=0.0, frequency_domain_source_model=None, time_domain_source_model=umamipe.get_ml_waveform, parameter_conversion=umamipe.convert_to_ml_parameters, waveform_arguments={'model_path': '../v0p1/trained-models/model-20251004_072338-10', 'config_path': 'modelconfig-cvae-paper-I'})>
14:56:39 ~ umamipe ~ INFO : Generating waveform using ML model for parameters:
14:56:39 ~ umamipe ~ INFO : Generating waveform using ML model for parameters:
14:56:39 ~ umamipe ~ INFO : Received parameters for waveform generation: {'geocent_time': 0.0, 'mass_1': np.float64(65.67760811697161), 'mass_2': np.float64(54.765129158963646), 'luminosity_distance': np.float64(3228.3672458115907), 'dec': np.float64(0.261630969695521), 'ra': np.float64(3.2157385559189935), 'theta_jn': np.float64(1.8578111467812704), 'psi': np.float64(2.521558567901509), 'phase': np.float64(2.90546119751125), 'chi_1': np.float64(-0.03997214414535472), 'chi_2': np.float64(0.024780924121900503), 'chi_1z': np.float64(0.6476058145773753), 'chi_2z': np.float64(-0.12322834598574395), 'spin_1z': np.float64(0.6476058145773753), 'spin_2z': np.float64(-0.12322834598574395), 'model_path': '../v0p1/trained-models/model-20251004_072338-10', 'config_path': 'modelconfig-cvae-paper-I'}
14:56:39 ~ root ~ INFO : Model set to evaluation mode for generation.
14:56:39 ~ root ~ DEBUG : torch.Size([1, 15])
14:56:39 ~ root ~ DEBUG : torch.Size([1, 1, 800])
14:56:39 ~ root ~ DEBUG : torch.Size([1, 64, 10])
14:56:39 ~ root ~ DEBUG : torch.Size([1, 640])
14:56:39 ~ root ~ DEBUG : amp shape: (8190,), freq shape: (8189,)
14:56:39 ~ root ~ DEBUG : freq shape: (8189,), dt: 0.0001220703125, theta0: 0.0
14:56:39 ~ root ~ DEBUG : amp shape: (8190,), freq shape: (8189,), phase shape: (8190,)
14:56:39 ~ umamipe ~ INFO : Generated waveform from ML model with shape: (1, 2, 8190)
14:56:39 ~ umamipe ~ INFO : Waveform shapes after adding dummy element at the start: (8192,), (8192,)
14:56:39 ~ umamipe ~ INFO : Generating waveform using ML model for parameters:
14:56:39 ~ umamipe ~ INFO : Converted (a_i, tilt_i, phi_i) to (spin_i_z): -0.0075703353280841545, -0.1773151906769529
14:56:39 ~ umamipe ~ INFO : Formatted parameters for waveform generation:
14:56:39 ~ umamipe ~ INFO : Final parameters for waveform generation:
14:56:39 ~ umamipe ~ INFO : Generating waveform using ML model for parameters:
14:56:39 ~ umamipe ~ INFO : Using model: None and transformed model <bound method MLWaveformGenerator.get_ml_waveform of MLWaveformGenerator(duration=1.0, sampling_frequency=8192, start_time=0.0, frequency_domain_source_model=None, time_domain_source_model=umamipe.get_ml_waveform, parameter_conversion=umamipe.convert_to_ml_parameters, waveform_arguments={'model_path': '../v0p1/trained-models/model-20251004_072338-10', 'config_path': 'modelconfig-cvae-paper-I'})>
14:56:39 ~ umamipe ~ INFO : Generating waveform using ML model for parameters:
14:56:39 ~ umamipe ~ INFO : Generating waveform using ML model for parameters:
14:56:39 ~ umamipe ~ INFO : Received parameters for waveform generation: {'geocent_time': 0.0, 'mass_1': np.float64(68.14873739944585), 'mass_2': np.float64(57.77232917616509), 'luminosity_distance': np.float64(661.8274277737714), 'dec': np.float64(-0.04761284445062351), 'ra': np.float64(1.3228331075710698), 'theta_jn': np.float64(0.7964243283887555), 'psi': np.float64(0.7365083413922815), 'phase': np.float64(4.476262774581196), 'chi_1': np.float64(0.06878786014225709), 'chi_2': np.float64(0.013848615979351882), 'chi_1z': np.float64(-0.0075703353280841545), 'chi_2z': np.float64(-0.1773151906769529), 'spin_1z': np.float64(-0.0075703353280841545), 'spin_2z': np.float64(-0.1773151906769529), 'model_path': '../v0p1/trained-models/model-20251004_072338-10', 'config_path': 'modelconfig-cvae-paper-I'}
14:56:39 ~ root ~ INFO : Model set to evaluation mode for generation.
14:56:39 ~ root ~ DEBUG : torch.Size([1, 15])
14:56:39 ~ root ~ DEBUG : torch.Size([1, 1, 800])
14:56:39 ~ root ~ DEBUG : torch.Size([1, 64, 10])
14:56:39 ~ root ~ DEBUG : torch.Size([1, 640])
14:56:39 ~ root ~ DEBUG : amp shape: (8190,), freq shape: (8189,)
14:56:39 ~ root ~ DEBUG : freq shape: (8189,), dt: 0.0001220703125, theta0: 0.0
14:56:39 ~ root ~ DEBUG : amp shape: (8190,), freq shape: (8189,), phase shape: (8190,)
14:56:39 ~ umamipe ~ INFO : Generated waveform from ML model with shape: (1, 2, 8190)
14:56:39 ~ umamipe ~ INFO : Waveform shapes after adding dummy element at the start: (8192,), (8192,)
14:56:39 ~ umamipe ~ INFO : Generating waveform using ML model for parameters:
14:56:39 ~ umamipe ~ INFO : Converted (a_i, tilt_i, phi_i) to (spin_i_z): 0.03823769694394241, -0.3729846650441335
14:56:39 ~ umamipe ~ INFO : Formatted parameters for waveform generation:
14:56:39 ~ umamipe ~ INFO : Final parameters for waveform generation:
14:56:39 ~ umamipe ~ INFO : Generating waveform using ML model for parameters:
14:56:39 ~ umamipe ~ INFO : Using model: None and transformed model <bound method MLWaveformGenerator.get_ml_waveform of MLWaveformGenerator(duration=1.0, sampling_frequency=8192, start_time=0.0, frequency_domain_source_model=None, time_domain_source_model=umamipe.get_ml_waveform, parameter_conversion=umamipe.convert_to_ml_parameters, waveform_arguments={'model_path': '../v0p1/trained-models/model-20251004_072338-10', 'config_path': 'modelconfig-cvae-paper-I'})>
14:56:39 ~ umamipe ~ INFO : Generating waveform using ML model for parameters:
14:56:39 ~ umamipe ~ INFO : Generating waveform using ML model for parameters:
14:56:39 ~ umamipe ~ INFO : Received parameters for waveform generation: {'geocent_time': 0.0, 'mass_1': np.float64(69.89555529214351), 'mass_2': np.float64(71.96044071298334), 'luminosity_distance': np.float64(4273.253563934576), 'dec': np.float64(-0.4373616203893294), 'ra': np.float64(5.741977375494263), 'theta_jn': np.float64(2.2630461715845542), 'psi': np.float64(0.3896405613761035), 'phase': np.float64(2.146823366804606), 'chi_1': np.float64(-0.10533519645305882), 'chi_2': np.float64(0.162142975264974), 'chi_1z': np.float64(0.03823769694394241), 'chi_2z': np.float64(-0.3729846650441335), 'spin_1z': np.float64(0.03823769694394241), 'spin_2z': np.float64(-0.3729846650441335), 'model_path': '../v0p1/trained-models/model-20251004_072338-10', 'config_path': 'modelconfig-cvae-paper-I'}
14:56:39 ~ root ~ INFO : Model set to evaluation mode for generation.
14:56:39 ~ root ~ DEBUG : torch.Size([1, 15])
14:56:39 ~ root ~ DEBUG : torch.Size([1, 1, 800])
14:56:39 ~ root ~ DEBUG : torch.Size([1, 64, 10])
14:56:39 ~ root ~ DEBUG : torch.Size([1, 640])
14:56:39 ~ root ~ DEBUG : amp shape: (8190,), freq shape: (8189,)
14:56:39 ~ root ~ DEBUG : freq shape: (8189,), dt: 0.0001220703125, theta0: 0.0
14:56:39 ~ root ~ DEBUG : amp shape: (8190,), freq shape: (8189,), phase shape: (8190,)
14:56:39 ~ umamipe ~ INFO : Generated waveform from ML model with shape: (1, 2, 8190)
14:56:39 ~ umamipe ~ INFO : Waveform shapes after adding dummy element at the start: (8192,), (8192,)
14:56:39 ~ umamipe ~ INFO : Generating waveform using ML model for parameters:
14:56:39 ~ umamipe ~ INFO : Converted (a_i, tilt_i, phi_i) to (spin_i_z): -0.4505345880074801, 0.6007875666268205
14:56:39 ~ umamipe ~ INFO : Formatted parameters for waveform generation:
14:56:39 ~ umamipe ~ INFO : Final parameters for waveform generation:
14:56:39 ~ umamipe ~ INFO : Generating waveform using ML model for parameters:
14:56:39 ~ umamipe ~ INFO : Using model: None and transformed model <bound method MLWaveformGenerator.get_ml_waveform of MLWaveformGenerator(duration=1.0, sampling_frequency=8192, start_time=0.0, frequency_domain_source_model=None, time_domain_source_model=umamipe.get_ml_waveform, parameter_conversion=umamipe.convert_to_ml_parameters, waveform_arguments={'model_path': '../v0p1/trained-models/model-20251004_072338-10', 'config_path': 'modelconfig-cvae-paper-I'})>
14:56:39 ~ umamipe ~ INFO : Generating waveform using ML model for parameters:
14:56:39 ~ umamipe ~ INFO : Generating waveform using ML model for parameters:
14:56:39 ~ umamipe ~ INFO : Received parameters for waveform generation: {'geocent_time': 0.0, 'mass_1': np.float64(40.385757761478644), 'mass_2': np.float64(50.58772693952024), 'luminosity_distance': np.float64(3953.78481377569), 'dec': np.float64(0.017452754216105464), 'ra': np.float64(1.640121910436781), 'theta_jn': np.float64(1.8131314209450902), 'psi': np.float64(3.1381755675016487), 'phase': np.float64(1.1100425021232496), 'chi_1': np.float64(0.010062378205125792), 'chi_2': np.float64(-0.06654539368045419), 'chi_1z': np.float64(-0.4505345880074801), 'chi_2z': np.float64(0.6007875666268205), 'spin_1z': np.float64(-0.4505345880074801), 'spin_2z': np.float64(0.6007875666268205), 'model_path': '../v0p1/trained-models/model-20251004_072338-10', 'config_path': 'modelconfig-cvae-paper-I'}
14:56:39 ~ root ~ INFO : Model set to evaluation mode for generation.
14:56:39 ~ root ~ DEBUG : torch.Size([1, 15])
14:56:39 ~ root ~ DEBUG : torch.Size([1, 1, 800])
14:56:39 ~ root ~ DEBUG : torch.Size([1, 64, 10])
14:56:39 ~ root ~ DEBUG : torch.Size([1, 640])
14:56:39 ~ root ~ DEBUG : amp shape: (8190,), freq shape: (8189,)
14:56:39 ~ root ~ DEBUG : freq shape: (8189,), dt: 0.0001220703125, theta0: 0.0
14:56:39 ~ root ~ DEBUG : amp shape: (8190,), freq shape: (8189,), phase shape: (8190,)
14:56:39 ~ umamipe ~ INFO : Generated waveform from ML model with shape: (1, 2, 8190)
14:56:39 ~ umamipe ~ INFO : Waveform shapes after adding dummy element at the start: (8192,), (8192,)
14:56:39 ~ umamipe ~ INFO : Generating waveform using ML model for parameters:
14:56:39 ~ umamipe ~ INFO : Converted (a_i, tilt_i, phi_i) to (spin_i_z): -0.6579476985232117, 0.4443847692954275
14:56:39 ~ umamipe ~ INFO : Formatted parameters for waveform generation:
14:56:39 ~ umamipe ~ INFO : Final parameters for waveform generation:
14:56:39 ~ umamipe ~ INFO : Generating waveform using ML model for parameters:
14:56:39 ~ umamipe ~ INFO : Using model: None and transformed model <bound method MLWaveformGenerator.get_ml_waveform of MLWaveformGenerator(duration=1.0, sampling_frequency=8192, start_time=0.0, frequency_domain_source_model=None, time_domain_source_model=umamipe.get_ml_waveform, parameter_conversion=umamipe.convert_to_ml_parameters, waveform_arguments={'model_path': '../v0p1/trained-models/model-20251004_072338-10', 'config_path': 'modelconfig-cvae-paper-I'})>
14:56:39 ~ umamipe ~ INFO : Generating waveform using ML model for parameters:
14:56:39 ~ umamipe ~ INFO : Generating waveform using ML model for parameters:
14:56:39 ~ umamipe ~ INFO : Received parameters for waveform generation: {'geocent_time': 0.0, 'mass_1': np.float64(73.09967261251671), 'mass_2': np.float64(45.75881021450333), 'luminosity_distance': np.float64(2800.7118172596734), 'dec': np.float64(-0.9552806768358619), 'ra': np.float64(3.8814579291154887), 'theta_jn': np.float64(0.32731407217216174), 'psi': np.float64(1.5588910058131644), 'phase': np.float64(0.960162026455111), 'chi_1': np.float64(0.10526823965961374), 'chi_2': np.float64(0.5114548360815028), 'chi_1z': np.float64(-0.6579476985232117), 'chi_2z': np.float64(0.4443847692954275), 'spin_1z': np.float64(-0.6579476985232117), 'spin_2z': np.float64(0.4443847692954275), 'model_path': '../v0p1/trained-models/model-20251004_072338-10', 'config_path': 'modelconfig-cvae-paper-I'}
14:56:39 ~ root ~ INFO : Model set to evaluation mode for generation.
14:56:39 ~ root ~ DEBUG : torch.Size([1, 15])
14:56:39 ~ root ~ DEBUG : torch.Size([1, 1, 800])
14:56:39 ~ root ~ DEBUG : torch.Size([1, 64, 10])
14:56:39 ~ root ~ DEBUG : torch.Size([1, 640])
14:56:39 ~ root ~ DEBUG : amp shape: (8190,), freq shape: (8189,)
14:56:39 ~ root ~ DEBUG : freq shape: (8189,), dt: 0.0001220703125, theta0: 0.0
14:56:39 ~ root ~ DEBUG : amp shape: (8190,), freq shape: (8189,), phase shape: (8190,)
14:56:39 ~ umamipe ~ INFO : Generated waveform from ML model with shape: (1, 2, 8190)
14:56:39 ~ umamipe ~ INFO : Waveform shapes after adding dummy element at the start: (8192,), (8192,)
14:56:39 ~ umamipe ~ INFO : Generating waveform using ML model for parameters:
14:56:39 ~ umamipe ~ INFO : Converted (a_i, tilt_i, phi_i) to (spin_i_z): 0.6698406281957006, -0.11183389232314123
14:56:39 ~ umamipe ~ INFO : Formatted parameters for waveform generation:
14:56:39 ~ umamipe ~ INFO : Final parameters for waveform generation:
14:56:39 ~ umamipe ~ INFO : Generating waveform using ML model for parameters:
14:56:39 ~ umamipe ~ INFO : Using model: None and transformed model <bound method MLWaveformGenerator.get_ml_waveform of MLWaveformGenerator(duration=1.0, sampling_frequency=8192, start_time=0.0, frequency_domain_source_model=None, time_domain_source_model=umamipe.get_ml_waveform, parameter_conversion=umamipe.convert_to_ml_parameters, waveform_arguments={'model_path': '../v0p1/trained-models/model-20251004_072338-10', 'config_path': 'modelconfig-cvae-paper-I'})>
14:56:39 ~ umamipe ~ INFO : Generating waveform using ML model for parameters:
14:56:39 ~ umamipe ~ INFO : Generating waveform using ML model for parameters:
14:56:39 ~ umamipe ~ INFO : Received parameters for waveform generation: {'geocent_time': 0.0, 'mass_1': np.float64(67.37556462486967), 'mass_2': np.float64(37.92928382350795), 'luminosity_distance': np.float64(4766.019274008634), 'dec': np.float64(0.24425724003150806), 'ra': np.float64(3.3611079311186676), 'theta_jn': np.float64(1.9207188316110166), 'psi': np.float64(0.9051215410106107), 'phase': np.float64(0.15966118448830044), 'chi_1': np.float64(-0.024396887833333894), 'chi_2': np.float64(0.17706630180964003), 'chi_1z': np.float64(0.6698406281957006), 'chi_2z': np.float64(-0.11183389232314123), 'spin_1z': np.float64(0.6698406281957006), 'spin_2z': np.float64(-0.11183389232314123), 'model_path': '../v0p1/trained-models/model-20251004_072338-10', 'config_path': 'modelconfig-cvae-paper-I'}
14:56:39 ~ root ~ INFO : Model set to evaluation mode for generation.
14:56:39 ~ root ~ DEBUG : torch.Size([1, 15])
14:56:39 ~ root ~ DEBUG : torch.Size([1, 1, 800])
14:56:39 ~ root ~ DEBUG : torch.Size([1, 64, 10])
14:56:39 ~ root ~ DEBUG : torch.Size([1, 640])
14:56:39 ~ root ~ DEBUG : amp shape: (8190,), freq shape: (8189,)
14:56:39 ~ root ~ DEBUG : freq shape: (8189,), dt: 0.0001220703125, theta0: 0.0
14:56:39 ~ root ~ DEBUG : amp shape: (8190,), freq shape: (8189,), phase shape: (8190,)
14:56:39 ~ umamipe ~ INFO : Generated waveform from ML model with shape: (1, 2, 8190)
14:56:39 ~ umamipe ~ INFO : Waveform shapes after adding dummy element at the start: (8192,), (8192,)
14:56:39 ~ umamipe ~ INFO : Generating waveform using ML model for parameters:
14:56:39 ~ umamipe ~ INFO : Converted (a_i, tilt_i, phi_i) to (spin_i_z): 0.6523531785349941, 0.07213525876505833
14:56:39 ~ umamipe ~ INFO : Formatted parameters for waveform generation:
14:56:39 ~ umamipe ~ INFO : Final parameters for waveform generation:
14:56:39 ~ umamipe ~ INFO : Generating waveform using ML model for parameters:
14:56:39 ~ umamipe ~ INFO : Using model: None and transformed model <bound method MLWaveformGenerator.get_ml_waveform of MLWaveformGenerator(duration=1.0, sampling_frequency=8192, start_time=0.0, frequency_domain_source_model=None, time_domain_source_model=umamipe.get_ml_waveform, parameter_conversion=umamipe.convert_to_ml_parameters, waveform_arguments={'model_path': '../v0p1/trained-models/model-20251004_072338-10', 'config_path': 'modelconfig-cvae-paper-I'})>
14:56:39 ~ umamipe ~ INFO : Generating waveform using ML model for parameters:
14:56:39 ~ umamipe ~ INFO : Generating waveform using ML model for parameters:
14:56:39 ~ umamipe ~ INFO : Received parameters for waveform generation: {'geocent_time': 0.0, 'mass_1': np.float64(41.8641461220785), 'mass_2': np.float64(35.90829762509694), 'luminosity_distance': np.float64(4805.1676844061585), 'dec': np.float64(-0.5681929937823035), 'ra': np.float64(5.724429380914443), 'theta_jn': np.float64(0.8860357327228318), 'psi': np.float64(0.05696568015037885), 'phase': np.float64(1.4088178542803134), 'chi_1': np.float64(-0.0019797743155057002), 'chi_2': np.float64(-0.08741267831601104), 'chi_1z': np.float64(0.6523531785349941), 'chi_2z': np.float64(0.07213525876505833), 'spin_1z': np.float64(0.6523531785349941), 'spin_2z': np.float64(0.07213525876505833), 'model_path': '../v0p1/trained-models/model-20251004_072338-10', 'config_path': 'modelconfig-cvae-paper-I'}
14:56:39 ~ root ~ INFO : Model set to evaluation mode for generation.
14:56:39 ~ root ~ DEBUG : torch.Size([1, 15])
14:56:39 ~ root ~ DEBUG : torch.Size([1, 1, 800])
14:56:39 ~ root ~ DEBUG : torch.Size([1, 64, 10])
14:56:39 ~ root ~ DEBUG : torch.Size([1, 640])
14:56:39 ~ root ~ DEBUG : amp shape: (8190,), freq shape: (8189,)
14:56:39 ~ root ~ DEBUG : freq shape: (8189,), dt: 0.0001220703125, theta0: 0.0
14:56:39 ~ root ~ DEBUG : amp shape: (8190,), freq shape: (8189,), phase shape: (8190,)
14:56:39 ~ umamipe ~ INFO : Generated waveform from ML model with shape: (1, 2, 8190)
14:56:39 ~ umamipe ~ INFO : Waveform shapes after adding dummy element at the start: (8192,), (8192,)
14:56:39 ~ umamipe ~ INFO : Generating waveform using ML model for parameters:
14:56:39 ~ umamipe ~ INFO : Converted (a_i, tilt_i, phi_i) to (spin_i_z): -0.07914026870677104, -0.7519061302480392
14:56:39 ~ umamipe ~ INFO : Formatted parameters for waveform generation:
14:56:39 ~ umamipe ~ INFO : Final parameters for waveform generation:
14:56:39 ~ umamipe ~ INFO : Generating waveform using ML model for parameters:
14:56:39 ~ umamipe ~ INFO : Using model: None and transformed model <bound method MLWaveformGenerator.get_ml_waveform of MLWaveformGenerator(duration=1.0, sampling_frequency=8192, start_time=0.0, frequency_domain_source_model=None, time_domain_source_model=umamipe.get_ml_waveform, parameter_conversion=umamipe.convert_to_ml_parameters, waveform_arguments={'model_path': '../v0p1/trained-models/model-20251004_072338-10', 'config_path': 'modelconfig-cvae-paper-I'})>
14:56:39 ~ umamipe ~ INFO : Generating waveform using ML model for parameters:
14:56:39 ~ umamipe ~ INFO : Generating waveform using ML model for parameters:
14:56:39 ~ umamipe ~ INFO : Received parameters for waveform generation: {'geocent_time': 0.0, 'mass_1': np.float64(35.29962687090001), 'mass_2': np.float64(58.139939398158205), 'luminosity_distance': np.float64(2967.0220272941015), 'dec': np.float64(0.3659994122696779), 'ra': np.float64(4.9396938687051986), 'theta_jn': np.float64(2.9006056563512375), 'psi': np.float64(1.811587021986548), 'phase': np.float64(2.304362423457266), 'chi_1': np.float64(-0.029027024096995264), 'chi_2': np.float64(-0.04784884315328892), 'chi_1z': np.float64(-0.07914026870677104), 'chi_2z': np.float64(-0.7519061302480392), 'spin_1z': np.float64(-0.07914026870677104), 'spin_2z': np.float64(-0.7519061302480392), 'model_path': '../v0p1/trained-models/model-20251004_072338-10', 'config_path': 'modelconfig-cvae-paper-I'}
14:56:39 ~ root ~ INFO : Model set to evaluation mode for generation.
14:56:39 ~ root ~ DEBUG : torch.Size([1, 15])
14:56:39 ~ root ~ DEBUG : torch.Size([1, 1, 800])
14:56:39 ~ root ~ DEBUG : torch.Size([1, 64, 10])
14:56:39 ~ root ~ DEBUG : torch.Size([1, 640])
14:56:39 ~ root ~ DEBUG : amp shape: (8190,), freq shape: (8189,)
14:56:39 ~ root ~ DEBUG : freq shape: (8189,), dt: 0.0001220703125, theta0: 0.0
14:56:39 ~ root ~ DEBUG : amp shape: (8190,), freq shape: (8189,), phase shape: (8190,)
14:56:39 ~ umamipe ~ INFO : Generated waveform from ML model with shape: (1, 2, 8190)
14:56:39 ~ umamipe ~ INFO : Waveform shapes after adding dummy element at the start: (8192,), (8192,)
14:56:39 ~ umamipe ~ INFO : Generating waveform using ML model for parameters:
14:56:39 ~ umamipe ~ INFO : Converted (a_i, tilt_i, phi_i) to (spin_i_z): 0.46132640284435844, -0.2679493513496608
14:56:39 ~ umamipe ~ INFO : Formatted parameters for waveform generation:
14:56:39 ~ umamipe ~ INFO : Final parameters for waveform generation:
14:56:39 ~ umamipe ~ INFO : Generating waveform using ML model for parameters:
14:56:39 ~ umamipe ~ INFO : Using model: None and transformed model <bound method MLWaveformGenerator.get_ml_waveform of MLWaveformGenerator(duration=1.0, sampling_frequency=8192, start_time=0.0, frequency_domain_source_model=None, time_domain_source_model=umamipe.get_ml_waveform, parameter_conversion=umamipe.convert_to_ml_parameters, waveform_arguments={'model_path': '../v0p1/trained-models/model-20251004_072338-10', 'config_path': 'modelconfig-cvae-paper-I'})>
14:56:39 ~ umamipe ~ INFO : Generating waveform using ML model for parameters:
14:56:39 ~ umamipe ~ INFO : Generating waveform using ML model for parameters:
14:56:39 ~ umamipe ~ INFO : Received parameters for waveform generation: {'geocent_time': 0.0, 'mass_1': np.float64(41.12977074248306), 'mass_2': np.float64(74.44923620105257), 'luminosity_distance': np.float64(4782.397617851902), 'dec': np.float64(-1.1276850369124523), 'ra': np.float64(6.154888177755085), 'theta_jn': np.float64(2.194331007453394), 'psi': np.float64(0.008630351292245814), 'phase': np.float64(5.7394607887637035), 'chi_1': np.float64(0.6229652917015396), 'chi_2': np.float64(0.06981184802014939), 'chi_1z': np.float64(0.46132640284435844), 'chi_2z': np.float64(-0.2679493513496608), 'spin_1z': np.float64(0.46132640284435844), 'spin_2z': np.float64(-0.2679493513496608), 'model_path': '../v0p1/trained-models/model-20251004_072338-10', 'config_path': 'modelconfig-cvae-paper-I'}
14:56:39 ~ root ~ INFO : Model set to evaluation mode for generation.
14:56:39 ~ root ~ DEBUG : torch.Size([1, 15])
14:56:39 ~ root ~ DEBUG : torch.Size([1, 1, 800])
14:56:39 ~ root ~ DEBUG : torch.Size([1, 64, 10])
14:56:39 ~ root ~ DEBUG : torch.Size([1, 640])
14:56:39 ~ root ~ DEBUG : amp shape: (8190,), freq shape: (8189,)
14:56:39 ~ root ~ DEBUG : freq shape: (8189,), dt: 0.0001220703125, theta0: 0.0
14:56:39 ~ root ~ DEBUG : amp shape: (8190,), freq shape: (8189,), phase shape: (8190,)
14:56:39 ~ umamipe ~ INFO : Generated waveform from ML model with shape: (1, 2, 8190)
14:56:39 ~ umamipe ~ INFO : Waveform shapes after adding dummy element at the start: (8192,), (8192,)
14:56:39 ~ umamipe ~ INFO : Generating waveform using ML model for parameters:
14:56:39 ~ umamipe ~ INFO : Converted (a_i, tilt_i, phi_i) to (spin_i_z): 0.21242663109903193, -0.4125404562539348
14:56:39 ~ umamipe ~ INFO : Formatted parameters for waveform generation:
14:56:39 ~ umamipe ~ INFO : Final parameters for waveform generation:
14:56:39 ~ umamipe ~ INFO : Generating waveform using ML model for parameters:
14:56:39 ~ umamipe ~ INFO : Using model: None and transformed model <bound method MLWaveformGenerator.get_ml_waveform of MLWaveformGenerator(duration=1.0, sampling_frequency=8192, start_time=0.0, frequency_domain_source_model=None, time_domain_source_model=umamipe.get_ml_waveform, parameter_conversion=umamipe.convert_to_ml_parameters, waveform_arguments={'model_path': '../v0p1/trained-models/model-20251004_072338-10', 'config_path': 'modelconfig-cvae-paper-I'})>
14:56:39 ~ umamipe ~ INFO : Generating waveform using ML model for parameters:
14:56:39 ~ umamipe ~ INFO : Generating waveform using ML model for parameters:
14:56:39 ~ umamipe ~ INFO : Received parameters for waveform generation: {'geocent_time': 0.0, 'mass_1': np.float64(55.75445676970118), 'mass_2': np.float64(62.919747711215294), 'luminosity_distance': np.float64(3599.42612474375), 'dec': np.float64(-0.40148952453124676), 'ra': np.float64(4.079045606077802), 'theta_jn': np.float64(2.3142548047590816), 'psi': np.float64(2.626397266121736), 'phase': np.float64(0.8304546774523512), 'chi_1': np.float64(-0.02261335546479162), 'chi_2': np.float64(-0.6268016088817656), 'chi_1z': np.float64(0.21242663109903193), 'chi_2z': np.float64(-0.4125404562539348), 'spin_1z': np.float64(0.21242663109903193), 'spin_2z': np.float64(-0.4125404562539348), 'model_path': '../v0p1/trained-models/model-20251004_072338-10', 'config_path': 'modelconfig-cvae-paper-I'}
14:56:39 ~ root ~ INFO : Model set to evaluation mode for generation.
14:56:39 ~ root ~ DEBUG : torch.Size([1, 15])
14:56:39 ~ root ~ DEBUG : torch.Size([1, 1, 800])
14:56:39 ~ root ~ DEBUG : torch.Size([1, 64, 10])
14:56:39 ~ root ~ DEBUG : torch.Size([1, 640])
14:56:39 ~ root ~ DEBUG : amp shape: (8190,), freq shape: (8189,)
14:56:39 ~ root ~ DEBUG : freq shape: (8189,), dt: 0.0001220703125, theta0: 0.0
14:56:39 ~ root ~ DEBUG : amp shape: (8190,), freq shape: (8189,), phase shape: (8190,)
14:56:39 ~ umamipe ~ INFO : Generated waveform from ML model with shape: (1, 2, 8190)
14:56:39 ~ umamipe ~ INFO : Waveform shapes after adding dummy element at the start: (8192,), (8192,)
14:56:39 ~ umamipe ~ INFO : Generating waveform using ML model for parameters:
14:56:39 ~ umamipe ~ INFO : Converted (a_i, tilt_i, phi_i) to (spin_i_z): 0.4160774172178203, -0.7398023589061111
14:56:39 ~ umamipe ~ INFO : Formatted parameters for waveform generation:
14:56:39 ~ umamipe ~ INFO : Final parameters for waveform generation:
14:56:39 ~ umamipe ~ INFO : Generating waveform using ML model for parameters:
14:56:39 ~ umamipe ~ INFO : Using model: None and transformed model <bound method MLWaveformGenerator.get_ml_waveform of MLWaveformGenerator(duration=1.0, sampling_frequency=8192, start_time=0.0, frequency_domain_source_model=None, time_domain_source_model=umamipe.get_ml_waveform, parameter_conversion=umamipe.convert_to_ml_parameters, waveform_arguments={'model_path': '../v0p1/trained-models/model-20251004_072338-10', 'config_path': 'modelconfig-cvae-paper-I'})>
14:56:39 ~ umamipe ~ INFO : Generating waveform using ML model for parameters:
14:56:39 ~ umamipe ~ INFO : Generating waveform using ML model for parameters:
14:56:39 ~ umamipe ~ INFO : Received parameters for waveform generation: {'geocent_time': 0.0, 'mass_1': np.float64(71.86596771185319), 'mass_2': np.float64(57.82151742349843), 'luminosity_distance': np.float64(3012.469036763856), 'dec': np.float64(0.4812937952518405), 'ra': np.float64(1.3030804517986179), 'theta_jn': np.float64(0.6143706598633316), 'psi': np.float64(0.2745171751406755), 'phase': np.float64(3.661872817304482), 'chi_1': np.float64(0.40833253502554034), 'chi_2': np.float64(-0.2187027362512685), 'chi_1z': np.float64(0.4160774172178203), 'chi_2z': np.float64(-0.7398023589061111), 'spin_1z': np.float64(0.4160774172178203), 'spin_2z': np.float64(-0.7398023589061111), 'model_path': '../v0p1/trained-models/model-20251004_072338-10', 'config_path': 'modelconfig-cvae-paper-I'}
14:56:39 ~ root ~ INFO : Model set to evaluation mode for generation.
14:56:39 ~ root ~ DEBUG : torch.Size([1, 15])
14:56:39 ~ root ~ DEBUG : torch.Size([1, 1, 800])
14:56:39 ~ root ~ DEBUG : torch.Size([1, 64, 10])
14:56:39 ~ root ~ DEBUG : torch.Size([1, 640])
14:56:39 ~ root ~ DEBUG : amp shape: (8190,), freq shape: (8189,)
14:56:39 ~ root ~ DEBUG : freq shape: (8189,), dt: 0.0001220703125, theta0: 0.0
14:56:39 ~ root ~ DEBUG : amp shape: (8190,), freq shape: (8189,), phase shape: (8190,)
14:56:39 ~ umamipe ~ INFO : Generated waveform from ML model with shape: (1, 2, 8190)
14:56:39 ~ umamipe ~ INFO : Waveform shapes after adding dummy element at the start: (8192,), (8192,)
14:56:39 ~ umamipe ~ INFO : Generating waveform using ML model for parameters:
14:56:39 ~ umamipe ~ INFO : Converted (a_i, tilt_i, phi_i) to (spin_i_z): -0.25171633869306975, -0.40189300265870165
14:56:39 ~ umamipe ~ INFO : Formatted parameters for waveform generation:
14:56:39 ~ umamipe ~ INFO : Final parameters for waveform generation:
14:56:39 ~ umamipe ~ INFO : Generating waveform using ML model for parameters:
14:56:39 ~ umamipe ~ INFO : Using model: None and transformed model <bound method MLWaveformGenerator.get_ml_waveform of MLWaveformGenerator(duration=1.0, sampling_frequency=8192, start_time=0.0, frequency_domain_source_model=None, time_domain_source_model=umamipe.get_ml_waveform, parameter_conversion=umamipe.convert_to_ml_parameters, waveform_arguments={'model_path': '../v0p1/trained-models/model-20251004_072338-10', 'config_path': 'modelconfig-cvae-paper-I'})>
14:56:39 ~ umamipe ~ INFO : Generating waveform using ML model for parameters:
14:56:39 ~ umamipe ~ INFO : Generating waveform using ML model for parameters:
14:56:39 ~ umamipe ~ INFO : Received parameters for waveform generation: {'geocent_time': 0.0, 'mass_1': np.float64(45.90030329389458), 'mass_2': np.float64(59.417242930113126), 'luminosity_distance': np.float64(4468.391358640496), 'dec': np.float64(1.0894740785269394), 'ra': np.float64(3.9745568228682457), 'theta_jn': np.float64(1.4960752804698294), 'psi': np.float64(0.19049484370374137), 'phase': np.float64(1.731945244591365), 'chi_1': np.float64(0.4945020206888523), 'chi_2': np.float64(0.038694044584278234), 'chi_1z': np.float64(-0.25171633869306975), 'chi_2z': np.float64(-0.40189300265870165), 'spin_1z': np.float64(-0.25171633869306975), 'spin_2z': np.float64(-0.40189300265870165), 'model_path': '../v0p1/trained-models/model-20251004_072338-10', 'config_path': 'modelconfig-cvae-paper-I'}
14:56:39 ~ root ~ INFO : Model set to evaluation mode for generation.
14:56:39 ~ root ~ DEBUG : torch.Size([1, 15])
14:56:39 ~ root ~ DEBUG : torch.Size([1, 1, 800])
14:56:39 ~ root ~ DEBUG : torch.Size([1, 64, 10])
14:56:39 ~ root ~ DEBUG : torch.Size([1, 640])
14:56:39 ~ root ~ DEBUG : amp shape: (8190,), freq shape: (8189,)
14:56:39 ~ root ~ DEBUG : freq shape: (8189,), dt: 0.0001220703125, theta0: 0.0
14:56:39 ~ root ~ DEBUG : amp shape: (8190,), freq shape: (8189,), phase shape: (8190,)
14:56:39 ~ umamipe ~ INFO : Generated waveform from ML model with shape: (1, 2, 8190)
14:56:39 ~ umamipe ~ INFO : Waveform shapes after adding dummy element at the start: (8192,), (8192,)
14:56:39 ~ umamipe ~ INFO : Generating waveform using ML model for parameters:
14:56:39 ~ umamipe ~ INFO : Converted (a_i, tilt_i, phi_i) to (spin_i_z): 0.7627849396110091, 0.49302680104980223
14:56:39 ~ umamipe ~ INFO : Formatted parameters for waveform generation:
14:56:39 ~ umamipe ~ INFO : Final parameters for waveform generation:
14:56:39 ~ umamipe ~ INFO : Generating waveform using ML model for parameters:
14:56:39 ~ umamipe ~ INFO : Using model: None and transformed model <bound method MLWaveformGenerator.get_ml_waveform of MLWaveformGenerator(duration=1.0, sampling_frequency=8192, start_time=0.0, frequency_domain_source_model=None, time_domain_source_model=umamipe.get_ml_waveform, parameter_conversion=umamipe.convert_to_ml_parameters, waveform_arguments={'model_path': '../v0p1/trained-models/model-20251004_072338-10', 'config_path': 'modelconfig-cvae-paper-I'})>
14:56:39 ~ umamipe ~ INFO : Generating waveform using ML model for parameters:
14:56:39 ~ umamipe ~ INFO : Generating waveform using ML model for parameters:
14:56:39 ~ umamipe ~ INFO : Received parameters for waveform generation: {'geocent_time': 0.0, 'mass_1': np.float64(35.11456624594452), 'mass_2': np.float64(63.82222403306517), 'luminosity_distance': np.float64(3057.7962443663696), 'dec': np.float64(1.0615224015711953), 'ra': np.float64(2.8550273234887302), 'theta_jn': np.float64(2.2610763540840972), 'psi': np.float64(0.40915356040375067), 'phase': np.float64(0.9481805864463857), 'chi_1': np.float64(-0.1585982881509525), 'chi_2': np.float64(-0.26280248495612674), 'chi_1z': np.float64(0.7627849396110091), 'chi_2z': np.float64(0.49302680104980223), 'spin_1z': np.float64(0.7627849396110091), 'spin_2z': np.float64(0.49302680104980223), 'model_path': '../v0p1/trained-models/model-20251004_072338-10', 'config_path': 'modelconfig-cvae-paper-I'}
14:56:39 ~ root ~ INFO : Model set to evaluation mode for generation.
14:56:39 ~ root ~ DEBUG : torch.Size([1, 15])
14:56:39 ~ root ~ DEBUG : torch.Size([1, 1, 800])
14:56:39 ~ root ~ DEBUG : torch.Size([1, 64, 10])
14:56:39 ~ root ~ DEBUG : torch.Size([1, 640])
14:56:39 ~ root ~ DEBUG : amp shape: (8190,), freq shape: (8189,)
14:56:39 ~ root ~ DEBUG : freq shape: (8189,), dt: 0.0001220703125, theta0: 0.0
14:56:39 ~ root ~ DEBUG : amp shape: (8190,), freq shape: (8189,), phase shape: (8190,)
14:56:39 ~ umamipe ~ INFO : Generated waveform from ML model with shape: (1, 2, 8190)
14:56:39 ~ umamipe ~ INFO : Waveform shapes after adding dummy element at the start: (8192,), (8192,)
14:56:39 ~ umamipe ~ INFO : Generating waveform using ML model for parameters:
14:56:39 ~ umamipe ~ INFO : Converted (a_i, tilt_i, phi_i) to (spin_i_z): 0.6733222552067668, -0.3049002782793393
14:56:39 ~ umamipe ~ INFO : Formatted parameters for waveform generation:
14:56:39 ~ umamipe ~ INFO : Final parameters for waveform generation:
14:56:39 ~ umamipe ~ INFO : Generating waveform using ML model for parameters:
14:56:39 ~ umamipe ~ INFO : Using model: None and transformed model <bound method MLWaveformGenerator.get_ml_waveform of MLWaveformGenerator(duration=1.0, sampling_frequency=8192, start_time=0.0, frequency_domain_source_model=None, time_domain_source_model=umamipe.get_ml_waveform, parameter_conversion=umamipe.convert_to_ml_parameters, waveform_arguments={'model_path': '../v0p1/trained-models/model-20251004_072338-10', 'config_path': 'modelconfig-cvae-paper-I'})>
14:56:39 ~ umamipe ~ INFO : Generating waveform using ML model for parameters:
14:56:39 ~ umamipe ~ INFO : Generating waveform using ML model for parameters:
14:56:39 ~ umamipe ~ INFO : Received parameters for waveform generation: {'geocent_time': 0.0, 'mass_1': np.float64(45.67855095272619), 'mass_2': np.float64(53.39204207274394), 'luminosity_distance': np.float64(3501.397439877113), 'dec': np.float64(0.2160960449628392), 'ra': np.float64(0.6510432275612992), 'theta_jn': np.float64(1.2639647967013405), 'psi': np.float64(0.2699564267185704), 'phase': np.float64(5.774657078288868), 'chi_1': np.float64(-0.047306037952260745), 'chi_2': np.float64(0.1588459379793953), 'chi_1z': np.float64(0.6733222552067668), 'chi_2z': np.float64(-0.3049002782793393), 'spin_1z': np.float64(0.6733222552067668), 'spin_2z': np.float64(-0.3049002782793393), 'model_path': '../v0p1/trained-models/model-20251004_072338-10', 'config_path': 'modelconfig-cvae-paper-I'}
14:56:39 ~ root ~ INFO : Model set to evaluation mode for generation.
14:56:39 ~ root ~ DEBUG : torch.Size([1, 15])
14:56:39 ~ root ~ DEBUG : torch.Size([1, 1, 800])
14:56:39 ~ root ~ DEBUG : torch.Size([1, 64, 10])
14:56:39 ~ root ~ DEBUG : torch.Size([1, 640])
14:56:39 ~ root ~ DEBUG : amp shape: (8190,), freq shape: (8189,)
14:56:39 ~ root ~ DEBUG : freq shape: (8189,), dt: 0.0001220703125, theta0: 0.0
14:56:39 ~ root ~ DEBUG : amp shape: (8190,), freq shape: (8189,), phase shape: (8190,)
14:56:39 ~ umamipe ~ INFO : Generated waveform from ML model with shape: (1, 2, 8190)
14:56:39 ~ umamipe ~ INFO : Waveform shapes after adding dummy element at the start: (8192,), (8192,)
14:56:39 ~ umamipe ~ INFO : Generating waveform using ML model for parameters:
14:56:39 ~ umamipe ~ INFO : Converted (a_i, tilt_i, phi_i) to (spin_i_z): -0.2471054068548092, -0.6908653789801861
14:56:39 ~ umamipe ~ INFO : Formatted parameters for waveform generation:
14:56:39 ~ umamipe ~ INFO : Final parameters for waveform generation:
14:56:39 ~ umamipe ~ INFO : Generating waveform using ML model for parameters:
14:56:39 ~ umamipe ~ INFO : Using model: None and transformed model <bound method MLWaveformGenerator.get_ml_waveform of MLWaveformGenerator(duration=1.0, sampling_frequency=8192, start_time=0.0, frequency_domain_source_model=None, time_domain_source_model=umamipe.get_ml_waveform, parameter_conversion=umamipe.convert_to_ml_parameters, waveform_arguments={'model_path': '../v0p1/trained-models/model-20251004_072338-10', 'config_path': 'modelconfig-cvae-paper-I'})>
14:56:39 ~ umamipe ~ INFO : Generating waveform using ML model for parameters:
14:56:39 ~ umamipe ~ INFO : Generating waveform using ML model for parameters:
14:56:39 ~ umamipe ~ INFO : Received parameters for waveform generation: {'geocent_time': 0.0, 'mass_1': np.float64(33.95321379348052), 'mass_2': np.float64(45.12973102078386), 'luminosity_distance': np.float64(3970.395987425426), 'dec': np.float64(-0.000405067005791393), 'ra': np.float64(0.47094715612531085), 'theta_jn': np.float64(0.5362952690630883), 'psi': np.float64(2.1977375994978523), 'phase': np.float64(4.627850852227252), 'chi_1': np.float64(-0.4119809288096136), 'chi_2': np.float64(0.24244221760035775), 'chi_1z': np.float64(-0.2471054068548092), 'chi_2z': np.float64(-0.6908653789801861), 'spin_1z': np.float64(-0.2471054068548092), 'spin_2z': np.float64(-0.6908653789801861), 'model_path': '../v0p1/trained-models/model-20251004_072338-10', 'config_path': 'modelconfig-cvae-paper-I'}
14:56:39 ~ root ~ INFO : Model set to evaluation mode for generation.
14:56:39 ~ root ~ DEBUG : torch.Size([1, 15])
14:56:39 ~ root ~ DEBUG : torch.Size([1, 1, 800])
14:56:39 ~ root ~ DEBUG : torch.Size([1, 64, 10])
14:56:39 ~ root ~ DEBUG : torch.Size([1, 640])
14:56:39 ~ root ~ DEBUG : amp shape: (8190,), freq shape: (8189,)
14:56:39 ~ root ~ DEBUG : freq shape: (8189,), dt: 0.0001220703125, theta0: 0.0
14:56:39 ~ root ~ DEBUG : amp shape: (8190,), freq shape: (8189,), phase shape: (8190,)
14:56:39 ~ umamipe ~ INFO : Generated waveform from ML model with shape: (1, 2, 8190)
14:56:39 ~ umamipe ~ INFO : Waveform shapes after adding dummy element at the start: (8192,), (8192,)
14:56:39 ~ umamipe ~ INFO : Generating waveform using ML model for parameters:
14:56:39 ~ umamipe ~ INFO : Converted (a_i, tilt_i, phi_i) to (spin_i_z): -0.6360497508493563, -0.3357286941101485
14:56:39 ~ umamipe ~ INFO : Formatted parameters for waveform generation:
14:56:39 ~ umamipe ~ INFO : Final parameters for waveform generation:
14:56:39 ~ umamipe ~ INFO : Generating waveform using ML model for parameters:
14:56:39 ~ umamipe ~ INFO : Using model: None and transformed model <bound method MLWaveformGenerator.get_ml_waveform of MLWaveformGenerator(duration=1.0, sampling_frequency=8192, start_time=0.0, frequency_domain_source_model=None, time_domain_source_model=umamipe.get_ml_waveform, parameter_conversion=umamipe.convert_to_ml_parameters, waveform_arguments={'model_path': '../v0p1/trained-models/model-20251004_072338-10', 'config_path': 'modelconfig-cvae-paper-I'})>
14:56:39 ~ umamipe ~ INFO : Generating waveform using ML model for parameters:
14:56:39 ~ umamipe ~ INFO : Generating waveform using ML model for parameters:
14:56:39 ~ umamipe ~ INFO : Received parameters for waveform generation: {'geocent_time': 0.0, 'mass_1': np.float64(45.023746760492884), 'mass_2': np.float64(62.87137989583955), 'luminosity_distance': np.float64(3920.0680151413676), 'dec': np.float64(-0.037066732547544674), 'ra': np.float64(1.7571096099379302), 'theta_jn': np.float64(1.4059126012282082), 'psi': np.float64(1.1988653104620763), 'phase': np.float64(2.4505850498662856), 'chi_1': np.float64(-0.0030030043256773086), 'chi_2': np.float64(-0.017604880811594427), 'chi_1z': np.float64(-0.6360497508493563), 'chi_2z': np.float64(-0.3357286941101485), 'spin_1z': np.float64(-0.6360497508493563), 'spin_2z': np.float64(-0.3357286941101485), 'model_path': '../v0p1/trained-models/model-20251004_072338-10', 'config_path': 'modelconfig-cvae-paper-I'}
14:56:39 ~ root ~ INFO : Model set to evaluation mode for generation.
14:56:40 ~ root ~ DEBUG : torch.Size([1, 15])
14:56:40 ~ root ~ DEBUG : torch.Size([1, 1, 800])
14:56:40 ~ root ~ DEBUG : torch.Size([1, 64, 10])
14:56:40 ~ root ~ DEBUG : torch.Size([1, 640])
14:56:40 ~ root ~ DEBUG : amp shape: (8190,), freq shape: (8189,)
14:56:40 ~ root ~ DEBUG : freq shape: (8189,), dt: 0.0001220703125, theta0: 0.0
14:56:40 ~ root ~ DEBUG : amp shape: (8190,), freq shape: (8189,), phase shape: (8190,)
14:56:40 ~ umamipe ~ INFO : Generated waveform from ML model with shape: (1, 2, 8190)
14:56:40 ~ umamipe ~ INFO : Waveform shapes after adding dummy element at the start: (8192,), (8192,)
14:56:40 ~ umamipe ~ INFO : Generating waveform using ML model for parameters:
14:56:40 ~ umamipe ~ INFO : Converted (a_i, tilt_i, phi_i) to (spin_i_z): -0.5201361310827887, -0.21315568206129443
14:56:40 ~ umamipe ~ INFO : Formatted parameters for waveform generation:
14:56:40 ~ umamipe ~ INFO : Final parameters for waveform generation:
14:56:40 ~ umamipe ~ INFO : Generating waveform using ML model for parameters:
14:56:40 ~ umamipe ~ INFO : Using model: None and transformed model <bound method MLWaveformGenerator.get_ml_waveform of MLWaveformGenerator(duration=1.0, sampling_frequency=8192, start_time=0.0, frequency_domain_source_model=None, time_domain_source_model=umamipe.get_ml_waveform, parameter_conversion=umamipe.convert_to_ml_parameters, waveform_arguments={'model_path': '../v0p1/trained-models/model-20251004_072338-10', 'config_path': 'modelconfig-cvae-paper-I'})>
14:56:40 ~ umamipe ~ INFO : Generating waveform using ML model for parameters:
14:56:40 ~ umamipe ~ INFO : Generating waveform using ML model for parameters:
14:56:40 ~ umamipe ~ INFO : Received parameters for waveform generation: {'geocent_time': 0.0, 'mass_1': np.float64(35.80991831482719), 'mass_2': np.float64(57.094329656407695), 'luminosity_distance': np.float64(3097.6654804113778), 'dec': np.float64(0.3510153428127532), 'ra': np.float64(0.5504271506526295), 'theta_jn': np.float64(1.2554120109551554), 'psi': np.float64(0.5665916920221177), 'phase': np.float64(0.5786041747995657), 'chi_1': np.float64(0.21376358240821872), 'chi_2': np.float64(-0.3665542286470369), 'chi_1z': np.float64(-0.5201361310827887), 'chi_2z': np.float64(-0.21315568206129443), 'spin_1z': np.float64(-0.5201361310827887), 'spin_2z': np.float64(-0.21315568206129443), 'model_path': '../v0p1/trained-models/model-20251004_072338-10', 'config_path': 'modelconfig-cvae-paper-I'}
14:56:40 ~ root ~ INFO : Model set to evaluation mode for generation.
14:56:40 ~ root ~ DEBUG : torch.Size([1, 15])
14:56:40 ~ root ~ DEBUG : torch.Size([1, 1, 800])
14:56:40 ~ root ~ DEBUG : torch.Size([1, 64, 10])
14:56:40 ~ root ~ DEBUG : torch.Size([1, 640])
14:56:40 ~ root ~ DEBUG : amp shape: (8190,), freq shape: (8189,)
14:56:40 ~ root ~ DEBUG : freq shape: (8189,), dt: 0.0001220703125, theta0: 0.0
14:56:40 ~ root ~ DEBUG : amp shape: (8190,), freq shape: (8189,), phase shape: (8190,)
14:56:40 ~ umamipe ~ INFO : Generated waveform from ML model with shape: (1, 2, 8190)
14:56:40 ~ umamipe ~ INFO : Waveform shapes after adding dummy element at the start: (8192,), (8192,)
14:56:40 ~ umamipe ~ INFO : Generating waveform using ML model for parameters:
14:56:40 ~ umamipe ~ INFO : Converted (a_i, tilt_i, phi_i) to (spin_i_z): -0.5743862580474053, -0.23718223748719347
14:56:40 ~ umamipe ~ INFO : Formatted parameters for waveform generation:
14:56:40 ~ umamipe ~ INFO : Final parameters for waveform generation:
14:56:40 ~ umamipe ~ INFO : Generating waveform using ML model for parameters:
14:56:40 ~ umamipe ~ INFO : Using model: None and transformed model <bound method MLWaveformGenerator.get_ml_waveform of MLWaveformGenerator(duration=1.0, sampling_frequency=8192, start_time=0.0, frequency_domain_source_model=None, time_domain_source_model=umamipe.get_ml_waveform, parameter_conversion=umamipe.convert_to_ml_parameters, waveform_arguments={'model_path': '../v0p1/trained-models/model-20251004_072338-10', 'config_path': 'modelconfig-cvae-paper-I'})>
14:56:40 ~ umamipe ~ INFO : Generating waveform using ML model for parameters:
14:56:40 ~ umamipe ~ INFO : Generating waveform using ML model for parameters:
14:56:40 ~ umamipe ~ INFO : Received parameters for waveform generation: {'geocent_time': 0.0, 'mass_1': np.float64(43.17432555487825), 'mass_2': np.float64(71.39184097700289), 'luminosity_distance': np.float64(4965.898295987167), 'dec': np.float64(-0.15582848327205165), 'ra': np.float64(1.2637674342511418), 'theta_jn': np.float64(1.5670196904028795), 'psi': np.float64(1.5571888441116908), 'phase': np.float64(2.9282071319604857), 'chi_1': np.float64(-0.7214106936922364), 'chi_2': np.float64(-0.3716912533478958), 'chi_1z': np.float64(-0.5743862580474053), 'chi_2z': np.float64(-0.23718223748719347), 'spin_1z': np.float64(-0.5743862580474053), 'spin_2z': np.float64(-0.23718223748719347), 'model_path': '../v0p1/trained-models/model-20251004_072338-10', 'config_path': 'modelconfig-cvae-paper-I'}
14:56:40 ~ root ~ INFO : Model set to evaluation mode for generation.
14:56:40 ~ root ~ DEBUG : torch.Size([1, 15])
14:56:40 ~ root ~ DEBUG : torch.Size([1, 1, 800])
14:56:40 ~ root ~ DEBUG : torch.Size([1, 64, 10])
14:56:40 ~ root ~ DEBUG : torch.Size([1, 640])
14:56:40 ~ root ~ DEBUG : amp shape: (8190,), freq shape: (8189,)
14:56:40 ~ root ~ DEBUG : freq shape: (8189,), dt: 0.0001220703125, theta0: 0.0
14:56:40 ~ root ~ DEBUG : amp shape: (8190,), freq shape: (8189,), phase shape: (8190,)
14:56:40 ~ umamipe ~ INFO : Generated waveform from ML model with shape: (1, 2, 8190)
14:56:40 ~ umamipe ~ INFO : Waveform shapes after adding dummy element at the start: (8192,), (8192,)
14:56:40 ~ umamipe ~ INFO : Generating waveform using ML model for parameters:
14:56:40 ~ umamipe ~ INFO : Converted (a_i, tilt_i, phi_i) to (spin_i_z): -0.6319491391804246, -0.48845011179899595
14:56:40 ~ umamipe ~ INFO : Formatted parameters for waveform generation:
14:56:40 ~ umamipe ~ INFO : Final parameters for waveform generation:
14:56:40 ~ umamipe ~ INFO : Generating waveform using ML model for parameters:
14:56:40 ~ umamipe ~ INFO : Using model: None and transformed model <bound method MLWaveformGenerator.get_ml_waveform of MLWaveformGenerator(duration=1.0, sampling_frequency=8192, start_time=0.0, frequency_domain_source_model=None, time_domain_source_model=umamipe.get_ml_waveform, parameter_conversion=umamipe.convert_to_ml_parameters, waveform_arguments={'model_path': '../v0p1/trained-models/model-20251004_072338-10', 'config_path': 'modelconfig-cvae-paper-I'})>
14:56:40 ~ umamipe ~ INFO : Generating waveform using ML model for parameters:
14:56:40 ~ umamipe ~ INFO : Generating waveform using ML model for parameters:
14:56:40 ~ umamipe ~ INFO : Received parameters for waveform generation: {'geocent_time': 0.0, 'mass_1': np.float64(56.13545410040125), 'mass_2': np.float64(69.50295872724159), 'luminosity_distance': np.float64(2254.2804886336035), 'dec': np.float64(0.5732913547911213), 'ra': np.float64(1.4213058983137037), 'theta_jn': np.float64(0.36319481756104594), 'psi': np.float64(2.0415901613999283), 'phase': np.float64(1.348578477100748), 'chi_1': np.float64(0.48478051289355395), 'chi_2': np.float64(0.5252528852467866), 'chi_1z': np.float64(-0.6319491391804246), 'chi_2z': np.float64(-0.48845011179899595), 'spin_1z': np.float64(-0.6319491391804246), 'spin_2z': np.float64(-0.48845011179899595), 'model_path': '../v0p1/trained-models/model-20251004_072338-10', 'config_path': 'modelconfig-cvae-paper-I'}
14:56:40 ~ root ~ INFO : Model set to evaluation mode for generation.
14:56:40 ~ root ~ DEBUG : torch.Size([1, 15])
14:56:40 ~ root ~ DEBUG : torch.Size([1, 1, 800])
14:56:40 ~ root ~ DEBUG : torch.Size([1, 64, 10])
14:56:40 ~ root ~ DEBUG : torch.Size([1, 640])
14:56:40 ~ root ~ DEBUG : amp shape: (8190,), freq shape: (8189,)
14:56:40 ~ root ~ DEBUG : freq shape: (8189,), dt: 0.0001220703125, theta0: 0.0
14:56:40 ~ root ~ DEBUG : amp shape: (8190,), freq shape: (8189,), phase shape: (8190,)
14:56:40 ~ umamipe ~ INFO : Generated waveform from ML model with shape: (1, 2, 8190)
14:56:40 ~ umamipe ~ INFO : Waveform shapes after adding dummy element at the start: (8192,), (8192,)
14:56:40 ~ umamipe ~ INFO : Generating waveform using ML model for parameters:
14:56:40 ~ umamipe ~ INFO : Converted (a_i, tilt_i, phi_i) to (spin_i_z): -0.4205879131698176, -0.053839579199243426
14:56:40 ~ umamipe ~ INFO : Formatted parameters for waveform generation:
14:56:40 ~ umamipe ~ INFO : Final parameters for waveform generation:
14:56:40 ~ umamipe ~ INFO : Generating waveform using ML model for parameters:
14:56:40 ~ umamipe ~ INFO : Using model: None and transformed model <bound method MLWaveformGenerator.get_ml_waveform of MLWaveformGenerator(duration=1.0, sampling_frequency=8192, start_time=0.0, frequency_domain_source_model=None, time_domain_source_model=umamipe.get_ml_waveform, parameter_conversion=umamipe.convert_to_ml_parameters, waveform_arguments={'model_path': '../v0p1/trained-models/model-20251004_072338-10', 'config_path': 'modelconfig-cvae-paper-I'})>
14:56:40 ~ umamipe ~ INFO : Generating waveform using ML model for parameters:
14:56:40 ~ umamipe ~ INFO : Generating waveform using ML model for parameters:
14:56:40 ~ umamipe ~ INFO : Received parameters for waveform generation: {'geocent_time': 0.0, 'mass_1': np.float64(39.468612396960594), 'mass_2': np.float64(71.0147327776711), 'luminosity_distance': np.float64(1397.9352345044533), 'dec': np.float64(0.5262983494591527), 'ra': np.float64(1.8077014851021032), 'theta_jn': np.float64(1.7364216435964717), 'psi': np.float64(0.5569480107250224), 'phase': np.float64(5.067575294797137), 'chi_1': np.float64(0.1039060690014724), 'chi_2': np.float64(-0.7163953978658637), 'chi_1z': np.float64(-0.4205879131698176), 'chi_2z': np.float64(-0.053839579199243426), 'spin_1z': np.float64(-0.4205879131698176), 'spin_2z': np.float64(-0.053839579199243426), 'model_path': '../v0p1/trained-models/model-20251004_072338-10', 'config_path': 'modelconfig-cvae-paper-I'}
14:56:40 ~ root ~ INFO : Model set to evaluation mode for generation.
14:56:40 ~ root ~ DEBUG : torch.Size([1, 15])
14:56:40 ~ root ~ DEBUG : torch.Size([1, 1, 800])
14:56:40 ~ root ~ DEBUG : torch.Size([1, 64, 10])
14:56:40 ~ root ~ DEBUG : torch.Size([1, 640])
14:56:40 ~ root ~ DEBUG : amp shape: (8190,), freq shape: (8189,)
14:56:40 ~ root ~ DEBUG : freq shape: (8189,), dt: 0.0001220703125, theta0: 0.0
14:56:40 ~ root ~ DEBUG : amp shape: (8190,), freq shape: (8189,), phase shape: (8190,)
14:56:40 ~ umamipe ~ INFO : Generated waveform from ML model with shape: (1, 2, 8190)
14:56:40 ~ umamipe ~ INFO : Waveform shapes after adding dummy element at the start: (8192,), (8192,)
14:56:40 ~ umamipe ~ INFO : Generating waveform using ML model for parameters:
14:56:40 ~ umamipe ~ INFO : Converted (a_i, tilt_i, phi_i) to (spin_i_z): 0.3188530614935039, -0.7838437126584297
14:56:40 ~ umamipe ~ INFO : Formatted parameters for waveform generation:
14:56:40 ~ umamipe ~ INFO : Final parameters for waveform generation:
14:56:40 ~ umamipe ~ INFO : Generating waveform using ML model for parameters:
14:56:40 ~ umamipe ~ INFO : Using model: None and transformed model <bound method MLWaveformGenerator.get_ml_waveform of MLWaveformGenerator(duration=1.0, sampling_frequency=8192, start_time=0.0, frequency_domain_source_model=None, time_domain_source_model=umamipe.get_ml_waveform, parameter_conversion=umamipe.convert_to_ml_parameters, waveform_arguments={'model_path': '../v0p1/trained-models/model-20251004_072338-10', 'config_path': 'modelconfig-cvae-paper-I'})>
14:56:40 ~ umamipe ~ INFO : Generating waveform using ML model for parameters:
14:56:40 ~ umamipe ~ INFO : Generating waveform using ML model for parameters:
14:56:40 ~ umamipe ~ INFO : Received parameters for waveform generation: {'geocent_time': 0.0, 'mass_1': np.float64(53.90289532873338), 'mass_2': np.float64(67.2272165850716), 'luminosity_distance': np.float64(2959.2564048284553), 'dec': np.float64(1.0230278989596007), 'ra': np.float64(1.2182179047227213), 'theta_jn': np.float64(2.368029907628191), 'psi': np.float64(2.8409407601728582), 'phase': np.float64(3.937590342434644), 'chi_1': np.float64(0.6553316927163301), 'chi_2': np.float64(-0.04273661458147776), 'chi_1z': np.float64(0.3188530614935039), 'chi_2z': np.float64(-0.7838437126584297), 'spin_1z': np.float64(0.3188530614935039), 'spin_2z': np.float64(-0.7838437126584297), 'model_path': '../v0p1/trained-models/model-20251004_072338-10', 'config_path': 'modelconfig-cvae-paper-I'}
14:56:40 ~ root ~ INFO : Model set to evaluation mode for generation.
14:56:40 ~ root ~ DEBUG : torch.Size([1, 15])
14:56:40 ~ root ~ DEBUG : torch.Size([1, 1, 800])
14:56:40 ~ root ~ DEBUG : torch.Size([1, 64, 10])
14:56:40 ~ root ~ DEBUG : torch.Size([1, 640])
14:56:40 ~ root ~ DEBUG : amp shape: (8190,), freq shape: (8189,)
14:56:40 ~ root ~ DEBUG : freq shape: (8189,), dt: 0.0001220703125, theta0: 0.0
14:56:40 ~ root ~ DEBUG : amp shape: (8190,), freq shape: (8189,), phase shape: (8190,)
14:56:40 ~ umamipe ~ INFO : Generated waveform from ML model with shape: (1, 2, 8190)
14:56:40 ~ umamipe ~ INFO : Waveform shapes after adding dummy element at the start: (8192,), (8192,)
14:56:40 ~ umamipe ~ INFO : Generating waveform using ML model for parameters:
14:56:40 ~ umamipe ~ INFO : Converted (a_i, tilt_i, phi_i) to (spin_i_z): -0.021984843198384896, 0.4599331738203165
14:56:40 ~ umamipe ~ INFO : Formatted parameters for waveform generation:
14:56:40 ~ umamipe ~ INFO : Final parameters for waveform generation:
14:56:40 ~ umamipe ~ INFO : Generating waveform using ML model for parameters:
14:56:40 ~ umamipe ~ INFO : Using model: None and transformed model <bound method MLWaveformGenerator.get_ml_waveform of MLWaveformGenerator(duration=1.0, sampling_frequency=8192, start_time=0.0, frequency_domain_source_model=None, time_domain_source_model=umamipe.get_ml_waveform, parameter_conversion=umamipe.convert_to_ml_parameters, waveform_arguments={'model_path': '../v0p1/trained-models/model-20251004_072338-10', 'config_path': 'modelconfig-cvae-paper-I'})>
14:56:40 ~ umamipe ~ INFO : Generating waveform using ML model for parameters:
14:56:40 ~ umamipe ~ INFO : Generating waveform using ML model for parameters:
14:56:40 ~ umamipe ~ INFO : Received parameters for waveform generation: {'geocent_time': 0.0, 'mass_1': np.float64(42.36062044174929), 'mass_2': np.float64(55.48660528480292), 'luminosity_distance': np.float64(4622.72378694671), 'dec': np.float64(1.1333852277785001), 'ra': np.float64(3.64068725232303), 'theta_jn': np.float64(2.362770025497308), 'psi': np.float64(2.510862664875082), 'phase': np.float64(4.861137040829116), 'chi_1': np.float64(-0.40760166409340604), 'chi_2': np.float64(-0.007129244643974184), 'chi_1z': np.float64(-0.021984843198384896), 'chi_2z': np.float64(0.4599331738203165), 'spin_1z': np.float64(-0.021984843198384896), 'spin_2z': np.float64(0.4599331738203165), 'model_path': '../v0p1/trained-models/model-20251004_072338-10', 'config_path': 'modelconfig-cvae-paper-I'}
14:56:40 ~ root ~ INFO : Model set to evaluation mode for generation.
14:56:40 ~ root ~ DEBUG : torch.Size([1, 15])
14:56:40 ~ root ~ DEBUG : torch.Size([1, 1, 800])
14:56:40 ~ root ~ DEBUG : torch.Size([1, 64, 10])
14:56:40 ~ root ~ DEBUG : torch.Size([1, 640])
14:56:40 ~ root ~ DEBUG : amp shape: (8190,), freq shape: (8189,)
14:56:40 ~ root ~ DEBUG : freq shape: (8189,), dt: 0.0001220703125, theta0: 0.0
14:56:40 ~ root ~ DEBUG : amp shape: (8190,), freq shape: (8189,), phase shape: (8190,)
14:56:40 ~ umamipe ~ INFO : Generated waveform from ML model with shape: (1, 2, 8190)
14:56:40 ~ umamipe ~ INFO : Waveform shapes after adding dummy element at the start: (8192,), (8192,)
14:56:40 ~ umamipe ~ INFO : Generating waveform using ML model for parameters:
14:56:40 ~ umamipe ~ INFO : Converted (a_i, tilt_i, phi_i) to (spin_i_z): 0.40310621124018553, -0.2726666796330781
14:56:40 ~ umamipe ~ INFO : Formatted parameters for waveform generation:
14:56:40 ~ umamipe ~ INFO : Final parameters for waveform generation:
14:56:40 ~ umamipe ~ INFO : Generating waveform using ML model for parameters:
14:56:40 ~ umamipe ~ INFO : Using model: None and transformed model <bound method MLWaveformGenerator.get_ml_waveform of MLWaveformGenerator(duration=1.0, sampling_frequency=8192, start_time=0.0, frequency_domain_source_model=None, time_domain_source_model=umamipe.get_ml_waveform, parameter_conversion=umamipe.convert_to_ml_parameters, waveform_arguments={'model_path': '../v0p1/trained-models/model-20251004_072338-10', 'config_path': 'modelconfig-cvae-paper-I'})>
14:56:40 ~ umamipe ~ INFO : Generating waveform using ML model for parameters:
14:56:40 ~ umamipe ~ INFO : Generating waveform using ML model for parameters:
14:56:40 ~ umamipe ~ INFO : Received parameters for waveform generation: {'geocent_time': 0.0, 'mass_1': np.float64(56.37483805749969), 'mass_2': np.float64(66.89337149870518), 'luminosity_distance': np.float64(4868.7589857891435), 'dec': np.float64(0.10954667852435636), 'ra': np.float64(4.974467135071504), 'theta_jn': np.float64(1.6922144111505124), 'psi': np.float64(1.9657029444016054), 'phase': np.float64(2.9908359612542923), 'chi_1': np.float64(0.619676210101898), 'chi_2': np.float64(0.27621117106395804), 'chi_1z': np.float64(0.40310621124018553), 'chi_2z': np.float64(-0.2726666796330781), 'spin_1z': np.float64(0.40310621124018553), 'spin_2z': np.float64(-0.2726666796330781), 'model_path': '../v0p1/trained-models/model-20251004_072338-10', 'config_path': 'modelconfig-cvae-paper-I'}
14:56:40 ~ root ~ INFO : Model set to evaluation mode for generation.
14:56:40 ~ root ~ DEBUG : torch.Size([1, 15])
14:56:40 ~ root ~ DEBUG : torch.Size([1, 1, 800])
14:56:40 ~ root ~ DEBUG : torch.Size([1, 64, 10])
14:56:40 ~ root ~ DEBUG : torch.Size([1, 640])
14:56:40 ~ root ~ DEBUG : amp shape: (8190,), freq shape: (8189,)
14:56:40 ~ root ~ DEBUG : freq shape: (8189,), dt: 0.0001220703125, theta0: 0.0
14:56:40 ~ root ~ DEBUG : amp shape: (8190,), freq shape: (8189,), phase shape: (8190,)
14:56:40 ~ umamipe ~ INFO : Generated waveform from ML model with shape: (1, 2, 8190)
14:56:40 ~ umamipe ~ INFO : Waveform shapes after adding dummy element at the start: (8192,), (8192,)
14:56:40 ~ umamipe ~ INFO : Generating waveform using ML model for parameters:
14:56:40 ~ umamipe ~ INFO : Converted (a_i, tilt_i, phi_i) to (spin_i_z): -0.7819987534417043, 0.6950170270544447
14:56:40 ~ umamipe ~ INFO : Formatted parameters for waveform generation:
14:56:40 ~ umamipe ~ INFO : Final parameters for waveform generation:
14:56:40 ~ umamipe ~ INFO : Generating waveform using ML model for parameters:
14:56:40 ~ umamipe ~ INFO : Using model: None and transformed model <bound method MLWaveformGenerator.get_ml_waveform of MLWaveformGenerator(duration=1.0, sampling_frequency=8192, start_time=0.0, frequency_domain_source_model=None, time_domain_source_model=umamipe.get_ml_waveform, parameter_conversion=umamipe.convert_to_ml_parameters, waveform_arguments={'model_path': '../v0p1/trained-models/model-20251004_072338-10', 'config_path': 'modelconfig-cvae-paper-I'})>
14:56:40 ~ umamipe ~ INFO : Generating waveform using ML model for parameters:
14:56:40 ~ umamipe ~ INFO : Generating waveform using ML model for parameters:
14:56:40 ~ umamipe ~ INFO : Received parameters for waveform generation: {'geocent_time': 0.0, 'mass_1': np.float64(51.84367458400163), 'mass_2': np.float64(68.8309038626933), 'luminosity_distance': np.float64(4807.871151607668), 'dec': np.float64(1.4717611213389667), 'ra': np.float64(4.614555009713772), 'theta_jn': np.float64(2.050681255396029), 'psi': np.float64(0.2949181117601048), 'phase': np.float64(4.722070317980865), 'chi_1': np.float64(-0.08902069525961877), 'chi_2': np.float64(0.35781217316924385), 'chi_1z': np.float64(-0.7819987534417043), 'chi_2z': np.float64(0.6950170270544447), 'spin_1z': np.float64(-0.7819987534417043), 'spin_2z': np.float64(0.6950170270544447), 'model_path': '../v0p1/trained-models/model-20251004_072338-10', 'config_path': 'modelconfig-cvae-paper-I'}
14:56:40 ~ root ~ INFO : Model set to evaluation mode for generation.
14:56:40 ~ root ~ DEBUG : torch.Size([1, 15])
14:56:40 ~ root ~ DEBUG : torch.Size([1, 1, 800])
14:56:40 ~ root ~ DEBUG : torch.Size([1, 64, 10])
14:56:40 ~ root ~ DEBUG : torch.Size([1, 640])
14:56:40 ~ root ~ DEBUG : amp shape: (8190,), freq shape: (8189,)
14:56:40 ~ root ~ DEBUG : freq shape: (8189,), dt: 0.0001220703125, theta0: 0.0
14:56:40 ~ root ~ DEBUG : amp shape: (8190,), freq shape: (8189,), phase shape: (8190,)
14:56:40 ~ umamipe ~ INFO : Generated waveform from ML model with shape: (1, 2, 8190)
14:56:40 ~ umamipe ~ INFO : Waveform shapes after adding dummy element at the start: (8192,), (8192,)
14:56:40 ~ umamipe ~ INFO : Generating waveform using ML model for parameters:
14:56:40 ~ umamipe ~ INFO : Converted (a_i, tilt_i, phi_i) to (spin_i_z): 0.4448111777091839, -0.7444125193283633
14:56:40 ~ umamipe ~ INFO : Formatted parameters for waveform generation:
14:56:40 ~ umamipe ~ INFO : Final parameters for waveform generation:
14:56:40 ~ umamipe ~ INFO : Generating waveform using ML model for parameters:
14:56:40 ~ umamipe ~ INFO : Using model: None and transformed model <bound method MLWaveformGenerator.get_ml_waveform of MLWaveformGenerator(duration=1.0, sampling_frequency=8192, start_time=0.0, frequency_domain_source_model=None, time_domain_source_model=umamipe.get_ml_waveform, parameter_conversion=umamipe.convert_to_ml_parameters, waveform_arguments={'model_path': '../v0p1/trained-models/model-20251004_072338-10', 'config_path': 'modelconfig-cvae-paper-I'})>
14:56:40 ~ umamipe ~ INFO : Generating waveform using ML model for parameters:
14:56:40 ~ umamipe ~ INFO : Generating waveform using ML model for parameters:
14:56:40 ~ umamipe ~ INFO : Received parameters for waveform generation: {'geocent_time': 0.0, 'mass_1': np.float64(51.77463781983792), 'mass_2': np.float64(35.758008981917186), 'luminosity_distance': np.float64(3736.003490168857), 'dec': np.float64(0.39420220843789355), 'ra': np.float64(4.899617326326541), 'theta_jn': np.float64(1.9863483621866818), 'psi': np.float64(1.7384797587364689), 'phase': np.float64(0.5148694955679263), 'chi_1': np.float64(0.35447115141596863), 'chi_2': np.float64(0.7461362264259608), 'chi_1z': np.float64(0.4448111777091839), 'chi_2z': np.float64(-0.7444125193283633), 'spin_1z': np.float64(0.4448111777091839), 'spin_2z': np.float64(-0.7444125193283633), 'model_path': '../v0p1/trained-models/model-20251004_072338-10', 'config_path': 'modelconfig-cvae-paper-I'}
14:56:40 ~ root ~ INFO : Model set to evaluation mode for generation.
14:56:40 ~ root ~ DEBUG : torch.Size([1, 15])
14:56:40 ~ root ~ DEBUG : torch.Size([1, 1, 800])
14:56:40 ~ root ~ DEBUG : torch.Size([1, 64, 10])
14:56:40 ~ root ~ DEBUG : torch.Size([1, 640])
14:56:40 ~ root ~ DEBUG : amp shape: (8190,), freq shape: (8189,)
14:56:40 ~ root ~ DEBUG : freq shape: (8189,), dt: 0.0001220703125, theta0: 0.0
14:56:40 ~ root ~ DEBUG : amp shape: (8190,), freq shape: (8189,), phase shape: (8190,)
14:56:40 ~ umamipe ~ INFO : Generated waveform from ML model with shape: (1, 2, 8190)
14:56:40 ~ umamipe ~ INFO : Waveform shapes after adding dummy element at the start: (8192,), (8192,)
14:56:40 ~ umamipe ~ INFO : Generating waveform using ML model for parameters:
14:56:40 ~ umamipe ~ INFO : Converted (a_i, tilt_i, phi_i) to (spin_i_z): 0.6073212109519275, -0.08599027805438964
14:56:40 ~ umamipe ~ INFO : Formatted parameters for waveform generation:
14:56:40 ~ umamipe ~ INFO : Final parameters for waveform generation:
14:56:40 ~ umamipe ~ INFO : Generating waveform using ML model for parameters:
14:56:40 ~ umamipe ~ INFO : Using model: None and transformed model <bound method MLWaveformGenerator.get_ml_waveform of MLWaveformGenerator(duration=1.0, sampling_frequency=8192, start_time=0.0, frequency_domain_source_model=None, time_domain_source_model=umamipe.get_ml_waveform, parameter_conversion=umamipe.convert_to_ml_parameters, waveform_arguments={'model_path': '../v0p1/trained-models/model-20251004_072338-10', 'config_path': 'modelconfig-cvae-paper-I'})>
14:56:40 ~ umamipe ~ INFO : Generating waveform using ML model for parameters:
14:56:40 ~ umamipe ~ INFO : Generating waveform using ML model for parameters:
14:56:40 ~ umamipe ~ INFO : Received parameters for waveform generation: {'geocent_time': 0.0, 'mass_1': np.float64(64.00640439409952), 'mass_2': np.float64(42.13384665987413), 'luminosity_distance': np.float64(4885.852529833019), 'dec': np.float64(-1.0612889311236666), 'ra': np.float64(0.5796765782916575), 'theta_jn': np.float64(0.8798596316690032), 'psi': np.float64(2.366115988355741), 'phase': np.float64(4.092898087570007), 'chi_1': np.float64(0.1590837296787024), 'chi_2': np.float64(-0.08322939165824343), 'chi_1z': np.float64(0.6073212109519275), 'chi_2z': np.float64(-0.08599027805438964), 'spin_1z': np.float64(0.6073212109519275), 'spin_2z': np.float64(-0.08599027805438964), 'model_path': '../v0p1/trained-models/model-20251004_072338-10', 'config_path': 'modelconfig-cvae-paper-I'}
14:56:40 ~ root ~ INFO : Model set to evaluation mode for generation.
14:56:40 ~ root ~ DEBUG : torch.Size([1, 15])
14:56:40 ~ root ~ DEBUG : torch.Size([1, 1, 800])
14:56:40 ~ root ~ DEBUG : torch.Size([1, 64, 10])
14:56:40 ~ root ~ DEBUG : torch.Size([1, 640])
14:56:40 ~ root ~ DEBUG : amp shape: (8190,), freq shape: (8189,)
14:56:40 ~ root ~ DEBUG : freq shape: (8189,), dt: 0.0001220703125, theta0: 0.0
14:56:40 ~ root ~ DEBUG : amp shape: (8190,), freq shape: (8189,), phase shape: (8190,)
14:56:40 ~ umamipe ~ INFO : Generated waveform from ML model with shape: (1, 2, 8190)
14:56:40 ~ umamipe ~ INFO : Waveform shapes after adding dummy element at the start: (8192,), (8192,)
14:56:40 ~ umamipe ~ INFO : Generating waveform using ML model for parameters:
14:56:40 ~ umamipe ~ INFO : Converted (a_i, tilt_i, phi_i) to (spin_i_z): -0.3746092648184114, -0.42606170898236506
14:56:40 ~ umamipe ~ INFO : Formatted parameters for waveform generation:
14:56:40 ~ umamipe ~ INFO : Final parameters for waveform generation:
14:56:40 ~ umamipe ~ INFO : Generating waveform using ML model for parameters:
14:56:40 ~ umamipe ~ INFO : Using model: None and transformed model <bound method MLWaveformGenerator.get_ml_waveform of MLWaveformGenerator(duration=1.0, sampling_frequency=8192, start_time=0.0, frequency_domain_source_model=None, time_domain_source_model=umamipe.get_ml_waveform, parameter_conversion=umamipe.convert_to_ml_parameters, waveform_arguments={'model_path': '../v0p1/trained-models/model-20251004_072338-10', 'config_path': 'modelconfig-cvae-paper-I'})>
14:56:40 ~ umamipe ~ INFO : Generating waveform using ML model for parameters:
14:56:40 ~ umamipe ~ INFO : Generating waveform using ML model for parameters:
14:56:40 ~ umamipe ~ INFO : Received parameters for waveform generation: {'geocent_time': 0.0, 'mass_1': np.float64(36.035149892289425), 'mass_2': np.float64(64.53633168000425), 'luminosity_distance': np.float64(3488.2986106168364), 'dec': np.float64(0.18792621124646663), 'ra': np.float64(2.4197854290681224), 'theta_jn': np.float64(2.0058279510429475), 'psi': np.float64(0.1117400236773981), 'phase': np.float64(3.0861483545044224), 'chi_1': np.float64(-0.03270413325613671), 'chi_2': np.float64(0.18069021779887454), 'chi_1z': np.float64(-0.3746092648184114), 'chi_2z': np.float64(-0.42606170898236506), 'spin_1z': np.float64(-0.3746092648184114), 'spin_2z': np.float64(-0.42606170898236506), 'model_path': '../v0p1/trained-models/model-20251004_072338-10', 'config_path': 'modelconfig-cvae-paper-I'}
14:56:40 ~ root ~ INFO : Model set to evaluation mode for generation.
14:56:40 ~ root ~ DEBUG : torch.Size([1, 15])
14:56:40 ~ root ~ DEBUG : torch.Size([1, 1, 800])
14:56:40 ~ root ~ DEBUG : torch.Size([1, 64, 10])
14:56:40 ~ root ~ DEBUG : torch.Size([1, 640])
14:56:40 ~ root ~ DEBUG : amp shape: (8190,), freq shape: (8189,)
14:56:40 ~ root ~ DEBUG : freq shape: (8189,), dt: 0.0001220703125, theta0: 0.0
14:56:40 ~ root ~ DEBUG : amp shape: (8190,), freq shape: (8189,), phase shape: (8190,)
14:56:40 ~ umamipe ~ INFO : Generated waveform from ML model with shape: (1, 2, 8190)
14:56:40 ~ umamipe ~ INFO : Waveform shapes after adding dummy element at the start: (8192,), (8192,)
14:56:40 ~ umamipe ~ INFO : Generating waveform using ML model for parameters:
14:56:40 ~ umamipe ~ INFO : Converted (a_i, tilt_i, phi_i) to (spin_i_z): 0.410935816789044, 0.03680732445195667
14:56:40 ~ umamipe ~ INFO : Formatted parameters for waveform generation:
14:56:40 ~ umamipe ~ INFO : Final parameters for waveform generation:
14:56:40 ~ umamipe ~ INFO : Generating waveform using ML model for parameters:
14:56:40 ~ umamipe ~ INFO : Using model: None and transformed model <bound method MLWaveformGenerator.get_ml_waveform of MLWaveformGenerator(duration=1.0, sampling_frequency=8192, start_time=0.0, frequency_domain_source_model=None, time_domain_source_model=umamipe.get_ml_waveform, parameter_conversion=umamipe.convert_to_ml_parameters, waveform_arguments={'model_path': '../v0p1/trained-models/model-20251004_072338-10', 'config_path': 'modelconfig-cvae-paper-I'})>
14:56:40 ~ umamipe ~ INFO : Generating waveform using ML model for parameters:
14:56:40 ~ umamipe ~ INFO : Generating waveform using ML model for parameters:
14:56:40 ~ umamipe ~ INFO : Received parameters for waveform generation: {'geocent_time': 0.0, 'mass_1': np.float64(44.39245217661042), 'mass_2': np.float64(51.62446157743441), 'luminosity_distance': np.float64(2188.2946354179608), 'dec': np.float64(0.37730247528357586), 'ra': np.float64(2.083574998605288), 'theta_jn': np.float64(1.4131991798246255), 'psi': np.float64(1.7517314142246547), 'phase': np.float64(2.367977563213984), 'chi_1': np.float64(0.13223162489930412), 'chi_2': np.float64(0.09144802968711638), 'chi_1z': np.float64(0.410935816789044), 'chi_2z': np.float64(0.03680732445195667), 'spin_1z': np.float64(0.410935816789044), 'spin_2z': np.float64(0.03680732445195667), 'model_path': '../v0p1/trained-models/model-20251004_072338-10', 'config_path': 'modelconfig-cvae-paper-I'}
14:56:40 ~ root ~ INFO : Model set to evaluation mode for generation.
14:56:40 ~ root ~ DEBUG : torch.Size([1, 15])
14:56:40 ~ root ~ DEBUG : torch.Size([1, 1, 800])
14:56:40 ~ root ~ DEBUG : torch.Size([1, 64, 10])
14:56:40 ~ root ~ DEBUG : torch.Size([1, 640])
14:56:40 ~ root ~ DEBUG : amp shape: (8190,), freq shape: (8189,)
14:56:40 ~ root ~ DEBUG : freq shape: (8189,), dt: 0.0001220703125, theta0: 0.0
14:56:40 ~ root ~ DEBUG : amp shape: (8190,), freq shape: (8189,), phase shape: (8190,)
14:56:40 ~ umamipe ~ INFO : Generated waveform from ML model with shape: (1, 2, 8190)
14:56:40 ~ umamipe ~ INFO : Waveform shapes after adding dummy element at the start: (8192,), (8192,)
14:56:40 ~ umamipe ~ INFO : Generating waveform using ML model for parameters:
14:56:40 ~ umamipe ~ INFO : Converted (a_i, tilt_i, phi_i) to (spin_i_z): 0.6056260582356188, 0.36078387076447127
14:56:40 ~ umamipe ~ INFO : Formatted parameters for waveform generation:
14:56:40 ~ umamipe ~ INFO : Final parameters for waveform generation:
14:56:40 ~ umamipe ~ INFO : Generating waveform using ML model for parameters:
14:56:40 ~ umamipe ~ INFO : Using model: None and transformed model <bound method MLWaveformGenerator.get_ml_waveform of MLWaveformGenerator(duration=1.0, sampling_frequency=8192, start_time=0.0, frequency_domain_source_model=None, time_domain_source_model=umamipe.get_ml_waveform, parameter_conversion=umamipe.convert_to_ml_parameters, waveform_arguments={'model_path': '../v0p1/trained-models/model-20251004_072338-10', 'config_path': 'modelconfig-cvae-paper-I'})>
14:56:40 ~ umamipe ~ INFO : Generating waveform using ML model for parameters:
14:56:40 ~ umamipe ~ INFO : Generating waveform using ML model for parameters:
14:56:40 ~ umamipe ~ INFO : Received parameters for waveform generation: {'geocent_time': 0.0, 'mass_1': np.float64(46.533983454784774), 'mass_2': np.float64(39.05074699737797), 'luminosity_distance': np.float64(3150.8831984283966), 'dec': np.float64(0.8420792879996187), 'ra': np.float64(0.7604294058435785), 'theta_jn': np.float64(0.9652680716156434), 'psi': np.float64(2.0899313453013946), 'phase': np.float64(3.6125280517991105), 'chi_1': np.float64(0.475290397267288), 'chi_2': np.float64(-0.6723884828538955), 'chi_1z': np.float64(0.6056260582356188), 'chi_2z': np.float64(0.36078387076447127), 'spin_1z': np.float64(0.6056260582356188), 'spin_2z': np.float64(0.36078387076447127), 'model_path': '../v0p1/trained-models/model-20251004_072338-10', 'config_path': 'modelconfig-cvae-paper-I'}
14:56:40 ~ root ~ INFO : Model set to evaluation mode for generation.
14:56:40 ~ root ~ DEBUG : torch.Size([1, 15])
14:56:40 ~ root ~ DEBUG : torch.Size([1, 1, 800])
14:56:40 ~ root ~ DEBUG : torch.Size([1, 64, 10])
14:56:40 ~ root ~ DEBUG : torch.Size([1, 640])
14:56:40 ~ root ~ DEBUG : amp shape: (8190,), freq shape: (8189,)
14:56:40 ~ root ~ DEBUG : freq shape: (8189,), dt: 0.0001220703125, theta0: 0.0
14:56:40 ~ root ~ DEBUG : amp shape: (8190,), freq shape: (8189,), phase shape: (8190,)
14:56:40 ~ umamipe ~ INFO : Generated waveform from ML model with shape: (1, 2, 8190)
14:56:40 ~ umamipe ~ INFO : Waveform shapes after adding dummy element at the start: (8192,), (8192,)
14:56:40 ~ umamipe ~ INFO : Generating waveform using ML model for parameters:
14:56:40 ~ umamipe ~ INFO : Converted (a_i, tilt_i, phi_i) to (spin_i_z): -0.1189068265905473, 0.39575123720375815
14:56:40 ~ umamipe ~ INFO : Formatted parameters for waveform generation:
14:56:40 ~ umamipe ~ INFO : Final parameters for waveform generation:
14:56:40 ~ umamipe ~ INFO : Generating waveform using ML model for parameters:
14:56:40 ~ umamipe ~ INFO : Using model: None and transformed model <bound method MLWaveformGenerator.get_ml_waveform of MLWaveformGenerator(duration=1.0, sampling_frequency=8192, start_time=0.0, frequency_domain_source_model=None, time_domain_source_model=umamipe.get_ml_waveform, parameter_conversion=umamipe.convert_to_ml_parameters, waveform_arguments={'model_path': '../v0p1/trained-models/model-20251004_072338-10', 'config_path': 'modelconfig-cvae-paper-I'})>
14:56:40 ~ umamipe ~ INFO : Generating waveform using ML model for parameters:
14:56:40 ~ umamipe ~ INFO : Generating waveform using ML model for parameters:
14:56:40 ~ umamipe ~ INFO : Received parameters for waveform generation: {'geocent_time': 0.0, 'mass_1': np.float64(64.89825092080687), 'mass_2': np.float64(47.04001856685819), 'luminosity_distance': np.float64(2634.1825970864566), 'dec': np.float64(-1.3304026939108495), 'ra': np.float64(4.947412560261551), 'theta_jn': np.float64(0.8272621559118886), 'psi': np.float64(0.7104057547520884), 'phase': np.float64(1.7376868231300866), 'chi_1': np.float64(0.36777377432693836), 'chi_2': np.float64(-0.14314275541084792), 'chi_1z': np.float64(-0.1189068265905473), 'chi_2z': np.float64(0.39575123720375815), 'spin_1z': np.float64(-0.1189068265905473), 'spin_2z': np.float64(0.39575123720375815), 'model_path': '../v0p1/trained-models/model-20251004_072338-10', 'config_path': 'modelconfig-cvae-paper-I'}
14:56:40 ~ root ~ INFO : Model set to evaluation mode for generation.
14:56:40 ~ root ~ DEBUG : torch.Size([1, 15])
14:56:40 ~ root ~ DEBUG : torch.Size([1, 1, 800])
14:56:40 ~ root ~ DEBUG : torch.Size([1, 64, 10])
14:56:40 ~ root ~ DEBUG : torch.Size([1, 640])
14:56:40 ~ root ~ DEBUG : amp shape: (8190,), freq shape: (8189,)
14:56:40 ~ root ~ DEBUG : freq shape: (8189,), dt: 0.0001220703125, theta0: 0.0
14:56:40 ~ root ~ DEBUG : amp shape: (8190,), freq shape: (8189,), phase shape: (8190,)
14:56:40 ~ umamipe ~ INFO : Generated waveform from ML model with shape: (1, 2, 8190)
14:56:40 ~ umamipe ~ INFO : Waveform shapes after adding dummy element at the start: (8192,), (8192,)
14:56:40 ~ umamipe ~ INFO : Generating waveform using ML model for parameters:
14:56:40 ~ umamipe ~ INFO : Converted (a_i, tilt_i, phi_i) to (spin_i_z): 0.3617067267615435, -0.7164308662250959
14:56:40 ~ umamipe ~ INFO : Formatted parameters for waveform generation:
14:56:40 ~ umamipe ~ INFO : Final parameters for waveform generation:
14:56:40 ~ umamipe ~ INFO : Generating waveform using ML model for parameters:
14:56:40 ~ umamipe ~ INFO : Using model: None and transformed model <bound method MLWaveformGenerator.get_ml_waveform of MLWaveformGenerator(duration=1.0, sampling_frequency=8192, start_time=0.0, frequency_domain_source_model=None, time_domain_source_model=umamipe.get_ml_waveform, parameter_conversion=umamipe.convert_to_ml_parameters, waveform_arguments={'model_path': '../v0p1/trained-models/model-20251004_072338-10', 'config_path': 'modelconfig-cvae-paper-I'})>
14:56:40 ~ umamipe ~ INFO : Generating waveform using ML model for parameters:
14:56:40 ~ umamipe ~ INFO : Generating waveform using ML model for parameters:
14:56:40 ~ umamipe ~ INFO : Received parameters for waveform generation: {'geocent_time': 0.0, 'mass_1': np.float64(70.15219503480017), 'mass_2': np.float64(65.60321371757155), 'luminosity_distance': np.float64(3509.032077544922), 'dec': np.float64(-1.477398615085898), 'ra': np.float64(0.9917522925612958), 'theta_jn': np.float64(1.0554979967457006), 'psi': np.float64(1.2998828247409135), 'phase': np.float64(2.2757044650244715), 'chi_1': np.float64(0.004455528793862962), 'chi_2': np.float64(-0.041832281429668945), 'chi_1z': np.float64(0.3617067267615435), 'chi_2z': np.float64(-0.7164308662250959), 'spin_1z': np.float64(0.3617067267615435), 'spin_2z': np.float64(-0.7164308662250959), 'model_path': '../v0p1/trained-models/model-20251004_072338-10', 'config_path': 'modelconfig-cvae-paper-I'}
14:56:40 ~ root ~ INFO : Model set to evaluation mode for generation.
14:56:40 ~ root ~ DEBUG : torch.Size([1, 15])
14:56:40 ~ root ~ DEBUG : torch.Size([1, 1, 800])
14:56:40 ~ root ~ DEBUG : torch.Size([1, 64, 10])
14:56:40 ~ root ~ DEBUG : torch.Size([1, 640])
14:56:40 ~ root ~ DEBUG : amp shape: (8190,), freq shape: (8189,)
14:56:40 ~ root ~ DEBUG : freq shape: (8189,), dt: 0.0001220703125, theta0: 0.0
14:56:40 ~ root ~ DEBUG : amp shape: (8190,), freq shape: (8189,), phase shape: (8190,)
14:56:40 ~ umamipe ~ INFO : Generated waveform from ML model with shape: (1, 2, 8190)
14:56:40 ~ umamipe ~ INFO : Waveform shapes after adding dummy element at the start: (8192,), (8192,)
14:56:40 ~ umamipe ~ INFO : Generating waveform using ML model for parameters:
14:56:40 ~ umamipe ~ INFO : Converted (a_i, tilt_i, phi_i) to (spin_i_z): 0.3088028966918004, -0.3606472622693584
14:56:40 ~ umamipe ~ INFO : Formatted parameters for waveform generation:
14:56:40 ~ umamipe ~ INFO : Final parameters for waveform generation:
14:56:40 ~ umamipe ~ INFO : Generating waveform using ML model for parameters:
14:56:40 ~ umamipe ~ INFO : Using model: None and transformed model <bound method MLWaveformGenerator.get_ml_waveform of MLWaveformGenerator(duration=1.0, sampling_frequency=8192, start_time=0.0, frequency_domain_source_model=None, time_domain_source_model=umamipe.get_ml_waveform, parameter_conversion=umamipe.convert_to_ml_parameters, waveform_arguments={'model_path': '../v0p1/trained-models/model-20251004_072338-10', 'config_path': 'modelconfig-cvae-paper-I'})>
14:56:40 ~ umamipe ~ INFO : Generating waveform using ML model for parameters:
14:56:40 ~ umamipe ~ INFO : Generating waveform using ML model for parameters:
14:56:40 ~ umamipe ~ INFO : Received parameters for waveform generation: {'geocent_time': 0.0, 'mass_1': np.float64(74.76276791428094), 'mass_2': np.float64(67.93764836417758), 'luminosity_distance': np.float64(2750.1526828560345), 'dec': np.float64(-0.20788999116053422), 'ra': np.float64(6.0551478366406455), 'theta_jn': np.float64(2.629270608965777), 'psi': np.float64(1.2351911850908095), 'phase': np.float64(0.374577299425583), 'chi_1': np.float64(0.7808954574748831), 'chi_2': np.float64(0.08942770406646569), 'chi_1z': np.float64(0.3088028966918004), 'chi_2z': np.float64(-0.3606472622693584), 'spin_1z': np.float64(0.3088028966918004), 'spin_2z': np.float64(-0.3606472622693584), 'model_path': '../v0p1/trained-models/model-20251004_072338-10', 'config_path': 'modelconfig-cvae-paper-I'}
14:56:40 ~ root ~ INFO : Model set to evaluation mode for generation.
14:56:40 ~ root ~ DEBUG : torch.Size([1, 15])
14:56:40 ~ root ~ DEBUG : torch.Size([1, 1, 800])
14:56:40 ~ root ~ DEBUG : torch.Size([1, 64, 10])
14:56:40 ~ root ~ DEBUG : torch.Size([1, 640])
14:56:40 ~ root ~ DEBUG : amp shape: (8190,), freq shape: (8189,)
14:56:40 ~ root ~ DEBUG : freq shape: (8189,), dt: 0.0001220703125, theta0: 0.0
14:56:40 ~ root ~ DEBUG : amp shape: (8190,), freq shape: (8189,), phase shape: (8190,)
14:56:40 ~ umamipe ~ INFO : Generated waveform from ML model with shape: (1, 2, 8190)
14:56:40 ~ umamipe ~ INFO : Waveform shapes after adding dummy element at the start: (8192,), (8192,)
14:56:40 ~ umamipe ~ INFO : Generating waveform using ML model for parameters:
14:56:40 ~ umamipe ~ INFO : Converted (a_i, tilt_i, phi_i) to (spin_i_z): -0.28642328114179083, -0.34009779604842283
14:56:40 ~ umamipe ~ INFO : Formatted parameters for waveform generation:
14:56:40 ~ umamipe ~ INFO : Final parameters for waveform generation:
14:56:40 ~ umamipe ~ INFO : Generating waveform using ML model for parameters:
14:56:40 ~ umamipe ~ INFO : Using model: None and transformed model <bound method MLWaveformGenerator.get_ml_waveform of MLWaveformGenerator(duration=1.0, sampling_frequency=8192, start_time=0.0, frequency_domain_source_model=None, time_domain_source_model=umamipe.get_ml_waveform, parameter_conversion=umamipe.convert_to_ml_parameters, waveform_arguments={'model_path': '../v0p1/trained-models/model-20251004_072338-10', 'config_path': 'modelconfig-cvae-paper-I'})>
14:56:40 ~ umamipe ~ INFO : Generating waveform using ML model for parameters:
14:56:40 ~ umamipe ~ INFO : Generating waveform using ML model for parameters:
14:56:40 ~ umamipe ~ INFO : Received parameters for waveform generation: {'geocent_time': 0.0, 'mass_1': np.float64(66.8417011384712), 'mass_2': np.float64(55.08668443610206), 'luminosity_distance': np.float64(3274.80530404621), 'dec': np.float64(0.5033970767566701), 'ra': np.float64(2.336713322546466), 'theta_jn': np.float64(1.4291326054348534), 'psi': np.float64(2.0493451706076513), 'phase': np.float64(4.018639997616464), 'chi_1': np.float64(0.6735129701052011), 'chi_2': np.float64(0.02705586357611338), 'chi_1z': np.float64(-0.28642328114179083), 'chi_2z': np.float64(-0.34009779604842283), 'spin_1z': np.float64(-0.28642328114179083), 'spin_2z': np.float64(-0.34009779604842283), 'model_path': '../v0p1/trained-models/model-20251004_072338-10', 'config_path': 'modelconfig-cvae-paper-I'}
14:56:40 ~ root ~ INFO : Model set to evaluation mode for generation.
14:56:40 ~ root ~ DEBUG : torch.Size([1, 15])
14:56:40 ~ root ~ DEBUG : torch.Size([1, 1, 800])
14:56:40 ~ root ~ DEBUG : torch.Size([1, 64, 10])
14:56:40 ~ root ~ DEBUG : torch.Size([1, 640])
14:56:40 ~ root ~ DEBUG : amp shape: (8190,), freq shape: (8189,)
14:56:40 ~ root ~ DEBUG : freq shape: (8189,), dt: 0.0001220703125, theta0: 0.0
14:56:40 ~ root ~ DEBUG : amp shape: (8190,), freq shape: (8189,), phase shape: (8190,)
14:56:40 ~ umamipe ~ INFO : Generated waveform from ML model with shape: (1, 2, 8190)
14:56:40 ~ umamipe ~ INFO : Waveform shapes after adding dummy element at the start: (8192,), (8192,)
14:56:40 ~ umamipe ~ INFO : Generating waveform using ML model for parameters:
14:56:40 ~ umamipe ~ INFO : Converted (a_i, tilt_i, phi_i) to (spin_i_z): 0.6481120425957936, 0.04217903170431825
14:56:40 ~ umamipe ~ INFO : Formatted parameters for waveform generation:
14:56:40 ~ umamipe ~ INFO : Final parameters for waveform generation:
14:56:40 ~ umamipe ~ INFO : Generating waveform using ML model for parameters:
14:56:40 ~ umamipe ~ INFO : Using model: None and transformed model <bound method MLWaveformGenerator.get_ml_waveform of MLWaveformGenerator(duration=1.0, sampling_frequency=8192, start_time=0.0, frequency_domain_source_model=None, time_domain_source_model=umamipe.get_ml_waveform, parameter_conversion=umamipe.convert_to_ml_parameters, waveform_arguments={'model_path': '../v0p1/trained-models/model-20251004_072338-10', 'config_path': 'modelconfig-cvae-paper-I'})>
14:56:40 ~ umamipe ~ INFO : Generating waveform using ML model for parameters:
14:56:40 ~ umamipe ~ INFO : Generating waveform using ML model for parameters:
14:56:40 ~ umamipe ~ INFO : Received parameters for waveform generation: {'geocent_time': 0.0, 'mass_1': np.float64(54.030855288165924), 'mass_2': np.float64(35.38015238114637), 'luminosity_distance': np.float64(3691.9687635069877), 'dec': np.float64(-0.22129181380145924), 'ra': np.float64(2.2116628719099736), 'theta_jn': np.float64(0.9083529202982578), 'psi': np.float64(1.5563869799162209), 'phase': np.float64(0.23645474334687183), 'chi_1': np.float64(0.05439883722541391), 'chi_2': np.float64(-0.14556064909750346), 'chi_1z': np.float64(0.6481120425957936), 'chi_2z': np.float64(0.04217903170431825), 'spin_1z': np.float64(0.6481120425957936), 'spin_2z': np.float64(0.04217903170431825), 'model_path': '../v0p1/trained-models/model-20251004_072338-10', 'config_path': 'modelconfig-cvae-paper-I'}
14:56:40 ~ root ~ INFO : Model set to evaluation mode for generation.
14:56:40 ~ root ~ DEBUG : torch.Size([1, 15])
14:56:40 ~ root ~ DEBUG : torch.Size([1, 1, 800])
14:56:40 ~ root ~ DEBUG : torch.Size([1, 64, 10])
14:56:40 ~ root ~ DEBUG : torch.Size([1, 640])
14:56:40 ~ root ~ DEBUG : amp shape: (8190,), freq shape: (8189,)
14:56:40 ~ root ~ DEBUG : freq shape: (8189,), dt: 0.0001220703125, theta0: 0.0
14:56:40 ~ root ~ DEBUG : amp shape: (8190,), freq shape: (8189,), phase shape: (8190,)
14:56:40 ~ umamipe ~ INFO : Generated waveform from ML model with shape: (1, 2, 8190)
14:56:40 ~ umamipe ~ INFO : Waveform shapes after adding dummy element at the start: (8192,), (8192,)
14:56:40 ~ umamipe ~ INFO : Generating waveform using ML model for parameters:
14:56:40 ~ umamipe ~ INFO : Converted (a_i, tilt_i, phi_i) to (spin_i_z): -0.6171958160375809, -0.5307096972035608
14:56:40 ~ umamipe ~ INFO : Formatted parameters for waveform generation:
14:56:40 ~ umamipe ~ INFO : Final parameters for waveform generation:
14:56:40 ~ umamipe ~ INFO : Generating waveform using ML model for parameters:
14:56:40 ~ umamipe ~ INFO : Using model: None and transformed model <bound method MLWaveformGenerator.get_ml_waveform of MLWaveformGenerator(duration=1.0, sampling_frequency=8192, start_time=0.0, frequency_domain_source_model=None, time_domain_source_model=umamipe.get_ml_waveform, parameter_conversion=umamipe.convert_to_ml_parameters, waveform_arguments={'model_path': '../v0p1/trained-models/model-20251004_072338-10', 'config_path': 'modelconfig-cvae-paper-I'})>
14:56:40 ~ umamipe ~ INFO : Generating waveform using ML model for parameters:
14:56:40 ~ umamipe ~ INFO : Generating waveform using ML model for parameters:
14:56:40 ~ umamipe ~ INFO : Received parameters for waveform generation: {'geocent_time': 0.0, 'mass_1': np.float64(65.12642566580558), 'mass_2': np.float64(68.30349881297845), 'luminosity_distance': np.float64(4632.12997362989), 'dec': np.float64(0.8349485518284367), 'ra': np.float64(1.4166618516617462), 'theta_jn': np.float64(1.1665032810163238), 'psi': np.float64(2.2240531715379306), 'phase': np.float64(3.3779559531396126), 'chi_1': np.float64(0.05587176287713861), 'chi_2': np.float64(0.11009730758187146), 'chi_1z': np.float64(-0.6171958160375809), 'chi_2z': np.float64(-0.5307096972035608), 'spin_1z': np.float64(-0.6171958160375809), 'spin_2z': np.float64(-0.5307096972035608), 'model_path': '../v0p1/trained-models/model-20251004_072338-10', 'config_path': 'modelconfig-cvae-paper-I'}
14:56:40 ~ root ~ INFO : Model set to evaluation mode for generation.
14:56:40 ~ root ~ DEBUG : torch.Size([1, 15])
14:56:40 ~ root ~ DEBUG : torch.Size([1, 1, 800])
14:56:40 ~ root ~ DEBUG : torch.Size([1, 64, 10])
14:56:40 ~ root ~ DEBUG : torch.Size([1, 640])
14:56:40 ~ root ~ DEBUG : amp shape: (8190,), freq shape: (8189,)
14:56:40 ~ root ~ DEBUG : freq shape: (8189,), dt: 0.0001220703125, theta0: 0.0
14:56:40 ~ root ~ DEBUG : amp shape: (8190,), freq shape: (8189,), phase shape: (8190,)
14:56:40 ~ umamipe ~ INFO : Generated waveform from ML model with shape: (1, 2, 8190)
14:56:40 ~ umamipe ~ INFO : Waveform shapes after adding dummy element at the start: (8192,), (8192,)
14:56:40 ~ umamipe ~ INFO : Generating waveform using ML model for parameters:
14:56:40 ~ umamipe ~ INFO : Converted (a_i, tilt_i, phi_i) to (spin_i_z): -0.6674843274311014, 0.028250612880359682
14:56:40 ~ umamipe ~ INFO : Formatted parameters for waveform generation:
14:56:40 ~ umamipe ~ INFO : Final parameters for waveform generation:
14:56:40 ~ umamipe ~ INFO : Generating waveform using ML model for parameters:
14:56:40 ~ umamipe ~ INFO : Using model: None and transformed model <bound method MLWaveformGenerator.get_ml_waveform of MLWaveformGenerator(duration=1.0, sampling_frequency=8192, start_time=0.0, frequency_domain_source_model=None, time_domain_source_model=umamipe.get_ml_waveform, parameter_conversion=umamipe.convert_to_ml_parameters, waveform_arguments={'model_path': '../v0p1/trained-models/model-20251004_072338-10', 'config_path': 'modelconfig-cvae-paper-I'})>
14:56:40 ~ umamipe ~ INFO : Generating waveform using ML model for parameters:
14:56:40 ~ umamipe ~ INFO : Generating waveform using ML model for parameters:
14:56:40 ~ umamipe ~ INFO : Received parameters for waveform generation: {'geocent_time': 0.0, 'mass_1': 42.99145855543398, 'mass_2': 52.69126685472437, 'luminosity_distance': 2216.0355845043505, 'dec': np.float64(-1.0736325431521243), 'ra': 3.139601205710598, 'theta_jn': np.float64(1.3971349828298705), 'psi': 0.10125055712868024, 'phase': 4.531896609828861, 'chi_1': 0.08182315073110893, 'chi_2': -0.503419662912872, 'chi_1z': -0.6674843274311014, 'chi_2z': 0.028250612880359682, 'spin_1z': -0.6674843274311014, 'spin_2z': 0.028250612880359682, 'model_path': '../v0p1/trained-models/model-20251004_072338-10', 'config_path': 'modelconfig-cvae-paper-I'}
14:56:40 ~ root ~ INFO : Model set to evaluation mode for generation.
14:56:40 ~ root ~ DEBUG : torch.Size([1, 15])
14:56:40 ~ root ~ DEBUG : torch.Size([1, 1, 800])
14:56:40 ~ root ~ DEBUG : torch.Size([1, 64, 10])
14:56:40 ~ root ~ DEBUG : torch.Size([1, 640])
14:56:40 ~ root ~ DEBUG : amp shape: (8190,), freq shape: (8189,)
14:56:40 ~ root ~ DEBUG : freq shape: (8189,), dt: 0.0001220703125, theta0: 0.0
14:56:40 ~ root ~ DEBUG : amp shape: (8190,), freq shape: (8189,), phase shape: (8190,)
14:56:40 ~ umamipe ~ INFO : Generated waveform from ML model with shape: (1, 2, 8190)
14:56:40 ~ umamipe ~ INFO : Waveform shapes after adding dummy element at the start: (8192,), (8192,)
14:56:40 ~ nessai.proposal.utils ~ DEBUG : Found the following external proposals: dict_keys([])
14:56:40 ~ umamipe ~ INFO : Generating waveform using ML model for parameters:
14:56:40 ~ umamipe ~ INFO : Converted (a_i, tilt_i, phi_i) to (spin_i_z): 0.45151617429278423, 0.5650655751551568
14:56:40 ~ umamipe ~ INFO : Formatted parameters for waveform generation:
14:56:40 ~ umamipe ~ INFO : Final parameters for waveform generation:
14:56:40 ~ umamipe ~ INFO : Generating waveform using ML model for parameters:
14:56:40 ~ umamipe ~ INFO : Using model: None and transformed model <bound method MLWaveformGenerator.get_ml_waveform of MLWaveformGenerator(duration=1.0, sampling_frequency=8192, start_time=0.0, frequency_domain_source_model=None, time_domain_source_model=umamipe.get_ml_waveform, parameter_conversion=umamipe.convert_to_ml_parameters, waveform_arguments={'model_path': '../v0p1/trained-models/model-20251004_072338-10', 'config_path': 'modelconfig-cvae-paper-I'})>
14:56:40 ~ umamipe ~ INFO : Generating waveform using ML model for parameters:
14:56:40 ~ umamipe ~ INFO : Generating waveform using ML model for parameters:
14:56:40 ~ umamipe ~ INFO : Received parameters for waveform generation: {'geocent_time': 0.0, 'mass_1': 52.45434972961357, 'mass_2': 63.63326379580043, 'luminosity_distance': 2953.7708842920533, 'dec': np.float64(-0.6114909271860729), 'ra': 3.0561914859970187, 'theta_jn': np.float64(1.2497852711160886), 'psi': 0.4752486698356395, 'phase': 2.9599045999016784, 'chi_1': -0.24790615218787324, 'chi_2': -0.010628522223650596, 'chi_1z': 0.45151617429278423, 'chi_2z': 0.5650655751551568, 'spin_1z': 0.45151617429278423, 'spin_2z': 0.5650655751551568, 'model_path': '../v0p1/trained-models/model-20251004_072338-10', 'config_path': 'modelconfig-cvae-paper-I'}
14:56:40 ~ root ~ INFO : Model set to evaluation mode for generation.
14:56:40 ~ root ~ DEBUG : torch.Size([1, 15])
14:56:40 ~ root ~ DEBUG : torch.Size([1, 1, 800])
14:56:40 ~ root ~ DEBUG : torch.Size([1, 64, 10])
14:56:40 ~ root ~ DEBUG : torch.Size([1, 640])
14:56:40 ~ root ~ DEBUG : amp shape: (8190,), freq shape: (8189,)
14:56:40 ~ root ~ DEBUG : freq shape: (8189,), dt: 0.0001220703125, theta0: 0.0
14:56:40 ~ root ~ DEBUG : amp shape: (8190,), freq shape: (8189,), phase shape: (8190,)
14:56:40 ~ umamipe ~ INFO : Generated waveform from ML model with shape: (1, 2, 8190)
14:56:40 ~ umamipe ~ INFO : Waveform shapes after adding dummy element at the start: (8192,), (8192,)
14:56:40 ~ umamipe ~ INFO : Generating waveform using ML model for parameters:
14:56:40 ~ umamipe ~ INFO : Converted (a_i, tilt_i, phi_i) to (spin_i_z): 0.5047318123064515, -0.10159091051065983
14:56:40 ~ umamipe ~ INFO : Formatted parameters for waveform generation:
14:56:40 ~ umamipe ~ INFO : Final parameters for waveform generation:
14:56:40 ~ umamipe ~ INFO : Generating waveform using ML model for parameters:
14:56:40 ~ umamipe ~ INFO : Using model: None and transformed model <bound method MLWaveformGenerator.get_ml_waveform of MLWaveformGenerator(duration=1.0, sampling_frequency=8192, start_time=0.0, frequency_domain_source_model=None, time_domain_source_model=umamipe.get_ml_waveform, parameter_conversion=umamipe.convert_to_ml_parameters, waveform_arguments={'model_path': '../v0p1/trained-models/model-20251004_072338-10', 'config_path': 'modelconfig-cvae-paper-I'})>
14:56:40 ~ umamipe ~ INFO : Generating waveform using ML model for parameters:
14:56:40 ~ umamipe ~ INFO : Generating waveform using ML model for parameters:
14:56:40 ~ umamipe ~ INFO : Received parameters for waveform generation: {'geocent_time': 0.0, 'mass_1': 51.83915337450078, 'mass_2': 72.94390074656377, 'luminosity_distance': 906.0401532290888, 'dec': 0.6715445389066326, 'ra': 1.0021276489132411, 'theta_jn': 1.7006973155478955, 'psi': 2.1971944116210307, 'phase': 0.8134933307922543, 'chi_1': 0.09529363749650166, 'chi_2': -0.8269664333914999, 'chi_1z': 0.5047318123064515, 'chi_2z': -0.10159091051065983, 'spin_1z': 0.5047318123064515, 'spin_2z': -0.10159091051065983, 'model_path': '../v0p1/trained-models/model-20251004_072338-10', 'config_path': 'modelconfig-cvae-paper-I'}
14:56:40 ~ root ~ INFO : Model set to evaluation mode for generation.
14:56:40 ~ root ~ DEBUG : torch.Size([1, 15])
14:56:40 ~ root ~ DEBUG : torch.Size([1, 1, 800])
14:56:40 ~ root ~ DEBUG : torch.Size([1, 64, 10])
14:56:40 ~ root ~ DEBUG : torch.Size([1, 640])
14:56:40 ~ root ~ DEBUG : amp shape: (8190,), freq shape: (8189,)
14:56:40 ~ root ~ DEBUG : freq shape: (8189,), dt: 0.0001220703125, theta0: 0.0
14:56:40 ~ root ~ DEBUG : amp shape: (8190,), freq shape: (8189,), phase shape: (8190,)
14:56:40 ~ umamipe ~ INFO : Generated waveform from ML model with shape: (1, 2, 8190)
14:56:40 ~ umamipe ~ INFO : Waveform shapes after adding dummy element at the start: (8192,), (8192,)
14:56:40 ~ umamipe ~ INFO : Generating waveform using ML model for parameters:
14:56:40 ~ umamipe ~ INFO : Generating waveform using ML model for parameters:
14:56:40 ~ umamipe ~ INFO : Generating waveform using ML model for parameters:
14:56:40 ~ umamipe ~ INFO : Generating waveform using ML model for parameters:
14:56:40 ~ umamipe ~ INFO : Generating waveform using ML model for parameters:
14:56:40 ~ umamipe ~ INFO : Generating waveform using ML model for parameters:
14:56:40 ~ umamipe ~ INFO : Generating waveform using ML model for parameters:
14:56:40 ~ umamipe ~ INFO : Generating waveform using ML model for parameters:
14:56:40 ~ umamipe ~ INFO : Generating waveform using ML model for parameters:
14:56:40 ~ umamipe ~ INFO : Generating waveform using ML model for parameters:
14:56:40 ~ umamipe ~ INFO : Generating waveform using ML model for parameters:
14:56:40 ~ umamipe ~ INFO : Generating waveform using ML model for parameters:
14:56:40 ~ umamipe ~ INFO : Generating waveform using ML model for parameters:
14:56:40 ~ umamipe ~ INFO : Generating waveform using ML model for parameters:
14:56:40 ~ umamipe ~ INFO : Generating waveform using ML model for parameters:
14:56:40 ~ umamipe ~ INFO : Generating waveform using ML model for parameters:
14:56:40 ~ nessai.model ~ WARNING : Multiprocessing pool has already been configured.
14:56:40 ~ nessai.proposal.utils ~ WARNING : Removing unused keyword arguments ({'plot_chain', 'step_type', 'generate_augment', 'step_kwargs', 'max_n_clusters', 'marginalise_augment', 'augment_dims', 'plot_history', 'n_marg', 'ensemble_fraction', 'n_accept', 'n_steps'}) from kwargs for FlowProposal. These are valid keyword arguments but correspond to other proposal classes.
14:56:40 ~ nessai.flowsampler ~ WARNING : Signal handling is disabled. nessai will not automatically checkpoint when exited.
14:56:41 ~ umamipe ~ INFO : Generating waveform using ML model for parameters:
14:56:41 ~ umamipe ~ INFO : Converted (a_i, tilt_i, phi_i) to (spin_i_z): 0.0489849834541396, 0.34333934916431974
14:56:41 ~ umamipe ~ INFO : Formatted parameters for waveform generation:
14:56:41 ~ umamipe ~ INFO : Final parameters for waveform generation:
14:56:41 ~ umamipe ~ INFO : Generating waveform using ML model for parameters:
14:56:41 ~ umamipe ~ INFO : Using model: None and transformed model <bound method MLWaveformGenerator.get_ml_waveform of MLWaveformGenerator(duration=1.0, sampling_frequency=8192, start_time=0.0, frequency_domain_source_model=None, time_domain_source_model=umamipe.get_ml_waveform, parameter_conversion=umamipe.convert_to_ml_parameters, waveform_arguments={'model_path': '../v0p1/trained-models/model-20251004_072338-10', 'config_path': 'modelconfig-cvae-paper-I'})>
14:56:41 ~ umamipe ~ INFO : Generating waveform using ML model for parameters:
14:56:41 ~ umamipe ~ INFO : Generating waveform using ML model for parameters:
14:56:41 ~ umamipe ~ INFO : Received parameters for waveform generation: {'geocent_time': 0.0, 'mass_1': 74.74306089216427, 'mass_2': 67.60456735600124, 'luminosity_distance': 4134.377368191614, 'dec': -0.29654408058354254, 'ra': 0.44985807419895724, 'theta_jn': 1.915465900396199, 'psi': 0.07006222895384594, 'phase': 2.7746603916717776, 'chi_1': -0.5715186342094591, 'chi_2': 0.025342245315999257, 'chi_1z': 0.0489849834541396, 'chi_2z': 0.34333934916431974, 'spin_1z': 0.0489849834541396, 'spin_2z': 0.34333934916431974, 'model_path': '../v0p1/trained-models/model-20251004_072338-10', 'config_path': 'modelconfig-cvae-paper-I'}
14:56:41 ~ root ~ INFO : Model set to evaluation mode for generation.
14:56:41 ~ root ~ DEBUG : torch.Size([1, 15])
14:56:41 ~ root ~ DEBUG : torch.Size([1, 1, 800])
14:56:41 ~ root ~ DEBUG : torch.Size([1, 64, 10])
14:56:41 ~ root ~ DEBUG : torch.Size([1, 640])
14:56:41 ~ root ~ DEBUG : amp shape: (8190,), freq shape: (8189,)
14:56:41 ~ root ~ DEBUG : freq shape: (8189,), dt: 0.0001220703125, theta0: 0.0
14:56:41 ~ root ~ DEBUG : amp shape: (8190,), freq shape: (8189,), phase shape: (8190,)
14:56:41 ~ umamipe ~ INFO : Generated waveform from ML model with shape: (1, 2, 8190)
14:56:41 ~ umamipe ~ INFO : Waveform shapes after adding dummy element at the start: (8192,), (8192,)
14:56:41 ~ umamipe ~ INFO : Generating waveform using ML model for parameters:
14:56:41 ~ umamipe ~ INFO : Converted (a_i, tilt_i, phi_i) to (spin_i_z): -0.7022166826234559, -0.056057489240116554
14:56:41 ~ umamipe ~ INFO : Formatted parameters for waveform generation:
14:56:41 ~ umamipe ~ INFO : Final parameters for waveform generation:
14:56:41 ~ umamipe ~ INFO : Generating waveform using ML model for parameters:
14:56:41 ~ umamipe ~ INFO : Using model: None and transformed model <bound method MLWaveformGenerator.get_ml_waveform of MLWaveformGenerator(duration=1.0, sampling_frequency=8192, start_time=0.0, frequency_domain_source_model=None, time_domain_source_model=umamipe.get_ml_waveform, parameter_conversion=umamipe.convert_to_ml_parameters, waveform_arguments={'model_path': '../v0p1/trained-models/model-20251004_072338-10', 'config_path': 'modelconfig-cvae-paper-I'})>
14:56:41 ~ umamipe ~ INFO : Generating waveform using ML model for parameters:
14:56:41 ~ umamipe ~ INFO : Generating waveform using ML model for parameters:
14:56:41 ~ umamipe ~ INFO : Received parameters for waveform generation: {'geocent_time': 0.0, 'mass_1': 40.2669885552541, 'mass_2': 40.89757783866705, 'luminosity_distance': 3072.30008647155, 'dec': 0.4175708285190069, 'ra': 0.7335774421879458, 'theta_jn': 2.452425111083921, 'psi': 0.7923476507392637, 'phase': 0.8035372584999518, 'chi_1': 0.04889561081195389, 'chi_2': -0.15604698179770293, 'chi_1z': -0.7022166826234559, 'chi_2z': -0.056057489240116554, 'spin_1z': -0.7022166826234559, 'spin_2z': -0.056057489240116554, 'model_path': '../v0p1/trained-models/model-20251004_072338-10', 'config_path': 'modelconfig-cvae-paper-I'}
14:56:41 ~ root ~ INFO : Model set to evaluation mode for generation.
14:56:41 ~ root ~ DEBUG : torch.Size([1, 15])
14:56:41 ~ root ~ DEBUG : torch.Size([1, 1, 800])
14:56:41 ~ root ~ DEBUG : torch.Size([1, 64, 10])
14:56:41 ~ root ~ DEBUG : torch.Size([1, 640])
14:56:41 ~ root ~ DEBUG : amp shape: (8190,), freq shape: (8189,)
14:56:41 ~ root ~ DEBUG : freq shape: (8189,), dt: 0.0001220703125, theta0: 0.0
14:56:41 ~ root ~ DEBUG : amp shape: (8190,), freq shape: (8189,), phase shape: (8190,)
14:56:41 ~ umamipe ~ INFO : Generated waveform from ML model with shape: (1, 2, 8190)
14:56:41 ~ umamipe ~ INFO : Waveform shapes after adding dummy element at the start: (8192,), (8192,)
14:56:41 ~ umamipe ~ INFO : Generating waveform using ML model for parameters:
14:56:41 ~ umamipe ~ INFO : Converted (a_i, tilt_i, phi_i) to (spin_i_z): -0.7037859962496582, 0.6736626248508186
14:56:41 ~ umamipe ~ INFO : Formatted parameters for waveform generation:
14:56:41 ~ umamipe ~ INFO : Final parameters for waveform generation:
14:56:41 ~ umamipe ~ INFO : Generating waveform using ML model for parameters:
14:56:41 ~ umamipe ~ INFO : Using model: None and transformed model <bound method MLWaveformGenerator.get_ml_waveform of MLWaveformGenerator(duration=1.0, sampling_frequency=8192, start_time=0.0, frequency_domain_source_model=None, time_domain_source_model=umamipe.get_ml_waveform, parameter_conversion=umamipe.convert_to_ml_parameters, waveform_arguments={'model_path': '../v0p1/trained-models/model-20251004_072338-10', 'config_path': 'modelconfig-cvae-paper-I'})>
14:56:41 ~ umamipe ~ INFO : Generating waveform using ML model for parameters:
14:56:41 ~ umamipe ~ INFO : Generating waveform using ML model for parameters:
14:56:41 ~ umamipe ~ INFO : Received parameters for waveform generation: {'geocent_time': 0.0, 'mass_1': 43.666288786444106, 'mass_2': 37.64199575185539, 'luminosity_distance': 2956.707230156243, 'dec': 0.5705967495222791, 'ra': 4.798155446621593, 'theta_jn': 1.2880145354827013, 'psi': 3.060652358092023, 'phase': 0.7909660777533598, 'chi_1': 0.3390939736702566, 'chi_2': 0.7170007839980589, 'chi_1z': -0.7037859962496582, 'chi_2z': 0.6736626248508186, 'spin_1z': -0.7037859962496582, 'spin_2z': 0.6736626248508186, 'model_path': '../v0p1/trained-models/model-20251004_072338-10', 'config_path': 'modelconfig-cvae-paper-I'}
14:56:41 ~ root ~ INFO : Model set to evaluation mode for generation.
14:56:41 ~ root ~ DEBUG : torch.Size([1, 15])
14:56:41 ~ root ~ DEBUG : torch.Size([1, 1, 800])
14:56:41 ~ root ~ DEBUG : torch.Size([1, 64, 10])
14:56:41 ~ root ~ DEBUG : torch.Size([1, 640])
14:56:41 ~ root ~ DEBUG : amp shape: (8190,), freq shape: (8189,)
14:56:41 ~ root ~ DEBUG : freq shape: (8189,), dt: 0.0001220703125, theta0: 0.0
14:56:41 ~ root ~ DEBUG : amp shape: (8190,), freq shape: (8189,), phase shape: (8190,)
14:56:41 ~ umamipe ~ INFO : Generated waveform from ML model with shape: (1, 2, 8190)
14:56:41 ~ umamipe ~ INFO : Waveform shapes after adding dummy element at the start: (8192,), (8192,)
14:56:41 ~ umamipe ~ INFO : Generating waveform using ML model for parameters:
14:56:41 ~ umamipe ~ INFO : Converted (a_i, tilt_i, phi_i) to (spin_i_z): 0.04080608279229969, -0.2799386736571945
14:56:41 ~ umamipe ~ INFO : Formatted parameters for waveform generation:
14:56:41 ~ umamipe ~ INFO : Final parameters for waveform generation:
14:56:41 ~ umamipe ~ INFO : Generating waveform using ML model for parameters:
14:56:41 ~ umamipe ~ INFO : Using model: None and transformed model <bound method MLWaveformGenerator.get_ml_waveform of MLWaveformGenerator(duration=1.0, sampling_frequency=8192, start_time=0.0, frequency_domain_source_model=None, time_domain_source_model=umamipe.get_ml_waveform, parameter_conversion=umamipe.convert_to_ml_parameters, waveform_arguments={'model_path': '../v0p1/trained-models/model-20251004_072338-10', 'config_path': 'modelconfig-cvae-paper-I'})>
14:56:41 ~ umamipe ~ INFO : Generating waveform using ML model for parameters:
14:56:41 ~ umamipe ~ INFO : Generating waveform using ML model for parameters:
14:56:41 ~ umamipe ~ INFO : Received parameters for waveform generation: {'geocent_time': 0.0, 'mass_1': 49.663244263958774, 'mass_2': 37.73498415868521, 'luminosity_distance': 4670.425666705658, 'dec': -0.1467675102881792, 'ra': 3.137742116682241, 'theta_jn': 1.7133194424280442, 'psi': 2.8481706556047093, 'phase': 3.1651518512298074, 'chi_1': 0.40685112528410977, 'chi_2': -0.29564624756035385, 'chi_1z': 0.04080608279229969, 'chi_2z': -0.2799386736571945, 'spin_1z': 0.04080608279229969, 'spin_2z': -0.2799386736571945, 'model_path': '../v0p1/trained-models/model-20251004_072338-10', 'config_path': 'modelconfig-cvae-paper-I'}
14:56:41 ~ root ~ INFO : Model set to evaluation mode for generation.
14:56:41 ~ root ~ DEBUG : torch.Size([1, 15])
14:56:41 ~ root ~ DEBUG : torch.Size([1, 1, 800])
14:56:41 ~ root ~ DEBUG : torch.Size([1, 64, 10])
14:56:41 ~ root ~ DEBUG : torch.Size([1, 640])
14:56:41 ~ root ~ DEBUG : amp shape: (8190,), freq shape: (8189,)
14:56:41 ~ root ~ DEBUG : freq shape: (8189,), dt: 0.0001220703125, theta0: 0.0
14:56:41 ~ root ~ DEBUG : amp shape: (8190,), freq shape: (8189,), phase shape: (8190,)
14:56:41 ~ umamipe ~ INFO : Generated waveform from ML model with shape: (1, 2, 8190)
14:56:41 ~ umamipe ~ INFO : Waveform shapes after adding dummy element at the start: (8192,), (8192,)
14:56:41 ~ umamipe ~ INFO : Generating waveform using ML model for parameters:
14:56:41 ~ umamipe ~ INFO : Converted (a_i, tilt_i, phi_i) to (spin_i_z): 0.420706612288676, -0.28371856510130555
14:56:41 ~ umamipe ~ INFO : Formatted parameters for waveform generation:
14:56:41 ~ umamipe ~ INFO : Final parameters for waveform generation:
14:56:41 ~ umamipe ~ INFO : Generating waveform using ML model for parameters:
14:56:41 ~ umamipe ~ INFO : Using model: None and transformed model <bound method MLWaveformGenerator.get_ml_waveform of MLWaveformGenerator(duration=1.0, sampling_frequency=8192, start_time=0.0, frequency_domain_source_model=None, time_domain_source_model=umamipe.get_ml_waveform, parameter_conversion=umamipe.convert_to_ml_parameters, waveform_arguments={'model_path': '../v0p1/trained-models/model-20251004_072338-10', 'config_path': 'modelconfig-cvae-paper-I'})>
14:56:41 ~ umamipe ~ INFO : Generating waveform using ML model for parameters:
14:56:41 ~ umamipe ~ INFO : Generating waveform using ML model for parameters:
14:56:41 ~ umamipe ~ INFO : Received parameters for waveform generation: {'geocent_time': 0.0, 'mass_1': 39.563808030012154, 'mass_2': 33.14729835518991, 'luminosity_distance': 2433.843319887798, 'dec': 0.3695302666879145, 'ra': 1.7480375468000053, 'theta_jn': 2.044535490423722, 'psi': 2.7493728125512713, 'phase': 4.362448870724455, 'chi_1': 0.25732792221277495, 'chi_2': 0.03291611828945446, 'chi_1z': 0.420706612288676, 'chi_2z': -0.28371856510130555, 'spin_1z': 0.420706612288676, 'spin_2z': -0.28371856510130555, 'model_path': '../v0p1/trained-models/model-20251004_072338-10', 'config_path': 'modelconfig-cvae-paper-I'}
14:56:41 ~ root ~ INFO : Model set to evaluation mode for generation.
14:56:41 ~ root ~ DEBUG : torch.Size([1, 15])
14:56:41 ~ root ~ DEBUG : torch.Size([1, 1, 800])
14:56:41 ~ root ~ DEBUG : torch.Size([1, 64, 10])
14:56:41 ~ root ~ DEBUG : torch.Size([1, 640])
14:56:41 ~ root ~ DEBUG : amp shape: (8190,), freq shape: (8189,)
14:56:41 ~ root ~ DEBUG : freq shape: (8189,), dt: 0.0001220703125, theta0: 0.0
14:56:41 ~ root ~ DEBUG : amp shape: (8190,), freq shape: (8189,), phase shape: (8190,)
14:56:41 ~ umamipe ~ INFO : Generated waveform from ML model with shape: (1, 2, 8190)
14:56:41 ~ umamipe ~ INFO : Waveform shapes after adding dummy element at the start: (8192,), (8192,)
14:56:41 ~ umamipe ~ INFO : Generating waveform using ML model for parameters:
14:56:41 ~ umamipe ~ INFO : Converted (a_i, tilt_i, phi_i) to (spin_i_z): -0.7379380263914137, 0.7261001316495743
14:56:41 ~ umamipe ~ INFO : Formatted parameters for waveform generation:
14:56:41 ~ umamipe ~ INFO : Final parameters for waveform generation:
14:56:41 ~ umamipe ~ INFO : Generating waveform using ML model for parameters:
14:56:41 ~ umamipe ~ INFO : Using model: None and transformed model <bound method MLWaveformGenerator.get_ml_waveform of MLWaveformGenerator(duration=1.0, sampling_frequency=8192, start_time=0.0, frequency_domain_source_model=None, time_domain_source_model=umamipe.get_ml_waveform, parameter_conversion=umamipe.convert_to_ml_parameters, waveform_arguments={'model_path': '../v0p1/trained-models/model-20251004_072338-10', 'config_path': 'modelconfig-cvae-paper-I'})>
14:56:41 ~ umamipe ~ INFO : Generating waveform using ML model for parameters:
14:56:41 ~ umamipe ~ INFO : Generating waveform using ML model for parameters:
14:56:41 ~ umamipe ~ INFO : Received parameters for waveform generation: {'geocent_time': 0.0, 'mass_1': 62.55072305478696, 'mass_2': 60.233625150906434, 'luminosity_distance': 4231.664536066616, 'dec': -0.3696351993438057, 'ra': 3.2017963862182004, 'theta_jn': 2.435296034735434, 'psi': 3.065296736640271, 'phase': 2.2615542135353333, 'chi_1': -0.004052261904278938, 'chi_2': -0.10250781270938886, 'chi_1z': -0.7379380263914137, 'chi_2z': 0.7261001316495743, 'spin_1z': -0.7379380263914137, 'spin_2z': 0.7261001316495743, 'model_path': '../v0p1/trained-models/model-20251004_072338-10', 'config_path': 'modelconfig-cvae-paper-I'}
14:56:41 ~ root ~ INFO : Model set to evaluation mode for generation.
14:56:41 ~ root ~ DEBUG : torch.Size([1, 15])
14:56:41 ~ root ~ DEBUG : torch.Size([1, 1, 800])
14:56:41 ~ root ~ DEBUG : torch.Size([1, 64, 10])
14:56:41 ~ root ~ DEBUG : torch.Size([1, 640])
14:56:41 ~ root ~ DEBUG : amp shape: (8190,), freq shape: (8189,)
14:56:41 ~ root ~ DEBUG : freq shape: (8189,), dt: 0.0001220703125, theta0: 0.0
14:56:41 ~ root ~ DEBUG : amp shape: (8190,), freq shape: (8189,), phase shape: (8190,)
14:56:41 ~ umamipe ~ INFO : Generated waveform from ML model with shape: (1, 2, 8190)
14:56:41 ~ umamipe ~ INFO : Waveform shapes after adding dummy element at the start: (8192,), (8192,)
14:56:41 ~ umamipe ~ INFO : Generating waveform using ML model for parameters:
14:56:41 ~ umamipe ~ INFO : Converted (a_i, tilt_i, phi_i) to (spin_i_z): -0.2003890934810214, 0.43735349178960226
14:56:41 ~ umamipe ~ INFO : Formatted parameters for waveform generation:
14:56:41 ~ umamipe ~ INFO : Final parameters for waveform generation:
14:56:41 ~ umamipe ~ INFO : Generating waveform using ML model for parameters:
14:56:41 ~ umamipe ~ INFO : Using model: None and transformed model <bound method MLWaveformGenerator.get_ml_waveform of MLWaveformGenerator(duration=1.0, sampling_frequency=8192, start_time=0.0, frequency_domain_source_model=None, time_domain_source_model=umamipe.get_ml_waveform, parameter_conversion=umamipe.convert_to_ml_parameters, waveform_arguments={'model_path': '../v0p1/trained-models/model-20251004_072338-10', 'config_path': 'modelconfig-cvae-paper-I'})>
14:56:41 ~ umamipe ~ INFO : Generating waveform using ML model for parameters:
14:56:41 ~ umamipe ~ INFO : Generating waveform using ML model for parameters:
14:56:41 ~ umamipe ~ INFO : Received parameters for waveform generation: {'geocent_time': 0.0, 'mass_1': 54.72155937615284, 'mass_2': 42.192674907575785, 'luminosity_distance': 1024.4528965767543, 'dec': 0.12178632977434986, 'ra': 3.6830572574790064, 'theta_jn': 1.9719603380361943, 'psi': 1.65057792852401, 'phase': 3.240267570405492, 'chi_1': -0.12701511088789086, 'chi_2': -0.2586431906932624, 'chi_1z': -0.2003890934810214, 'chi_2z': 0.43735349178960226, 'spin_1z': -0.2003890934810214, 'spin_2z': 0.43735349178960226, 'model_path': '../v0p1/trained-models/model-20251004_072338-10', 'config_path': 'modelconfig-cvae-paper-I'}
14:56:41 ~ root ~ INFO : Model set to evaluation mode for generation.
14:56:41 ~ root ~ DEBUG : torch.Size([1, 15])
14:56:41 ~ root ~ DEBUG : torch.Size([1, 1, 800])
14:56:41 ~ root ~ DEBUG : torch.Size([1, 64, 10])
14:56:41 ~ root ~ DEBUG : torch.Size([1, 640])
14:56:41 ~ root ~ DEBUG : amp shape: (8190,), freq shape: (8189,)
14:56:41 ~ root ~ DEBUG : freq shape: (8189,), dt: 0.0001220703125, theta0: 0.0
14:56:41 ~ root ~ DEBUG : amp shape: (8190,), freq shape: (8189,), phase shape: (8190,)
14:56:41 ~ umamipe ~ INFO : Generated waveform from ML model with shape: (1, 2, 8190)
14:56:41 ~ umamipe ~ INFO : Waveform shapes after adding dummy element at the start: (8192,), (8192,)
14:56:41 ~ umamipe ~ INFO : Generating waveform using ML model for parameters:
14:56:41 ~ umamipe ~ INFO : Converted (a_i, tilt_i, phi_i) to (spin_i_z): -0.3937616042262615, 0.19006909112299264
14:56:41 ~ umamipe ~ INFO : Formatted parameters for waveform generation:
14:56:41 ~ umamipe ~ INFO : Final parameters for waveform generation:
14:56:41 ~ umamipe ~ INFO : Generating waveform using ML model for parameters:
14:56:41 ~ umamipe ~ INFO : Using model: None and transformed model <bound method MLWaveformGenerator.get_ml_waveform of MLWaveformGenerator(duration=1.0, sampling_frequency=8192, start_time=0.0, frequency_domain_source_model=None, time_domain_source_model=umamipe.get_ml_waveform, parameter_conversion=umamipe.convert_to_ml_parameters, waveform_arguments={'model_path': '../v0p1/trained-models/model-20251004_072338-10', 'config_path': 'modelconfig-cvae-paper-I'})>
14:56:41 ~ umamipe ~ INFO : Generating waveform using ML model for parameters:
14:56:41 ~ umamipe ~ INFO : Generating waveform using ML model for parameters:
14:56:41 ~ umamipe ~ INFO : Received parameters for waveform generation: {'geocent_time': 0.0, 'mass_1': 35.32144998475158, 'mass_2': 58.96576333409114, 'luminosity_distance': 1031.9792818088522, 'dec': -1.152606550826942, 'ra': 1.7193840945697783, 'theta_jn': 1.2811462132165545, 'psi': 0.5965512963643665, 'phase': 5.5683872959622756, 'chi_1': -0.126449611630311, 'chi_2': -0.011482000274120333, 'chi_1z': -0.3937616042262615, 'chi_2z': 0.19006909112299264, 'spin_1z': -0.3937616042262615, 'spin_2z': 0.19006909112299264, 'model_path': '../v0p1/trained-models/model-20251004_072338-10', 'config_path': 'modelconfig-cvae-paper-I'}
14:56:41 ~ root ~ INFO : Model set to evaluation mode for generation.
14:56:41 ~ root ~ DEBUG : torch.Size([1, 15])
14:56:41 ~ root ~ DEBUG : torch.Size([1, 1, 800])
14:56:41 ~ root ~ DEBUG : torch.Size([1, 64, 10])
14:56:41 ~ root ~ DEBUG : torch.Size([1, 640])
14:56:41 ~ root ~ DEBUG : amp shape: (8190,), freq shape: (8189,)
14:56:41 ~ root ~ DEBUG : freq shape: (8189,), dt: 0.0001220703125, theta0: 0.0
14:56:41 ~ root ~ DEBUG : amp shape: (8190,), freq shape: (8189,), phase shape: (8190,)
14:56:41 ~ umamipe ~ INFO : Generated waveform from ML model with shape: (1, 2, 8190)
14:56:41 ~ umamipe ~ INFO : Waveform shapes after adding dummy element at the start: (8192,), (8192,)
14:56:41 ~ umamipe ~ INFO : Generating waveform using ML model for parameters:
14:56:41 ~ umamipe ~ INFO : Converted (a_i, tilt_i, phi_i) to (spin_i_z): -0.5078066577561553, 0.7619391861600058
14:56:41 ~ umamipe ~ INFO : Formatted parameters for waveform generation:
14:56:41 ~ umamipe ~ INFO : Final parameters for waveform generation:
14:56:41 ~ umamipe ~ INFO : Generating waveform using ML model for parameters:
14:56:41 ~ umamipe ~ INFO : Using model: None and transformed model <bound method MLWaveformGenerator.get_ml_waveform of MLWaveformGenerator(duration=1.0, sampling_frequency=8192, start_time=0.0, frequency_domain_source_model=None, time_domain_source_model=umamipe.get_ml_waveform, parameter_conversion=umamipe.convert_to_ml_parameters, waveform_arguments={'model_path': '../v0p1/trained-models/model-20251004_072338-10', 'config_path': 'modelconfig-cvae-paper-I'})>
14:56:41 ~ umamipe ~ INFO : Generating waveform using ML model for parameters:
14:56:41 ~ umamipe ~ INFO : Generating waveform using ML model for parameters:
14:56:41 ~ umamipe ~ INFO : Received parameters for waveform generation: {'geocent_time': 0.0, 'mass_1': 63.59362553890563, 'mass_2': 42.196907577739886, 'luminosity_distance': 1226.66149959405, 'dec': 0.6220819606294785, 'ra': 1.8159768706091608, 'theta_jn': 1.2052320550995914, 'psi': 1.30295580888708, 'phase': 0.24535611757554712, 'chi_1': 0.33298384232241446, 'chi_2': 0.35530936618427983, 'chi_1z': -0.5078066577561553, 'chi_2z': 0.7619391861600058, 'spin_1z': -0.5078066577561553, 'spin_2z': 0.7619391861600058, 'model_path': '../v0p1/trained-models/model-20251004_072338-10', 'config_path': 'modelconfig-cvae-paper-I'}
14:56:41 ~ root ~ INFO : Model set to evaluation mode for generation.
14:56:41 ~ root ~ DEBUG : torch.Size([1, 15])
14:56:41 ~ root ~ DEBUG : torch.Size([1, 1, 800])
14:56:41 ~ root ~ DEBUG : torch.Size([1, 64, 10])
14:56:41 ~ root ~ DEBUG : torch.Size([1, 640])
14:56:41 ~ root ~ DEBUG : amp shape: (8190,), freq shape: (8189,)
14:56:41 ~ root ~ DEBUG : freq shape: (8189,), dt: 0.0001220703125, theta0: 0.0
14:56:41 ~ root ~ DEBUG : amp shape: (8190,), freq shape: (8189,), phase shape: (8190,)
14:56:41 ~ umamipe ~ INFO : Generated waveform from ML model with shape: (1, 2, 8190)
14:56:41 ~ umamipe ~ INFO : Waveform shapes after adding dummy element at the start: (8192,), (8192,)
14:56:41 ~ umamipe ~ INFO : Generating waveform using ML model for parameters:
14:56:41 ~ umamipe ~ INFO : Converted (a_i, tilt_i, phi_i) to (spin_i_z): 0.33155383160991336, 0.4043438665762593
14:56:41 ~ umamipe ~ INFO : Formatted parameters for waveform generation:
14:56:41 ~ umamipe ~ INFO : Final parameters for waveform generation:
14:56:41 ~ umamipe ~ INFO : Generating waveform using ML model for parameters:
14:56:41 ~ umamipe ~ INFO : Using model: None and transformed model <bound method MLWaveformGenerator.get_ml_waveform of MLWaveformGenerator(duration=1.0, sampling_frequency=8192, start_time=0.0, frequency_domain_source_model=None, time_domain_source_model=umamipe.get_ml_waveform, parameter_conversion=umamipe.convert_to_ml_parameters, waveform_arguments={'model_path': '../v0p1/trained-models/model-20251004_072338-10', 'config_path': 'modelconfig-cvae-paper-I'})>
14:56:41 ~ umamipe ~ INFO : Generating waveform using ML model for parameters:
14:56:41 ~ umamipe ~ INFO : Generating waveform using ML model for parameters:
14:56:41 ~ umamipe ~ INFO : Received parameters for waveform generation: {'geocent_time': 0.0, 'mass_1': 59.766862317302355, 'mass_2': 56.68274892314197, 'luminosity_distance': 4137.857112730197, 'dec': 0.5374083365223083, 'ra': 2.6146055193740727, 'theta_jn': 1.739439646583236, 'psi': 1.8382840671662575, 'phase': 0.04907073266402498, 'chi_1': -0.8008764681216368, 'chi_2': -0.010450544855477544, 'chi_1z': 0.33155383160991336, 'chi_2z': 0.4043438665762593, 'spin_1z': 0.33155383160991336, 'spin_2z': 0.4043438665762593, 'model_path': '../v0p1/trained-models/model-20251004_072338-10', 'config_path': 'modelconfig-cvae-paper-I'}
14:56:41 ~ root ~ INFO : Model set to evaluation mode for generation.
14:56:41 ~ root ~ DEBUG : torch.Size([1, 15])
14:56:41 ~ root ~ DEBUG : torch.Size([1, 1, 800])
14:56:41 ~ root ~ DEBUG : torch.Size([1, 64, 10])
14:56:41 ~ root ~ DEBUG : torch.Size([1, 640])
14:56:41 ~ root ~ DEBUG : amp shape: (8190,), freq shape: (8189,)
14:56:41 ~ root ~ DEBUG : freq shape: (8189,), dt: 0.0001220703125, theta0: 0.0
14:56:41 ~ root ~ DEBUG : amp shape: (8190,), freq shape: (8189,), phase shape: (8190,)
14:56:41 ~ umamipe ~ INFO : Generated waveform from ML model with shape: (1, 2, 8190)
14:56:41 ~ umamipe ~ INFO : Waveform shapes after adding dummy element at the start: (8192,), (8192,)
14:56:41 ~ umamipe ~ INFO : Generating waveform using ML model for parameters:
14:56:41 ~ umamipe ~ INFO : Converted (a_i, tilt_i, phi_i) to (spin_i_z): 0.12101923496975497, -0.4141623924403517
14:56:41 ~ umamipe ~ INFO : Formatted parameters for waveform generation:
14:56:41 ~ umamipe ~ INFO : Final parameters for waveform generation:
14:56:41 ~ umamipe ~ INFO : Generating waveform using ML model for parameters:
14:56:41 ~ umamipe ~ INFO : Using model: None and transformed model <bound method MLWaveformGenerator.get_ml_waveform of MLWaveformGenerator(duration=1.0, sampling_frequency=8192, start_time=0.0, frequency_domain_source_model=None, time_domain_source_model=umamipe.get_ml_waveform, parameter_conversion=umamipe.convert_to_ml_parameters, waveform_arguments={'model_path': '../v0p1/trained-models/model-20251004_072338-10', 'config_path': 'modelconfig-cvae-paper-I'})>
14:56:41 ~ umamipe ~ INFO : Generating waveform using ML model for parameters:
14:56:41 ~ umamipe ~ INFO : Generating waveform using ML model for parameters:
14:56:41 ~ umamipe ~ INFO : Received parameters for waveform generation: {'geocent_time': 0.0, 'mass_1': 69.5011611001022, 'mass_2': 65.79580485571569, 'luminosity_distance': 2489.4048944925207, 'dec': -0.29634021762701285, 'ra': 2.465853823269841, 'theta_jn': 0.43299005210767705, 'psi': 2.569835122782251, 'phase': 1.83298245521126, 'chi_1': -0.08096160291474584, 'chi_2': -0.07592241913116192, 'chi_1z': 0.12101923496975497, 'chi_2z': -0.4141623924403517, 'spin_1z': 0.12101923496975497, 'spin_2z': -0.4141623924403517, 'model_path': '../v0p1/trained-models/model-20251004_072338-10', 'config_path': 'modelconfig-cvae-paper-I'}
14:56:41 ~ root ~ INFO : Model set to evaluation mode for generation.
14:56:41 ~ root ~ DEBUG : torch.Size([1, 15])
14:56:41 ~ root ~ DEBUG : torch.Size([1, 1, 800])
14:56:41 ~ root ~ DEBUG : torch.Size([1, 64, 10])
14:56:41 ~ root ~ DEBUG : torch.Size([1, 640])
14:56:41 ~ root ~ DEBUG : amp shape: (8190,), freq shape: (8189,)
14:56:41 ~ root ~ DEBUG : freq shape: (8189,), dt: 0.0001220703125, theta0: 0.0
14:56:41 ~ root ~ DEBUG : amp shape: (8190,), freq shape: (8189,), phase shape: (8190,)
14:56:41 ~ umamipe ~ INFO : Generated waveform from ML model with shape: (1, 2, 8190)
14:56:41 ~ umamipe ~ INFO : Waveform shapes after adding dummy element at the start: (8192,), (8192,)
14:56:42 ~ umamipe ~ INFO : Generating waveform using ML model for parameters:
14:56:42 ~ umamipe ~ INFO : Converted (a_i, tilt_i, phi_i) to (spin_i_z): -0.2576227899485899, 0.508579222208257
14:56:42 ~ umamipe ~ INFO : Formatted parameters for waveform generation:
14:56:42 ~ umamipe ~ INFO : Final parameters for waveform generation:
14:56:42 ~ umamipe ~ INFO : Generating waveform using ML model for parameters:
14:56:42 ~ umamipe ~ INFO : Using model: None and transformed model <bound method MLWaveformGenerator.get_ml_waveform of MLWaveformGenerator(duration=1.0, sampling_frequency=8192, start_time=0.0, frequency_domain_source_model=None, time_domain_source_model=umamipe.get_ml_waveform, parameter_conversion=umamipe.convert_to_ml_parameters, waveform_arguments={'model_path': '../v0p1/trained-models/model-20251004_072338-10', 'config_path': 'modelconfig-cvae-paper-I'})>
14:56:42 ~ umamipe ~ INFO : Generating waveform using ML model for parameters:
14:56:42 ~ umamipe ~ INFO : Generating waveform using ML model for parameters:
14:56:42 ~ umamipe ~ INFO : Received parameters for waveform generation: {'geocent_time': 0.0, 'mass_1': 64.56521936845917, 'mass_2': 53.06797764559319, 'luminosity_distance': 4013.08975986022, 'dec': 1.0322648388845646, 'ra': 3.554087424173043, 'theta_jn': 2.1194812798090448, 'psi': 2.107914527062236, 'phase': 0.4853206607456601, 'chi_1': -0.19333081706213365, 'chi_2': 0.5205280362361692, 'chi_1z': -0.2576227899485899, 'chi_2z': 0.508579222208257, 'spin_1z': -0.2576227899485899, 'spin_2z': 0.508579222208257, 'model_path': '../v0p1/trained-models/model-20251004_072338-10', 'config_path': 'modelconfig-cvae-paper-I'}
14:56:42 ~ root ~ INFO : Model set to evaluation mode for generation.
14:56:42 ~ root ~ DEBUG : torch.Size([1, 15])
14:56:42 ~ root ~ DEBUG : torch.Size([1, 1, 800])
14:56:42 ~ root ~ DEBUG : torch.Size([1, 64, 10])
14:56:42 ~ root ~ DEBUG : torch.Size([1, 640])
14:56:42 ~ root ~ DEBUG : amp shape: (8190,), freq shape: (8189,)
14:56:42 ~ root ~ DEBUG : freq shape: (8189,), dt: 0.0001220703125, theta0: 0.0
14:56:42 ~ root ~ DEBUG : amp shape: (8190,), freq shape: (8189,), phase shape: (8190,)
14:56:42 ~ umamipe ~ INFO : Generated waveform from ML model with shape: (1, 2, 8190)
14:56:42 ~ umamipe ~ INFO : Waveform shapes after adding dummy element at the start: (8192,), (8192,)
14:56:42 ~ umamipe ~ INFO : Generating waveform using ML model for parameters:
14:56:42 ~ umamipe ~ INFO : Converted (a_i, tilt_i, phi_i) to (spin_i_z): -0.01518739645933187, -0.47002566908810145
14:56:42 ~ umamipe ~ INFO : Formatted parameters for waveform generation:
14:56:42 ~ umamipe ~ INFO : Final parameters for waveform generation:
14:56:42 ~ umamipe ~ INFO : Generating waveform using ML model for parameters:
14:56:42 ~ umamipe ~ INFO : Using model: None and transformed model <bound method MLWaveformGenerator.get_ml_waveform of MLWaveformGenerator(duration=1.0, sampling_frequency=8192, start_time=0.0, frequency_domain_source_model=None, time_domain_source_model=umamipe.get_ml_waveform, parameter_conversion=umamipe.convert_to_ml_parameters, waveform_arguments={'model_path': '../v0p1/trained-models/model-20251004_072338-10', 'config_path': 'modelconfig-cvae-paper-I'})>
14:56:42 ~ umamipe ~ INFO : Generating waveform using ML model for parameters:
14:56:42 ~ umamipe ~ INFO : Generating waveform using ML model for parameters:
14:56:42 ~ umamipe ~ INFO : Received parameters for waveform generation: {'geocent_time': 0.0, 'mass_1': 41.42459046489475, 'mass_2': 62.262152249369656, 'luminosity_distance': 4572.768912280477, 'dec': 0.8221918545174632, 'ra': 0.5042491433843251, 'theta_jn': 0.9243714837140548, 'psi': 3.1115872189612865, 'phase': 5.2647685608646535, 'chi_1': -0.018069635446689304, 'chi_2': 0.17537682007112718, 'chi_1z': -0.01518739645933187, 'chi_2z': -0.47002566908810145, 'spin_1z': -0.01518739645933187, 'spin_2z': -0.47002566908810145, 'model_path': '../v0p1/trained-models/model-20251004_072338-10', 'config_path': 'modelconfig-cvae-paper-I'}
14:56:42 ~ root ~ INFO : Model set to evaluation mode for generation.
14:56:42 ~ root ~ DEBUG : torch.Size([1, 15])
14:56:42 ~ root ~ DEBUG : torch.Size([1, 1, 800])
14:56:42 ~ root ~ DEBUG : torch.Size([1, 64, 10])
14:56:42 ~ root ~ DEBUG : torch.Size([1, 640])
14:56:42 ~ root ~ DEBUG : amp shape: (8190,), freq shape: (8189,)
14:56:42 ~ root ~ DEBUG : freq shape: (8189,), dt: 0.0001220703125, theta0: 0.0
14:56:42 ~ root ~ DEBUG : amp shape: (8190,), freq shape: (8189,), phase shape: (8190,)
14:56:42 ~ umamipe ~ INFO : Generated waveform from ML model with shape: (1, 2, 8190)
14:56:42 ~ umamipe ~ INFO : Waveform shapes after adding dummy element at the start: (8192,), (8192,)
14:56:42 ~ umamipe ~ INFO : Generating waveform using ML model for parameters:
14:56:42 ~ umamipe ~ INFO : Converted (a_i, tilt_i, phi_i) to (spin_i_z): -0.3817890058223803, 0.1449818097639921
14:56:42 ~ umamipe ~ INFO : Formatted parameters for waveform generation:
14:56:42 ~ umamipe ~ INFO : Final parameters for waveform generation:
14:56:42 ~ umamipe ~ INFO : Generating waveform using ML model for parameters:
14:56:42 ~ umamipe ~ INFO : Using model: None and transformed model <bound method MLWaveformGenerator.get_ml_waveform of MLWaveformGenerator(duration=1.0, sampling_frequency=8192, start_time=0.0, frequency_domain_source_model=None, time_domain_source_model=umamipe.get_ml_waveform, parameter_conversion=umamipe.convert_to_ml_parameters, waveform_arguments={'model_path': '../v0p1/trained-models/model-20251004_072338-10', 'config_path': 'modelconfig-cvae-paper-I'})>
14:56:42 ~ umamipe ~ INFO : Generating waveform using ML model for parameters:
14:56:42 ~ umamipe ~ INFO : Generating waveform using ML model for parameters:
14:56:42 ~ umamipe ~ INFO : Received parameters for waveform generation: {'geocent_time': 0.0, 'mass_1': 73.49067836086937, 'mass_2': 33.73593287952407, 'luminosity_distance': 1972.9258951113204, 'dec': 0.055044962610416845, 'ra': 0.5722088006958475, 'theta_jn': 2.4720595700324184, 'psi': 1.9162629170009544, 'phase': 5.6888640804330635, 'chi_1': 0.7299840239125404, 'chi_2': 0.06161617738291721, 'chi_1z': -0.3817890058223803, 'chi_2z': 0.1449818097639921, 'spin_1z': -0.3817890058223803, 'spin_2z': 0.1449818097639921, 'model_path': '../v0p1/trained-models/model-20251004_072338-10', 'config_path': 'modelconfig-cvae-paper-I'}
14:56:42 ~ root ~ INFO : Model set to evaluation mode for generation.
14:56:42 ~ root ~ DEBUG : torch.Size([1, 15])
14:56:42 ~ root ~ DEBUG : torch.Size([1, 1, 800])
14:56:42 ~ root ~ DEBUG : torch.Size([1, 64, 10])
14:56:42 ~ root ~ DEBUG : torch.Size([1, 640])
14:56:42 ~ root ~ DEBUG : amp shape: (8190,), freq shape: (8189,)
14:56:42 ~ root ~ DEBUG : freq shape: (8189,), dt: 0.0001220703125, theta0: 0.0
14:56:42 ~ root ~ DEBUG : amp shape: (8190,), freq shape: (8189,), phase shape: (8190,)
14:56:42 ~ umamipe ~ INFO : Generated waveform from ML model with shape: (1, 2, 8190)
14:56:42 ~ umamipe ~ INFO : Waveform shapes after adding dummy element at the start: (8192,), (8192,)
14:56:42 ~ umamipe ~ INFO : Generating waveform using ML model for parameters:
14:56:42 ~ umamipe ~ INFO : Converted (a_i, tilt_i, phi_i) to (spin_i_z): -0.5421620203324709, 0.5373812636890001
14:56:42 ~ umamipe ~ INFO : Formatted parameters for waveform generation:
14:56:42 ~ umamipe ~ INFO : Final parameters for waveform generation:
14:56:42 ~ umamipe ~ INFO : Generating waveform using ML model for parameters:
14:56:42 ~ umamipe ~ INFO : Using model: None and transformed model <bound method MLWaveformGenerator.get_ml_waveform of MLWaveformGenerator(duration=1.0, sampling_frequency=8192, start_time=0.0, frequency_domain_source_model=None, time_domain_source_model=umamipe.get_ml_waveform, parameter_conversion=umamipe.convert_to_ml_parameters, waveform_arguments={'model_path': '../v0p1/trained-models/model-20251004_072338-10', 'config_path': 'modelconfig-cvae-paper-I'})>
14:56:42 ~ umamipe ~ INFO : Generating waveform using ML model for parameters:
14:56:42 ~ umamipe ~ INFO : Generating waveform using ML model for parameters:
14:56:42 ~ umamipe ~ INFO : Received parameters for waveform generation: {'geocent_time': 0.0, 'mass_1': 62.059057345112464, 'mass_2': 63.34444781911937, 'luminosity_distance': 4139.065919886835, 'dec': 1.1861034427753978, 'ra': 0.57957537973362, 'theta_jn': 1.4057453838479164, 'psi': 1.5993616943405633, 'phase': 6.123024174239087, 'chi_1': 0.16962451248196111, 'chi_2': 0.5926430488999634, 'chi_1z': -0.5421620203324709, 'chi_2z': 0.5373812636890001, 'spin_1z': -0.5421620203324709, 'spin_2z': 0.5373812636890001, 'model_path': '../v0p1/trained-models/model-20251004_072338-10', 'config_path': 'modelconfig-cvae-paper-I'}
14:56:42 ~ root ~ INFO : Model set to evaluation mode for generation.
14:56:42 ~ root ~ DEBUG : torch.Size([1, 15])
14:56:42 ~ root ~ DEBUG : torch.Size([1, 1, 800])
14:56:42 ~ root ~ DEBUG : torch.Size([1, 64, 10])
14:56:42 ~ root ~ DEBUG : torch.Size([1, 640])
14:56:42 ~ root ~ DEBUG : amp shape: (8190,), freq shape: (8189,)
14:56:42 ~ root ~ DEBUG : freq shape: (8189,), dt: 0.0001220703125, theta0: 0.0
14:56:42 ~ root ~ DEBUG : amp shape: (8190,), freq shape: (8189,), phase shape: (8190,)
14:56:42 ~ umamipe ~ INFO : Generated waveform from ML model with shape: (1, 2, 8190)
14:56:42 ~ umamipe ~ INFO : Waveform shapes after adding dummy element at the start: (8192,), (8192,)
14:56:42 ~ umamipe ~ INFO : Generating waveform using ML model for parameters:
14:56:42 ~ umamipe ~ INFO : Converted (a_i, tilt_i, phi_i) to (spin_i_z): -0.07869692677283258, 0.4691209513030363
14:56:42 ~ umamipe ~ INFO : Formatted parameters for waveform generation:
14:56:42 ~ umamipe ~ INFO : Final parameters for waveform generation:
14:56:42 ~ umamipe ~ INFO : Generating waveform using ML model for parameters:
14:56:42 ~ umamipe ~ INFO : Using model: None and transformed model <bound method MLWaveformGenerator.get_ml_waveform of MLWaveformGenerator(duration=1.0, sampling_frequency=8192, start_time=0.0, frequency_domain_source_model=None, time_domain_source_model=umamipe.get_ml_waveform, parameter_conversion=umamipe.convert_to_ml_parameters, waveform_arguments={'model_path': '../v0p1/trained-models/model-20251004_072338-10', 'config_path': 'modelconfig-cvae-paper-I'})>
14:56:42 ~ umamipe ~ INFO : Generating waveform using ML model for parameters:
14:56:42 ~ umamipe ~ INFO : Generating waveform using ML model for parameters:
14:56:42 ~ umamipe ~ INFO : Received parameters for waveform generation: {'geocent_time': 0.0, 'mass_1': 35.35956380534023, 'mass_2': 62.46563617537211, 'luminosity_distance': 2322.604514595894, 'dec': 0.1641764938677474, 'ra': 5.2476241140191355, 'theta_jn': 0.7802334482050415, 'psi': 1.8272227246167057, 'phase': 2.538244169702031, 'chi_1': -0.24176921578944785, 'chi_2': 0.35834112278217906, 'chi_1z': -0.07869692677283258, 'chi_2z': 0.4691209513030363, 'spin_1z': -0.07869692677283258, 'spin_2z': 0.4691209513030363, 'model_path': '../v0p1/trained-models/model-20251004_072338-10', 'config_path': 'modelconfig-cvae-paper-I'}
14:56:42 ~ root ~ INFO : Model set to evaluation mode for generation.
14:56:42 ~ root ~ DEBUG : torch.Size([1, 15])
14:56:42 ~ root ~ DEBUG : torch.Size([1, 1, 800])
14:56:42 ~ root ~ DEBUG : torch.Size([1, 64, 10])
14:56:42 ~ root ~ DEBUG : torch.Size([1, 640])
14:56:42 ~ root ~ DEBUG : amp shape: (8190,), freq shape: (8189,)
14:56:42 ~ root ~ DEBUG : freq shape: (8189,), dt: 0.0001220703125, theta0: 0.0
14:56:42 ~ root ~ DEBUG : amp shape: (8190,), freq shape: (8189,), phase shape: (8190,)
14:56:42 ~ umamipe ~ INFO : Generated waveform from ML model with shape: (1, 2, 8190)
14:56:42 ~ umamipe ~ INFO : Waveform shapes after adding dummy element at the start: (8192,), (8192,)
14:56:42 ~ umamipe ~ INFO : Generating waveform using ML model for parameters:
14:56:42 ~ umamipe ~ INFO : Converted (a_i, tilt_i, phi_i) to (spin_i_z): -0.4381626077358444, -0.7179683733570936
14:56:42 ~ umamipe ~ INFO : Formatted parameters for waveform generation:
14:56:42 ~ umamipe ~ INFO : Final parameters for waveform generation:
14:56:42 ~ umamipe ~ INFO : Generating waveform using ML model for parameters:
14:56:42 ~ umamipe ~ INFO : Using model: None and transformed model <bound method MLWaveformGenerator.get_ml_waveform of MLWaveformGenerator(duration=1.0, sampling_frequency=8192, start_time=0.0, frequency_domain_source_model=None, time_domain_source_model=umamipe.get_ml_waveform, parameter_conversion=umamipe.convert_to_ml_parameters, waveform_arguments={'model_path': '../v0p1/trained-models/model-20251004_072338-10', 'config_path': 'modelconfig-cvae-paper-I'})>
14:56:42 ~ umamipe ~ INFO : Generating waveform using ML model for parameters:
14:56:42 ~ umamipe ~ INFO : Generating waveform using ML model for parameters:
14:56:42 ~ umamipe ~ INFO : Received parameters for waveform generation: {'geocent_time': 0.0, 'mass_1': 50.723526784726346, 'mass_2': 37.88639877827359, 'luminosity_distance': 2038.914289102812, 'dec': -0.9222049771748807, 'ra': 4.550138365856143, 'theta_jn': 1.0379691497714283, 'psi': 2.771428004216102, 'phase': 5.946446781915109, 'chi_1': 0.6501522500268541, 'chi_2': -0.5006473450055287, 'chi_1z': -0.4381626077358444, 'chi_2z': -0.7179683733570936, 'spin_1z': -0.4381626077358444, 'spin_2z': -0.7179683733570936, 'model_path': '../v0p1/trained-models/model-20251004_072338-10', 'config_path': 'modelconfig-cvae-paper-I'}
14:56:42 ~ root ~ INFO : Model set to evaluation mode for generation.
14:56:42 ~ root ~ DEBUG : torch.Size([1, 15])
14:56:42 ~ root ~ DEBUG : torch.Size([1, 1, 800])
14:56:42 ~ root ~ DEBUG : torch.Size([1, 64, 10])
14:56:42 ~ root ~ DEBUG : torch.Size([1, 640])
14:56:42 ~ root ~ DEBUG : amp shape: (8190,), freq shape: (8189,)
14:56:42 ~ root ~ DEBUG : freq shape: (8189,), dt: 0.0001220703125, theta0: 0.0
14:56:42 ~ root ~ DEBUG : amp shape: (8190,), freq shape: (8189,), phase shape: (8190,)
14:56:42 ~ umamipe ~ INFO : Generated waveform from ML model with shape: (1, 2, 8190)
14:56:42 ~ umamipe ~ INFO : Waveform shapes after adding dummy element at the start: (8192,), (8192,)
14:56:42 ~ umamipe ~ INFO : Generating waveform using ML model for parameters:
14:56:42 ~ umamipe ~ INFO : Converted (a_i, tilt_i, phi_i) to (spin_i_z): -0.15197824982470265, -0.2125080521454662
14:56:42 ~ umamipe ~ INFO : Formatted parameters for waveform generation:
14:56:42 ~ umamipe ~ INFO : Final parameters for waveform generation:
14:56:42 ~ umamipe ~ INFO : Generating waveform using ML model for parameters:
14:56:42 ~ umamipe ~ INFO : Using model: None and transformed model <bound method MLWaveformGenerator.get_ml_waveform of MLWaveformGenerator(duration=1.0, sampling_frequency=8192, start_time=0.0, frequency_domain_source_model=None, time_domain_source_model=umamipe.get_ml_waveform, parameter_conversion=umamipe.convert_to_ml_parameters, waveform_arguments={'model_path': '../v0p1/trained-models/model-20251004_072338-10', 'config_path': 'modelconfig-cvae-paper-I'})>
14:56:42 ~ umamipe ~ INFO : Generating waveform using ML model for parameters:
14:56:42 ~ umamipe ~ INFO : Generating waveform using ML model for parameters:
14:56:42 ~ umamipe ~ INFO : Received parameters for waveform generation: {'geocent_time': 0.0, 'mass_1': 68.92787444030289, 'mass_2': 36.189283899784655, 'luminosity_distance': 2760.8258212094393, 'dec': -0.025680518915520874, 'ra': 0.8066002157838856, 'theta_jn': 2.2992871517794002, 'psi': 0.04598882467244075, 'phase': 4.413070601713601, 'chi_1': 0.11337432094801504, 'chi_2': -0.0002590000021702711, 'chi_1z': -0.15197824982470265, 'chi_2z': -0.2125080521454662, 'spin_1z': -0.15197824982470265, 'spin_2z': -0.2125080521454662, 'model_path': '../v0p1/trained-models/model-20251004_072338-10', 'config_path': 'modelconfig-cvae-paper-I'}
14:56:42 ~ root ~ INFO : Model set to evaluation mode for generation.
14:56:42 ~ root ~ DEBUG : torch.Size([1, 15])
14:56:42 ~ root ~ DEBUG : torch.Size([1, 1, 800])
14:56:42 ~ root ~ DEBUG : torch.Size([1, 64, 10])
14:56:42 ~ root ~ DEBUG : torch.Size([1, 640])
14:56:42 ~ root ~ DEBUG : amp shape: (8190,), freq shape: (8189,)
14:56:42 ~ root ~ DEBUG : freq shape: (8189,), dt: 0.0001220703125, theta0: 0.0
14:56:42 ~ root ~ DEBUG : amp shape: (8190,), freq shape: (8189,), phase shape: (8190,)
14:56:42 ~ umamipe ~ INFO : Generated waveform from ML model with shape: (1, 2, 8190)
14:56:42 ~ umamipe ~ INFO : Waveform shapes after adding dummy element at the start: (8192,), (8192,)
14:56:42 ~ umamipe ~ INFO : Generating waveform using ML model for parameters:
14:56:42 ~ umamipe ~ INFO : Converted (a_i, tilt_i, phi_i) to (spin_i_z): -0.18835949260552187, 0.5641257836441005
14:56:42 ~ umamipe ~ INFO : Formatted parameters for waveform generation:
14:56:42 ~ umamipe ~ INFO : Final parameters for waveform generation:
14:56:42 ~ umamipe ~ INFO : Generating waveform using ML model for parameters:
14:56:42 ~ umamipe ~ INFO : Using model: None and transformed model <bound method MLWaveformGenerator.get_ml_waveform of MLWaveformGenerator(duration=1.0, sampling_frequency=8192, start_time=0.0, frequency_domain_source_model=None, time_domain_source_model=umamipe.get_ml_waveform, parameter_conversion=umamipe.convert_to_ml_parameters, waveform_arguments={'model_path': '../v0p1/trained-models/model-20251004_072338-10', 'config_path': 'modelconfig-cvae-paper-I'})>
14:56:42 ~ umamipe ~ INFO : Generating waveform using ML model for parameters:
14:56:42 ~ umamipe ~ INFO : Generating waveform using ML model for parameters:
14:56:42 ~ umamipe ~ INFO : Received parameters for waveform generation: {'geocent_time': 0.0, 'mass_1': 60.04823851098163, 'mass_2': 63.691321262309536, 'luminosity_distance': 4369.112724359482, 'dec': 0.9092462160440026, 'ra': 1.9857779651860867, 'theta_jn': 1.3158008054142172, 'psi': 1.4655531708884562, 'phase': 2.6522710015460658, 'chi_1': -0.018152096936737326, 'chi_2': 0.42396959954231733, 'chi_1z': -0.18835949260552187, 'chi_2z': 0.5641257836441005, 'spin_1z': -0.18835949260552187, 'spin_2z': 0.5641257836441005, 'model_path': '../v0p1/trained-models/model-20251004_072338-10', 'config_path': 'modelconfig-cvae-paper-I'}
14:56:42 ~ root ~ INFO : Model set to evaluation mode for generation.
14:56:42 ~ root ~ DEBUG : torch.Size([1, 15])
14:56:42 ~ root ~ DEBUG : torch.Size([1, 1, 800])
14:56:42 ~ root ~ DEBUG : torch.Size([1, 64, 10])
14:56:42 ~ root ~ DEBUG : torch.Size([1, 640])
14:56:42 ~ root ~ DEBUG : amp shape: (8190,), freq shape: (8189,)
14:56:42 ~ root ~ DEBUG : freq shape: (8189,), dt: 0.0001220703125, theta0: 0.0
14:56:42 ~ root ~ DEBUG : amp shape: (8190,), freq shape: (8189,), phase shape: (8190,)
14:56:42 ~ umamipe ~ INFO : Generated waveform from ML model with shape: (1, 2, 8190)
14:56:42 ~ umamipe ~ INFO : Waveform shapes after adding dummy element at the start: (8192,), (8192,)
14:56:42 ~ umamipe ~ INFO : Generating waveform using ML model for parameters:
14:56:42 ~ umamipe ~ INFO : Converted (a_i, tilt_i, phi_i) to (spin_i_z): 0.7046801666809193, 0.5615043415572725
14:56:42 ~ umamipe ~ INFO : Formatted parameters for waveform generation:
14:56:42 ~ umamipe ~ INFO : Final parameters for waveform generation:
14:56:42 ~ umamipe ~ INFO : Generating waveform using ML model for parameters:
14:56:42 ~ umamipe ~ INFO : Using model: None and transformed model <bound method MLWaveformGenerator.get_ml_waveform of MLWaveformGenerator(duration=1.0, sampling_frequency=8192, start_time=0.0, frequency_domain_source_model=None, time_domain_source_model=umamipe.get_ml_waveform, parameter_conversion=umamipe.convert_to_ml_parameters, waveform_arguments={'model_path': '../v0p1/trained-models/model-20251004_072338-10', 'config_path': 'modelconfig-cvae-paper-I'})>
14:56:42 ~ umamipe ~ INFO : Generating waveform using ML model for parameters:
14:56:42 ~ umamipe ~ INFO : Generating waveform using ML model for parameters:
14:56:42 ~ umamipe ~ INFO : Received parameters for waveform generation: {'geocent_time': 0.0, 'mass_1': 56.36117841271856, 'mass_2': 48.72704544350373, 'luminosity_distance': 4203.23063652425, 'dec': 0.3313445531145745, 'ra': 2.742185068984683, 'theta_jn': 1.0616113492681194, 'psi': 1.2917287955646004, 'phase': 5.771276302693775, 'chi_1': 0.47547168637942, 'chi_2': -0.40826191932484374, 'chi_1z': 0.7046801666809193, 'chi_2z': 0.5615043415572725, 'spin_1z': 0.7046801666809193, 'spin_2z': 0.5615043415572725, 'model_path': '../v0p1/trained-models/model-20251004_072338-10', 'config_path': 'modelconfig-cvae-paper-I'}
14:56:42 ~ root ~ INFO : Model set to evaluation mode for generation.
14:56:42 ~ root ~ DEBUG : torch.Size([1, 15])
14:56:42 ~ root ~ DEBUG : torch.Size([1, 1, 800])
14:56:42 ~ root ~ DEBUG : torch.Size([1, 64, 10])
14:56:42 ~ root ~ DEBUG : torch.Size([1, 640])
14:56:42 ~ root ~ DEBUG : amp shape: (8190,), freq shape: (8189,)
14:56:42 ~ root ~ DEBUG : freq shape: (8189,), dt: 0.0001220703125, theta0: 0.0
14:56:42 ~ root ~ DEBUG : amp shape: (8190,), freq shape: (8189,), phase shape: (8190,)
14:56:42 ~ umamipe ~ INFO : Generated waveform from ML model with shape: (1, 2, 8190)
14:56:42 ~ umamipe ~ INFO : Waveform shapes after adding dummy element at the start: (8192,), (8192,)
14:56:42 ~ umamipe ~ INFO : Generating waveform using ML model for parameters:
14:56:42 ~ umamipe ~ INFO : Converted (a_i, tilt_i, phi_i) to (spin_i_z): -0.5010486630879702, 0.2182549191163654
14:56:42 ~ umamipe ~ INFO : Formatted parameters for waveform generation:
14:56:42 ~ umamipe ~ INFO : Final parameters for waveform generation:
14:56:42 ~ umamipe ~ INFO : Generating waveform using ML model for parameters:
14:56:42 ~ umamipe ~ INFO : Using model: None and transformed model <bound method MLWaveformGenerator.get_ml_waveform of MLWaveformGenerator(duration=1.0, sampling_frequency=8192, start_time=0.0, frequency_domain_source_model=None, time_domain_source_model=umamipe.get_ml_waveform, parameter_conversion=umamipe.convert_to_ml_parameters, waveform_arguments={'model_path': '../v0p1/trained-models/model-20251004_072338-10', 'config_path': 'modelconfig-cvae-paper-I'})>
14:56:42 ~ umamipe ~ INFO : Generating waveform using ML model for parameters:
14:56:42 ~ umamipe ~ INFO : Generating waveform using ML model for parameters:
14:56:42 ~ umamipe ~ INFO : Received parameters for waveform generation: {'geocent_time': 0.0, 'mass_1': 48.76499223333677, 'mass_2': 59.14587827786332, 'luminosity_distance': 3305.7639927467308, 'dec': 1.1321634400597467, 'ra': 0.6197461629509753, 'theta_jn': 1.0447622322932508, 'psi': 2.994935729423348, 'phase': 6.085442378774406, 'chi_1': 0.20033190813655033, 'chi_2': -0.5080650421416113, 'chi_1z': -0.5010486630879702, 'chi_2z': 0.2182549191163654, 'spin_1z': -0.5010486630879702, 'spin_2z': 0.2182549191163654, 'model_path': '../v0p1/trained-models/model-20251004_072338-10', 'config_path': 'modelconfig-cvae-paper-I'}
14:56:42 ~ root ~ INFO : Model set to evaluation mode for generation.
14:56:42 ~ root ~ DEBUG : torch.Size([1, 15])
14:56:42 ~ root ~ DEBUG : torch.Size([1, 1, 800])
14:56:42 ~ root ~ DEBUG : torch.Size([1, 64, 10])
14:56:42 ~ root ~ DEBUG : torch.Size([1, 640])
14:56:42 ~ root ~ DEBUG : amp shape: (8190,), freq shape: (8189,)
14:56:42 ~ root ~ DEBUG : freq shape: (8189,), dt: 0.0001220703125, theta0: 0.0
14:56:42 ~ root ~ DEBUG : amp shape: (8190,), freq shape: (8189,), phase shape: (8190,)
14:56:42 ~ umamipe ~ INFO : Generated waveform from ML model with shape: (1, 2, 8190)
14:56:42 ~ umamipe ~ INFO : Waveform shapes after adding dummy element at the start: (8192,), (8192,)
14:56:42 ~ umamipe ~ INFO : Generating waveform using ML model for parameters:
14:56:42 ~ umamipe ~ INFO : Converted (a_i, tilt_i, phi_i) to (spin_i_z): -0.3416922377841465, -0.6263500969350633
14:56:42 ~ umamipe ~ INFO : Formatted parameters for waveform generation:
14:56:42 ~ umamipe ~ INFO : Final parameters for waveform generation:
14:56:42 ~ umamipe ~ INFO : Generating waveform using ML model for parameters:
14:56:42 ~ umamipe ~ INFO : Using model: None and transformed model <bound method MLWaveformGenerator.get_ml_waveform of MLWaveformGenerator(duration=1.0, sampling_frequency=8192, start_time=0.0, frequency_domain_source_model=None, time_domain_source_model=umamipe.get_ml_waveform, parameter_conversion=umamipe.convert_to_ml_parameters, waveform_arguments={'model_path': '../v0p1/trained-models/model-20251004_072338-10', 'config_path': 'modelconfig-cvae-paper-I'})>
14:56:42 ~ umamipe ~ INFO : Generating waveform using ML model for parameters:
14:56:42 ~ umamipe ~ INFO : Generating waveform using ML model for parameters:
14:56:42 ~ umamipe ~ INFO : Received parameters for waveform generation: {'geocent_time': 0.0, 'mass_1': 41.16198718206336, 'mass_2': 30.40729182363011, 'luminosity_distance': 4111.690716631458, 'dec': 0.06180665691116677, 'ra': 5.277711279382587, 'theta_jn': 1.7379536360563423, 'psi': 0.5882925443815146, 'phase': 3.354792459141167, 'chi_1': 0.1612105313030616, 'chi_2': 0.3471389148727126, 'chi_1z': -0.3416922377841465, 'chi_2z': -0.6263500969350633, 'spin_1z': -0.3416922377841465, 'spin_2z': -0.6263500969350633, 'model_path': '../v0p1/trained-models/model-20251004_072338-10', 'config_path': 'modelconfig-cvae-paper-I'}
14:56:42 ~ root ~ INFO : Model set to evaluation mode for generation.
14:56:42 ~ root ~ DEBUG : torch.Size([1, 15])
14:56:42 ~ root ~ DEBUG : torch.Size([1, 1, 800])
14:56:42 ~ root ~ DEBUG : torch.Size([1, 64, 10])
14:56:42 ~ root ~ DEBUG : torch.Size([1, 640])
14:56:42 ~ root ~ DEBUG : amp shape: (8190,), freq shape: (8189,)
14:56:42 ~ root ~ DEBUG : freq shape: (8189,), dt: 0.0001220703125, theta0: 0.0
14:56:42 ~ root ~ DEBUG : amp shape: (8190,), freq shape: (8189,), phase shape: (8190,)
14:56:42 ~ umamipe ~ INFO : Generated waveform from ML model with shape: (1, 2, 8190)
14:56:42 ~ umamipe ~ INFO : Waveform shapes after adding dummy element at the start: (8192,), (8192,)
14:56:42 ~ umamipe ~ INFO : Generating waveform using ML model for parameters:
14:56:42 ~ umamipe ~ INFO : Converted (a_i, tilt_i, phi_i) to (spin_i_z): 0.46698288884779493, -0.1531723514847888
14:56:42 ~ umamipe ~ INFO : Formatted parameters for waveform generation:
14:56:42 ~ umamipe ~ INFO : Final parameters for waveform generation:
14:56:42 ~ umamipe ~ INFO : Generating waveform using ML model for parameters:
14:56:42 ~ umamipe ~ INFO : Using model: None and transformed model <bound method MLWaveformGenerator.get_ml_waveform of MLWaveformGenerator(duration=1.0, sampling_frequency=8192, start_time=0.0, frequency_domain_source_model=None, time_domain_source_model=umamipe.get_ml_waveform, parameter_conversion=umamipe.convert_to_ml_parameters, waveform_arguments={'model_path': '../v0p1/trained-models/model-20251004_072338-10', 'config_path': 'modelconfig-cvae-paper-I'})>
14:56:42 ~ umamipe ~ INFO : Generating waveform using ML model for parameters:
14:56:42 ~ umamipe ~ INFO : Generating waveform using ML model for parameters:
14:56:42 ~ umamipe ~ INFO : Received parameters for waveform generation: {'geocent_time': 0.0, 'mass_1': 57.61193195033182, 'mass_2': 38.26419887061461, 'luminosity_distance': 3032.6769024451332, 'dec': 0.9678960694526595, 'ra': 2.280396237600818, 'theta_jn': 1.062887330127298, 'psi': 0.08025662166383639, 'phase': 4.898655430469226, 'chi_1': -0.24861897504643315, 'chi_2': 0.21888736690383356, 'chi_1z': 0.46698288884779493, 'chi_2z': -0.1531723514847888, 'spin_1z': 0.46698288884779493, 'spin_2z': -0.1531723514847888, 'model_path': '../v0p1/trained-models/model-20251004_072338-10', 'config_path': 'modelconfig-cvae-paper-I'}
14:56:42 ~ root ~ INFO : Model set to evaluation mode for generation.
14:56:42 ~ root ~ DEBUG : torch.Size([1, 15])
14:56:42 ~ root ~ DEBUG : torch.Size([1, 1, 800])
14:56:42 ~ root ~ DEBUG : torch.Size([1, 64, 10])
14:56:42 ~ root ~ DEBUG : torch.Size([1, 640])
14:56:42 ~ root ~ DEBUG : amp shape: (8190,), freq shape: (8189,)
14:56:42 ~ root ~ DEBUG : freq shape: (8189,), dt: 0.0001220703125, theta0: 0.0
14:56:42 ~ root ~ DEBUG : amp shape: (8190,), freq shape: (8189,), phase shape: (8190,)
14:56:42 ~ umamipe ~ INFO : Generated waveform from ML model with shape: (1, 2, 8190)
14:56:42 ~ umamipe ~ INFO : Waveform shapes after adding dummy element at the start: (8192,), (8192,)
14:56:42 ~ umamipe ~ INFO : Generating waveform using ML model for parameters:
14:56:42 ~ umamipe ~ INFO : Converted (a_i, tilt_i, phi_i) to (spin_i_z): -0.32662018025994044, 0.7378432481464281
14:56:42 ~ umamipe ~ INFO : Formatted parameters for waveform generation:
14:56:42 ~ umamipe ~ INFO : Final parameters for waveform generation:
14:56:42 ~ umamipe ~ INFO : Generating waveform using ML model for parameters:
14:56:42 ~ umamipe ~ INFO : Using model: None and transformed model <bound method MLWaveformGenerator.get_ml_waveform of MLWaveformGenerator(duration=1.0, sampling_frequency=8192, start_time=0.0, frequency_domain_source_model=None, time_domain_source_model=umamipe.get_ml_waveform, parameter_conversion=umamipe.convert_to_ml_parameters, waveform_arguments={'model_path': '../v0p1/trained-models/model-20251004_072338-10', 'config_path': 'modelconfig-cvae-paper-I'})>
14:56:42 ~ umamipe ~ INFO : Generating waveform using ML model for parameters:
14:56:42 ~ umamipe ~ INFO : Generating waveform using ML model for parameters:
14:56:42 ~ umamipe ~ INFO : Received parameters for waveform generation: {'geocent_time': 0.0, 'mass_1': 36.92277951728844, 'mass_2': 63.5665985303944, 'luminosity_distance': 2191.426409638569, 'dec': 0.5623505133417513, 'ra': 4.212816873128684, 'theta_jn': 2.627351028833967, 'psi': 1.984486326299771, 'phase': 4.87951362784546, 'chi_1': -0.3725259881835839, 'chi_2': -0.3006371949260691, 'chi_1z': -0.32662018025994044, 'chi_2z': 0.7378432481464281, 'spin_1z': -0.32662018025994044, 'spin_2z': 0.7378432481464281, 'model_path': '../v0p1/trained-models/model-20251004_072338-10', 'config_path': 'modelconfig-cvae-paper-I'}
14:56:42 ~ root ~ INFO : Model set to evaluation mode for generation.
14:56:42 ~ root ~ DEBUG : torch.Size([1, 15])
14:56:42 ~ root ~ DEBUG : torch.Size([1, 1, 800])
14:56:42 ~ root ~ DEBUG : torch.Size([1, 64, 10])
14:56:42 ~ root ~ DEBUG : torch.Size([1, 640])
14:56:42 ~ root ~ DEBUG : amp shape: (8190,), freq shape: (8189,)
14:56:42 ~ root ~ DEBUG : freq shape: (8189,), dt: 0.0001220703125, theta0: 0.0
14:56:42 ~ root ~ DEBUG : amp shape: (8190,), freq shape: (8189,), phase shape: (8190,)
14:56:42 ~ umamipe ~ INFO : Generated waveform from ML model with shape: (1, 2, 8190)
14:56:42 ~ umamipe ~ INFO : Waveform shapes after adding dummy element at the start: (8192,), (8192,)
14:56:42 ~ umamipe ~ INFO : Generating waveform using ML model for parameters:
14:56:42 ~ umamipe ~ INFO : Converted (a_i, tilt_i, phi_i) to (spin_i_z): -0.03157916274460404, -0.6295380828624316
14:56:42 ~ umamipe ~ INFO : Formatted parameters for waveform generation:
14:56:42 ~ umamipe ~ INFO : Final parameters for waveform generation:
14:56:42 ~ umamipe ~ INFO : Generating waveform using ML model for parameters:
14:56:42 ~ umamipe ~ INFO : Using model: None and transformed model <bound method MLWaveformGenerator.get_ml_waveform of MLWaveformGenerator(duration=1.0, sampling_frequency=8192, start_time=0.0, frequency_domain_source_model=None, time_domain_source_model=umamipe.get_ml_waveform, parameter_conversion=umamipe.convert_to_ml_parameters, waveform_arguments={'model_path': '../v0p1/trained-models/model-20251004_072338-10', 'config_path': 'modelconfig-cvae-paper-I'})>
14:56:42 ~ umamipe ~ INFO : Generating waveform using ML model for parameters:
14:56:42 ~ umamipe ~ INFO : Generating waveform using ML model for parameters:
14:56:42 ~ umamipe ~ INFO : Received parameters for waveform generation: {'geocent_time': 0.0, 'mass_1': 66.44611376897944, 'mass_2': 38.94897197607464, 'luminosity_distance': 4520.699366044246, 'dec': 0.7015875877868694, 'ra': 4.033651716015875, 'theta_jn': 0.4481161813974877, 'psi': 1.9635549033616813, 'phase': 3.825417570731979, 'chi_1': 0.35975362534070193, 'chi_2': -0.2782736763572471, 'chi_1z': -0.03157916274460404, 'chi_2z': -0.6295380828624316, 'spin_1z': -0.03157916274460404, 'spin_2z': -0.6295380828624316, 'model_path': '../v0p1/trained-models/model-20251004_072338-10', 'config_path': 'modelconfig-cvae-paper-I'}
14:56:42 ~ root ~ INFO : Model set to evaluation mode for generation.
14:56:42 ~ root ~ DEBUG : torch.Size([1, 15])
14:56:42 ~ root ~ DEBUG : torch.Size([1, 1, 800])
14:56:42 ~ root ~ DEBUG : torch.Size([1, 64, 10])
14:56:42 ~ root ~ DEBUG : torch.Size([1, 640])
14:56:42 ~ root ~ DEBUG : amp shape: (8190,), freq shape: (8189,)
14:56:42 ~ root ~ DEBUG : freq shape: (8189,), dt: 0.0001220703125, theta0: 0.0
14:56:42 ~ root ~ DEBUG : amp shape: (8190,), freq shape: (8189,), phase shape: (8190,)
14:56:42 ~ umamipe ~ INFO : Generated waveform from ML model with shape: (1, 2, 8190)
14:56:42 ~ umamipe ~ INFO : Waveform shapes after adding dummy element at the start: (8192,), (8192,)
14:56:42 ~ umamipe ~ INFO : Generating waveform using ML model for parameters:
14:56:42 ~ umamipe ~ INFO : Converted (a_i, tilt_i, phi_i) to (spin_i_z): 0.41911539563191513, 0.4822453959499018
14:56:42 ~ umamipe ~ INFO : Formatted parameters for waveform generation:
14:56:42 ~ umamipe ~ INFO : Final parameters for waveform generation:
14:56:42 ~ umamipe ~ INFO : Generating waveform using ML model for parameters:
14:56:42 ~ umamipe ~ INFO : Using model: None and transformed model <bound method MLWaveformGenerator.get_ml_waveform of MLWaveformGenerator(duration=1.0, sampling_frequency=8192, start_time=0.0, frequency_domain_source_model=None, time_domain_source_model=umamipe.get_ml_waveform, parameter_conversion=umamipe.convert_to_ml_parameters, waveform_arguments={'model_path': '../v0p1/trained-models/model-20251004_072338-10', 'config_path': 'modelconfig-cvae-paper-I'})>
14:56:42 ~ umamipe ~ INFO : Generating waveform using ML model for parameters:
14:56:42 ~ umamipe ~ INFO : Generating waveform using ML model for parameters:
14:56:42 ~ umamipe ~ INFO : Received parameters for waveform generation: {'geocent_time': 0.0, 'mass_1': 39.43089375559607, 'mass_2': 33.612690441166365, 'luminosity_distance': 1192.7992602130303, 'dec': 1.3856585181682284, 'ra': 5.744724657339227, 'theta_jn': 0.8116668905257863, 'psi': 1.0032307718384819, 'phase': 2.6563783263211733, 'chi_1': 0.11229433456939718, 'chi_2': 0.30032621710802115, 'chi_1z': 0.41911539563191513, 'chi_2z': 0.4822453959499018, 'spin_1z': 0.41911539563191513, 'spin_2z': 0.4822453959499018, 'model_path': '../v0p1/trained-models/model-20251004_072338-10', 'config_path': 'modelconfig-cvae-paper-I'}
14:56:42 ~ root ~ INFO : Model set to evaluation mode for generation.
14:56:42 ~ root ~ DEBUG : torch.Size([1, 15])
14:56:42 ~ root ~ DEBUG : torch.Size([1, 1, 800])
14:56:42 ~ root ~ DEBUG : torch.Size([1, 64, 10])
14:56:42 ~ root ~ DEBUG : torch.Size([1, 640])
14:56:42 ~ root ~ DEBUG : amp shape: (8190,), freq shape: (8189,)
14:56:42 ~ root ~ DEBUG : freq shape: (8189,), dt: 0.0001220703125, theta0: 0.0
14:56:42 ~ root ~ DEBUG : amp shape: (8190,), freq shape: (8189,), phase shape: (8190,)
14:56:42 ~ umamipe ~ INFO : Generated waveform from ML model with shape: (1, 2, 8190)
14:56:42 ~ umamipe ~ INFO : Waveform shapes after adding dummy element at the start: (8192,), (8192,)
14:56:42 ~ umamipe ~ INFO : Generating waveform using ML model for parameters:
14:56:42 ~ umamipe ~ INFO : Converted (a_i, tilt_i, phi_i) to (spin_i_z): -0.7929797754815818, -0.13148669143206926
14:56:42 ~ umamipe ~ INFO : Formatted parameters for waveform generation:
14:56:42 ~ umamipe ~ INFO : Final parameters for waveform generation:
14:56:42 ~ umamipe ~ INFO : Generating waveform using ML model for parameters:
14:56:42 ~ umamipe ~ INFO : Using model: None and transformed model <bound method MLWaveformGenerator.get_ml_waveform of MLWaveformGenerator(duration=1.0, sampling_frequency=8192, start_time=0.0, frequency_domain_source_model=None, time_domain_source_model=umamipe.get_ml_waveform, parameter_conversion=umamipe.convert_to_ml_parameters, waveform_arguments={'model_path': '../v0p1/trained-models/model-20251004_072338-10', 'config_path': 'modelconfig-cvae-paper-I'})>
14:56:42 ~ umamipe ~ INFO : Generating waveform using ML model for parameters:
14:56:42 ~ umamipe ~ INFO : Generating waveform using ML model for parameters:
14:56:42 ~ umamipe ~ INFO : Received parameters for waveform generation: {'geocent_time': 0.0, 'mass_1': 35.42537781911755, 'mass_2': 37.87946573811395, 'luminosity_distance': 4699.8930182435215, 'dec': -0.40662954089578845, 'ra': 4.6617149917443195, 'theta_jn': 1.428227505689911, 'psi': 1.695675264969162, 'phase': 0.8441014722484654, 'chi_1': 0.2756918473017626, 'chi_2': -0.2370284799488902, 'chi_1z': -0.7929797754815818, 'chi_2z': -0.13148669143206926, 'spin_1z': -0.7929797754815818, 'spin_2z': -0.13148669143206926, 'model_path': '../v0p1/trained-models/model-20251004_072338-10', 'config_path': 'modelconfig-cvae-paper-I'}
14:56:42 ~ root ~ INFO : Model set to evaluation mode for generation.
14:56:42 ~ root ~ DEBUG : torch.Size([1, 15])
14:56:42 ~ root ~ DEBUG : torch.Size([1, 1, 800])
14:56:42 ~ root ~ DEBUG : torch.Size([1, 64, 10])
14:56:42 ~ root ~ DEBUG : torch.Size([1, 640])
14:56:42 ~ root ~ DEBUG : amp shape: (8190,), freq shape: (8189,)
14:56:42 ~ root ~ DEBUG : freq shape: (8189,), dt: 0.0001220703125, theta0: 0.0
14:56:42 ~ root ~ DEBUG : amp shape: (8190,), freq shape: (8189,), phase shape: (8190,)
14:56:42 ~ umamipe ~ INFO : Generated waveform from ML model with shape: (1, 2, 8190)
14:56:42 ~ umamipe ~ INFO : Waveform shapes after adding dummy element at the start: (8192,), (8192,)
14:56:42 ~ umamipe ~ INFO : Generating waveform using ML model for parameters:
14:56:42 ~ umamipe ~ INFO : Converted (a_i, tilt_i, phi_i) to (spin_i_z): 0.7304944292545805, 0.39158540465977865
14:56:42 ~ umamipe ~ INFO : Formatted parameters for waveform generation:
14:56:42 ~ umamipe ~ INFO : Final parameters for waveform generation:
14:56:42 ~ umamipe ~ INFO : Generating waveform using ML model for parameters:
14:56:42 ~ umamipe ~ INFO : Using model: None and transformed model <bound method MLWaveformGenerator.get_ml_waveform of MLWaveformGenerator(duration=1.0, sampling_frequency=8192, start_time=0.0, frequency_domain_source_model=None, time_domain_source_model=umamipe.get_ml_waveform, parameter_conversion=umamipe.convert_to_ml_parameters, waveform_arguments={'model_path': '../v0p1/trained-models/model-20251004_072338-10', 'config_path': 'modelconfig-cvae-paper-I'})>
14:56:42 ~ umamipe ~ INFO : Generating waveform using ML model for parameters:
14:56:42 ~ umamipe ~ INFO : Generating waveform using ML model for parameters:
14:56:42 ~ umamipe ~ INFO : Received parameters for waveform generation: {'geocent_time': 0.0, 'mass_1': 33.241315373595626, 'mass_2': 67.45806978857061, 'luminosity_distance': 4350.849364442282, 'dec': 0.25900012228579433, 'ra': 0.2163264108239622, 'theta_jn': 0.9478292276510571, 'psi': 1.8745103563314744, 'phase': 6.270320906188979, 'chi_1': 0.20397530798917815, 'chi_2': -0.3414441121405926, 'chi_1z': 0.7304944292545805, 'chi_2z': 0.39158540465977865, 'spin_1z': 0.7304944292545805, 'spin_2z': 0.39158540465977865, 'model_path': '../v0p1/trained-models/model-20251004_072338-10', 'config_path': 'modelconfig-cvae-paper-I'}
14:56:42 ~ root ~ INFO : Model set to evaluation mode for generation.
14:56:42 ~ root ~ DEBUG : torch.Size([1, 15])
14:56:42 ~ root ~ DEBUG : torch.Size([1, 1, 800])
14:56:42 ~ root ~ DEBUG : torch.Size([1, 64, 10])
14:56:42 ~ root ~ DEBUG : torch.Size([1, 640])
14:56:42 ~ root ~ DEBUG : amp shape: (8190,), freq shape: (8189,)
14:56:42 ~ root ~ DEBUG : freq shape: (8189,), dt: 0.0001220703125, theta0: 0.0
14:56:42 ~ root ~ DEBUG : amp shape: (8190,), freq shape: (8189,), phase shape: (8190,)
14:56:42 ~ umamipe ~ INFO : Generated waveform from ML model with shape: (1, 2, 8190)
14:56:42 ~ umamipe ~ INFO : Waveform shapes after adding dummy element at the start: (8192,), (8192,)
14:56:42 ~ umamipe ~ INFO : Generating waveform using ML model for parameters:
14:56:42 ~ umamipe ~ INFO : Converted (a_i, tilt_i, phi_i) to (spin_i_z): -0.05946712739255933, -0.7131019517104648
14:56:42 ~ umamipe ~ INFO : Formatted parameters for waveform generation:
14:56:42 ~ umamipe ~ INFO : Final parameters for waveform generation:
14:56:42 ~ umamipe ~ INFO : Generating waveform using ML model for parameters:
14:56:42 ~ umamipe ~ INFO : Using model: None and transformed model <bound method MLWaveformGenerator.get_ml_waveform of MLWaveformGenerator(duration=1.0, sampling_frequency=8192, start_time=0.0, frequency_domain_source_model=None, time_domain_source_model=umamipe.get_ml_waveform, parameter_conversion=umamipe.convert_to_ml_parameters, waveform_arguments={'model_path': '../v0p1/trained-models/model-20251004_072338-10', 'config_path': 'modelconfig-cvae-paper-I'})>
14:56:42 ~ umamipe ~ INFO : Generating waveform using ML model for parameters:
14:56:42 ~ umamipe ~ INFO : Generating waveform using ML model for parameters:
14:56:42 ~ umamipe ~ INFO : Received parameters for waveform generation: {'geocent_time': 0.0, 'mass_1': 66.67096921715181, 'mass_2': 45.593876850097246, 'luminosity_distance': 4142.109226484985, 'dec': -0.5087599207256613, 'ra': 0.9743297350908549, 'theta_jn': 2.16185886402258, 'psi': 1.1091056015410146, 'phase': 0.4502832153359512, 'chi_1': 0.4416622935810016, 'chi_2': 0.45274934820458124, 'chi_1z': -0.05946712739255933, 'chi_2z': -0.7131019517104648, 'spin_1z': -0.05946712739255933, 'spin_2z': -0.7131019517104648, 'model_path': '../v0p1/trained-models/model-20251004_072338-10', 'config_path': 'modelconfig-cvae-paper-I'}
14:56:42 ~ root ~ INFO : Model set to evaluation mode for generation.
14:56:42 ~ root ~ DEBUG : torch.Size([1, 15])
14:56:42 ~ root ~ DEBUG : torch.Size([1, 1, 800])
14:56:42 ~ root ~ DEBUG : torch.Size([1, 64, 10])
14:56:42 ~ root ~ DEBUG : torch.Size([1, 640])
14:56:42 ~ root ~ DEBUG : amp shape: (8190,), freq shape: (8189,)
14:56:42 ~ root ~ DEBUG : freq shape: (8189,), dt: 0.0001220703125, theta0: 0.0
14:56:42 ~ root ~ DEBUG : amp shape: (8190,), freq shape: (8189,), phase shape: (8190,)
14:56:42 ~ umamipe ~ INFO : Generated waveform from ML model with shape: (1, 2, 8190)
14:56:42 ~ umamipe ~ INFO : Waveform shapes after adding dummy element at the start: (8192,), (8192,)
14:56:42 ~ umamipe ~ INFO : Generating waveform using ML model for parameters:
14:56:42 ~ umamipe ~ INFO : Converted (a_i, tilt_i, phi_i) to (spin_i_z): 0.4151196136181263, -0.7834968445310022
14:56:42 ~ umamipe ~ INFO : Formatted parameters for waveform generation:
14:56:42 ~ umamipe ~ INFO : Final parameters for waveform generation:
14:56:42 ~ umamipe ~ INFO : Generating waveform using ML model for parameters:
14:56:42 ~ umamipe ~ INFO : Using model: None and transformed model <bound method MLWaveformGenerator.get_ml_waveform of MLWaveformGenerator(duration=1.0, sampling_frequency=8192, start_time=0.0, frequency_domain_source_model=None, time_domain_source_model=umamipe.get_ml_waveform, parameter_conversion=umamipe.convert_to_ml_parameters, waveform_arguments={'model_path': '../v0p1/trained-models/model-20251004_072338-10', 'config_path': 'modelconfig-cvae-paper-I'})>
14:56:42 ~ umamipe ~ INFO : Generating waveform using ML model for parameters:
14:56:42 ~ umamipe ~ INFO : Generating waveform using ML model for parameters:
14:56:42 ~ umamipe ~ INFO : Received parameters for waveform generation: {'geocent_time': 0.0, 'mass_1': 51.05095688867602, 'mass_2': 53.85339897210747, 'luminosity_distance': 3626.6732022907768, 'dec': 0.7863728185077069, 'ra': 2.7952734746818226, 'theta_jn': 2.555457861756458, 'psi': 1.321076679827498, 'phase': 0.8473490776871344, 'chi_1': -0.06664458375851208, 'chi_2': 0.25730305416214194, 'chi_1z': 0.4151196136181263, 'chi_2z': -0.7834968445310022, 'spin_1z': 0.4151196136181263, 'spin_2z': -0.7834968445310022, 'model_path': '../v0p1/trained-models/model-20251004_072338-10', 'config_path': 'modelconfig-cvae-paper-I'}
14:56:42 ~ root ~ INFO : Model set to evaluation mode for generation.
14:56:42 ~ root ~ DEBUG : torch.Size([1, 15])
14:56:42 ~ root ~ DEBUG : torch.Size([1, 1, 800])
14:56:42 ~ root ~ DEBUG : torch.Size([1, 64, 10])
14:56:42 ~ root ~ DEBUG : torch.Size([1, 640])
14:56:42 ~ root ~ DEBUG : amp shape: (8190,), freq shape: (8189,)
14:56:42 ~ root ~ DEBUG : freq shape: (8189,), dt: 0.0001220703125, theta0: 0.0
14:56:42 ~ root ~ DEBUG : amp shape: (8190,), freq shape: (8189,), phase shape: (8190,)
14:56:42 ~ umamipe ~ INFO : Generated waveform from ML model with shape: (1, 2, 8190)
14:56:42 ~ umamipe ~ INFO : Waveform shapes after adding dummy element at the start: (8192,), (8192,)
14:56:42 ~ umamipe ~ INFO : Generating waveform using ML model for parameters:
14:56:42 ~ umamipe ~ INFO : Converted (a_i, tilt_i, phi_i) to (spin_i_z): 0.6732916167250262, -0.3189945189460646
14:56:42 ~ umamipe ~ INFO : Formatted parameters for waveform generation:
14:56:42 ~ umamipe ~ INFO : Final parameters for waveform generation:
14:56:42 ~ umamipe ~ INFO : Generating waveform using ML model for parameters:
14:56:42 ~ umamipe ~ INFO : Using model: None and transformed model <bound method MLWaveformGenerator.get_ml_waveform of MLWaveformGenerator(duration=1.0, sampling_frequency=8192, start_time=0.0, frequency_domain_source_model=None, time_domain_source_model=umamipe.get_ml_waveform, parameter_conversion=umamipe.convert_to_ml_parameters, waveform_arguments={'model_path': '../v0p1/trained-models/model-20251004_072338-10', 'config_path': 'modelconfig-cvae-paper-I'})>
14:56:42 ~ umamipe ~ INFO : Generating waveform using ML model for parameters:
14:56:42 ~ umamipe ~ INFO : Generating waveform using ML model for parameters:
14:56:42 ~ umamipe ~ INFO : Received parameters for waveform generation: {'geocent_time': 0.0, 'mass_1': 47.939785083576076, 'mass_2': 55.98731552653519, 'luminosity_distance': 4417.486381715803, 'dec': 0.17260653381968324, 'ra': 0.5844610929662569, 'theta_jn': 1.772532497527636, 'psi': 0.4454699072249344, 'phase': 2.354860372484786, 'chi_1': -0.08620014284933661, 'chi_2': -0.047090286250806426, 'chi_1z': 0.6732916167250262, 'chi_2z': -0.3189945189460646, 'spin_1z': 0.6732916167250262, 'spin_2z': -0.3189945189460646, 'model_path': '../v0p1/trained-models/model-20251004_072338-10', 'config_path': 'modelconfig-cvae-paper-I'}
14:56:42 ~ root ~ INFO : Model set to evaluation mode for generation.
14:56:42 ~ root ~ DEBUG : torch.Size([1, 15])
14:56:42 ~ root ~ DEBUG : torch.Size([1, 1, 800])
14:56:42 ~ root ~ DEBUG : torch.Size([1, 64, 10])
14:56:42 ~ root ~ DEBUG : torch.Size([1, 640])
14:56:42 ~ root ~ DEBUG : amp shape: (8190,), freq shape: (8189,)
14:56:42 ~ root ~ DEBUG : freq shape: (8189,), dt: 0.0001220703125, theta0: 0.0
14:56:42 ~ root ~ DEBUG : amp shape: (8190,), freq shape: (8189,), phase shape: (8190,)
14:56:42 ~ umamipe ~ INFO : Generated waveform from ML model with shape: (1, 2, 8190)
14:56:42 ~ umamipe ~ INFO : Waveform shapes after adding dummy element at the start: (8192,), (8192,)
14:56:42 ~ umamipe ~ INFO : Generating waveform using ML model for parameters:
14:56:42 ~ umamipe ~ INFO : Converted (a_i, tilt_i, phi_i) to (spin_i_z): 0.602886719848899, 0.5922875707740285
14:56:42 ~ umamipe ~ INFO : Formatted parameters for waveform generation:
14:56:42 ~ umamipe ~ INFO : Final parameters for waveform generation:
14:56:42 ~ umamipe ~ INFO : Generating waveform using ML model for parameters:
14:56:42 ~ umamipe ~ INFO : Using model: None and transformed model <bound method MLWaveformGenerator.get_ml_waveform of MLWaveformGenerator(duration=1.0, sampling_frequency=8192, start_time=0.0, frequency_domain_source_model=None, time_domain_source_model=umamipe.get_ml_waveform, parameter_conversion=umamipe.convert_to_ml_parameters, waveform_arguments={'model_path': '../v0p1/trained-models/model-20251004_072338-10', 'config_path': 'modelconfig-cvae-paper-I'})>
14:56:42 ~ umamipe ~ INFO : Generating waveform using ML model for parameters:
14:56:42 ~ umamipe ~ INFO : Generating waveform using ML model for parameters:
14:56:42 ~ umamipe ~ INFO : Received parameters for waveform generation: {'geocent_time': 0.0, 'mass_1': 53.45349848899855, 'mass_2': 46.76874080410613, 'luminosity_distance': 914.74054733883, 'dec': -0.7053889825772999, 'ra': 2.461940927359423, 'theta_jn': 2.357513117924669, 'psi': 2.422246475121638, 'phase': 2.5041619923905967, 'chi_1': -0.20071222261889085, 'chi_2': 0.06779425357321078, 'chi_1z': 0.602886719848899, 'chi_2z': 0.5922875707740285, 'spin_1z': 0.602886719848899, 'spin_2z': 0.5922875707740285, 'model_path': '../v0p1/trained-models/model-20251004_072338-10', 'config_path': 'modelconfig-cvae-paper-I'}
14:56:42 ~ root ~ INFO : Model set to evaluation mode for generation.
14:56:42 ~ root ~ DEBUG : torch.Size([1, 15])
14:56:42 ~ root ~ DEBUG : torch.Size([1, 1, 800])
14:56:42 ~ root ~ DEBUG : torch.Size([1, 64, 10])
14:56:42 ~ root ~ DEBUG : torch.Size([1, 640])
14:56:42 ~ root ~ DEBUG : amp shape: (8190,), freq shape: (8189,)
14:56:42 ~ root ~ DEBUG : freq shape: (8189,), dt: 0.0001220703125, theta0: 0.0
14:56:42 ~ root ~ DEBUG : amp shape: (8190,), freq shape: (8189,), phase shape: (8190,)
14:56:42 ~ umamipe ~ INFO : Generated waveform from ML model with shape: (1, 2, 8190)
14:56:42 ~ umamipe ~ INFO : Waveform shapes after adding dummy element at the start: (8192,), (8192,)
14:56:42 ~ umamipe ~ INFO : Generating waveform using ML model for parameters:
14:56:42 ~ umamipe ~ INFO : Converted (a_i, tilt_i, phi_i) to (spin_i_z): -0.4473936403339083, 0.287679746350634
14:56:42 ~ umamipe ~ INFO : Formatted parameters for waveform generation:
14:56:42 ~ umamipe ~ INFO : Final parameters for waveform generation:
14:56:42 ~ umamipe ~ INFO : Generating waveform using ML model for parameters:
14:56:42 ~ umamipe ~ INFO : Using model: None and transformed model <bound method MLWaveformGenerator.get_ml_waveform of MLWaveformGenerator(duration=1.0, sampling_frequency=8192, start_time=0.0, frequency_domain_source_model=None, time_domain_source_model=umamipe.get_ml_waveform, parameter_conversion=umamipe.convert_to_ml_parameters, waveform_arguments={'model_path': '../v0p1/trained-models/model-20251004_072338-10', 'config_path': 'modelconfig-cvae-paper-I'})>
14:56:42 ~ umamipe ~ INFO : Generating waveform using ML model for parameters:
14:56:42 ~ umamipe ~ INFO : Generating waveform using ML model for parameters:
14:56:42 ~ umamipe ~ INFO : Received parameters for waveform generation: {'geocent_time': 0.0, 'mass_1': 56.42902961869858, 'mass_2': 34.21640991920444, 'luminosity_distance': 3701.9414095796637, 'dec': -0.15816742396243966, 'ra': 6.141286627802339, 'theta_jn': 2.2157641007286477, 'psi': 1.222649798098411, 'phase': 1.6785769933508703, 'chi_1': -0.4213112207250428, 'chi_2': -0.03083979361891936, 'chi_1z': -0.4473936403339083, 'chi_2z': 0.287679746350634, 'spin_1z': -0.4473936403339083, 'spin_2z': 0.287679746350634, 'model_path': '../v0p1/trained-models/model-20251004_072338-10', 'config_path': 'modelconfig-cvae-paper-I'}
14:56:42 ~ root ~ INFO : Model set to evaluation mode for generation.
14:56:42 ~ root ~ DEBUG : torch.Size([1, 15])
14:56:42 ~ root ~ DEBUG : torch.Size([1, 1, 800])
14:56:42 ~ root ~ DEBUG : torch.Size([1, 64, 10])
14:56:42 ~ root ~ DEBUG : torch.Size([1, 640])
14:56:42 ~ root ~ DEBUG : amp shape: (8190,), freq shape: (8189,)
14:56:42 ~ root ~ DEBUG : freq shape: (8189,), dt: 0.0001220703125, theta0: 0.0
14:56:42 ~ root ~ DEBUG : amp shape: (8190,), freq shape: (8189,), phase shape: (8190,)
14:56:42 ~ umamipe ~ INFO : Generated waveform from ML model with shape: (1, 2, 8190)
14:56:42 ~ umamipe ~ INFO : Waveform shapes after adding dummy element at the start: (8192,), (8192,)
14:56:42 ~ umamipe ~ INFO : Generating waveform using ML model for parameters:
14:56:42 ~ umamipe ~ INFO : Converted (a_i, tilt_i, phi_i) to (spin_i_z): 0.08829961795771335, 0.1789180198206619
14:56:42 ~ umamipe ~ INFO : Formatted parameters for waveform generation:
14:56:42 ~ umamipe ~ INFO : Final parameters for waveform generation:
14:56:42 ~ umamipe ~ INFO : Generating waveform using ML model for parameters:
14:56:42 ~ umamipe ~ INFO : Using model: None and transformed model <bound method MLWaveformGenerator.get_ml_waveform of MLWaveformGenerator(duration=1.0, sampling_frequency=8192, start_time=0.0, frequency_domain_source_model=None, time_domain_source_model=umamipe.get_ml_waveform, parameter_conversion=umamipe.convert_to_ml_parameters, waveform_arguments={'model_path': '../v0p1/trained-models/model-20251004_072338-10', 'config_path': 'modelconfig-cvae-paper-I'})>
14:56:42 ~ umamipe ~ INFO : Generating waveform using ML model for parameters:
14:56:42 ~ umamipe ~ INFO : Generating waveform using ML model for parameters:
14:56:42 ~ umamipe ~ INFO : Received parameters for waveform generation: {'geocent_time': 0.0, 'mass_1': 69.63249491350808, 'mass_2': 41.55619364073605, 'luminosity_distance': 2430.690611188502, 'dec': -0.6899698776716655, 'ra': 1.2909938988088987, 'theta_jn': 0.8192816284990266, 'psi': 2.027899289749513, 'phase': 0.49058575475260124, 'chi_1': -0.005463455336566165, 'chi_2': -0.1572484058815363, 'chi_1z': 0.08829961795771335, 'chi_2z': 0.1789180198206619, 'spin_1z': 0.08829961795771335, 'spin_2z': 0.1789180198206619, 'model_path': '../v0p1/trained-models/model-20251004_072338-10', 'config_path': 'modelconfig-cvae-paper-I'}
14:56:42 ~ root ~ INFO : Model set to evaluation mode for generation.
14:56:42 ~ root ~ DEBUG : torch.Size([1, 15])
14:56:42 ~ root ~ DEBUG : torch.Size([1, 1, 800])
14:56:42 ~ root ~ DEBUG : torch.Size([1, 64, 10])
14:56:42 ~ root ~ DEBUG : torch.Size([1, 640])
14:56:42 ~ root ~ DEBUG : amp shape: (8190,), freq shape: (8189,)
14:56:42 ~ root ~ DEBUG : freq shape: (8189,), dt: 0.0001220703125, theta0: 0.0
14:56:42 ~ root ~ DEBUG : amp shape: (8190,), freq shape: (8189,), phase shape: (8190,)
14:56:42 ~ umamipe ~ INFO : Generated waveform from ML model with shape: (1, 2, 8190)
14:56:42 ~ umamipe ~ INFO : Waveform shapes after adding dummy element at the start: (8192,), (8192,)
14:56:42 ~ umamipe ~ INFO : Generating waveform using ML model for parameters:
14:56:42 ~ umamipe ~ INFO : Converted (a_i, tilt_i, phi_i) to (spin_i_z): -0.14295232151024018, 0.796287151105356
14:56:42 ~ umamipe ~ INFO : Formatted parameters for waveform generation:
14:56:42 ~ umamipe ~ INFO : Final parameters for waveform generation:
14:56:42 ~ umamipe ~ INFO : Generating waveform using ML model for parameters:
14:56:42 ~ umamipe ~ INFO : Using model: None and transformed model <bound method MLWaveformGenerator.get_ml_waveform of MLWaveformGenerator(duration=1.0, sampling_frequency=8192, start_time=0.0, frequency_domain_source_model=None, time_domain_source_model=umamipe.get_ml_waveform, parameter_conversion=umamipe.convert_to_ml_parameters, waveform_arguments={'model_path': '../v0p1/trained-models/model-20251004_072338-10', 'config_path': 'modelconfig-cvae-paper-I'})>
14:56:42 ~ umamipe ~ INFO : Generating waveform using ML model for parameters:
14:56:42 ~ umamipe ~ INFO : Generating waveform using ML model for parameters:
14:56:42 ~ umamipe ~ INFO : Received parameters for waveform generation: {'geocent_time': 0.0, 'mass_1': 45.47088409527279, 'mass_2': 37.10151371568823, 'luminosity_distance': 3865.0692115748184, 'dec': -0.08419671330906121, 'ra': 4.427952988475682, 'theta_jn': 0.5666520910207643, 'psi': 1.3402971245202135, 'phase': 5.651186125579714, 'chi_1': -0.0004004273263682682, 'chi_2': 0.7714240028024284, 'chi_1z': -0.14295232151024018, 'chi_2z': 0.796287151105356, 'spin_1z': -0.14295232151024018, 'spin_2z': 0.796287151105356, 'model_path': '../v0p1/trained-models/model-20251004_072338-10', 'config_path': 'modelconfig-cvae-paper-I'}
14:56:42 ~ root ~ INFO : Model set to evaluation mode for generation.
14:56:42 ~ root ~ DEBUG : torch.Size([1, 15])
14:56:42 ~ root ~ DEBUG : torch.Size([1, 1, 800])
14:56:42 ~ root ~ DEBUG : torch.Size([1, 64, 10])
14:56:42 ~ root ~ DEBUG : torch.Size([1, 640])
14:56:42 ~ root ~ DEBUG : amp shape: (8190,), freq shape: (8189,)
14:56:42 ~ root ~ DEBUG : freq shape: (8189,), dt: 0.0001220703125, theta0: 0.0
14:56:42 ~ root ~ DEBUG : amp shape: (8190,), freq shape: (8189,), phase shape: (8190,)
14:56:42 ~ umamipe ~ INFO : Generated waveform from ML model with shape: (1, 2, 8190)
14:56:42 ~ umamipe ~ INFO : Waveform shapes after adding dummy element at the start: (8192,), (8192,)
14:56:42 ~ umamipe ~ INFO : Generating waveform using ML model for parameters:
14:56:42 ~ umamipe ~ INFO : Converted (a_i, tilt_i, phi_i) to (spin_i_z): 0.0517801827663934, -0.24432667014229836
14:56:42 ~ umamipe ~ INFO : Formatted parameters for waveform generation:
14:56:42 ~ umamipe ~ INFO : Final parameters for waveform generation:
14:56:42 ~ umamipe ~ INFO : Generating waveform using ML model for parameters:
14:56:42 ~ umamipe ~ INFO : Using model: None and transformed model <bound method MLWaveformGenerator.get_ml_waveform of MLWaveformGenerator(duration=1.0, sampling_frequency=8192, start_time=0.0, frequency_domain_source_model=None, time_domain_source_model=umamipe.get_ml_waveform, parameter_conversion=umamipe.convert_to_ml_parameters, waveform_arguments={'model_path': '../v0p1/trained-models/model-20251004_072338-10', 'config_path': 'modelconfig-cvae-paper-I'})>
14:56:42 ~ umamipe ~ INFO : Generating waveform using ML model for parameters:
14:56:42 ~ umamipe ~ INFO : Generating waveform using ML model for parameters:
14:56:42 ~ umamipe ~ INFO : Received parameters for waveform generation: {'geocent_time': 0.0, 'mass_1': 38.419565526535536, 'mass_2': 70.92840407612911, 'luminosity_distance': 3982.712130185198, 'dec': -1.0062405992490098, 'ra': 1.6332443034269357, 'theta_jn': 1.8318156615569665, 'psi': 0.509741311434007, 'phase': 3.224898425092832, 'chi_1': -0.40096495003821075, 'chi_2': 0.0180601049914654, 'chi_1z': 0.0517801827663934, 'chi_2z': -0.24432667014229836, 'spin_1z': 0.0517801827663934, 'spin_2z': -0.24432667014229836, 'model_path': '../v0p1/trained-models/model-20251004_072338-10', 'config_path': 'modelconfig-cvae-paper-I'}
14:56:42 ~ root ~ INFO : Model set to evaluation mode for generation.
14:56:42 ~ root ~ DEBUG : torch.Size([1, 15])
14:56:42 ~ root ~ DEBUG : torch.Size([1, 1, 800])
14:56:42 ~ root ~ DEBUG : torch.Size([1, 64, 10])
14:56:42 ~ root ~ DEBUG : torch.Size([1, 640])
14:56:42 ~ root ~ DEBUG : amp shape: (8190,), freq shape: (8189,)
14:56:42 ~ root ~ DEBUG : freq shape: (8189,), dt: 0.0001220703125, theta0: 0.0
14:56:42 ~ root ~ DEBUG : amp shape: (8190,), freq shape: (8189,), phase shape: (8190,)
14:56:42 ~ umamipe ~ INFO : Generated waveform from ML model with shape: (1, 2, 8190)
14:56:42 ~ umamipe ~ INFO : Waveform shapes after adding dummy element at the start: (8192,), (8192,)
14:56:42 ~ umamipe ~ INFO : Generating waveform using ML model for parameters:
14:56:42 ~ umamipe ~ INFO : Converted (a_i, tilt_i, phi_i) to (spin_i_z): 0.4474091566377243, 0.5604036305190687
14:56:42 ~ umamipe ~ INFO : Formatted parameters for waveform generation:
14:56:42 ~ umamipe ~ INFO : Final parameters for waveform generation:
14:56:42 ~ umamipe ~ INFO : Generating waveform using ML model for parameters:
14:56:42 ~ umamipe ~ INFO : Using model: None and transformed model <bound method MLWaveformGenerator.get_ml_waveform of MLWaveformGenerator(duration=1.0, sampling_frequency=8192, start_time=0.0, frequency_domain_source_model=None, time_domain_source_model=umamipe.get_ml_waveform, parameter_conversion=umamipe.convert_to_ml_parameters, waveform_arguments={'model_path': '../v0p1/trained-models/model-20251004_072338-10', 'config_path': 'modelconfig-cvae-paper-I'})>
14:56:42 ~ umamipe ~ INFO : Generating waveform using ML model for parameters:
14:56:42 ~ umamipe ~ INFO : Generating waveform using ML model for parameters:
14:56:42 ~ umamipe ~ INFO : Received parameters for waveform generation: {'geocent_time': 0.0, 'mass_1': 69.10744615957267, 'mass_2': 63.30394197585199, 'luminosity_distance': 2212.3022037853775, 'dec': 1.1959442955830588, 'ra': 0.21464408031781884, 'theta_jn': 2.8764217876737983, 'psi': 2.2011245728871187, 'phase': 6.093698841026569, 'chi_1': 0.0519215175056366, 'chi_2': 0.07650400775942492, 'chi_1z': 0.4474091566377243, 'chi_2z': 0.5604036305190687, 'spin_1z': 0.4474091566377243, 'spin_2z': 0.5604036305190687, 'model_path': '../v0p1/trained-models/model-20251004_072338-10', 'config_path': 'modelconfig-cvae-paper-I'}
14:56:42 ~ root ~ INFO : Model set to evaluation mode for generation.
14:56:42 ~ root ~ DEBUG : torch.Size([1, 15])
14:56:42 ~ root ~ DEBUG : torch.Size([1, 1, 800])
14:56:42 ~ root ~ DEBUG : torch.Size([1, 64, 10])
14:56:42 ~ root ~ DEBUG : torch.Size([1, 640])
14:56:42 ~ root ~ DEBUG : amp shape: (8190,), freq shape: (8189,)
14:56:42 ~ root ~ DEBUG : freq shape: (8189,), dt: 0.0001220703125, theta0: 0.0
14:56:42 ~ root ~ DEBUG : amp shape: (8190,), freq shape: (8189,), phase shape: (8190,)
14:56:42 ~ umamipe ~ INFO : Generated waveform from ML model with shape: (1, 2, 8190)
14:56:42 ~ umamipe ~ INFO : Waveform shapes after adding dummy element at the start: (8192,), (8192,)
14:56:42 ~ umamipe ~ INFO : Generating waveform using ML model for parameters:
14:56:42 ~ umamipe ~ INFO : Converted (a_i, tilt_i, phi_i) to (spin_i_z): -0.23283337216918165, -0.624535319570329
14:56:42 ~ umamipe ~ INFO : Formatted parameters for waveform generation:
14:56:42 ~ umamipe ~ INFO : Final parameters for waveform generation:
14:56:42 ~ umamipe ~ INFO : Generating waveform using ML model for parameters:
14:56:42 ~ umamipe ~ INFO : Using model: None and transformed model <bound method MLWaveformGenerator.get_ml_waveform of MLWaveformGenerator(duration=1.0, sampling_frequency=8192, start_time=0.0, frequency_domain_source_model=None, time_domain_source_model=umamipe.get_ml_waveform, parameter_conversion=umamipe.convert_to_ml_parameters, waveform_arguments={'model_path': '../v0p1/trained-models/model-20251004_072338-10', 'config_path': 'modelconfig-cvae-paper-I'})>
14:56:42 ~ umamipe ~ INFO : Generating waveform using ML model for parameters:
14:56:42 ~ umamipe ~ INFO : Generating waveform using ML model for parameters:
14:56:42 ~ umamipe ~ INFO : Received parameters for waveform generation: {'geocent_time': 0.0, 'mass_1': 51.62601683192595, 'mass_2': 67.0373430910386, 'luminosity_distance': 1897.802574562714, 'dec': 0.1944579788874126, 'ra': 0.6183150442857924, 'theta_jn': 2.296705025525269, 'psi': 1.3111017200889135, 'phase': 5.516422783280481, 'chi_1': -0.07578537146992409, 'chi_2': -0.0442054204992851, 'chi_1z': -0.23283337216918165, 'chi_2z': -0.624535319570329, 'spin_1z': -0.23283337216918165, 'spin_2z': -0.624535319570329, 'model_path': '../v0p1/trained-models/model-20251004_072338-10', 'config_path': 'modelconfig-cvae-paper-I'}
14:56:42 ~ root ~ INFO : Model set to evaluation mode for generation.
14:56:42 ~ root ~ DEBUG : torch.Size([1, 15])
14:56:42 ~ root ~ DEBUG : torch.Size([1, 1, 800])
14:56:42 ~ root ~ DEBUG : torch.Size([1, 64, 10])
14:56:42 ~ root ~ DEBUG : torch.Size([1, 640])
14:56:42 ~ root ~ DEBUG : amp shape: (8190,), freq shape: (8189,)
14:56:42 ~ root ~ DEBUG : freq shape: (8189,), dt: 0.0001220703125, theta0: 0.0
14:56:42 ~ root ~ DEBUG : amp shape: (8190,), freq shape: (8189,), phase shape: (8190,)
14:56:42 ~ umamipe ~ INFO : Generated waveform from ML model with shape: (1, 2, 8190)
14:56:42 ~ umamipe ~ INFO : Waveform shapes after adding dummy element at the start: (8192,), (8192,)
14:56:42 ~ umamipe ~ INFO : Generating waveform using ML model for parameters:
14:56:42 ~ umamipe ~ INFO : Converted (a_i, tilt_i, phi_i) to (spin_i_z): -0.03646446823631033, -0.526837394384337
14:56:42 ~ umamipe ~ INFO : Formatted parameters for waveform generation:
14:56:42 ~ umamipe ~ INFO : Final parameters for waveform generation:
14:56:42 ~ umamipe ~ INFO : Generating waveform using ML model for parameters:
14:56:42 ~ umamipe ~ INFO : Using model: None and transformed model <bound method MLWaveformGenerator.get_ml_waveform of MLWaveformGenerator(duration=1.0, sampling_frequency=8192, start_time=0.0, frequency_domain_source_model=None, time_domain_source_model=umamipe.get_ml_waveform, parameter_conversion=umamipe.convert_to_ml_parameters, waveform_arguments={'model_path': '../v0p1/trained-models/model-20251004_072338-10', 'config_path': 'modelconfig-cvae-paper-I'})>
14:56:42 ~ umamipe ~ INFO : Generating waveform using ML model for parameters:
14:56:42 ~ umamipe ~ INFO : Generating waveform using ML model for parameters:
14:56:42 ~ umamipe ~ INFO : Received parameters for waveform generation: {'geocent_time': 0.0, 'mass_1': 56.07762278427184, 'mass_2': 66.55120556493725, 'luminosity_distance': 3689.7718311536796, 'dec': 1.377228918525272, 'ra': 0.6527909783414935, 'theta_jn': 1.8055462224440895, 'psi': 0.5823099612364568, 'phase': 3.1039768553029146, 'chi_1': -0.017135943208995755, 'chi_2': 0.00015060277347061428, 'chi_1z': -0.03646446823631033, 'chi_2z': -0.526837394384337, 'spin_1z': -0.03646446823631033, 'spin_2z': -0.526837394384337, 'model_path': '../v0p1/trained-models/model-20251004_072338-10', 'config_path': 'modelconfig-cvae-paper-I'}
14:56:42 ~ root ~ INFO : Model set to evaluation mode for generation.
14:56:42 ~ root ~ DEBUG : torch.Size([1, 15])
14:56:42 ~ root ~ DEBUG : torch.Size([1, 1, 800])
14:56:42 ~ root ~ DEBUG : torch.Size([1, 64, 10])
14:56:42 ~ root ~ DEBUG : torch.Size([1, 640])
14:56:42 ~ root ~ DEBUG : amp shape: (8190,), freq shape: (8189,)
14:56:42 ~ root ~ DEBUG : freq shape: (8189,), dt: 0.0001220703125, theta0: 0.0
14:56:42 ~ root ~ DEBUG : amp shape: (8190,), freq shape: (8189,), phase shape: (8190,)
14:56:42 ~ umamipe ~ INFO : Generated waveform from ML model with shape: (1, 2, 8190)
14:56:42 ~ umamipe ~ INFO : Waveform shapes after adding dummy element at the start: (8192,), (8192,)
14:56:42 ~ umamipe ~ INFO : Generating waveform using ML model for parameters:
14:56:42 ~ umamipe ~ INFO : Converted (a_i, tilt_i, phi_i) to (spin_i_z): 0.17276670181084464, -0.03504527624023568
14:56:42 ~ umamipe ~ INFO : Formatted parameters for waveform generation:
14:56:42 ~ umamipe ~ INFO : Final parameters for waveform generation:
14:56:42 ~ umamipe ~ INFO : Generating waveform using ML model for parameters:
14:56:42 ~ umamipe ~ INFO : Using model: None and transformed model <bound method MLWaveformGenerator.get_ml_waveform of MLWaveformGenerator(duration=1.0, sampling_frequency=8192, start_time=0.0, frequency_domain_source_model=None, time_domain_source_model=umamipe.get_ml_waveform, parameter_conversion=umamipe.convert_to_ml_parameters, waveform_arguments={'model_path': '../v0p1/trained-models/model-20251004_072338-10', 'config_path': 'modelconfig-cvae-paper-I'})>
14:56:42 ~ umamipe ~ INFO : Generating waveform using ML model for parameters:
14:56:42 ~ umamipe ~ INFO : Generating waveform using ML model for parameters:
14:56:42 ~ umamipe ~ INFO : Received parameters for waveform generation: {'geocent_time': 0.0, 'mass_1': 37.11711186602911, 'mass_2': 30.097864595325646, 'luminosity_distance': 4820.617524406961, 'dec': -0.7108344347940978, 'ra': 1.8787611782639904, 'theta_jn': 0.6791397933255217, 'psi': 2.9326680890268118, 'phase': 2.43927189956067, 'chi_1': 0.002906869293773631, 'chi_2': -0.14332913110313494, 'chi_1z': 0.17276670181084464, 'chi_2z': -0.03504527624023568, 'spin_1z': 0.17276670181084464, 'spin_2z': -0.03504527624023568, 'model_path': '../v0p1/trained-models/model-20251004_072338-10', 'config_path': 'modelconfig-cvae-paper-I'}
14:56:42 ~ root ~ INFO : Model set to evaluation mode for generation.
14:56:42 ~ root ~ DEBUG : torch.Size([1, 15])
14:56:42 ~ root ~ DEBUG : torch.Size([1, 1, 800])
14:56:42 ~ root ~ DEBUG : torch.Size([1, 64, 10])
14:56:42 ~ root ~ DEBUG : torch.Size([1, 640])
14:56:42 ~ root ~ DEBUG : amp shape: (8190,), freq shape: (8189,)
14:56:42 ~ root ~ DEBUG : freq shape: (8189,), dt: 0.0001220703125, theta0: 0.0
14:56:42 ~ root ~ DEBUG : amp shape: (8190,), freq shape: (8189,), phase shape: (8190,)
14:56:42 ~ umamipe ~ INFO : Generated waveform from ML model with shape: (1, 2, 8190)
14:56:42 ~ umamipe ~ INFO : Waveform shapes after adding dummy element at the start: (8192,), (8192,)
14:56:42 ~ umamipe ~ INFO : Generating waveform using ML model for parameters:
14:56:42 ~ umamipe ~ INFO : Converted (a_i, tilt_i, phi_i) to (spin_i_z): -0.3670985727863485, 0.7351669554289952
14:56:42 ~ umamipe ~ INFO : Formatted parameters for waveform generation:
14:56:42 ~ umamipe ~ INFO : Final parameters for waveform generation:
14:56:42 ~ umamipe ~ INFO : Generating waveform using ML model for parameters:
14:56:42 ~ umamipe ~ INFO : Using model: None and transformed model <bound method MLWaveformGenerator.get_ml_waveform of MLWaveformGenerator(duration=1.0, sampling_frequency=8192, start_time=0.0, frequency_domain_source_model=None, time_domain_source_model=umamipe.get_ml_waveform, parameter_conversion=umamipe.convert_to_ml_parameters, waveform_arguments={'model_path': '../v0p1/trained-models/model-20251004_072338-10', 'config_path': 'modelconfig-cvae-paper-I'})>
14:56:42 ~ umamipe ~ INFO : Generating waveform using ML model for parameters:
14:56:42 ~ umamipe ~ INFO : Generating waveform using ML model for parameters:
14:56:42 ~ umamipe ~ INFO : Received parameters for waveform generation: {'geocent_time': 0.0, 'mass_1': 68.79626340621564, 'mass_2': 63.705331694696056, 'luminosity_distance': 3945.4780844196066, 'dec': -0.23327905675953178, 'ra': 6.03531644905782, 'theta_jn': 2.164488314180733, 'psi': 2.806445942378561, 'phase': 1.6025155982636305, 'chi_1': -0.12090742310132713, 'chi_2': -0.031478844407442814, 'chi_1z': -0.3670985727863485, 'chi_2z': 0.7351669554289952, 'spin_1z': -0.3670985727863485, 'spin_2z': 0.7351669554289952, 'model_path': '../v0p1/trained-models/model-20251004_072338-10', 'config_path': 'modelconfig-cvae-paper-I'}
14:56:42 ~ root ~ INFO : Model set to evaluation mode for generation.
14:56:42 ~ root ~ DEBUG : torch.Size([1, 15])
14:56:42 ~ root ~ DEBUG : torch.Size([1, 1, 800])
14:56:42 ~ root ~ DEBUG : torch.Size([1, 64, 10])
14:56:42 ~ root ~ DEBUG : torch.Size([1, 640])
14:56:42 ~ root ~ DEBUG : amp shape: (8190,), freq shape: (8189,)
14:56:42 ~ root ~ DEBUG : freq shape: (8189,), dt: 0.0001220703125, theta0: 0.0
14:56:42 ~ root ~ DEBUG : amp shape: (8190,), freq shape: (8189,), phase shape: (8190,)
14:56:42 ~ umamipe ~ INFO : Generated waveform from ML model with shape: (1, 2, 8190)
14:56:42 ~ umamipe ~ INFO : Waveform shapes after adding dummy element at the start: (8192,), (8192,)
14:56:42 ~ umamipe ~ INFO : Generating waveform using ML model for parameters:
14:56:42 ~ umamipe ~ INFO : Converted (a_i, tilt_i, phi_i) to (spin_i_z): 0.1705675513712961, 0.3254444786966153
14:56:42 ~ umamipe ~ INFO : Formatted parameters for waveform generation:
14:56:42 ~ umamipe ~ INFO : Final parameters for waveform generation:
14:56:42 ~ umamipe ~ INFO : Generating waveform using ML model for parameters:
14:56:42 ~ umamipe ~ INFO : Using model: None and transformed model <bound method MLWaveformGenerator.get_ml_waveform of MLWaveformGenerator(duration=1.0, sampling_frequency=8192, start_time=0.0, frequency_domain_source_model=None, time_domain_source_model=umamipe.get_ml_waveform, parameter_conversion=umamipe.convert_to_ml_parameters, waveform_arguments={'model_path': '../v0p1/trained-models/model-20251004_072338-10', 'config_path': 'modelconfig-cvae-paper-I'})>
14:56:42 ~ umamipe ~ INFO : Generating waveform using ML model for parameters:
14:56:42 ~ umamipe ~ INFO : Generating waveform using ML model for parameters:
14:56:42 ~ umamipe ~ INFO : Received parameters for waveform generation: {'geocent_time': 0.0, 'mass_1': 72.22670425616386, 'mass_2': 51.69250763829963, 'luminosity_distance': 3325.6490203185735, 'dec': 1.0401462413934146, 'ra': 3.899727305181581, 'theta_jn': 1.9454374982967038, 'psi': 2.28443500496006, 'phase': 6.239511557624279, 'chi_1': 0.11679246412892715, 'chi_2': 0.06910585874016913, 'chi_1z': 0.1705675513712961, 'chi_2z': 0.3254444786966153, 'spin_1z': 0.1705675513712961, 'spin_2z': 0.3254444786966153, 'model_path': '../v0p1/trained-models/model-20251004_072338-10', 'config_path': 'modelconfig-cvae-paper-I'}
14:56:42 ~ root ~ INFO : Model set to evaluation mode for generation.
14:56:42 ~ root ~ DEBUG : torch.Size([1, 15])
14:56:42 ~ root ~ DEBUG : torch.Size([1, 1, 800])
14:56:42 ~ root ~ DEBUG : torch.Size([1, 64, 10])
14:56:42 ~ root ~ DEBUG : torch.Size([1, 640])
14:56:42 ~ root ~ DEBUG : amp shape: (8190,), freq shape: (8189,)
14:56:42 ~ root ~ DEBUG : freq shape: (8189,), dt: 0.0001220703125, theta0: 0.0
14:56:42 ~ root ~ DEBUG : amp shape: (8190,), freq shape: (8189,), phase shape: (8190,)
14:56:42 ~ umamipe ~ INFO : Generated waveform from ML model with shape: (1, 2, 8190)
14:56:42 ~ umamipe ~ INFO : Waveform shapes after adding dummy element at the start: (8192,), (8192,)
14:56:42 ~ umamipe ~ INFO : Generating waveform using ML model for parameters:
14:56:42 ~ umamipe ~ INFO : Converted (a_i, tilt_i, phi_i) to (spin_i_z): -0.5617402681092069, -0.6199516413567017
14:56:42 ~ umamipe ~ INFO : Formatted parameters for waveform generation:
14:56:42 ~ umamipe ~ INFO : Final parameters for waveform generation:
14:56:42 ~ umamipe ~ INFO : Generating waveform using ML model for parameters:
14:56:42 ~ umamipe ~ INFO : Using model: None and transformed model <bound method MLWaveformGenerator.get_ml_waveform of MLWaveformGenerator(duration=1.0, sampling_frequency=8192, start_time=0.0, frequency_domain_source_model=None, time_domain_source_model=umamipe.get_ml_waveform, parameter_conversion=umamipe.convert_to_ml_parameters, waveform_arguments={'model_path': '../v0p1/trained-models/model-20251004_072338-10', 'config_path': 'modelconfig-cvae-paper-I'})>
14:56:42 ~ umamipe ~ INFO : Generating waveform using ML model for parameters:
14:56:42 ~ umamipe ~ INFO : Generating waveform using ML model for parameters:
14:56:42 ~ umamipe ~ INFO : Received parameters for waveform generation: {'geocent_time': 0.0, 'mass_1': 50.141005428441744, 'mass_2': 64.85860942243488, 'luminosity_distance': 4805.1523324314285, 'dec': 0.39404834240677505, 'ra': 0.7728119153874037, 'theta_jn': 2.621476282584744, 'psi': 1.8097509489472623, 'phase': 3.8016877607262463, 'chi_1': 0.0028479115154257705, 'chi_2': 0.26785265315936946, 'chi_1z': -0.5617402681092069, 'chi_2z': -0.6199516413567017, 'spin_1z': -0.5617402681092069, 'spin_2z': -0.6199516413567017, 'model_path': '../v0p1/trained-models/model-20251004_072338-10', 'config_path': 'modelconfig-cvae-paper-I'}
14:56:42 ~ root ~ INFO : Model set to evaluation mode for generation.
14:56:42 ~ root ~ DEBUG : torch.Size([1, 15])
14:56:42 ~ root ~ DEBUG : torch.Size([1, 1, 800])
14:56:42 ~ root ~ DEBUG : torch.Size([1, 64, 10])
14:56:42 ~ root ~ DEBUG : torch.Size([1, 640])
14:56:42 ~ root ~ DEBUG : amp shape: (8190,), freq shape: (8189,)
14:56:42 ~ root ~ DEBUG : freq shape: (8189,), dt: 0.0001220703125, theta0: 0.0
14:56:42 ~ root ~ DEBUG : amp shape: (8190,), freq shape: (8189,), phase shape: (8190,)
14:56:42 ~ umamipe ~ INFO : Generated waveform from ML model with shape: (1, 2, 8190)
14:56:42 ~ umamipe ~ INFO : Waveform shapes after adding dummy element at the start: (8192,), (8192,)
14:56:42 ~ umamipe ~ INFO : Generating waveform using ML model for parameters:
14:56:42 ~ umamipe ~ INFO : Converted (a_i, tilt_i, phi_i) to (spin_i_z): 0.1946341323565577, 0.7278517010473642
14:56:42 ~ umamipe ~ INFO : Formatted parameters for waveform generation:
14:56:42 ~ umamipe ~ INFO : Final parameters for waveform generation:
14:56:42 ~ umamipe ~ INFO : Generating waveform using ML model for parameters:
14:56:42 ~ umamipe ~ INFO : Using model: None and transformed model <bound method MLWaveformGenerator.get_ml_waveform of MLWaveformGenerator(duration=1.0, sampling_frequency=8192, start_time=0.0, frequency_domain_source_model=None, time_domain_source_model=umamipe.get_ml_waveform, parameter_conversion=umamipe.convert_to_ml_parameters, waveform_arguments={'model_path': '../v0p1/trained-models/model-20251004_072338-10', 'config_path': 'modelconfig-cvae-paper-I'})>
14:56:42 ~ umamipe ~ INFO : Generating waveform using ML model for parameters:
14:56:42 ~ umamipe ~ INFO : Generating waveform using ML model for parameters:
14:56:42 ~ umamipe ~ INFO : Received parameters for waveform generation: {'geocent_time': 0.0, 'mass_1': 30.906705705949733, 'mass_2': 73.19294952554368, 'luminosity_distance': 4445.4277499511945, 'dec': -1.035121413085607, 'ra': 0.4414328056148188, 'theta_jn': 2.002935214742057, 'psi': 1.9640898376443714, 'phase': 5.282386590289988, 'chi_1': -0.02472873141485211, 'chi_2': 0.2533280697459129, 'chi_1z': 0.1946341323565577, 'chi_2z': 0.7278517010473642, 'spin_1z': 0.1946341323565577, 'spin_2z': 0.7278517010473642, 'model_path': '../v0p1/trained-models/model-20251004_072338-10', 'config_path': 'modelconfig-cvae-paper-I'}
14:56:42 ~ root ~ INFO : Model set to evaluation mode for generation.
14:56:42 ~ root ~ DEBUG : torch.Size([1, 15])
14:56:42 ~ root ~ DEBUG : torch.Size([1, 1, 800])
14:56:42 ~ root ~ DEBUG : torch.Size([1, 64, 10])
14:56:42 ~ root ~ DEBUG : torch.Size([1, 640])
14:56:42 ~ root ~ DEBUG : amp shape: (8190,), freq shape: (8189,)
14:56:42 ~ root ~ DEBUG : freq shape: (8189,), dt: 0.0001220703125, theta0: 0.0
14:56:42 ~ root ~ DEBUG : amp shape: (8190,), freq shape: (8189,), phase shape: (8190,)
14:56:42 ~ umamipe ~ INFO : Generated waveform from ML model with shape: (1, 2, 8190)
14:56:42 ~ umamipe ~ INFO : Waveform shapes after adding dummy element at the start: (8192,), (8192,)
14:56:42 ~ umamipe ~ INFO : Generating waveform using ML model for parameters:
14:56:42 ~ umamipe ~ INFO : Converted (a_i, tilt_i, phi_i) to (spin_i_z): -0.570829325092292, 0.42514949440088734
14:56:42 ~ umamipe ~ INFO : Formatted parameters for waveform generation:
14:56:42 ~ umamipe ~ INFO : Final parameters for waveform generation:
14:56:42 ~ umamipe ~ INFO : Generating waveform using ML model for parameters:
14:56:42 ~ umamipe ~ INFO : Using model: None and transformed model <bound method MLWaveformGenerator.get_ml_waveform of MLWaveformGenerator(duration=1.0, sampling_frequency=8192, start_time=0.0, frequency_domain_source_model=None, time_domain_source_model=umamipe.get_ml_waveform, parameter_conversion=umamipe.convert_to_ml_parameters, waveform_arguments={'model_path': '../v0p1/trained-models/model-20251004_072338-10', 'config_path': 'modelconfig-cvae-paper-I'})>
14:56:42 ~ umamipe ~ INFO : Generating waveform using ML model for parameters:
14:56:42 ~ umamipe ~ INFO : Generating waveform using ML model for parameters:
14:56:42 ~ umamipe ~ INFO : Received parameters for waveform generation: {'geocent_time': 0.0, 'mass_1': 31.217514821818543, 'mass_2': 46.09724718761206, 'luminosity_distance': 4171.861436974679, 'dec': 0.8731711214577247, 'ra': 6.099557446934019, 'theta_jn': 0.6551725519806176, 'psi': 1.1316238834085695, 'phase': 6.186864047901958, 'chi_1': -0.04336360462939454, 'chi_2': -0.7860942583577136, 'chi_1z': -0.570829325092292, 'chi_2z': 0.42514949440088734, 'spin_1z': -0.570829325092292, 'spin_2z': 0.42514949440088734, 'model_path': '../v0p1/trained-models/model-20251004_072338-10', 'config_path': 'modelconfig-cvae-paper-I'}
14:56:42 ~ root ~ INFO : Model set to evaluation mode for generation.
14:56:42 ~ root ~ DEBUG : torch.Size([1, 15])
14:56:42 ~ root ~ DEBUG : torch.Size([1, 1, 800])
14:56:42 ~ root ~ DEBUG : torch.Size([1, 64, 10])
14:56:42 ~ root ~ DEBUG : torch.Size([1, 640])
14:56:42 ~ root ~ DEBUG : amp shape: (8190,), freq shape: (8189,)
14:56:42 ~ root ~ DEBUG : freq shape: (8189,), dt: 0.0001220703125, theta0: 0.0
14:56:42 ~ root ~ DEBUG : amp shape: (8190,), freq shape: (8189,), phase shape: (8190,)
14:56:42 ~ umamipe ~ INFO : Generated waveform from ML model with shape: (1, 2, 8190)
14:56:42 ~ umamipe ~ INFO : Waveform shapes after adding dummy element at the start: (8192,), (8192,)
14:56:42 ~ umamipe ~ INFO : Generating waveform using ML model for parameters:
14:56:42 ~ umamipe ~ INFO : Converted (a_i, tilt_i, phi_i) to (spin_i_z): 0.4410559293430143, 0.3785717579241923
14:56:42 ~ umamipe ~ INFO : Formatted parameters for waveform generation:
14:56:42 ~ umamipe ~ INFO : Final parameters for waveform generation:
14:56:42 ~ umamipe ~ INFO : Generating waveform using ML model for parameters:
14:56:42 ~ umamipe ~ INFO : Using model: None and transformed model <bound method MLWaveformGenerator.get_ml_waveform of MLWaveformGenerator(duration=1.0, sampling_frequency=8192, start_time=0.0, frequency_domain_source_model=None, time_domain_source_model=umamipe.get_ml_waveform, parameter_conversion=umamipe.convert_to_ml_parameters, waveform_arguments={'model_path': '../v0p1/trained-models/model-20251004_072338-10', 'config_path': 'modelconfig-cvae-paper-I'})>
14:56:42 ~ umamipe ~ INFO : Generating waveform using ML model for parameters:
14:56:42 ~ umamipe ~ INFO : Generating waveform using ML model for parameters:
14:56:42 ~ umamipe ~ INFO : Received parameters for waveform generation: {'geocent_time': 0.0, 'mass_1': 43.603539878108116, 'mass_2': 57.21534493828991, 'luminosity_distance': 3152.7859317505972, 'dec': -0.6717152419686498, 'ra': 1.076698693668397, 'theta_jn': 1.7909619551340588, 'psi': 0.8260819613270927, 'phase': 1.4070950632432706, 'chi_1': -0.701189211280722, 'chi_2': 0.012947998956281534, 'chi_1z': 0.4410559293430143, 'chi_2z': 0.3785717579241923, 'spin_1z': 0.4410559293430143, 'spin_2z': 0.3785717579241923, 'model_path': '../v0p1/trained-models/model-20251004_072338-10', 'config_path': 'modelconfig-cvae-paper-I'}
14:56:42 ~ root ~ INFO : Model set to evaluation mode for generation.
14:56:42 ~ root ~ DEBUG : torch.Size([1, 15])
14:56:42 ~ root ~ DEBUG : torch.Size([1, 1, 800])
14:56:42 ~ root ~ DEBUG : torch.Size([1, 64, 10])
14:56:42 ~ root ~ DEBUG : torch.Size([1, 640])
14:56:42 ~ root ~ DEBUG : amp shape: (8190,), freq shape: (8189,)
14:56:42 ~ root ~ DEBUG : freq shape: (8189,), dt: 0.0001220703125, theta0: 0.0
14:56:42 ~ root ~ DEBUG : amp shape: (8190,), freq shape: (8189,), phase shape: (8190,)
14:56:42 ~ umamipe ~ INFO : Generated waveform from ML model with shape: (1, 2, 8190)
14:56:42 ~ umamipe ~ INFO : Waveform shapes after adding dummy element at the start: (8192,), (8192,)
14:56:42 ~ umamipe ~ INFO : Generating waveform using ML model for parameters:
14:56:42 ~ umamipe ~ INFO : Converted (a_i, tilt_i, phi_i) to (spin_i_z): -0.48956615208258736, 0.08238259850784857
14:56:42 ~ umamipe ~ INFO : Formatted parameters for waveform generation:
14:56:42 ~ umamipe ~ INFO : Final parameters for waveform generation:
14:56:42 ~ umamipe ~ INFO : Generating waveform using ML model for parameters:
14:56:42 ~ umamipe ~ INFO : Using model: None and transformed model <bound method MLWaveformGenerator.get_ml_waveform of MLWaveformGenerator(duration=1.0, sampling_frequency=8192, start_time=0.0, frequency_domain_source_model=None, time_domain_source_model=umamipe.get_ml_waveform, parameter_conversion=umamipe.convert_to_ml_parameters, waveform_arguments={'model_path': '../v0p1/trained-models/model-20251004_072338-10', 'config_path': 'modelconfig-cvae-paper-I'})>
14:56:42 ~ umamipe ~ INFO : Generating waveform using ML model for parameters:
14:56:42 ~ umamipe ~ INFO : Generating waveform using ML model for parameters:
14:56:42 ~ umamipe ~ INFO : Received parameters for waveform generation: {'geocent_time': 0.0, 'mass_1': 52.132161966730735, 'mass_2': 43.707115656255155, 'luminosity_distance': 3351.8950380968186, 'dec': -0.4965307144287351, 'ra': 1.699342325303719, 'theta_jn': 1.3771116657621918, 'psi': 1.8600239584259433, 'phase': 5.810946916557615, 'chi_1': 0.21091189448788383, 'chi_2': -0.06826943598458211, 'chi_1z': -0.48956615208258736, 'chi_2z': 0.08238259850784857, 'spin_1z': -0.48956615208258736, 'spin_2z': 0.08238259850784857, 'model_path': '../v0p1/trained-models/model-20251004_072338-10', 'config_path': 'modelconfig-cvae-paper-I'}
14:56:42 ~ root ~ INFO : Model set to evaluation mode for generation.
14:56:42 ~ root ~ DEBUG : torch.Size([1, 15])
14:56:42 ~ root ~ DEBUG : torch.Size([1, 1, 800])
14:56:42 ~ root ~ DEBUG : torch.Size([1, 64, 10])
14:56:42 ~ root ~ DEBUG : torch.Size([1, 640])
14:56:42 ~ root ~ DEBUG : amp shape: (8190,), freq shape: (8189,)
14:56:42 ~ root ~ DEBUG : freq shape: (8189,), dt: 0.0001220703125, theta0: 0.0
14:56:42 ~ root ~ DEBUG : amp shape: (8190,), freq shape: (8189,), phase shape: (8190,)
14:56:42 ~ umamipe ~ INFO : Generated waveform from ML model with shape: (1, 2, 8190)
14:56:42 ~ umamipe ~ INFO : Waveform shapes after adding dummy element at the start: (8192,), (8192,)
14:56:42 ~ umamipe ~ INFO : Generating waveform using ML model for parameters:
14:56:42 ~ umamipe ~ INFO : Converted (a_i, tilt_i, phi_i) to (spin_i_z): 0.2337893286413455, -0.17034741010269216
14:56:42 ~ umamipe ~ INFO : Formatted parameters for waveform generation:
14:56:42 ~ umamipe ~ INFO : Final parameters for waveform generation:
14:56:42 ~ umamipe ~ INFO : Generating waveform using ML model for parameters:
14:56:42 ~ umamipe ~ INFO : Using model: None and transformed model <bound method MLWaveformGenerator.get_ml_waveform of MLWaveformGenerator(duration=1.0, sampling_frequency=8192, start_time=0.0, frequency_domain_source_model=None, time_domain_source_model=umamipe.get_ml_waveform, parameter_conversion=umamipe.convert_to_ml_parameters, waveform_arguments={'model_path': '../v0p1/trained-models/model-20251004_072338-10', 'config_path': 'modelconfig-cvae-paper-I'})>
14:56:42 ~ umamipe ~ INFO : Generating waveform using ML model for parameters:
14:56:42 ~ umamipe ~ INFO : Generating waveform using ML model for parameters:
14:56:42 ~ umamipe ~ INFO : Received parameters for waveform generation: {'geocent_time': 0.0, 'mass_1': 49.47639514922864, 'mass_2': 70.22130750661826, 'luminosity_distance': 2446.9017143304445, 'dec': 0.4819517785206182, 'ra': 5.288465733180835, 'theta_jn': 1.4129059231646601, 'psi': 2.324803358505561, 'phase': 4.991851224779976, 'chi_1': 0.6504144756661463, 'chi_2': 0.054303357957850656, 'chi_1z': 0.2337893286413455, 'chi_2z': -0.17034741010269216, 'spin_1z': 0.2337893286413455, 'spin_2z': -0.17034741010269216, 'model_path': '../v0p1/trained-models/model-20251004_072338-10', 'config_path': 'modelconfig-cvae-paper-I'}
14:56:42 ~ root ~ INFO : Model set to evaluation mode for generation.
14:56:42 ~ root ~ DEBUG : torch.Size([1, 15])
14:56:42 ~ root ~ DEBUG : torch.Size([1, 1, 800])
14:56:42 ~ root ~ DEBUG : torch.Size([1, 64, 10])
14:56:42 ~ root ~ DEBUG : torch.Size([1, 640])
14:56:42 ~ root ~ DEBUG : amp shape: (8190,), freq shape: (8189,)
14:56:42 ~ root ~ DEBUG : freq shape: (8189,), dt: 0.0001220703125, theta0: 0.0
14:56:42 ~ root ~ DEBUG : amp shape: (8190,), freq shape: (8189,), phase shape: (8190,)
14:56:42 ~ umamipe ~ INFO : Generated waveform from ML model with shape: (1, 2, 8190)
14:56:42 ~ umamipe ~ INFO : Waveform shapes after adding dummy element at the start: (8192,), (8192,)
14:56:42 ~ umamipe ~ INFO : Generating waveform using ML model for parameters:
14:56:42 ~ umamipe ~ INFO : Converted (a_i, tilt_i, phi_i) to (spin_i_z): 0.1299165228167498, -0.6241637765180577
14:56:42 ~ umamipe ~ INFO : Formatted parameters for waveform generation:
14:56:42 ~ umamipe ~ INFO : Final parameters for waveform generation:
14:56:42 ~ umamipe ~ INFO : Generating waveform using ML model for parameters:
14:56:42 ~ umamipe ~ INFO : Using model: None and transformed model <bound method MLWaveformGenerator.get_ml_waveform of MLWaveformGenerator(duration=1.0, sampling_frequency=8192, start_time=0.0, frequency_domain_source_model=None, time_domain_source_model=umamipe.get_ml_waveform, parameter_conversion=umamipe.convert_to_ml_parameters, waveform_arguments={'model_path': '../v0p1/trained-models/model-20251004_072338-10', 'config_path': 'modelconfig-cvae-paper-I'})>
14:56:42 ~ umamipe ~ INFO : Generating waveform using ML model for parameters:
14:56:42 ~ umamipe ~ INFO : Generating waveform using ML model for parameters:
14:56:42 ~ umamipe ~ INFO : Received parameters for waveform generation: {'geocent_time': 0.0, 'mass_1': 55.59939367274075, 'mass_2': 41.431033457629646, 'luminosity_distance': 4439.05242828085, 'dec': 0.4349692517660029, 'ra': 3.48650242765557, 'theta_jn': 1.839940834277997, 'psi': 1.5555379080308973, 'phase': 2.8566340776375285, 'chi_1': -0.36648213671109003, 'chi_2': 0.3925935072278847, 'chi_1z': 0.1299165228167498, 'chi_2z': -0.6241637765180577, 'spin_1z': 0.1299165228167498, 'spin_2z': -0.6241637765180577, 'model_path': '../v0p1/trained-models/model-20251004_072338-10', 'config_path': 'modelconfig-cvae-paper-I'}
14:56:42 ~ root ~ INFO : Model set to evaluation mode for generation.
14:56:42 ~ root ~ DEBUG : torch.Size([1, 15])
14:56:42 ~ root ~ DEBUG : torch.Size([1, 1, 800])
14:56:42 ~ root ~ DEBUG : torch.Size([1, 64, 10])
14:56:42 ~ root ~ DEBUG : torch.Size([1, 640])
14:56:42 ~ root ~ DEBUG : amp shape: (8190,), freq shape: (8189,)
14:56:42 ~ root ~ DEBUG : freq shape: (8189,), dt: 0.0001220703125, theta0: 0.0
14:56:42 ~ root ~ DEBUG : amp shape: (8190,), freq shape: (8189,), phase shape: (8190,)
14:56:42 ~ umamipe ~ INFO : Generated waveform from ML model with shape: (1, 2, 8190)
14:56:42 ~ umamipe ~ INFO : Waveform shapes after adding dummy element at the start: (8192,), (8192,)
14:56:42 ~ umamipe ~ INFO : Generating waveform using ML model for parameters:
14:56:42 ~ umamipe ~ INFO : Converted (a_i, tilt_i, phi_i) to (spin_i_z): -0.1194696965193005, 0.19166862758339642
14:56:42 ~ umamipe ~ INFO : Formatted parameters for waveform generation:
14:56:42 ~ umamipe ~ INFO : Final parameters for waveform generation:
14:56:42 ~ umamipe ~ INFO : Generating waveform using ML model for parameters:
14:56:42 ~ umamipe ~ INFO : Using model: None and transformed model <bound method MLWaveformGenerator.get_ml_waveform of MLWaveformGenerator(duration=1.0, sampling_frequency=8192, start_time=0.0, frequency_domain_source_model=None, time_domain_source_model=umamipe.get_ml_waveform, parameter_conversion=umamipe.convert_to_ml_parameters, waveform_arguments={'model_path': '../v0p1/trained-models/model-20251004_072338-10', 'config_path': 'modelconfig-cvae-paper-I'})>
14:56:42 ~ umamipe ~ INFO : Generating waveform using ML model for parameters:
14:56:42 ~ umamipe ~ INFO : Generating waveform using ML model for parameters:
14:56:42 ~ umamipe ~ INFO : Received parameters for waveform generation: {'geocent_time': 0.0, 'mass_1': 41.58237144353862, 'mass_2': 45.80628966009227, 'luminosity_distance': 2536.14864847648, 'dec': 0.32698515809915213, 'ra': 1.4242295865996093, 'theta_jn': 2.496988686824079, 'psi': 2.8134456202627827, 'phase': 5.961439404194235, 'chi_1': -0.14156850784652744, 'chi_2': 0.21582515643132014, 'chi_1z': -0.1194696965193005, 'chi_2z': 0.19166862758339642, 'spin_1z': -0.1194696965193005, 'spin_2z': 0.19166862758339642, 'model_path': '../v0p1/trained-models/model-20251004_072338-10', 'config_path': 'modelconfig-cvae-paper-I'}
14:56:42 ~ root ~ INFO : Model set to evaluation mode for generation.
14:56:42 ~ root ~ DEBUG : torch.Size([1, 15])
14:56:42 ~ root ~ DEBUG : torch.Size([1, 1, 800])
14:56:42 ~ root ~ DEBUG : torch.Size([1, 64, 10])
14:56:42 ~ root ~ DEBUG : torch.Size([1, 640])
14:56:42 ~ root ~ DEBUG : amp shape: (8190,), freq shape: (8189,)
14:56:42 ~ root ~ DEBUG : freq shape: (8189,), dt: 0.0001220703125, theta0: 0.0
14:56:42 ~ root ~ DEBUG : amp shape: (8190,), freq shape: (8189,), phase shape: (8190,)
14:56:42 ~ umamipe ~ INFO : Generated waveform from ML model with shape: (1, 2, 8190)
14:56:42 ~ umamipe ~ INFO : Waveform shapes after adding dummy element at the start: (8192,), (8192,)
14:56:42 ~ umamipe ~ INFO : Generating waveform using ML model for parameters:
14:56:42 ~ umamipe ~ INFO : Converted (a_i, tilt_i, phi_i) to (spin_i_z): 0.2327349191847805, -0.5956951940776206
14:56:42 ~ umamipe ~ INFO : Formatted parameters for waveform generation:
14:56:42 ~ umamipe ~ INFO : Final parameters for waveform generation:
14:56:42 ~ umamipe ~ INFO : Generating waveform using ML model for parameters:
14:56:42 ~ umamipe ~ INFO : Using model: None and transformed model <bound method MLWaveformGenerator.get_ml_waveform of MLWaveformGenerator(duration=1.0, sampling_frequency=8192, start_time=0.0, frequency_domain_source_model=None, time_domain_source_model=umamipe.get_ml_waveform, parameter_conversion=umamipe.convert_to_ml_parameters, waveform_arguments={'model_path': '../v0p1/trained-models/model-20251004_072338-10', 'config_path': 'modelconfig-cvae-paper-I'})>
14:56:42 ~ umamipe ~ INFO : Generating waveform using ML model for parameters:
14:56:42 ~ umamipe ~ INFO : Generating waveform using ML model for parameters:
14:56:42 ~ umamipe ~ INFO : Received parameters for waveform generation: {'geocent_time': 0.0, 'mass_1': 39.43841667643679, 'mass_2': 69.95755020916422, 'luminosity_distance': 4077.769393944298, 'dec': -1.4236108256644346, 'ra': 4.174911547972125, 'theta_jn': 2.117134031658198, 'psi': 1.2202145460291018, 'phase': 3.7064213963657062, 'chi_1': 0.32490175003581134, 'chi_2': -0.10258855164209713, 'chi_1z': 0.2327349191847805, 'chi_2z': -0.5956951940776206, 'spin_1z': 0.2327349191847805, 'spin_2z': -0.5956951940776206, 'model_path': '../v0p1/trained-models/model-20251004_072338-10', 'config_path': 'modelconfig-cvae-paper-I'}
14:56:42 ~ root ~ INFO : Model set to evaluation mode for generation.
14:56:42 ~ root ~ DEBUG : torch.Size([1, 15])
14:56:42 ~ root ~ DEBUG : torch.Size([1, 1, 800])
14:56:42 ~ root ~ DEBUG : torch.Size([1, 64, 10])
14:56:42 ~ root ~ DEBUG : torch.Size([1, 640])
14:56:42 ~ root ~ DEBUG : amp shape: (8190,), freq shape: (8189,)
14:56:42 ~ root ~ DEBUG : freq shape: (8189,), dt: 0.0001220703125, theta0: 0.0
14:56:42 ~ root ~ DEBUG : amp shape: (8190,), freq shape: (8189,), phase shape: (8190,)
14:56:42 ~ umamipe ~ INFO : Generated waveform from ML model with shape: (1, 2, 8190)
14:56:42 ~ umamipe ~ INFO : Waveform shapes after adding dummy element at the start: (8192,), (8192,)
14:56:42 ~ umamipe ~ INFO : Generating waveform using ML model for parameters:
14:56:42 ~ umamipe ~ INFO : Converted (a_i, tilt_i, phi_i) to (spin_i_z): 0.5544256425416096, 0.14391283558331625
14:56:42 ~ umamipe ~ INFO : Formatted parameters for waveform generation:
14:56:42 ~ umamipe ~ INFO : Final parameters for waveform generation:
14:56:42 ~ umamipe ~ INFO : Generating waveform using ML model for parameters:
14:56:42 ~ umamipe ~ INFO : Using model: None and transformed model <bound method MLWaveformGenerator.get_ml_waveform of MLWaveformGenerator(duration=1.0, sampling_frequency=8192, start_time=0.0, frequency_domain_source_model=None, time_domain_source_model=umamipe.get_ml_waveform, parameter_conversion=umamipe.convert_to_ml_parameters, waveform_arguments={'model_path': '../v0p1/trained-models/model-20251004_072338-10', 'config_path': 'modelconfig-cvae-paper-I'})>
14:56:42 ~ umamipe ~ INFO : Generating waveform using ML model for parameters:
14:56:42 ~ umamipe ~ INFO : Generating waveform using ML model for parameters:
14:56:42 ~ umamipe ~ INFO : Received parameters for waveform generation: {'geocent_time': 0.0, 'mass_1': 73.83579691681157, 'mass_2': 34.538261940220885, 'luminosity_distance': 4619.71871683459, 'dec': -0.5250278865652616, 'ra': 2.334384728986423, 'theta_jn': 0.2998071925702542, 'psi': 1.182722091318311, 'phase': 2.4735991835230955, 'chi_1': 0.13967013302362652, 'chi_2': 0.17229035982560734, 'chi_1z': 0.5544256425416096, 'chi_2z': 0.14391283558331625, 'spin_1z': 0.5544256425416096, 'spin_2z': 0.14391283558331625, 'model_path': '../v0p1/trained-models/model-20251004_072338-10', 'config_path': 'modelconfig-cvae-paper-I'}
14:56:42 ~ root ~ INFO : Model set to evaluation mode for generation.
14:56:42 ~ root ~ DEBUG : torch.Size([1, 15])
14:56:42 ~ root ~ DEBUG : torch.Size([1, 1, 800])
14:56:42 ~ root ~ DEBUG : torch.Size([1, 64, 10])
14:56:42 ~ root ~ DEBUG : torch.Size([1, 640])
14:56:42 ~ root ~ DEBUG : amp shape: (8190,), freq shape: (8189,)
14:56:42 ~ root ~ DEBUG : freq shape: (8189,), dt: 0.0001220703125, theta0: 0.0
14:56:42 ~ root ~ DEBUG : amp shape: (8190,), freq shape: (8189,), phase shape: (8190,)
14:56:42 ~ umamipe ~ INFO : Generated waveform from ML model with shape: (1, 2, 8190)
14:56:42 ~ umamipe ~ INFO : Waveform shapes after adding dummy element at the start: (8192,), (8192,)
14:56:42 ~ umamipe ~ INFO : Generating waveform using ML model for parameters:
14:56:42 ~ umamipe ~ INFO : Converted (a_i, tilt_i, phi_i) to (spin_i_z): -0.6077293674168152, 0.06343797151664021
14:56:42 ~ umamipe ~ INFO : Formatted parameters for waveform generation:
14:56:42 ~ umamipe ~ INFO : Final parameters for waveform generation:
14:56:42 ~ umamipe ~ INFO : Generating waveform using ML model for parameters:
14:56:42 ~ umamipe ~ INFO : Using model: None and transformed model <bound method MLWaveformGenerator.get_ml_waveform of MLWaveformGenerator(duration=1.0, sampling_frequency=8192, start_time=0.0, frequency_domain_source_model=None, time_domain_source_model=umamipe.get_ml_waveform, parameter_conversion=umamipe.convert_to_ml_parameters, waveform_arguments={'model_path': '../v0p1/trained-models/model-20251004_072338-10', 'config_path': 'modelconfig-cvae-paper-I'})>
14:56:42 ~ umamipe ~ INFO : Generating waveform using ML model for parameters:
14:56:42 ~ umamipe ~ INFO : Generating waveform using ML model for parameters:
14:56:42 ~ umamipe ~ INFO : Received parameters for waveform generation: {'geocent_time': 0.0, 'mass_1': 42.626577262044115, 'mass_2': 52.2306881238346, 'luminosity_distance': 3567.763705411996, 'dec': -0.3154116964286618, 'ra': 3.6541113151392888, 'theta_jn': 0.7869592013917209, 'psi': 1.336813660572101, 'phase': 1.004714857065478, 'chi_1': -0.1191642970268065, 'chi_2': -0.43082386928458033, 'chi_1z': -0.6077293674168152, 'chi_2z': 0.06343797151664021, 'spin_1z': -0.6077293674168152, 'spin_2z': 0.06343797151664021, 'model_path': '../v0p1/trained-models/model-20251004_072338-10', 'config_path': 'modelconfig-cvae-paper-I'}
14:56:42 ~ root ~ INFO : Model set to evaluation mode for generation.
14:56:42 ~ root ~ DEBUG : torch.Size([1, 15])
14:56:42 ~ root ~ DEBUG : torch.Size([1, 1, 800])
14:56:42 ~ root ~ DEBUG : torch.Size([1, 64, 10])
14:56:42 ~ root ~ DEBUG : torch.Size([1, 640])
14:56:42 ~ root ~ DEBUG : amp shape: (8190,), freq shape: (8189,)
14:56:42 ~ root ~ DEBUG : freq shape: (8189,), dt: 0.0001220703125, theta0: 0.0
14:56:42 ~ root ~ DEBUG : amp shape: (8190,), freq shape: (8189,), phase shape: (8190,)
14:56:42 ~ umamipe ~ INFO : Generated waveform from ML model with shape: (1, 2, 8190)
14:56:42 ~ umamipe ~ INFO : Waveform shapes after adding dummy element at the start: (8192,), (8192,)
14:56:42 ~ umamipe ~ INFO : Generating waveform using ML model for parameters:
14:56:42 ~ umamipe ~ INFO : Converted (a_i, tilt_i, phi_i) to (spin_i_z): 0.28228637169780657, 0.15443898975167425
14:56:42 ~ umamipe ~ INFO : Formatted parameters for waveform generation:
14:56:42 ~ umamipe ~ INFO : Final parameters for waveform generation:
14:56:42 ~ umamipe ~ INFO : Generating waveform using ML model for parameters:
14:56:42 ~ umamipe ~ INFO : Using model: None and transformed model <bound method MLWaveformGenerator.get_ml_waveform of MLWaveformGenerator(duration=1.0, sampling_frequency=8192, start_time=0.0, frequency_domain_source_model=None, time_domain_source_model=umamipe.get_ml_waveform, parameter_conversion=umamipe.convert_to_ml_parameters, waveform_arguments={'model_path': '../v0p1/trained-models/model-20251004_072338-10', 'config_path': 'modelconfig-cvae-paper-I'})>
14:56:42 ~ umamipe ~ INFO : Generating waveform using ML model for parameters:
14:56:42 ~ umamipe ~ INFO : Generating waveform using ML model for parameters:
14:56:42 ~ umamipe ~ INFO : Received parameters for waveform generation: {'geocent_time': 0.0, 'mass_1': 72.593629000503, 'mass_2': 56.15785011375853, 'luminosity_distance': 1907.3931394894896, 'dec': -0.20067650514922897, 'ra': 0.6080436509190352, 'theta_jn': 1.293637325792543, 'psi': 2.2123051454738945, 'phase': 4.573506364847405, 'chi_1': 0.0859805729803803, 'chi_2': -0.37213618939907667, 'chi_1z': 0.28228637169780657, 'chi_2z': 0.15443898975167425, 'spin_1z': 0.28228637169780657, 'spin_2z': 0.15443898975167425, 'model_path': '../v0p1/trained-models/model-20251004_072338-10', 'config_path': 'modelconfig-cvae-paper-I'}
14:56:42 ~ root ~ INFO : Model set to evaluation mode for generation.
14:56:42 ~ root ~ DEBUG : torch.Size([1, 15])
14:56:42 ~ root ~ DEBUG : torch.Size([1, 1, 800])
14:56:42 ~ root ~ DEBUG : torch.Size([1, 64, 10])
14:56:42 ~ root ~ DEBUG : torch.Size([1, 640])
14:56:42 ~ root ~ DEBUG : amp shape: (8190,), freq shape: (8189,)
14:56:42 ~ root ~ DEBUG : freq shape: (8189,), dt: 0.0001220703125, theta0: 0.0
14:56:42 ~ root ~ DEBUG : amp shape: (8190,), freq shape: (8189,), phase shape: (8190,)
14:56:42 ~ umamipe ~ INFO : Generated waveform from ML model with shape: (1, 2, 8190)
14:56:42 ~ umamipe ~ INFO : Waveform shapes after adding dummy element at the start: (8192,), (8192,)
14:56:42 ~ umamipe ~ INFO : Generating waveform using ML model for parameters:
14:56:42 ~ umamipe ~ INFO : Converted (a_i, tilt_i, phi_i) to (spin_i_z): -0.14380143268747714, 0.522854897009611
14:56:42 ~ umamipe ~ INFO : Formatted parameters for waveform generation:
14:56:42 ~ umamipe ~ INFO : Final parameters for waveform generation:
14:56:42 ~ umamipe ~ INFO : Generating waveform using ML model for parameters:
14:56:42 ~ umamipe ~ INFO : Using model: None and transformed model <bound method MLWaveformGenerator.get_ml_waveform of MLWaveformGenerator(duration=1.0, sampling_frequency=8192, start_time=0.0, frequency_domain_source_model=None, time_domain_source_model=umamipe.get_ml_waveform, parameter_conversion=umamipe.convert_to_ml_parameters, waveform_arguments={'model_path': '../v0p1/trained-models/model-20251004_072338-10', 'config_path': 'modelconfig-cvae-paper-I'})>
14:56:42 ~ umamipe ~ INFO : Generating waveform using ML model for parameters:
14:56:42 ~ umamipe ~ INFO : Generating waveform using ML model for parameters:
14:56:42 ~ umamipe ~ INFO : Received parameters for waveform generation: {'geocent_time': 0.0, 'mass_1': 55.718193623283824, 'mass_2': 56.0558173866057, 'luminosity_distance': 869.6479671713893, 'dec': -1.0200425793298176, 'ra': 5.53045727194456, 'theta_jn': 1.9491374343660235, 'psi': 0.08625616995764483, 'phase': 4.863378388317026, 'chi_1': 0.4781466418104312, 'chi_2': -0.21505322867825172, 'chi_1z': -0.14380143268747714, 'chi_2z': 0.522854897009611, 'spin_1z': -0.14380143268747714, 'spin_2z': 0.522854897009611, 'model_path': '../v0p1/trained-models/model-20251004_072338-10', 'config_path': 'modelconfig-cvae-paper-I'}
14:56:42 ~ root ~ INFO : Model set to evaluation mode for generation.
14:56:42 ~ root ~ DEBUG : torch.Size([1, 15])
14:56:42 ~ root ~ DEBUG : torch.Size([1, 1, 800])
14:56:42 ~ root ~ DEBUG : torch.Size([1, 64, 10])
14:56:42 ~ root ~ DEBUG : torch.Size([1, 640])
14:56:42 ~ root ~ DEBUG : amp shape: (8190,), freq shape: (8189,)
14:56:42 ~ root ~ DEBUG : freq shape: (8189,), dt: 0.0001220703125, theta0: 0.0
14:56:42 ~ root ~ DEBUG : amp shape: (8190,), freq shape: (8189,), phase shape: (8190,)
14:56:42 ~ umamipe ~ INFO : Generated waveform from ML model with shape: (1, 2, 8190)
14:56:42 ~ umamipe ~ INFO : Waveform shapes after adding dummy element at the start: (8192,), (8192,)
14:56:42 ~ umamipe ~ INFO : Generating waveform using ML model for parameters:
14:56:42 ~ umamipe ~ INFO : Converted (a_i, tilt_i, phi_i) to (spin_i_z): 0.2782795726260663, -0.14211559802338447
14:56:42 ~ umamipe ~ INFO : Formatted parameters for waveform generation:
14:56:42 ~ umamipe ~ INFO : Final parameters for waveform generation:
14:56:42 ~ umamipe ~ INFO : Generating waveform using ML model for parameters:
14:56:42 ~ umamipe ~ INFO : Using model: None and transformed model <bound method MLWaveformGenerator.get_ml_waveform of MLWaveformGenerator(duration=1.0, sampling_frequency=8192, start_time=0.0, frequency_domain_source_model=None, time_domain_source_model=umamipe.get_ml_waveform, parameter_conversion=umamipe.convert_to_ml_parameters, waveform_arguments={'model_path': '../v0p1/trained-models/model-20251004_072338-10', 'config_path': 'modelconfig-cvae-paper-I'})>
14:56:42 ~ umamipe ~ INFO : Generating waveform using ML model for parameters:
14:56:42 ~ umamipe ~ INFO : Generating waveform using ML model for parameters:
14:56:42 ~ umamipe ~ INFO : Received parameters for waveform generation: {'geocent_time': 0.0, 'mass_1': 33.14956938908973, 'mass_2': 35.40332013348882, 'luminosity_distance': 3977.819244473812, 'dec': 0.3583784588203416, 'ra': 3.7414882151630473, 'theta_jn': 1.8425169931952965, 'psi': 1.11152525900248, 'phase': 1.3000635161500698, 'chi_1': -0.22277242812523393, 'chi_2': -0.04974026031321355, 'chi_1z': 0.2782795726260663, 'chi_2z': -0.14211559802338447, 'spin_1z': 0.2782795726260663, 'spin_2z': -0.14211559802338447, 'model_path': '../v0p1/trained-models/model-20251004_072338-10', 'config_path': 'modelconfig-cvae-paper-I'}
14:56:42 ~ root ~ INFO : Model set to evaluation mode for generation.
14:56:42 ~ root ~ DEBUG : torch.Size([1, 15])
14:56:42 ~ root ~ DEBUG : torch.Size([1, 1, 800])
14:56:42 ~ root ~ DEBUG : torch.Size([1, 64, 10])
14:56:42 ~ root ~ DEBUG : torch.Size([1, 640])
14:56:42 ~ root ~ DEBUG : amp shape: (8190,), freq shape: (8189,)
14:56:42 ~ root ~ DEBUG : freq shape: (8189,), dt: 0.0001220703125, theta0: 0.0
14:56:42 ~ root ~ DEBUG : amp shape: (8190,), freq shape: (8189,), phase shape: (8190,)
14:56:42 ~ umamipe ~ INFO : Generated waveform from ML model with shape: (1, 2, 8190)
14:56:42 ~ umamipe ~ INFO : Waveform shapes after adding dummy element at the start: (8192,), (8192,)
14:56:42 ~ umamipe ~ INFO : Generating waveform using ML model for parameters:
14:56:42 ~ umamipe ~ INFO : Converted (a_i, tilt_i, phi_i) to (spin_i_z): 0.6000604416855655, -0.10144325565145917
14:56:42 ~ umamipe ~ INFO : Formatted parameters for waveform generation:
14:56:42 ~ umamipe ~ INFO : Final parameters for waveform generation:
14:56:42 ~ umamipe ~ INFO : Generating waveform using ML model for parameters:
14:56:42 ~ umamipe ~ INFO : Using model: None and transformed model <bound method MLWaveformGenerator.get_ml_waveform of MLWaveformGenerator(duration=1.0, sampling_frequency=8192, start_time=0.0, frequency_domain_source_model=None, time_domain_source_model=umamipe.get_ml_waveform, parameter_conversion=umamipe.convert_to_ml_parameters, waveform_arguments={'model_path': '../v0p1/trained-models/model-20251004_072338-10', 'config_path': 'modelconfig-cvae-paper-I'})>
14:56:42 ~ umamipe ~ INFO : Generating waveform using ML model for parameters:
14:56:42 ~ umamipe ~ INFO : Generating waveform using ML model for parameters:
14:56:42 ~ umamipe ~ INFO : Received parameters for waveform generation: {'geocent_time': 0.0, 'mass_1': 56.7755099958884, 'mass_2': 31.777079309600328, 'luminosity_distance': 2260.4539785359393, 'dec': 0.8986702078061841, 'ra': 0.027237775416024155, 'theta_jn': 1.578170773776452, 'psi': 2.33394866676081, 'phase': 2.3363494116013497, 'chi_1': 0.1118230129226682, 'chi_2': 0.003130739854568472, 'chi_1z': 0.6000604416855655, 'chi_2z': -0.10144325565145917, 'spin_1z': 0.6000604416855655, 'spin_2z': -0.10144325565145917, 'model_path': '../v0p1/trained-models/model-20251004_072338-10', 'config_path': 'modelconfig-cvae-paper-I'}
14:56:42 ~ root ~ INFO : Model set to evaluation mode for generation.
14:56:42 ~ root ~ DEBUG : torch.Size([1, 15])
14:56:42 ~ root ~ DEBUG : torch.Size([1, 1, 800])
14:56:42 ~ root ~ DEBUG : torch.Size([1, 64, 10])
14:56:42 ~ root ~ DEBUG : torch.Size([1, 640])
14:56:42 ~ root ~ DEBUG : amp shape: (8190,), freq shape: (8189,)
14:56:42 ~ root ~ DEBUG : freq shape: (8189,), dt: 0.0001220703125, theta0: 0.0
14:56:42 ~ root ~ DEBUG : amp shape: (8190,), freq shape: (8189,), phase shape: (8190,)
14:56:42 ~ umamipe ~ INFO : Generated waveform from ML model with shape: (1, 2, 8190)
14:56:42 ~ umamipe ~ INFO : Waveform shapes after adding dummy element at the start: (8192,), (8192,)
14:56:42 ~ umamipe ~ INFO : Generating waveform using ML model for parameters:
14:56:42 ~ umamipe ~ INFO : Converted (a_i, tilt_i, phi_i) to (spin_i_z): 0.244540099333856, -0.7040322484830753
14:56:42 ~ umamipe ~ INFO : Formatted parameters for waveform generation:
14:56:42 ~ umamipe ~ INFO : Final parameters for waveform generation:
14:56:42 ~ umamipe ~ INFO : Generating waveform using ML model for parameters:
14:56:42 ~ umamipe ~ INFO : Using model: None and transformed model <bound method MLWaveformGenerator.get_ml_waveform of MLWaveformGenerator(duration=1.0, sampling_frequency=8192, start_time=0.0, frequency_domain_source_model=None, time_domain_source_model=umamipe.get_ml_waveform, parameter_conversion=umamipe.convert_to_ml_parameters, waveform_arguments={'model_path': '../v0p1/trained-models/model-20251004_072338-10', 'config_path': 'modelconfig-cvae-paper-I'})>
14:56:42 ~ umamipe ~ INFO : Generating waveform using ML model for parameters:
14:56:42 ~ umamipe ~ INFO : Generating waveform using ML model for parameters:
14:56:42 ~ umamipe ~ INFO : Received parameters for waveform generation: {'geocent_time': 0.0, 'mass_1': 74.3495685308036, 'mass_2': 48.74888946763261, 'luminosity_distance': 1044.2251484380224, 'dec': 1.3671927700470374, 'ra': 3.512780133377749, 'theta_jn': 1.430603625816558, 'psi': 1.7428471124900873, 'phase': 0.345839202196439, 'chi_1': 0.26762828303308395, 'chi_2': -0.05100306900826276, 'chi_1z': 0.244540099333856, 'chi_2z': -0.7040322484830753, 'spin_1z': 0.244540099333856, 'spin_2z': -0.7040322484830753, 'model_path': '../v0p1/trained-models/model-20251004_072338-10', 'config_path': 'modelconfig-cvae-paper-I'}
14:56:42 ~ root ~ INFO : Model set to evaluation mode for generation.
14:56:42 ~ root ~ DEBUG : torch.Size([1, 15])
14:56:42 ~ root ~ DEBUG : torch.Size([1, 1, 800])
14:56:42 ~ root ~ DEBUG : torch.Size([1, 64, 10])
14:56:42 ~ root ~ DEBUG : torch.Size([1, 640])
14:56:42 ~ root ~ DEBUG : amp shape: (8190,), freq shape: (8189,)
14:56:42 ~ root ~ DEBUG : freq shape: (8189,), dt: 0.0001220703125, theta0: 0.0
14:56:42 ~ root ~ DEBUG : amp shape: (8190,), freq shape: (8189,), phase shape: (8190,)
14:56:42 ~ umamipe ~ INFO : Generated waveform from ML model with shape: (1, 2, 8190)
14:56:42 ~ umamipe ~ INFO : Waveform shapes after adding dummy element at the start: (8192,), (8192,)
14:56:42 ~ umamipe ~ INFO : Generating waveform using ML model for parameters:
14:56:42 ~ umamipe ~ INFO : Converted (a_i, tilt_i, phi_i) to (spin_i_z): -0.5442759041126852, -0.33961630144025823
14:56:42 ~ umamipe ~ INFO : Formatted parameters for waveform generation:
14:56:42 ~ umamipe ~ INFO : Final parameters for waveform generation:
14:56:42 ~ umamipe ~ INFO : Generating waveform using ML model for parameters:
14:56:42 ~ umamipe ~ INFO : Using model: None and transformed model <bound method MLWaveformGenerator.get_ml_waveform of MLWaveformGenerator(duration=1.0, sampling_frequency=8192, start_time=0.0, frequency_domain_source_model=None, time_domain_source_model=umamipe.get_ml_waveform, parameter_conversion=umamipe.convert_to_ml_parameters, waveform_arguments={'model_path': '../v0p1/trained-models/model-20251004_072338-10', 'config_path': 'modelconfig-cvae-paper-I'})>
14:56:42 ~ umamipe ~ INFO : Generating waveform using ML model for parameters:
14:56:42 ~ umamipe ~ INFO : Generating waveform using ML model for parameters:
14:56:42 ~ umamipe ~ INFO : Received parameters for waveform generation: {'geocent_time': 0.0, 'mass_1': 67.78537143986995, 'mass_2': 50.42365704198684, 'luminosity_distance': 2784.3408867445482, 'dec': 0.638461599417032, 'ra': 2.2749674400422606, 'theta_jn': 2.1884547497405955, 'psi': 0.9735127684143853, 'phase': 3.5013316730186275, 'chi_1': -0.44557886507388555, 'chi_2': 0.06909600530860045, 'chi_1z': -0.5442759041126852, 'chi_2z': -0.33961630144025823, 'spin_1z': -0.5442759041126852, 'spin_2z': -0.33961630144025823, 'model_path': '../v0p1/trained-models/model-20251004_072338-10', 'config_path': 'modelconfig-cvae-paper-I'}
14:56:42 ~ root ~ INFO : Model set to evaluation mode for generation.
14:56:42 ~ root ~ DEBUG : torch.Size([1, 15])
14:56:42 ~ root ~ DEBUG : torch.Size([1, 1, 800])
14:56:42 ~ root ~ DEBUG : torch.Size([1, 64, 10])
14:56:42 ~ root ~ DEBUG : torch.Size([1, 640])
14:56:42 ~ root ~ DEBUG : amp shape: (8190,), freq shape: (8189,)
14:56:42 ~ root ~ DEBUG : freq shape: (8189,), dt: 0.0001220703125, theta0: 0.0
14:56:42 ~ root ~ DEBUG : amp shape: (8190,), freq shape: (8189,), phase shape: (8190,)
14:56:42 ~ umamipe ~ INFO : Generated waveform from ML model with shape: (1, 2, 8190)
14:56:42 ~ umamipe ~ INFO : Waveform shapes after adding dummy element at the start: (8192,), (8192,)
14:56:42 ~ umamipe ~ INFO : Generating waveform using ML model for parameters:
14:56:42 ~ umamipe ~ INFO : Converted (a_i, tilt_i, phi_i) to (spin_i_z): -0.1341853734272389, -0.6703645805432272
14:56:42 ~ umamipe ~ INFO : Formatted parameters for waveform generation:
14:56:42 ~ umamipe ~ INFO : Final parameters for waveform generation:
14:56:42 ~ umamipe ~ INFO : Generating waveform using ML model for parameters:
14:56:42 ~ umamipe ~ INFO : Using model: None and transformed model <bound method MLWaveformGenerator.get_ml_waveform of MLWaveformGenerator(duration=1.0, sampling_frequency=8192, start_time=0.0, frequency_domain_source_model=None, time_domain_source_model=umamipe.get_ml_waveform, parameter_conversion=umamipe.convert_to_ml_parameters, waveform_arguments={'model_path': '../v0p1/trained-models/model-20251004_072338-10', 'config_path': 'modelconfig-cvae-paper-I'})>
14:56:42 ~ umamipe ~ INFO : Generating waveform using ML model for parameters:
14:56:42 ~ umamipe ~ INFO : Generating waveform using ML model for parameters:
14:56:42 ~ umamipe ~ INFO : Received parameters for waveform generation: {'geocent_time': 0.0, 'mass_1': 43.659527124757226, 'mass_2': 72.41988785066471, 'luminosity_distance': 3671.472363011507, 'dec': -0.6370171745976484, 'ra': 5.6895781102327785, 'theta_jn': 0.6290173654981595, 'psi': 2.063142834595439, 'phase': 3.770321470049229, 'chi_1': 0.5286715454904405, 'chi_2': -0.3802819315478155, 'chi_1z': -0.1341853734272389, 'chi_2z': -0.6703645805432272, 'spin_1z': -0.1341853734272389, 'spin_2z': -0.6703645805432272, 'model_path': '../v0p1/trained-models/model-20251004_072338-10', 'config_path': 'modelconfig-cvae-paper-I'}
14:56:42 ~ root ~ INFO : Model set to evaluation mode for generation.
14:56:42 ~ root ~ DEBUG : torch.Size([1, 15])
14:56:42 ~ root ~ DEBUG : torch.Size([1, 1, 800])
14:56:42 ~ root ~ DEBUG : torch.Size([1, 64, 10])
14:56:42 ~ root ~ DEBUG : torch.Size([1, 640])
14:56:42 ~ root ~ DEBUG : amp shape: (8190,), freq shape: (8189,)
14:56:42 ~ root ~ DEBUG : freq shape: (8189,), dt: 0.0001220703125, theta0: 0.0
14:56:42 ~ root ~ DEBUG : amp shape: (8190,), freq shape: (8189,), phase shape: (8190,)
14:56:42 ~ umamipe ~ INFO : Generated waveform from ML model with shape: (1, 2, 8190)
14:56:42 ~ umamipe ~ INFO : Waveform shapes after adding dummy element at the start: (8192,), (8192,)
14:56:42 ~ umamipe ~ INFO : Generating waveform using ML model for parameters:
14:56:42 ~ umamipe ~ INFO : Converted (a_i, tilt_i, phi_i) to (spin_i_z): 0.07911784471880134, -0.5731868171541777
14:56:42 ~ umamipe ~ INFO : Formatted parameters for waveform generation:
14:56:42 ~ umamipe ~ INFO : Final parameters for waveform generation:
14:56:42 ~ umamipe ~ INFO : Generating waveform using ML model for parameters:
14:56:42 ~ umamipe ~ INFO : Using model: None and transformed model <bound method MLWaveformGenerator.get_ml_waveform of MLWaveformGenerator(duration=1.0, sampling_frequency=8192, start_time=0.0, frequency_domain_source_model=None, time_domain_source_model=umamipe.get_ml_waveform, parameter_conversion=umamipe.convert_to_ml_parameters, waveform_arguments={'model_path': '../v0p1/trained-models/model-20251004_072338-10', 'config_path': 'modelconfig-cvae-paper-I'})>
14:56:42 ~ umamipe ~ INFO : Generating waveform using ML model for parameters:
14:56:42 ~ umamipe ~ INFO : Generating waveform using ML model for parameters:
14:56:42 ~ umamipe ~ INFO : Received parameters for waveform generation: {'geocent_time': 0.0, 'mass_1': 34.297774948375505, 'mass_2': 64.0048571656035, 'luminosity_distance': 3565.555435582642, 'dec': 0.02257349035937468, 'ra': 0.8705339371357572, 'theta_jn': 1.7620381087559314, 'psi': 2.830988790609772, 'phase': 5.329745751534456, 'chi_1': 0.6185595175005331, 'chi_2': 0.007177028507881063, 'chi_1z': 0.07911784471880134, 'chi_2z': -0.5731868171541777, 'spin_1z': 0.07911784471880134, 'spin_2z': -0.5731868171541777, 'model_path': '../v0p1/trained-models/model-20251004_072338-10', 'config_path': 'modelconfig-cvae-paper-I'}
14:56:42 ~ root ~ INFO : Model set to evaluation mode for generation.
14:56:42 ~ root ~ DEBUG : torch.Size([1, 15])
14:56:42 ~ root ~ DEBUG : torch.Size([1, 1, 800])
14:56:42 ~ root ~ DEBUG : torch.Size([1, 64, 10])
14:56:42 ~ root ~ DEBUG : torch.Size([1, 640])
14:56:42 ~ root ~ DEBUG : amp shape: (8190,), freq shape: (8189,)
14:56:42 ~ root ~ DEBUG : freq shape: (8189,), dt: 0.0001220703125, theta0: 0.0
14:56:42 ~ root ~ DEBUG : amp shape: (8190,), freq shape: (8189,), phase shape: (8190,)
14:56:42 ~ umamipe ~ INFO : Generated waveform from ML model with shape: (1, 2, 8190)
14:56:42 ~ umamipe ~ INFO : Waveform shapes after adding dummy element at the start: (8192,), (8192,)
14:56:42 ~ umamipe ~ INFO : Generating waveform using ML model for parameters:
14:56:42 ~ umamipe ~ INFO : Converted (a_i, tilt_i, phi_i) to (spin_i_z): -0.5969969105370464, -0.11712525129523088
14:56:42 ~ umamipe ~ INFO : Formatted parameters for waveform generation:
14:56:42 ~ umamipe ~ INFO : Final parameters for waveform generation:
14:56:42 ~ umamipe ~ INFO : Generating waveform using ML model for parameters:
14:56:42 ~ umamipe ~ INFO : Using model: None and transformed model <bound method MLWaveformGenerator.get_ml_waveform of MLWaveformGenerator(duration=1.0, sampling_frequency=8192, start_time=0.0, frequency_domain_source_model=None, time_domain_source_model=umamipe.get_ml_waveform, parameter_conversion=umamipe.convert_to_ml_parameters, waveform_arguments={'model_path': '../v0p1/trained-models/model-20251004_072338-10', 'config_path': 'modelconfig-cvae-paper-I'})>
14:56:42 ~ umamipe ~ INFO : Generating waveform using ML model for parameters:
14:56:42 ~ umamipe ~ INFO : Generating waveform using ML model for parameters:
14:56:42 ~ umamipe ~ INFO : Received parameters for waveform generation: {'geocent_time': 0.0, 'mass_1': 50.71978062654763, 'mass_2': 56.93860090837382, 'luminosity_distance': 1967.7586377288023, 'dec': 0.9817489818384748, 'ra': 2.096785685831852, 'theta_jn': 2.235703558140613, 'psi': 1.5869015329674976, 'phase': 0.1643053550796986, 'chi_1': 0.16546738955214788, 'chi_2': -0.15947163630589378, 'chi_1z': -0.5969969105370464, 'chi_2z': -0.11712525129523088, 'spin_1z': -0.5969969105370464, 'spin_2z': -0.11712525129523088, 'model_path': '../v0p1/trained-models/model-20251004_072338-10', 'config_path': 'modelconfig-cvae-paper-I'}
14:56:42 ~ root ~ INFO : Model set to evaluation mode for generation.
14:56:42 ~ root ~ DEBUG : torch.Size([1, 15])
14:56:42 ~ root ~ DEBUG : torch.Size([1, 1, 800])
14:56:42 ~ root ~ DEBUG : torch.Size([1, 64, 10])
14:56:42 ~ root ~ DEBUG : torch.Size([1, 640])
14:56:42 ~ nessai.flowsampler ~ WARNING : Terminating run
14:56:42 ~ nessai.samplers.base ~ WARNING : Could not log checkpoint iteration in the history
