00:18:45 ~ umamipe ~ WARNING : No source model provided to MLWaveformGenerator. We will initialize our ML model!
00:18:45 ~ umamipe ~ INFO : Initializing ML model with model_path: ../v0p1/trained-models/model-20251004_072338-10 and config_path: modelconfig-cvae-paper-I
00:18:45 ~ root ~ INFO : Starting training with specified hyperparameters
00:18:45 ~ root ~ INFO : Using MODEL_CONFIG: modelconfig-cvae-paper-I.json
00:18:45 ~ root ~ INFO : Setting training to False for model initialization.
00:18:45 ~ root ~ INFO : Setting _is_full_backward_hook to None for model initialization.
00:18:45 ~ root ~ INFO : Initializing original CVAE model architecture for testing.
00:18:45 ~ root ~ INFO : Input parameter normalization is NOT enabled.                 The model will use the raw labels without normalization.
00:18:45 ~ root ~ DEBUG : sequence_length=16380
00:18:45 ~ root ~ DEBUG : sequence_length=1019
00:18:45 ~ root ~ INFO : Model architecture of type CVAE initialized. Now loading model weights.
00:18:45 ~ root ~ INFO : Model initialized with the following hyperparameters: {'modeltype': 'original', 'batch_size': 50, 'latent_dim_x': 8, 'latent_dim_key': 3, 'activation': 'relu', 'target': None, 'epochs': 10, 'enc_cnn_in': 5, 'enc_cnn_out': 15, 'enc_cnn_kernel': 16, 'enc_cnn_dilation': 1, 'enc_pool_kernel': 4, 'enc_postfc_hidden': 500, 'dec_cnn_in': 32, 'dec_cnn_out': 64, 'dec_cnn_kernel': 5, 'dec_pool_kernel': 4, 'dec_postfc_hidden': 800, 'cond_fc_min': 16, 'cond_fc_max': 500, 'input_shape': [2, 8191], 'num_classes': 4, 'key_shape': [2, 2], 'beta': 0.1, 'decoder_input_type': 'concat', 'embed_labels_in_decoder': False, 'model_class': 'TwoC2E1D', 'model_module': 'cvae', 'labels_mean': tensor([ 3.9705e+01,  4.0195e+01, -1.1827e-03, -1.6673e-03], device='mps:0'), 'labels_std': tensor([20.1353, 20.0626,  0.5787,  0.5751], device='mps:0'), 'model_file': '/Users/suyoggarg/Library/CloudStorage/GoogleDrive-suyog999.sg@gmail.com/My Drive/WORK/PhD@Kipp_2023-25/cvae@taiwan/umami/flexcvae.py', 'model_architecture': 'TwoC2E1D(\n  (encoder_x): BaseEncoder(\n    (_act): ReLU()\n    (_last_act): ReLU()\n    (_drop): Identity()\n    (cnn_layers): Sequential(\n      (0): Sequential(\n        (0): Conv1d(2, 32, kernel_size=(6,), stride=(1,))\n        (1): ReLU()\n        (2): MaxPool1d(kernel_size=4, stride=4, padding=0, dilation=1, ceil_mode=False)\n      )\n      (1): Sequential(\n        (0): Conv1d(32, 32, kernel_size=(6,), stride=(1,))\n        (1): ReLU()\n        (2): MaxPool1d(kernel_size=4, stride=4, padding=0, dilation=1, ceil_mode=False)\n      )\n    )\n    (post_fc_layers): Sequential(\n      (0): AssertInputShape()\n      (1): Sequential(\n        (0): Linear(in_features=16324, out_features=256, bias=True)\n        (1): ReLU()\n      )\n      (2): Sequential(\n        (0): Linear(in_features=256, out_features=256, bias=True)\n        (1): ReLU()\n      )\n      (3): Sequential(\n        (0): Linear(in_features=256, out_features=64, bias=True)\n        (1): ReLU()\n      )\n    )\n  )\n  (encoder_key): BaseEncoder(\n    (_act): ReLU()\n    (_last_act): Identity()\n    (_drop): Identity()\n    (pre_fc_layers): Sequential(\n      (0): AssertInputShape()\n      (1): Sequential(\n        (0): Linear(in_features=8, out_features=64, bias=True)\n        (1): ReLU()\n      )\n      (2): Sequential(\n        (0): Linear(in_features=64, out_features=64, bias=True)\n        (1): ReLU()\n      )\n      (3): Sequential(\n        (0): Linear(in_features=64, out_features=8, bias=True)\n        (1): Identity()\n      )\n    )\n  )\n  (decoder): BaseDecoder(\n    (_act): ReLU()\n    (_last_act): Identity()\n    (_drop): Identity()\n    (pre_fc_layers): Sequential(\n      (0): AssertInputShape()\n      (1): Sequential(\n        (0): Linear(in_features=40, out_features=512, bias=True)\n        (1): Identity()\n      )\n    )\n    (cnn_layers): Sequential(\n      (0): Sequential(\n        (0): Conv1d(1, 64, kernel_size=(5,), stride=(1,), dilation=(3,))\n        (1): ReLU()\n        (2): MaxPool1d(kernel_size=4, stride=4, padding=0, dilation=1, ceil_mode=False)\n      )\n      (1): Sequential(\n        (0): Conv1d(64, 64, kernel_size=(5,), stride=(1,), dilation=(3,))\n        (1): ReLU()\n        (2): MaxPool1d(kernel_size=4, stride=4, padding=0, dilation=1, ceil_mode=False)\n      )\n      (2): Sequential(\n        (0): Conv1d(64, 64, kernel_size=(5,), stride=(1,), dilation=(3,))\n        (1): ReLU()\n        (2): MaxPool1d(kernel_size=4, stride=4, padding=0, dilation=1, ceil_mode=False)\n      )\n    )\n    (post_fc_layers): Sequential(\n      (0): AssertInputShape()\n      (1): Sequential(\n        (0): Linear(in_features=256, out_features=512, bias=True)\n        (1): ReLU()\n      )\n      (2): Sequential(\n        (0): Linear(in_features=512, out_features=16382, bias=True)\n        (1): ReLU()\n      )\n    )\n  )\n  (conditional_x): BaseConditional(\n    (_act): ReLU()\n    (_last_act): Identity()\n    (_drop): Identity()\n    (pre_fc_layers): Sequential(\n      (0): AssertInputShape()\n      (1): Sequential(\n        (0): Linear(in_features=4, out_features=128, bias=True)\n        (1): ReLU()\n      )\n      (2): Sequential(\n        (0): Linear(in_features=128, out_features=512, bias=True)\n        (1): ReLU()\n      )\n      (3): Sequential(\n        (0): Linear(in_features=512, out_features=128, bias=True)\n        (1): ReLU()\n      )\n      (4): Sequential(\n        (0): Linear(in_features=128, out_features=64, bias=True)\n        (1): ReLU()\n      )\n    )\n  )\n  (conditional_key): BaseConditional(\n    (_act): ReLU()\n    (_last_act): Identity()\n    (_drop): Identity()\n    (pre_fc_layers): Sequential(\n      (0): AssertInputShape()\n      (1): Sequential(\n        (0): Linear(in_features=4, out_features=128, bias=True)\n        (1): ReLU()\n      )\n      (2): Sequential(\n        (0): Linear(in_features=128, out_features=128, bias=True)\n        (1): ReLU()\n      )\n      (3): Sequential(\n        (0): Linear(in_features=128, out_features=128, bias=True)\n        (1): ReLU()\n      )\n      (4): Sequential(\n        (0): Linear(in_features=128, out_features=8, bias=True)\n        (1): ReLU()\n      )\n    )\n  )\n)', 'total_parameters': 13046606, 'trainable_parameters': 13046606, 'datafrac': 1.0, 'training': False, '_parameters': '{}', '_buffers': "{'labels_mean': tensor([ 3.9705e+01,  4.0195e+01, -1.1827e-03, -1.6673e-03]), 'labels_std': tensor([20.1353, 20.0626,  0.5787,  0.5751])}", '_non_persistent_buffers_set': 'set()', '_backward_pre_hooks': 'OrderedDict()', '_backward_hooks': 'OrderedDict()', '_is_full_backward_hook': None, '_forward_hooks': 'OrderedDict()', '_forward_hooks_with_kwargs': 'OrderedDict()', '_forward_hooks_always_called': 'OrderedDict()', '_forward_pre_hooks': 'OrderedDict()', '_forward_pre_hooks_with_kwargs': 'OrderedDict()', '_state_dict_hooks': 'OrderedDict()', '_state_dict_pre_hooks': 'OrderedDict()', '_load_state_dict_pre_hooks': 'OrderedDict()', '_load_state_dict_post_hooks': 'OrderedDict()', '_modules': "{'encoder_x': BaseEncoder(\n  (_act): ReLU()\n  (_last_act): ReLU()\n  (_drop): Identity()\n  (cnn_layers): Sequential(\n    (0): Sequential(\n      (0): Conv1d(2, 32, kernel_size=(6,), stride=(1,))\n      (1): ReLU()\n      (2): MaxPool1d(kernel_size=4, stride=4, padding=0, dilation=1, ceil_mode=False)\n    )\n    (1): Sequential(\n      (0): Conv1d(32, 32, kernel_size=(6,), stride=(1,))\n      (1): ReLU()\n      (2): MaxPool1d(kernel_size=4, stride=4, padding=0, dilation=1, ceil_mode=False)\n    )\n  )\n  (post_fc_layers): Sequential(\n    (0): AssertInputShape()\n    (1): Sequential(\n      (0): Linear(in_features=16324, out_features=256, bias=True)\n      (1): ReLU()\n    )\n    (2): Sequential(\n      (0): Linear(in_features=256, out_features=256, bias=True)\n      (1): ReLU()\n    )\n    (3): Sequential(\n      (0): Linear(in_features=256, out_features=64, bias=True)\n      (1): ReLU()\n    )\n  )\n), 'encoder_key': BaseEncoder(\n  (_act): ReLU()\n  (_last_act): Identity()\n  (_drop): Identity()\n  (pre_fc_layers): Sequential(\n    (0): AssertInputShape()\n    (1): Sequential(\n      (0): Linear(in_features=8, out_features=64, bias=True)\n      (1): ReLU()\n    )\n    (2): Sequential(\n      (0): Linear(in_features=64, out_features=64, bias=True)\n      (1): ReLU()\n    )\n    (3): Sequential(\n      (0): Linear(in_features=64, out_features=8, bias=True)\n      (1): Identity()\n    )\n  )\n), 'decoder': BaseDecoder(\n  (_act): ReLU()\n  (_last_act): Identity()\n  (_drop): Identity()\n  (pre_fc_layers): Sequential(\n    (0): AssertInputShape()\n    (1): Sequential(\n      (0): Linear(in_features=40, out_features=512, bias=True)\n      (1): Identity()\n    )\n  )\n  (cnn_layers): Sequential(\n    (0): Sequential(\n      (0): Conv1d(1, 64, kernel_size=(5,), stride=(1,), dilation=(3,))\n      (1): ReLU()\n      (2): MaxPool1d(kernel_size=4, stride=4, padding=0, dilation=1, ceil_mode=False)\n    )\n    (1): Sequential(\n      (0): Conv1d(64, 64, kernel_size=(5,), stride=(1,), dilation=(3,))\n      (1): ReLU()\n      (2): MaxPool1d(kernel_size=4, stride=4, padding=0, dilation=1, ceil_mode=False)\n    )\n    (2): Sequential(\n      (0): Conv1d(64, 64, kernel_size=(5,), stride=(1,), dilation=(3,))\n      (1): ReLU()\n      (2): MaxPool1d(kernel_size=4, stride=4, padding=0, dilation=1, ceil_mode=False)\n    )\n  )\n  (post_fc_layers): Sequential(\n    (0): AssertInputShape()\n    (1): Sequential(\n      (0): Linear(in_features=256, out_features=512, bias=True)\n      (1): ReLU()\n    )\n    (2): Sequential(\n      (0): Linear(in_features=512, out_features=16382, bias=True)\n      (1): ReLU()\n    )\n  )\n), 'conditional_x': BaseConditional(\n  (_act): ReLU()\n  (_last_act): Identity()\n  (_drop): Identity()\n  (pre_fc_layers): Sequential(\n    (0): AssertInputShape()\n    (1): Sequential(\n      (0): Linear(in_features=4, out_features=128, bias=True)\n      (1): ReLU()\n    )\n    (2): Sequential(\n      (0): Linear(in_features=128, out_features=512, bias=True)\n      (1): ReLU()\n    )\n    (3): Sequential(\n      (0): Linear(in_features=512, out_features=128, bias=True)\n      (1): ReLU()\n    )\n    (4): Sequential(\n      (0): Linear(in_features=128, out_features=64, bias=True)\n      (1): ReLU()\n    )\n  )\n), 'conditional_key': BaseConditional(\n  (_act): ReLU()\n  (_last_act): Identity()\n  (_drop): Identity()\n  (pre_fc_layers): Sequential(\n    (0): AssertInputShape()\n    (1): Sequential(\n      (0): Linear(in_features=4, out_features=128, bias=True)\n      (1): ReLU()\n    )\n    (2): Sequential(\n      (0): Linear(in_features=128, out_features=128, bias=True)\n      (1): ReLU()\n    )\n    (3): Sequential(\n      (0): Linear(in_features=128, out_features=128, bias=True)\n      (1): ReLU()\n    )\n    (4): Sequential(\n      (0): Linear(in_features=128, out_features=8, bias=True)\n      (1): ReLU()\n    )\n  )\n)}"}
00:18:45 ~ root ~ INFO : Total number of parameters: 30950588
00:18:45 ~ root ~ INFO : Total number of trainable parameters:           30950588
00:18:45 ~ root ~ INFO : Loaded model from ../v0p1/trained-models/model-20251004_072338-10
00:18:45 ~ umamipe ~ INFO : ML model initialized for waveform generation in MLWaveformGenerator.
00:18:45 ~ umamipe ~ WARNING : No source model provided to MLWaveformGenerator. We will initialize our ML model!
00:18:45 ~ umamipe ~ INFO : Initializing ML model with model_path: ../v0p1/trained-models/model-20251004_072338-10 and config_path: modelconfig-cvae-paper-I
00:18:45 ~ root ~ INFO : Starting training with specified hyperparameters
00:18:45 ~ root ~ INFO : Using MODEL_CONFIG: modelconfig-cvae-paper-I.json
00:18:45 ~ root ~ INFO : Setting training to False for model initialization.
00:18:45 ~ root ~ INFO : Setting _is_full_backward_hook to None for model initialization.
00:18:45 ~ root ~ INFO : Initializing original CVAE model architecture for testing.
00:18:45 ~ root ~ INFO : Input parameter normalization is NOT enabled.                 The model will use the raw labels without normalization.
00:18:45 ~ root ~ DEBUG : sequence_length=16380
00:18:45 ~ root ~ DEBUG : sequence_length=1019
00:18:46 ~ root ~ INFO : Model architecture of type CVAE initialized. Now loading model weights.
00:18:46 ~ root ~ INFO : Model initialized with the following hyperparameters: {'modeltype': 'original', 'batch_size': 50, 'latent_dim_x': 8, 'latent_dim_key': 3, 'activation': 'relu', 'target': None, 'epochs': 10, 'enc_cnn_in': 5, 'enc_cnn_out': 15, 'enc_cnn_kernel': 16, 'enc_cnn_dilation': 1, 'enc_pool_kernel': 4, 'enc_postfc_hidden': 500, 'dec_cnn_in': 32, 'dec_cnn_out': 64, 'dec_cnn_kernel': 5, 'dec_pool_kernel': 4, 'dec_postfc_hidden': 800, 'cond_fc_min': 16, 'cond_fc_max': 500, 'input_shape': [2, 8191], 'num_classes': 4, 'key_shape': [2, 2], 'beta': 0.1, 'decoder_input_type': 'concat', 'embed_labels_in_decoder': False, 'model_class': 'TwoC2E1D', 'model_module': 'cvae', 'labels_mean': tensor([ 3.9705e+01,  4.0195e+01, -1.1827e-03, -1.6673e-03], device='mps:0'), 'labels_std': tensor([20.1353, 20.0626,  0.5787,  0.5751], device='mps:0'), 'model_file': '/Users/suyoggarg/Library/CloudStorage/GoogleDrive-suyog999.sg@gmail.com/My Drive/WORK/PhD@Kipp_2023-25/cvae@taiwan/umami/flexcvae.py', 'model_architecture': 'TwoC2E1D(\n  (encoder_x): BaseEncoder(\n    (_act): ReLU()\n    (_last_act): ReLU()\n    (_drop): Identity()\n    (cnn_layers): Sequential(\n      (0): Sequential(\n        (0): Conv1d(2, 32, kernel_size=(6,), stride=(1,))\n        (1): ReLU()\n        (2): MaxPool1d(kernel_size=4, stride=4, padding=0, dilation=1, ceil_mode=False)\n      )\n      (1): Sequential(\n        (0): Conv1d(32, 32, kernel_size=(6,), stride=(1,))\n        (1): ReLU()\n        (2): MaxPool1d(kernel_size=4, stride=4, padding=0, dilation=1, ceil_mode=False)\n      )\n    )\n    (post_fc_layers): Sequential(\n      (0): AssertInputShape()\n      (1): Sequential(\n        (0): Linear(in_features=16324, out_features=256, bias=True)\n        (1): ReLU()\n      )\n      (2): Sequential(\n        (0): Linear(in_features=256, out_features=256, bias=True)\n        (1): ReLU()\n      )\n      (3): Sequential(\n        (0): Linear(in_features=256, out_features=64, bias=True)\n        (1): ReLU()\n      )\n    )\n  )\n  (encoder_key): BaseEncoder(\n    (_act): ReLU()\n    (_last_act): Identity()\n    (_drop): Identity()\n    (pre_fc_layers): Sequential(\n      (0): AssertInputShape()\n      (1): Sequential(\n        (0): Linear(in_features=8, out_features=64, bias=True)\n        (1): ReLU()\n      )\n      (2): Sequential(\n        (0): Linear(in_features=64, out_features=64, bias=True)\n        (1): ReLU()\n      )\n      (3): Sequential(\n        (0): Linear(in_features=64, out_features=8, bias=True)\n        (1): Identity()\n      )\n    )\n  )\n  (decoder): BaseDecoder(\n    (_act): ReLU()\n    (_last_act): Identity()\n    (_drop): Identity()\n    (pre_fc_layers): Sequential(\n      (0): AssertInputShape()\n      (1): Sequential(\n        (0): Linear(in_features=40, out_features=512, bias=True)\n        (1): Identity()\n      )\n    )\n    (cnn_layers): Sequential(\n      (0): Sequential(\n        (0): Conv1d(1, 64, kernel_size=(5,), stride=(1,), dilation=(3,))\n        (1): ReLU()\n        (2): MaxPool1d(kernel_size=4, stride=4, padding=0, dilation=1, ceil_mode=False)\n      )\n      (1): Sequential(\n        (0): Conv1d(64, 64, kernel_size=(5,), stride=(1,), dilation=(3,))\n        (1): ReLU()\n        (2): MaxPool1d(kernel_size=4, stride=4, padding=0, dilation=1, ceil_mode=False)\n      )\n      (2): Sequential(\n        (0): Conv1d(64, 64, kernel_size=(5,), stride=(1,), dilation=(3,))\n        (1): ReLU()\n        (2): MaxPool1d(kernel_size=4, stride=4, padding=0, dilation=1, ceil_mode=False)\n      )\n    )\n    (post_fc_layers): Sequential(\n      (0): AssertInputShape()\n      (1): Sequential(\n        (0): Linear(in_features=256, out_features=512, bias=True)\n        (1): ReLU()\n      )\n      (2): Sequential(\n        (0): Linear(in_features=512, out_features=16382, bias=True)\n        (1): ReLU()\n      )\n    )\n  )\n  (conditional_x): BaseConditional(\n    (_act): ReLU()\n    (_last_act): Identity()\n    (_drop): Identity()\n    (pre_fc_layers): Sequential(\n      (0): AssertInputShape()\n      (1): Sequential(\n        (0): Linear(in_features=4, out_features=128, bias=True)\n        (1): ReLU()\n      )\n      (2): Sequential(\n        (0): Linear(in_features=128, out_features=512, bias=True)\n        (1): ReLU()\n      )\n      (3): Sequential(\n        (0): Linear(in_features=512, out_features=128, bias=True)\n        (1): ReLU()\n      )\n      (4): Sequential(\n        (0): Linear(in_features=128, out_features=64, bias=True)\n        (1): ReLU()\n      )\n    )\n  )\n  (conditional_key): BaseConditional(\n    (_act): ReLU()\n    (_last_act): Identity()\n    (_drop): Identity()\n    (pre_fc_layers): Sequential(\n      (0): AssertInputShape()\n      (1): Sequential(\n        (0): Linear(in_features=4, out_features=128, bias=True)\n        (1): ReLU()\n      )\n      (2): Sequential(\n        (0): Linear(in_features=128, out_features=128, bias=True)\n        (1): ReLU()\n      )\n      (3): Sequential(\n        (0): Linear(in_features=128, out_features=128, bias=True)\n        (1): ReLU()\n      )\n      (4): Sequential(\n        (0): Linear(in_features=128, out_features=8, bias=True)\n        (1): ReLU()\n      )\n    )\n  )\n)', 'total_parameters': 13046606, 'trainable_parameters': 13046606, 'datafrac': 1.0, 'training': False, '_parameters': '{}', '_buffers': "{'labels_mean': tensor([ 3.9705e+01,  4.0195e+01, -1.1827e-03, -1.6673e-03]), 'labels_std': tensor([20.1353, 20.0626,  0.5787,  0.5751])}", '_non_persistent_buffers_set': 'set()', '_backward_pre_hooks': 'OrderedDict()', '_backward_hooks': 'OrderedDict()', '_is_full_backward_hook': None, '_forward_hooks': 'OrderedDict()', '_forward_hooks_with_kwargs': 'OrderedDict()', '_forward_hooks_always_called': 'OrderedDict()', '_forward_pre_hooks': 'OrderedDict()', '_forward_pre_hooks_with_kwargs': 'OrderedDict()', '_state_dict_hooks': 'OrderedDict()', '_state_dict_pre_hooks': 'OrderedDict()', '_load_state_dict_pre_hooks': 'OrderedDict()', '_load_state_dict_post_hooks': 'OrderedDict()', '_modules': "{'encoder_x': BaseEncoder(\n  (_act): ReLU()\n  (_last_act): ReLU()\n  (_drop): Identity()\n  (cnn_layers): Sequential(\n    (0): Sequential(\n      (0): Conv1d(2, 32, kernel_size=(6,), stride=(1,))\n      (1): ReLU()\n      (2): MaxPool1d(kernel_size=4, stride=4, padding=0, dilation=1, ceil_mode=False)\n    )\n    (1): Sequential(\n      (0): Conv1d(32, 32, kernel_size=(6,), stride=(1,))\n      (1): ReLU()\n      (2): MaxPool1d(kernel_size=4, stride=4, padding=0, dilation=1, ceil_mode=False)\n    )\n  )\n  (post_fc_layers): Sequential(\n    (0): AssertInputShape()\n    (1): Sequential(\n      (0): Linear(in_features=16324, out_features=256, bias=True)\n      (1): ReLU()\n    )\n    (2): Sequential(\n      (0): Linear(in_features=256, out_features=256, bias=True)\n      (1): ReLU()\n    )\n    (3): Sequential(\n      (0): Linear(in_features=256, out_features=64, bias=True)\n      (1): ReLU()\n    )\n  )\n), 'encoder_key': BaseEncoder(\n  (_act): ReLU()\n  (_last_act): Identity()\n  (_drop): Identity()\n  (pre_fc_layers): Sequential(\n    (0): AssertInputShape()\n    (1): Sequential(\n      (0): Linear(in_features=8, out_features=64, bias=True)\n      (1): ReLU()\n    )\n    (2): Sequential(\n      (0): Linear(in_features=64, out_features=64, bias=True)\n      (1): ReLU()\n    )\n    (3): Sequential(\n      (0): Linear(in_features=64, out_features=8, bias=True)\n      (1): Identity()\n    )\n  )\n), 'decoder': BaseDecoder(\n  (_act): ReLU()\n  (_last_act): Identity()\n  (_drop): Identity()\n  (pre_fc_layers): Sequential(\n    (0): AssertInputShape()\n    (1): Sequential(\n      (0): Linear(in_features=40, out_features=512, bias=True)\n      (1): Identity()\n    )\n  )\n  (cnn_layers): Sequential(\n    (0): Sequential(\n      (0): Conv1d(1, 64, kernel_size=(5,), stride=(1,), dilation=(3,))\n      (1): ReLU()\n      (2): MaxPool1d(kernel_size=4, stride=4, padding=0, dilation=1, ceil_mode=False)\n    )\n    (1): Sequential(\n      (0): Conv1d(64, 64, kernel_size=(5,), stride=(1,), dilation=(3,))\n      (1): ReLU()\n      (2): MaxPool1d(kernel_size=4, stride=4, padding=0, dilation=1, ceil_mode=False)\n    )\n    (2): Sequential(\n      (0): Conv1d(64, 64, kernel_size=(5,), stride=(1,), dilation=(3,))\n      (1): ReLU()\n      (2): MaxPool1d(kernel_size=4, stride=4, padding=0, dilation=1, ceil_mode=False)\n    )\n  )\n  (post_fc_layers): Sequential(\n    (0): AssertInputShape()\n    (1): Sequential(\n      (0): Linear(in_features=256, out_features=512, bias=True)\n      (1): ReLU()\n    )\n    (2): Sequential(\n      (0): Linear(in_features=512, out_features=16382, bias=True)\n      (1): ReLU()\n    )\n  )\n), 'conditional_x': BaseConditional(\n  (_act): ReLU()\n  (_last_act): Identity()\n  (_drop): Identity()\n  (pre_fc_layers): Sequential(\n    (0): AssertInputShape()\n    (1): Sequential(\n      (0): Linear(in_features=4, out_features=128, bias=True)\n      (1): ReLU()\n    )\n    (2): Sequential(\n      (0): Linear(in_features=128, out_features=512, bias=True)\n      (1): ReLU()\n    )\n    (3): Sequential(\n      (0): Linear(in_features=512, out_features=128, bias=True)\n      (1): ReLU()\n    )\n    (4): Sequential(\n      (0): Linear(in_features=128, out_features=64, bias=True)\n      (1): ReLU()\n    )\n  )\n), 'conditional_key': BaseConditional(\n  (_act): ReLU()\n  (_last_act): Identity()\n  (_drop): Identity()\n  (pre_fc_layers): Sequential(\n    (0): AssertInputShape()\n    (1): Sequential(\n      (0): Linear(in_features=4, out_features=128, bias=True)\n      (1): ReLU()\n    )\n    (2): Sequential(\n      (0): Linear(in_features=128, out_features=128, bias=True)\n      (1): ReLU()\n    )\n    (3): Sequential(\n      (0): Linear(in_features=128, out_features=128, bias=True)\n      (1): ReLU()\n    )\n    (4): Sequential(\n      (0): Linear(in_features=128, out_features=8, bias=True)\n      (1): ReLU()\n    )\n  )\n)}"}
00:18:46 ~ root ~ INFO : Total number of parameters: 30950588
00:18:46 ~ root ~ INFO : Total number of trainable parameters:           30950588
00:18:46 ~ root ~ INFO : Loaded model from ../v0p1/trained-models/model-20251004_072338-10
00:18:46 ~ umamipe ~ INFO : ML model initialized for waveform generation in MLWaveformGenerator.
00:18:46 ~ umamipe ~ INFO : Generating waveform using ML model for parameters:
00:18:46 ~ umamipe ~ INFO : Converted (a_i, tilt_i, phi_i) to (spin_i_z): 0.16850915884721984, 0.7789582430890636
00:18:46 ~ umamipe ~ INFO : Formatted parameters for waveform generation:
00:18:46 ~ umamipe ~ INFO : Final parameters for waveform generation:
00:18:46 ~ umamipe ~ INFO : Generating waveform using ML model for parameters:
00:18:46 ~ umamipe ~ INFO : Using model: None and transformed model <bound method MLWaveformGenerator.get_ml_waveform of MLWaveformGenerator(duration=1.0, sampling_frequency=8192, start_time=0, frequency_domain_source_model=None, time_domain_source_model=umamipe.get_ml_waveform, parameter_conversion=umamipe.convert_to_ml_parameters, waveform_arguments={'model_path': '../v0p1/trained-models/model-20251004_072338-10', 'config_path': 'modelconfig-cvae-paper-I'})>
00:18:46 ~ umamipe ~ INFO : Generating waveform using ML model for parameters:
00:18:46 ~ umamipe ~ INFO : Generating waveform using ML model for parameters:
00:18:46 ~ umamipe ~ INFO : Received parameters for waveform generation: {'mass_1': 47.35313556869065, 'mass_2': 61.68144965690982, 'luminosity_distance': 4343.819543231891, 'dec': np.float64(-0.03462533783679431), 'ra': 2.6729953849934835, 'theta_jn': np.float64(1.7262597404620068), 'psi': 1.8383449710633477, 'phase': 2.6733647575684634, 'chi_1': 0.19399113387094172, 'chi_2': -0.04975667775226043, 'geocent_time': 0.0, 'chi_1z': 0.16850915884721984, 'chi_2z': 0.7789582430890636, 'spin_1z': 0.16850915884721984, 'spin_2z': 0.7789582430890636, 'model_path': '../v0p1/trained-models/model-20251004_072338-10', 'config_path': 'modelconfig-cvae-paper-I'}
00:18:46 ~ root ~ INFO : Model set to evaluation mode for generation.
00:18:46 ~ root ~ DEBUG : torch.Size([1, 15])
00:18:46 ~ root ~ DEBUG : torch.Size([1, 1, 800])
00:18:46 ~ root ~ DEBUG : torch.Size([1, 64, 10])
00:18:46 ~ root ~ DEBUG : torch.Size([1, 640])
00:18:46 ~ root ~ DEBUG : amp shape: (8190,), freq shape: (8189,)
00:18:46 ~ root ~ DEBUG : freq shape: (8189,), dt: 0.0001220703125, theta0: 0.0
00:18:46 ~ root ~ DEBUG : amp shape: (8190,), freq shape: (8189,), phase shape: (8190,)
00:18:46 ~ umamipe ~ INFO : Generated waveform from ML model with shape: (1, 2, 8190)
00:18:46 ~ umamipe ~ INFO : Waveform shapes after adding dummy element at the start: (8192,), (8192,)
00:18:48 ~ glasflow ~ INFO : glasflow is using its own internal version of nflows
00:18:48 ~ umamipe ~ INFO : Generating waveform using ML model for parameters:
00:18:48 ~ umamipe ~ INFO : Converted (a_i, tilt_i, phi_i) to (spin_i_z): -0.6884057429022672, -0.6058865710270332
00:18:48 ~ umamipe ~ INFO : Formatted parameters for waveform generation:
00:18:48 ~ umamipe ~ INFO : Final parameters for waveform generation:
00:18:48 ~ umamipe ~ INFO : Generating waveform using ML model for parameters:
00:18:48 ~ umamipe ~ INFO : Using model: None and transformed model <bound method MLWaveformGenerator.get_ml_waveform of MLWaveformGenerator(duration=1.0, sampling_frequency=8192, start_time=0.0, frequency_domain_source_model=None, time_domain_source_model=umamipe.get_ml_waveform, parameter_conversion=umamipe.convert_to_ml_parameters, waveform_arguments={'model_path': '../v0p1/trained-models/model-20251004_072338-10', 'config_path': 'modelconfig-cvae-paper-I'})>
00:18:48 ~ umamipe ~ INFO : Generating waveform using ML model for parameters:
00:18:48 ~ umamipe ~ INFO : Generating waveform using ML model for parameters:
00:18:48 ~ umamipe ~ INFO : Received parameters for waveform generation: {'geocent_time': 0.0, 'mass_1': np.float64(72.90637304510109), 'mass_2': np.float64(33.01630826978446), 'luminosity_distance': np.float64(3655.8037400703897), 'dec': np.float64(0.7427874016095375), 'ra': np.float64(1.971044761607571), 'theta_jn': np.float64(1.7529246033163879), 'psi': np.float64(0.8056463479312403), 'phase': np.float64(0.8143853113213807), 'chi_1': np.float64(0.3345132554360543), 'chi_2': np.float64(0.731364731989724), 'chi_1z': np.float64(-0.6884057429022672), 'chi_2z': np.float64(-0.6058865710270332), 'spin_1z': np.float64(-0.6884057429022672), 'spin_2z': np.float64(-0.6058865710270332), 'model_path': '../v0p1/trained-models/model-20251004_072338-10', 'config_path': 'modelconfig-cvae-paper-I'}
00:18:48 ~ root ~ INFO : Model set to evaluation mode for generation.
00:18:48 ~ root ~ DEBUG : torch.Size([1, 15])
00:18:48 ~ root ~ DEBUG : torch.Size([1, 1, 800])
00:18:48 ~ root ~ DEBUG : torch.Size([1, 64, 10])
00:18:48 ~ root ~ DEBUG : torch.Size([1, 640])
00:18:48 ~ root ~ DEBUG : amp shape: (8190,), freq shape: (8189,)
00:18:48 ~ root ~ DEBUG : freq shape: (8189,), dt: 0.0001220703125, theta0: 0.0
00:18:48 ~ root ~ DEBUG : amp shape: (8190,), freq shape: (8189,), phase shape: (8190,)
00:18:48 ~ umamipe ~ INFO : Generated waveform from ML model with shape: (1, 2, 8190)
00:18:48 ~ umamipe ~ INFO : Waveform shapes after adding dummy element at the start: (8192,), (8192,)
00:18:48 ~ umamipe ~ INFO : Generating waveform using ML model for parameters:
00:18:48 ~ umamipe ~ INFO : Converted (a_i, tilt_i, phi_i) to (spin_i_z): -0.34386319471919724, 0.19386048987200033
00:18:48 ~ umamipe ~ INFO : Formatted parameters for waveform generation:
00:18:48 ~ umamipe ~ INFO : Final parameters for waveform generation:
00:18:48 ~ umamipe ~ INFO : Generating waveform using ML model for parameters:
00:18:48 ~ umamipe ~ INFO : Using model: None and transformed model <bound method MLWaveformGenerator.get_ml_waveform of MLWaveformGenerator(duration=1.0, sampling_frequency=8192, start_time=0.0, frequency_domain_source_model=None, time_domain_source_model=umamipe.get_ml_waveform, parameter_conversion=umamipe.convert_to_ml_parameters, waveform_arguments={'model_path': '../v0p1/trained-models/model-20251004_072338-10', 'config_path': 'modelconfig-cvae-paper-I'})>
00:18:48 ~ umamipe ~ INFO : Generating waveform using ML model for parameters:
00:18:48 ~ umamipe ~ INFO : Generating waveform using ML model for parameters:
00:18:48 ~ umamipe ~ INFO : Received parameters for waveform generation: {'geocent_time': 0.0, 'mass_1': np.float64(56.487310674142826), 'mass_2': np.float64(33.88400733039477), 'luminosity_distance': np.float64(3837.9294395042984), 'dec': np.float64(0.45445365465439114), 'ra': np.float64(2.6051935787552787), 'theta_jn': np.float64(2.1088741015379453), 'psi': np.float64(0.3569760980127765), 'phase': np.float64(1.8927242026694415), 'chi_1': np.float64(0.26112490666457805), 'chi_2': np.float64(-0.4632666013581226), 'chi_1z': np.float64(-0.34386319471919724), 'chi_2z': np.float64(0.19386048987200033), 'spin_1z': np.float64(-0.34386319471919724), 'spin_2z': np.float64(0.19386048987200033), 'model_path': '../v0p1/trained-models/model-20251004_072338-10', 'config_path': 'modelconfig-cvae-paper-I'}
00:18:48 ~ root ~ INFO : Model set to evaluation mode for generation.
00:18:48 ~ root ~ DEBUG : torch.Size([1, 15])
00:18:48 ~ root ~ DEBUG : torch.Size([1, 1, 800])
00:18:48 ~ root ~ DEBUG : torch.Size([1, 64, 10])
00:18:48 ~ root ~ DEBUG : torch.Size([1, 640])
00:18:48 ~ root ~ DEBUG : amp shape: (8190,), freq shape: (8189,)
00:18:48 ~ root ~ DEBUG : freq shape: (8189,), dt: 0.0001220703125, theta0: 0.0
00:18:48 ~ root ~ DEBUG : amp shape: (8190,), freq shape: (8189,), phase shape: (8190,)
00:18:48 ~ umamipe ~ INFO : Generated waveform from ML model with shape: (1, 2, 8190)
00:18:48 ~ umamipe ~ INFO : Waveform shapes after adding dummy element at the start: (8192,), (8192,)
00:18:48 ~ umamipe ~ INFO : Generating waveform using ML model for parameters:
00:18:48 ~ umamipe ~ INFO : Converted (a_i, tilt_i, phi_i) to (spin_i_z): 0.45156856227900244, 0.5020718970732658
00:18:48 ~ umamipe ~ INFO : Formatted parameters for waveform generation:
00:18:48 ~ umamipe ~ INFO : Final parameters for waveform generation:
00:18:48 ~ umamipe ~ INFO : Generating waveform using ML model for parameters:
00:18:48 ~ umamipe ~ INFO : Using model: None and transformed model <bound method MLWaveformGenerator.get_ml_waveform of MLWaveformGenerator(duration=1.0, sampling_frequency=8192, start_time=0.0, frequency_domain_source_model=None, time_domain_source_model=umamipe.get_ml_waveform, parameter_conversion=umamipe.convert_to_ml_parameters, waveform_arguments={'model_path': '../v0p1/trained-models/model-20251004_072338-10', 'config_path': 'modelconfig-cvae-paper-I'})>
00:18:48 ~ umamipe ~ INFO : Generating waveform using ML model for parameters:
00:18:48 ~ umamipe ~ INFO : Generating waveform using ML model for parameters:
00:18:48 ~ umamipe ~ INFO : Received parameters for waveform generation: {'geocent_time': 0.0, 'mass_1': np.float64(41.13263880203743), 'mass_2': np.float64(51.63942339086044), 'luminosity_distance': np.float64(4502.558550208162), 'dec': np.float64(-0.4787468059796053), 'ra': np.float64(2.7385316339664847), 'theta_jn': np.float64(0.2710313979003119), 'psi': np.float64(2.2254083455081806), 'phase': np.float64(2.2309028015516312), 'chi_1': np.float64(0.3490279379741868), 'chi_2': np.float64(-0.46271008764194516), 'chi_1z': np.float64(0.45156856227900244), 'chi_2z': np.float64(0.5020718970732658), 'spin_1z': np.float64(0.45156856227900244), 'spin_2z': np.float64(0.5020718970732658), 'model_path': '../v0p1/trained-models/model-20251004_072338-10', 'config_path': 'modelconfig-cvae-paper-I'}
00:18:48 ~ root ~ INFO : Model set to evaluation mode for generation.
00:18:48 ~ root ~ DEBUG : torch.Size([1, 15])
00:18:48 ~ root ~ DEBUG : torch.Size([1, 1, 800])
00:18:48 ~ root ~ DEBUG : torch.Size([1, 64, 10])
00:18:48 ~ root ~ DEBUG : torch.Size([1, 640])
00:18:48 ~ root ~ DEBUG : amp shape: (8190,), freq shape: (8189,)
00:18:48 ~ root ~ DEBUG : freq shape: (8189,), dt: 0.0001220703125, theta0: 0.0
00:18:48 ~ root ~ DEBUG : amp shape: (8190,), freq shape: (8189,), phase shape: (8190,)
00:18:48 ~ umamipe ~ INFO : Generated waveform from ML model with shape: (1, 2, 8190)
00:18:48 ~ umamipe ~ INFO : Waveform shapes after adding dummy element at the start: (8192,), (8192,)
00:18:48 ~ umamipe ~ INFO : Generating waveform using ML model for parameters:
00:18:48 ~ umamipe ~ INFO : Converted (a_i, tilt_i, phi_i) to (spin_i_z): 0.33401350694748055, -0.0916814356848461
00:18:48 ~ umamipe ~ INFO : Formatted parameters for waveform generation:
00:18:48 ~ umamipe ~ INFO : Final parameters for waveform generation:
00:18:48 ~ umamipe ~ INFO : Generating waveform using ML model for parameters:
00:18:48 ~ umamipe ~ INFO : Using model: None and transformed model <bound method MLWaveformGenerator.get_ml_waveform of MLWaveformGenerator(duration=1.0, sampling_frequency=8192, start_time=0.0, frequency_domain_source_model=None, time_domain_source_model=umamipe.get_ml_waveform, parameter_conversion=umamipe.convert_to_ml_parameters, waveform_arguments={'model_path': '../v0p1/trained-models/model-20251004_072338-10', 'config_path': 'modelconfig-cvae-paper-I'})>
00:18:48 ~ umamipe ~ INFO : Generating waveform using ML model for parameters:
00:18:48 ~ umamipe ~ INFO : Generating waveform using ML model for parameters:
00:18:48 ~ umamipe ~ INFO : Received parameters for waveform generation: {'geocent_time': 0.0, 'mass_1': np.float64(64.92309954199747), 'mass_2': np.float64(63.047076066431984), 'luminosity_distance': np.float64(2323.1603125600877), 'dec': np.float64(-0.1673145670380001), 'ra': np.float64(2.4250101244704574), 'theta_jn': np.float64(1.0263742156068072), 'psi': np.float64(1.5446910933976872), 'phase': np.float64(4.382729322878514), 'chi_1': np.float64(-0.007094032233613475), 'chi_2': np.float64(0.6909453432522629), 'chi_1z': np.float64(0.33401350694748055), 'chi_2z': np.float64(-0.0916814356848461), 'spin_1z': np.float64(0.33401350694748055), 'spin_2z': np.float64(-0.0916814356848461), 'model_path': '../v0p1/trained-models/model-20251004_072338-10', 'config_path': 'modelconfig-cvae-paper-I'}
00:18:48 ~ root ~ INFO : Model set to evaluation mode for generation.
00:18:48 ~ root ~ DEBUG : torch.Size([1, 15])
00:18:48 ~ root ~ DEBUG : torch.Size([1, 1, 800])
00:18:48 ~ root ~ DEBUG : torch.Size([1, 64, 10])
00:18:48 ~ root ~ DEBUG : torch.Size([1, 640])
00:18:48 ~ root ~ DEBUG : amp shape: (8190,), freq shape: (8189,)
00:18:48 ~ root ~ DEBUG : freq shape: (8189,), dt: 0.0001220703125, theta0: 0.0
00:18:48 ~ root ~ DEBUG : amp shape: (8190,), freq shape: (8189,), phase shape: (8190,)
00:18:48 ~ umamipe ~ INFO : Generated waveform from ML model with shape: (1, 2, 8190)
00:18:48 ~ umamipe ~ INFO : Waveform shapes after adding dummy element at the start: (8192,), (8192,)
00:18:48 ~ umamipe ~ INFO : Generating waveform using ML model for parameters:
00:18:48 ~ umamipe ~ INFO : Converted (a_i, tilt_i, phi_i) to (spin_i_z): -0.40901191019831434, 0.4209579569105544
00:18:48 ~ umamipe ~ INFO : Formatted parameters for waveform generation:
00:18:48 ~ umamipe ~ INFO : Final parameters for waveform generation:
00:18:48 ~ umamipe ~ INFO : Generating waveform using ML model for parameters:
00:18:48 ~ umamipe ~ INFO : Using model: None and transformed model <bound method MLWaveformGenerator.get_ml_waveform of MLWaveformGenerator(duration=1.0, sampling_frequency=8192, start_time=0.0, frequency_domain_source_model=None, time_domain_source_model=umamipe.get_ml_waveform, parameter_conversion=umamipe.convert_to_ml_parameters, waveform_arguments={'model_path': '../v0p1/trained-models/model-20251004_072338-10', 'config_path': 'modelconfig-cvae-paper-I'})>
00:18:48 ~ umamipe ~ INFO : Generating waveform using ML model for parameters:
00:18:48 ~ umamipe ~ INFO : Generating waveform using ML model for parameters:
00:18:48 ~ umamipe ~ INFO : Received parameters for waveform generation: {'geocent_time': 0.0, 'mass_1': np.float64(48.178089259861366), 'mass_2': np.float64(56.2622981012902), 'luminosity_distance': np.float64(3131.5789891092854), 'dec': np.float64(-0.589714059146739), 'ra': np.float64(3.273828379241123), 'theta_jn': np.float64(1.9234924366370083), 'psi': np.float64(1.1260880071791932), 'phase': np.float64(1.780175441989115), 'chi_1': np.float64(-0.22581403739445524), 'chi_2': np.float64(-0.07620579104550124), 'chi_1z': np.float64(-0.40901191019831434), 'chi_2z': np.float64(0.4209579569105544), 'spin_1z': np.float64(-0.40901191019831434), 'spin_2z': np.float64(0.4209579569105544), 'model_path': '../v0p1/trained-models/model-20251004_072338-10', 'config_path': 'modelconfig-cvae-paper-I'}
00:18:48 ~ root ~ INFO : Model set to evaluation mode for generation.
00:18:48 ~ root ~ DEBUG : torch.Size([1, 15])
00:18:48 ~ root ~ DEBUG : torch.Size([1, 1, 800])
00:18:48 ~ root ~ DEBUG : torch.Size([1, 64, 10])
00:18:48 ~ root ~ DEBUG : torch.Size([1, 640])
00:18:48 ~ root ~ DEBUG : amp shape: (8190,), freq shape: (8189,)
00:18:48 ~ root ~ DEBUG : freq shape: (8189,), dt: 0.0001220703125, theta0: 0.0
00:18:48 ~ root ~ DEBUG : amp shape: (8190,), freq shape: (8189,), phase shape: (8190,)
00:18:48 ~ umamipe ~ INFO : Generated waveform from ML model with shape: (1, 2, 8190)
00:18:48 ~ umamipe ~ INFO : Waveform shapes after adding dummy element at the start: (8192,), (8192,)
00:18:48 ~ umamipe ~ INFO : Generating waveform using ML model for parameters:
00:18:48 ~ umamipe ~ INFO : Converted (a_i, tilt_i, phi_i) to (spin_i_z): -0.6007708522090773, -0.13114358113384106
00:18:48 ~ umamipe ~ INFO : Formatted parameters for waveform generation:
00:18:48 ~ umamipe ~ INFO : Final parameters for waveform generation:
00:18:48 ~ umamipe ~ INFO : Generating waveform using ML model for parameters:
00:18:48 ~ umamipe ~ INFO : Using model: None and transformed model <bound method MLWaveformGenerator.get_ml_waveform of MLWaveformGenerator(duration=1.0, sampling_frequency=8192, start_time=0.0, frequency_domain_source_model=None, time_domain_source_model=umamipe.get_ml_waveform, parameter_conversion=umamipe.convert_to_ml_parameters, waveform_arguments={'model_path': '../v0p1/trained-models/model-20251004_072338-10', 'config_path': 'modelconfig-cvae-paper-I'})>
00:18:48 ~ umamipe ~ INFO : Generating waveform using ML model for parameters:
00:18:48 ~ umamipe ~ INFO : Generating waveform using ML model for parameters:
00:18:48 ~ umamipe ~ INFO : Received parameters for waveform generation: {'geocent_time': 0.0, 'mass_1': np.float64(58.742140771370025), 'mass_2': np.float64(42.911950410514535), 'luminosity_distance': np.float64(4975.472213273036), 'dec': np.float64(0.29563176820178294), 'ra': np.float64(0.8951838328429743), 'theta_jn': np.float64(2.2898522147159035), 'psi': np.float64(2.367824964113519), 'phase': np.float64(3.1417726389871667), 'chi_1': np.float64(-0.20495742859559649), 'chi_2': np.float64(0.2659681047443307), 'chi_1z': np.float64(-0.6007708522090773), 'chi_2z': np.float64(-0.13114358113384106), 'spin_1z': np.float64(-0.6007708522090773), 'spin_2z': np.float64(-0.13114358113384106), 'model_path': '../v0p1/trained-models/model-20251004_072338-10', 'config_path': 'modelconfig-cvae-paper-I'}
00:18:48 ~ root ~ INFO : Model set to evaluation mode for generation.
00:18:48 ~ root ~ DEBUG : torch.Size([1, 15])
00:18:48 ~ root ~ DEBUG : torch.Size([1, 1, 800])
00:18:48 ~ root ~ DEBUG : torch.Size([1, 64, 10])
00:18:48 ~ root ~ DEBUG : torch.Size([1, 640])
00:18:48 ~ root ~ DEBUG : amp shape: (8190,), freq shape: (8189,)
00:18:48 ~ root ~ DEBUG : freq shape: (8189,), dt: 0.0001220703125, theta0: 0.0
00:18:48 ~ root ~ DEBUG : amp shape: (8190,), freq shape: (8189,), phase shape: (8190,)
00:18:48 ~ umamipe ~ INFO : Generated waveform from ML model with shape: (1, 2, 8190)
00:18:48 ~ umamipe ~ INFO : Waveform shapes after adding dummy element at the start: (8192,), (8192,)
00:18:48 ~ umamipe ~ INFO : Generating waveform using ML model for parameters:
00:18:48 ~ umamipe ~ INFO : Converted (a_i, tilt_i, phi_i) to (spin_i_z): -0.4335201771436916, -0.2683311849846878
00:18:48 ~ umamipe ~ INFO : Formatted parameters for waveform generation:
00:18:48 ~ umamipe ~ INFO : Final parameters for waveform generation:
00:18:48 ~ umamipe ~ INFO : Generating waveform using ML model for parameters:
00:18:48 ~ umamipe ~ INFO : Using model: None and transformed model <bound method MLWaveformGenerator.get_ml_waveform of MLWaveformGenerator(duration=1.0, sampling_frequency=8192, start_time=0.0, frequency_domain_source_model=None, time_domain_source_model=umamipe.get_ml_waveform, parameter_conversion=umamipe.convert_to_ml_parameters, waveform_arguments={'model_path': '../v0p1/trained-models/model-20251004_072338-10', 'config_path': 'modelconfig-cvae-paper-I'})>
00:18:48 ~ umamipe ~ INFO : Generating waveform using ML model for parameters:
00:18:48 ~ umamipe ~ INFO : Generating waveform using ML model for parameters:
00:18:48 ~ umamipe ~ INFO : Received parameters for waveform generation: {'geocent_time': 0.0, 'mass_1': np.float64(66.77951675465965), 'mass_2': np.float64(66.06483587032551), 'luminosity_distance': np.float64(3833.6563152360427), 'dec': np.float64(-1.3945883106010792), 'ra': np.float64(2.0930692024751325), 'theta_jn': np.float64(2.355189570398194), 'psi': np.float64(2.266237629291684), 'phase': np.float64(5.093120540410076), 'chi_1': np.float64(-0.5366918425316051), 'chi_2': np.float64(0.5490514723182686), 'chi_1z': np.float64(-0.4335201771436916), 'chi_2z': np.float64(-0.2683311849846878), 'spin_1z': np.float64(-0.4335201771436916), 'spin_2z': np.float64(-0.2683311849846878), 'model_path': '../v0p1/trained-models/model-20251004_072338-10', 'config_path': 'modelconfig-cvae-paper-I'}
00:18:48 ~ root ~ INFO : Model set to evaluation mode for generation.
00:18:48 ~ root ~ DEBUG : torch.Size([1, 15])
00:18:48 ~ root ~ DEBUG : torch.Size([1, 1, 800])
00:18:48 ~ root ~ DEBUG : torch.Size([1, 64, 10])
00:18:48 ~ root ~ DEBUG : torch.Size([1, 640])
00:18:48 ~ root ~ DEBUG : amp shape: (8190,), freq shape: (8189,)
00:18:48 ~ root ~ DEBUG : freq shape: (8189,), dt: 0.0001220703125, theta0: 0.0
00:18:48 ~ root ~ DEBUG : amp shape: (8190,), freq shape: (8189,), phase shape: (8190,)
00:18:48 ~ umamipe ~ INFO : Generated waveform from ML model with shape: (1, 2, 8190)
00:18:48 ~ umamipe ~ INFO : Waveform shapes after adding dummy element at the start: (8192,), (8192,)
00:18:48 ~ umamipe ~ INFO : Generating waveform using ML model for parameters:
00:18:48 ~ umamipe ~ INFO : Converted (a_i, tilt_i, phi_i) to (spin_i_z): -0.1601189730540996, 0.37577056189806
00:18:48 ~ umamipe ~ INFO : Formatted parameters for waveform generation:
00:18:48 ~ umamipe ~ INFO : Final parameters for waveform generation:
00:18:48 ~ umamipe ~ INFO : Generating waveform using ML model for parameters:
00:18:48 ~ umamipe ~ INFO : Using model: None and transformed model <bound method MLWaveformGenerator.get_ml_waveform of MLWaveformGenerator(duration=1.0, sampling_frequency=8192, start_time=0.0, frequency_domain_source_model=None, time_domain_source_model=umamipe.get_ml_waveform, parameter_conversion=umamipe.convert_to_ml_parameters, waveform_arguments={'model_path': '../v0p1/trained-models/model-20251004_072338-10', 'config_path': 'modelconfig-cvae-paper-I'})>
00:18:48 ~ umamipe ~ INFO : Generating waveform using ML model for parameters:
00:18:48 ~ umamipe ~ INFO : Generating waveform using ML model for parameters:
00:18:48 ~ umamipe ~ INFO : Received parameters for waveform generation: {'geocent_time': 0.0, 'mass_1': np.float64(67.82623606570684), 'mass_2': np.float64(48.27986234408473), 'luminosity_distance': np.float64(3877.790124526771), 'dec': np.float64(0.10491953514174596), 'ra': np.float64(5.441717904583259), 'theta_jn': np.float64(0.8124072057823648), 'psi': np.float64(0.30722003341558773), 'phase': np.float64(3.9731957811890486), 'chi_1': np.float64(0.32087751379496465), 'chi_2': np.float64(0.4944729758898892), 'chi_1z': np.float64(-0.1601189730540996), 'chi_2z': np.float64(0.37577056189806), 'spin_1z': np.float64(-0.1601189730540996), 'spin_2z': np.float64(0.37577056189806), 'model_path': '../v0p1/trained-models/model-20251004_072338-10', 'config_path': 'modelconfig-cvae-paper-I'}
00:18:48 ~ root ~ INFO : Model set to evaluation mode for generation.
00:18:48 ~ root ~ DEBUG : torch.Size([1, 15])
00:18:48 ~ root ~ DEBUG : torch.Size([1, 1, 800])
00:18:48 ~ root ~ DEBUG : torch.Size([1, 64, 10])
00:18:48 ~ root ~ DEBUG : torch.Size([1, 640])
00:18:48 ~ root ~ DEBUG : amp shape: (8190,), freq shape: (8189,)
00:18:48 ~ root ~ DEBUG : freq shape: (8189,), dt: 0.0001220703125, theta0: 0.0
00:18:48 ~ root ~ DEBUG : amp shape: (8190,), freq shape: (8189,), phase shape: (8190,)
00:18:48 ~ umamipe ~ INFO : Generated waveform from ML model with shape: (1, 2, 8190)
00:18:48 ~ umamipe ~ INFO : Waveform shapes after adding dummy element at the start: (8192,), (8192,)
00:18:48 ~ umamipe ~ INFO : Generating waveform using ML model for parameters:
00:18:48 ~ umamipe ~ INFO : Converted (a_i, tilt_i, phi_i) to (spin_i_z): 0.5749478137678661, -0.05795799970587512
00:18:48 ~ umamipe ~ INFO : Formatted parameters for waveform generation:
00:18:48 ~ umamipe ~ INFO : Final parameters for waveform generation:
00:18:48 ~ umamipe ~ INFO : Generating waveform using ML model for parameters:
00:18:48 ~ umamipe ~ INFO : Using model: None and transformed model <bound method MLWaveformGenerator.get_ml_waveform of MLWaveformGenerator(duration=1.0, sampling_frequency=8192, start_time=0.0, frequency_domain_source_model=None, time_domain_source_model=umamipe.get_ml_waveform, parameter_conversion=umamipe.convert_to_ml_parameters, waveform_arguments={'model_path': '../v0p1/trained-models/model-20251004_072338-10', 'config_path': 'modelconfig-cvae-paper-I'})>
00:18:48 ~ umamipe ~ INFO : Generating waveform using ML model for parameters:
00:18:48 ~ umamipe ~ INFO : Generating waveform using ML model for parameters:
00:18:48 ~ umamipe ~ INFO : Received parameters for waveform generation: {'geocent_time': 0.0, 'mass_1': np.float64(47.585392512072595), 'mass_2': np.float64(44.34939016994356), 'luminosity_distance': np.float64(860.2507371754734), 'dec': np.float64(-0.5233435233231242), 'ra': np.float64(1.0692238803836007), 'theta_jn': np.float64(1.0896735708503296), 'psi': np.float64(0.907063021248423), 'phase': np.float64(5.396687367997046), 'chi_1': np.float64(-0.24513511613298705), 'chi_2': np.float64(0.2788913722253946), 'chi_1z': np.float64(0.5749478137678661), 'chi_2z': np.float64(-0.05795799970587512), 'spin_1z': np.float64(0.5749478137678661), 'spin_2z': np.float64(-0.05795799970587512), 'model_path': '../v0p1/trained-models/model-20251004_072338-10', 'config_path': 'modelconfig-cvae-paper-I'}
00:18:48 ~ root ~ INFO : Model set to evaluation mode for generation.
00:18:48 ~ root ~ DEBUG : torch.Size([1, 15])
00:18:48 ~ root ~ DEBUG : torch.Size([1, 1, 800])
00:18:48 ~ root ~ DEBUG : torch.Size([1, 64, 10])
00:18:48 ~ root ~ DEBUG : torch.Size([1, 640])
00:18:48 ~ root ~ DEBUG : amp shape: (8190,), freq shape: (8189,)
00:18:48 ~ root ~ DEBUG : freq shape: (8189,), dt: 0.0001220703125, theta0: 0.0
00:18:48 ~ root ~ DEBUG : amp shape: (8190,), freq shape: (8189,), phase shape: (8190,)
00:18:48 ~ umamipe ~ INFO : Generated waveform from ML model with shape: (1, 2, 8190)
00:18:48 ~ umamipe ~ INFO : Waveform shapes after adding dummy element at the start: (8192,), (8192,)
00:18:48 ~ umamipe ~ INFO : Generating waveform using ML model for parameters:
00:18:48 ~ umamipe ~ INFO : Converted (a_i, tilt_i, phi_i) to (spin_i_z): 0.6017371760614674, 0.7754284908931288
00:18:48 ~ umamipe ~ INFO : Formatted parameters for waveform generation:
00:18:48 ~ umamipe ~ INFO : Final parameters for waveform generation:
00:18:48 ~ umamipe ~ INFO : Generating waveform using ML model for parameters:
00:18:48 ~ umamipe ~ INFO : Using model: None and transformed model <bound method MLWaveformGenerator.get_ml_waveform of MLWaveformGenerator(duration=1.0, sampling_frequency=8192, start_time=0.0, frequency_domain_source_model=None, time_domain_source_model=umamipe.get_ml_waveform, parameter_conversion=umamipe.convert_to_ml_parameters, waveform_arguments={'model_path': '../v0p1/trained-models/model-20251004_072338-10', 'config_path': 'modelconfig-cvae-paper-I'})>
00:18:48 ~ umamipe ~ INFO : Generating waveform using ML model for parameters:
00:18:48 ~ umamipe ~ INFO : Generating waveform using ML model for parameters:
00:18:48 ~ umamipe ~ INFO : Received parameters for waveform generation: {'geocent_time': 0.0, 'mass_1': np.float64(62.60320049009062), 'mass_2': np.float64(44.337343182589855), 'luminosity_distance': np.float64(761.1744229842767), 'dec': np.float64(0.43267748313035304), 'ra': np.float64(3.8102040584831043), 'theta_jn': np.float64(1.4934464903925417), 'psi': np.float64(2.8233179926403067), 'phase': np.float64(4.569495770666315), 'chi_1': np.float64(-0.0336237162296202), 'chi_2': np.float64(-0.5693332809615348), 'chi_1z': np.float64(0.6017371760614674), 'chi_2z': np.float64(0.7754284908931288), 'spin_1z': np.float64(0.6017371760614674), 'spin_2z': np.float64(0.7754284908931288), 'model_path': '../v0p1/trained-models/model-20251004_072338-10', 'config_path': 'modelconfig-cvae-paper-I'}
00:18:48 ~ root ~ INFO : Model set to evaluation mode for generation.
00:18:48 ~ root ~ DEBUG : torch.Size([1, 15])
00:18:48 ~ root ~ DEBUG : torch.Size([1, 1, 800])
00:18:48 ~ root ~ DEBUG : torch.Size([1, 64, 10])
00:18:48 ~ root ~ DEBUG : torch.Size([1, 640])
00:18:48 ~ root ~ DEBUG : amp shape: (8190,), freq shape: (8189,)
00:18:48 ~ root ~ DEBUG : freq shape: (8189,), dt: 0.0001220703125, theta0: 0.0
00:18:48 ~ root ~ DEBUG : amp shape: (8190,), freq shape: (8189,), phase shape: (8190,)
00:18:48 ~ umamipe ~ INFO : Generated waveform from ML model with shape: (1, 2, 8190)
00:18:48 ~ umamipe ~ INFO : Waveform shapes after adding dummy element at the start: (8192,), (8192,)
00:18:48 ~ umamipe ~ INFO : Generating waveform using ML model for parameters:
00:18:48 ~ umamipe ~ INFO : Converted (a_i, tilt_i, phi_i) to (spin_i_z): 0.256705830414264, -0.7916529837680764
00:18:48 ~ umamipe ~ INFO : Formatted parameters for waveform generation:
00:18:48 ~ umamipe ~ INFO : Final parameters for waveform generation:
00:18:48 ~ umamipe ~ INFO : Generating waveform using ML model for parameters:
00:18:48 ~ umamipe ~ INFO : Using model: None and transformed model <bound method MLWaveformGenerator.get_ml_waveform of MLWaveformGenerator(duration=1.0, sampling_frequency=8192, start_time=0.0, frequency_domain_source_model=None, time_domain_source_model=umamipe.get_ml_waveform, parameter_conversion=umamipe.convert_to_ml_parameters, waveform_arguments={'model_path': '../v0p1/trained-models/model-20251004_072338-10', 'config_path': 'modelconfig-cvae-paper-I'})>
00:18:48 ~ umamipe ~ INFO : Generating waveform using ML model for parameters:
00:18:48 ~ umamipe ~ INFO : Generating waveform using ML model for parameters:
00:18:48 ~ umamipe ~ INFO : Received parameters for waveform generation: {'geocent_time': 0.0, 'mass_1': np.float64(58.55344675913354), 'mass_2': np.float64(64.569027265183), 'luminosity_distance': np.float64(3404.5960026884245), 'dec': np.float64(-0.5547306149144393), 'ra': np.float64(5.730689058460257), 'theta_jn': np.float64(1.9570289625955004), 'psi': np.float64(1.723361679992044), 'phase': np.float64(4.285662383744074), 'chi_1': np.float64(0.0035416718965807364), 'chi_2': np.float64(-0.5519056828522125), 'chi_1z': np.float64(0.256705830414264), 'chi_2z': np.float64(-0.7916529837680764), 'spin_1z': np.float64(0.256705830414264), 'spin_2z': np.float64(-0.7916529837680764), 'model_path': '../v0p1/trained-models/model-20251004_072338-10', 'config_path': 'modelconfig-cvae-paper-I'}
00:18:48 ~ root ~ INFO : Model set to evaluation mode for generation.
00:18:48 ~ root ~ DEBUG : torch.Size([1, 15])
00:18:48 ~ root ~ DEBUG : torch.Size([1, 1, 800])
00:18:48 ~ root ~ DEBUG : torch.Size([1, 64, 10])
00:18:48 ~ root ~ DEBUG : torch.Size([1, 640])
00:18:48 ~ root ~ DEBUG : amp shape: (8190,), freq shape: (8189,)
00:18:48 ~ root ~ DEBUG : freq shape: (8189,), dt: 0.0001220703125, theta0: 0.0
00:18:48 ~ root ~ DEBUG : amp shape: (8190,), freq shape: (8189,), phase shape: (8190,)
00:18:48 ~ umamipe ~ INFO : Generated waveform from ML model with shape: (1, 2, 8190)
00:18:48 ~ umamipe ~ INFO : Waveform shapes after adding dummy element at the start: (8192,), (8192,)
00:18:48 ~ umamipe ~ INFO : Generating waveform using ML model for parameters:
00:18:48 ~ umamipe ~ INFO : Converted (a_i, tilt_i, phi_i) to (spin_i_z): 0.3134678809759175, 0.3916813989071912
00:18:48 ~ umamipe ~ INFO : Formatted parameters for waveform generation:
00:18:48 ~ umamipe ~ INFO : Final parameters for waveform generation:
00:18:48 ~ umamipe ~ INFO : Generating waveform using ML model for parameters:
00:18:48 ~ umamipe ~ INFO : Using model: None and transformed model <bound method MLWaveformGenerator.get_ml_waveform of MLWaveformGenerator(duration=1.0, sampling_frequency=8192, start_time=0.0, frequency_domain_source_model=None, time_domain_source_model=umamipe.get_ml_waveform, parameter_conversion=umamipe.convert_to_ml_parameters, waveform_arguments={'model_path': '../v0p1/trained-models/model-20251004_072338-10', 'config_path': 'modelconfig-cvae-paper-I'})>
00:18:48 ~ umamipe ~ INFO : Generating waveform using ML model for parameters:
00:18:48 ~ umamipe ~ INFO : Generating waveform using ML model for parameters:
00:18:48 ~ umamipe ~ INFO : Received parameters for waveform generation: {'geocent_time': 0.0, 'mass_1': np.float64(39.91556060557064), 'mass_2': np.float64(37.01906702819734), 'luminosity_distance': np.float64(2771.384892399979), 'dec': np.float64(0.9555499608856876), 'ra': np.float64(0.5007800675211413), 'theta_jn': np.float64(1.2815942896016166), 'psi': np.float64(2.386234245191695), 'phase': np.float64(5.4229645786094824), 'chi_1': np.float64(0.16887561221179537), 'chi_2': np.float64(0.6444550268759901), 'chi_1z': np.float64(0.3134678809759175), 'chi_2z': np.float64(0.3916813989071912), 'spin_1z': np.float64(0.3134678809759175), 'spin_2z': np.float64(0.3916813989071912), 'model_path': '../v0p1/trained-models/model-20251004_072338-10', 'config_path': 'modelconfig-cvae-paper-I'}
00:18:48 ~ root ~ INFO : Model set to evaluation mode for generation.
00:18:48 ~ root ~ DEBUG : torch.Size([1, 15])
00:18:48 ~ root ~ DEBUG : torch.Size([1, 1, 800])
00:18:48 ~ root ~ DEBUG : torch.Size([1, 64, 10])
00:18:48 ~ root ~ DEBUG : torch.Size([1, 640])
00:18:48 ~ root ~ DEBUG : amp shape: (8190,), freq shape: (8189,)
00:18:48 ~ root ~ DEBUG : freq shape: (8189,), dt: 0.0001220703125, theta0: 0.0
00:18:48 ~ root ~ DEBUG : amp shape: (8190,), freq shape: (8189,), phase shape: (8190,)
00:18:48 ~ umamipe ~ INFO : Generated waveform from ML model with shape: (1, 2, 8190)
00:18:48 ~ umamipe ~ INFO : Waveform shapes after adding dummy element at the start: (8192,), (8192,)
00:18:48 ~ umamipe ~ INFO : Generating waveform using ML model for parameters:
00:18:48 ~ umamipe ~ INFO : Converted (a_i, tilt_i, phi_i) to (spin_i_z): 0.09790682725570399, -0.7735241383706237
00:18:48 ~ umamipe ~ INFO : Formatted parameters for waveform generation:
00:18:48 ~ umamipe ~ INFO : Final parameters for waveform generation:
00:18:48 ~ umamipe ~ INFO : Generating waveform using ML model for parameters:
00:18:48 ~ umamipe ~ INFO : Using model: None and transformed model <bound method MLWaveformGenerator.get_ml_waveform of MLWaveformGenerator(duration=1.0, sampling_frequency=8192, start_time=0.0, frequency_domain_source_model=None, time_domain_source_model=umamipe.get_ml_waveform, parameter_conversion=umamipe.convert_to_ml_parameters, waveform_arguments={'model_path': '../v0p1/trained-models/model-20251004_072338-10', 'config_path': 'modelconfig-cvae-paper-I'})>
00:18:48 ~ umamipe ~ INFO : Generating waveform using ML model for parameters:
00:18:48 ~ umamipe ~ INFO : Generating waveform using ML model for parameters:
00:18:48 ~ umamipe ~ INFO : Received parameters for waveform generation: {'geocent_time': 0.0, 'mass_1': np.float64(48.993048093078826), 'mass_2': np.float64(43.592397535746755), 'luminosity_distance': np.float64(3244.0017255758494), 'dec': np.float64(0.56549517196701), 'ra': np.float64(4.085723288533922), 'theta_jn': np.float64(2.1457524390485787), 'psi': np.float64(1.9716214068968456), 'phase': np.float64(4.60621161677272), 'chi_1': np.float64(-0.32033175649896917), 'chi_2': np.float64(-0.10884940382352154), 'chi_1z': np.float64(0.09790682725570399), 'chi_2z': np.float64(-0.7735241383706237), 'spin_1z': np.float64(0.09790682725570399), 'spin_2z': np.float64(-0.7735241383706237), 'model_path': '../v0p1/trained-models/model-20251004_072338-10', 'config_path': 'modelconfig-cvae-paper-I'}
00:18:48 ~ root ~ INFO : Model set to evaluation mode for generation.
00:18:48 ~ root ~ DEBUG : torch.Size([1, 15])
00:18:48 ~ root ~ DEBUG : torch.Size([1, 1, 800])
00:18:48 ~ root ~ DEBUG : torch.Size([1, 64, 10])
00:18:48 ~ root ~ DEBUG : torch.Size([1, 640])
00:18:48 ~ root ~ DEBUG : amp shape: (8190,), freq shape: (8189,)
00:18:48 ~ root ~ DEBUG : freq shape: (8189,), dt: 0.0001220703125, theta0: 0.0
00:18:48 ~ root ~ DEBUG : amp shape: (8190,), freq shape: (8189,), phase shape: (8190,)
00:18:48 ~ umamipe ~ INFO : Generated waveform from ML model with shape: (1, 2, 8190)
00:18:48 ~ umamipe ~ INFO : Waveform shapes after adding dummy element at the start: (8192,), (8192,)
00:18:48 ~ umamipe ~ INFO : Generating waveform using ML model for parameters:
00:18:48 ~ umamipe ~ INFO : Converted (a_i, tilt_i, phi_i) to (spin_i_z): 0.11910114166749008, -0.4542008517671754
00:18:48 ~ umamipe ~ INFO : Formatted parameters for waveform generation:
00:18:48 ~ umamipe ~ INFO : Final parameters for waveform generation:
00:18:48 ~ umamipe ~ INFO : Generating waveform using ML model for parameters:
00:18:48 ~ umamipe ~ INFO : Using model: None and transformed model <bound method MLWaveformGenerator.get_ml_waveform of MLWaveformGenerator(duration=1.0, sampling_frequency=8192, start_time=0.0, frequency_domain_source_model=None, time_domain_source_model=umamipe.get_ml_waveform, parameter_conversion=umamipe.convert_to_ml_parameters, waveform_arguments={'model_path': '../v0p1/trained-models/model-20251004_072338-10', 'config_path': 'modelconfig-cvae-paper-I'})>
00:18:48 ~ umamipe ~ INFO : Generating waveform using ML model for parameters:
00:18:48 ~ umamipe ~ INFO : Generating waveform using ML model for parameters:
00:18:48 ~ umamipe ~ INFO : Received parameters for waveform generation: {'geocent_time': 0.0, 'mass_1': np.float64(71.05337521435487), 'mass_2': np.float64(40.77704225692215), 'luminosity_distance': np.float64(1476.7434938475722), 'dec': np.float64(0.33471545129376157), 'ra': np.float64(1.2172983341356725), 'theta_jn': np.float64(1.6949847284264956), 'psi': np.float64(0.7821832880899792), 'phase': np.float64(1.0426413064844828), 'chi_1': np.float64(0.16760978254588751), 'chi_2': np.float64(-0.05746022710547712), 'chi_1z': np.float64(0.11910114166749008), 'chi_2z': np.float64(-0.4542008517671754), 'spin_1z': np.float64(0.11910114166749008), 'spin_2z': np.float64(-0.4542008517671754), 'model_path': '../v0p1/trained-models/model-20251004_072338-10', 'config_path': 'modelconfig-cvae-paper-I'}
00:18:48 ~ root ~ INFO : Model set to evaluation mode for generation.
00:18:48 ~ root ~ DEBUG : torch.Size([1, 15])
00:18:48 ~ root ~ DEBUG : torch.Size([1, 1, 800])
00:18:48 ~ root ~ DEBUG : torch.Size([1, 64, 10])
00:18:48 ~ root ~ DEBUG : torch.Size([1, 640])
00:18:48 ~ root ~ DEBUG : amp shape: (8190,), freq shape: (8189,)
00:18:48 ~ root ~ DEBUG : freq shape: (8189,), dt: 0.0001220703125, theta0: 0.0
00:18:48 ~ root ~ DEBUG : amp shape: (8190,), freq shape: (8189,), phase shape: (8190,)
00:18:48 ~ umamipe ~ INFO : Generated waveform from ML model with shape: (1, 2, 8190)
00:18:48 ~ umamipe ~ INFO : Waveform shapes after adding dummy element at the start: (8192,), (8192,)
00:18:48 ~ umamipe ~ INFO : Generating waveform using ML model for parameters:
00:18:48 ~ umamipe ~ INFO : Converted (a_i, tilt_i, phi_i) to (spin_i_z): 0.07847072077173589, 0.5360504347661545
00:18:48 ~ umamipe ~ INFO : Formatted parameters for waveform generation:
00:18:48 ~ umamipe ~ INFO : Final parameters for waveform generation:
00:18:48 ~ umamipe ~ INFO : Generating waveform using ML model for parameters:
00:18:48 ~ umamipe ~ INFO : Using model: None and transformed model <bound method MLWaveformGenerator.get_ml_waveform of MLWaveformGenerator(duration=1.0, sampling_frequency=8192, start_time=0.0, frequency_domain_source_model=None, time_domain_source_model=umamipe.get_ml_waveform, parameter_conversion=umamipe.convert_to_ml_parameters, waveform_arguments={'model_path': '../v0p1/trained-models/model-20251004_072338-10', 'config_path': 'modelconfig-cvae-paper-I'})>
00:18:48 ~ umamipe ~ INFO : Generating waveform using ML model for parameters:
00:18:48 ~ umamipe ~ INFO : Generating waveform using ML model for parameters:
00:18:48 ~ umamipe ~ INFO : Received parameters for waveform generation: {'geocent_time': 0.0, 'mass_1': np.float64(54.85865490331257), 'mass_2': np.float64(48.95536956965026), 'luminosity_distance': np.float64(1168.5665139588716), 'dec': np.float64(0.47055791321171925), 'ra': np.float64(3.4706074826378113), 'theta_jn': np.float64(2.5957299047969165), 'psi': np.float64(2.5382496777470123), 'phase': np.float64(3.5884478415975427), 'chi_1': np.float64(-0.6086659436240668), 'chi_2': np.float64(0.1870892550594969), 'chi_1z': np.float64(0.07847072077173589), 'chi_2z': np.float64(0.5360504347661545), 'spin_1z': np.float64(0.07847072077173589), 'spin_2z': np.float64(0.5360504347661545), 'model_path': '../v0p1/trained-models/model-20251004_072338-10', 'config_path': 'modelconfig-cvae-paper-I'}
00:18:48 ~ root ~ INFO : Model set to evaluation mode for generation.
00:18:48 ~ root ~ DEBUG : torch.Size([1, 15])
00:18:48 ~ root ~ DEBUG : torch.Size([1, 1, 800])
00:18:48 ~ root ~ DEBUG : torch.Size([1, 64, 10])
00:18:48 ~ root ~ DEBUG : torch.Size([1, 640])
00:18:48 ~ root ~ DEBUG : amp shape: (8190,), freq shape: (8189,)
00:18:48 ~ root ~ DEBUG : freq shape: (8189,), dt: 0.0001220703125, theta0: 0.0
00:18:48 ~ root ~ DEBUG : amp shape: (8190,), freq shape: (8189,), phase shape: (8190,)
00:18:48 ~ umamipe ~ INFO : Generated waveform from ML model with shape: (1, 2, 8190)
00:18:48 ~ umamipe ~ INFO : Waveform shapes after adding dummy element at the start: (8192,), (8192,)
00:18:48 ~ umamipe ~ INFO : Generating waveform using ML model for parameters:
00:18:48 ~ umamipe ~ INFO : Converted (a_i, tilt_i, phi_i) to (spin_i_z): -0.7789441704111533, -0.4663006134500487
00:18:48 ~ umamipe ~ INFO : Formatted parameters for waveform generation:
00:18:48 ~ umamipe ~ INFO : Final parameters for waveform generation:
00:18:48 ~ umamipe ~ INFO : Generating waveform using ML model for parameters:
00:18:48 ~ umamipe ~ INFO : Using model: None and transformed model <bound method MLWaveformGenerator.get_ml_waveform of MLWaveformGenerator(duration=1.0, sampling_frequency=8192, start_time=0.0, frequency_domain_source_model=None, time_domain_source_model=umamipe.get_ml_waveform, parameter_conversion=umamipe.convert_to_ml_parameters, waveform_arguments={'model_path': '../v0p1/trained-models/model-20251004_072338-10', 'config_path': 'modelconfig-cvae-paper-I'})>
00:18:48 ~ umamipe ~ INFO : Generating waveform using ML model for parameters:
00:18:48 ~ umamipe ~ INFO : Generating waveform using ML model for parameters:
00:18:48 ~ umamipe ~ INFO : Received parameters for waveform generation: {'geocent_time': 0.0, 'mass_1': np.float64(55.99852586044642), 'mass_2': np.float64(30.091236576628013), 'luminosity_distance': np.float64(4432.869568313932), 'dec': np.float64(0.6416869720261186), 'ra': np.float64(0.6245653217207091), 'theta_jn': np.float64(1.9472738025358098), 'psi': np.float64(1.652793942860369), 'phase': np.float64(3.706558417260607), 'chi_1': np.float64(0.40941783990326447), 'chi_2': np.float64(-0.1853269664683507), 'chi_1z': np.float64(-0.7789441704111533), 'chi_2z': np.float64(-0.4663006134500487), 'spin_1z': np.float64(-0.7789441704111533), 'spin_2z': np.float64(-0.4663006134500487), 'model_path': '../v0p1/trained-models/model-20251004_072338-10', 'config_path': 'modelconfig-cvae-paper-I'}
00:18:48 ~ root ~ INFO : Model set to evaluation mode for generation.
00:18:48 ~ root ~ DEBUG : torch.Size([1, 15])
00:18:48 ~ root ~ DEBUG : torch.Size([1, 1, 800])
00:18:48 ~ root ~ DEBUG : torch.Size([1, 64, 10])
00:18:48 ~ root ~ DEBUG : torch.Size([1, 640])
00:18:48 ~ root ~ DEBUG : amp shape: (8190,), freq shape: (8189,)
00:18:48 ~ root ~ DEBUG : freq shape: (8189,), dt: 0.0001220703125, theta0: 0.0
00:18:48 ~ root ~ DEBUG : amp shape: (8190,), freq shape: (8189,), phase shape: (8190,)
00:18:48 ~ umamipe ~ INFO : Generated waveform from ML model with shape: (1, 2, 8190)
00:18:48 ~ umamipe ~ INFO : Waveform shapes after adding dummy element at the start: (8192,), (8192,)
00:18:48 ~ umamipe ~ INFO : Generating waveform using ML model for parameters:
00:18:48 ~ umamipe ~ INFO : Converted (a_i, tilt_i, phi_i) to (spin_i_z): -0.7571057913163042, 0.4972339656293563
00:18:48 ~ umamipe ~ INFO : Formatted parameters for waveform generation:
00:18:48 ~ umamipe ~ INFO : Final parameters for waveform generation:
00:18:48 ~ umamipe ~ INFO : Generating waveform using ML model for parameters:
00:18:48 ~ umamipe ~ INFO : Using model: None and transformed model <bound method MLWaveformGenerator.get_ml_waveform of MLWaveformGenerator(duration=1.0, sampling_frequency=8192, start_time=0.0, frequency_domain_source_model=None, time_domain_source_model=umamipe.get_ml_waveform, parameter_conversion=umamipe.convert_to_ml_parameters, waveform_arguments={'model_path': '../v0p1/trained-models/model-20251004_072338-10', 'config_path': 'modelconfig-cvae-paper-I'})>
00:18:48 ~ umamipe ~ INFO : Generating waveform using ML model for parameters:
00:18:48 ~ umamipe ~ INFO : Generating waveform using ML model for parameters:
00:18:48 ~ umamipe ~ INFO : Received parameters for waveform generation: {'geocent_time': 0.0, 'mass_1': np.float64(71.18067158579328), 'mass_2': np.float64(39.51404197101829), 'luminosity_distance': np.float64(3982.0087387625144), 'dec': np.float64(0.6179572137402031), 'ra': np.float64(5.109550841802738), 'theta_jn': np.float64(0.2046809962414395), 'psi': np.float64(0.029538545961509816), 'phase': np.float64(6.214133769835045), 'chi_1': np.float64(0.009644569195985225), 'chi_2': np.float64(-0.5343649668472523), 'chi_1z': np.float64(-0.7571057913163042), 'chi_2z': np.float64(0.4972339656293563), 'spin_1z': np.float64(-0.7571057913163042), 'spin_2z': np.float64(0.4972339656293563), 'model_path': '../v0p1/trained-models/model-20251004_072338-10', 'config_path': 'modelconfig-cvae-paper-I'}
00:18:48 ~ root ~ INFO : Model set to evaluation mode for generation.
00:18:48 ~ root ~ DEBUG : torch.Size([1, 15])
00:18:48 ~ root ~ DEBUG : torch.Size([1, 1, 800])
00:18:48 ~ root ~ DEBUG : torch.Size([1, 64, 10])
00:18:48 ~ root ~ DEBUG : torch.Size([1, 640])
00:18:48 ~ root ~ DEBUG : amp shape: (8190,), freq shape: (8189,)
00:18:48 ~ root ~ DEBUG : freq shape: (8189,), dt: 0.0001220703125, theta0: 0.0
00:18:48 ~ root ~ DEBUG : amp shape: (8190,), freq shape: (8189,), phase shape: (8190,)
00:18:48 ~ umamipe ~ INFO : Generated waveform from ML model with shape: (1, 2, 8190)
00:18:48 ~ umamipe ~ INFO : Waveform shapes after adding dummy element at the start: (8192,), (8192,)
00:18:48 ~ umamipe ~ INFO : Generating waveform using ML model for parameters:
00:18:48 ~ umamipe ~ INFO : Converted (a_i, tilt_i, phi_i) to (spin_i_z): -0.17670334767941376, 0.34359655369256314
00:18:48 ~ umamipe ~ INFO : Formatted parameters for waveform generation:
00:18:48 ~ umamipe ~ INFO : Final parameters for waveform generation:
00:18:48 ~ umamipe ~ INFO : Generating waveform using ML model for parameters:
00:18:48 ~ umamipe ~ INFO : Using model: None and transformed model <bound method MLWaveformGenerator.get_ml_waveform of MLWaveformGenerator(duration=1.0, sampling_frequency=8192, start_time=0.0, frequency_domain_source_model=None, time_domain_source_model=umamipe.get_ml_waveform, parameter_conversion=umamipe.convert_to_ml_parameters, waveform_arguments={'model_path': '../v0p1/trained-models/model-20251004_072338-10', 'config_path': 'modelconfig-cvae-paper-I'})>
00:18:48 ~ umamipe ~ INFO : Generating waveform using ML model for parameters:
00:18:48 ~ umamipe ~ INFO : Generating waveform using ML model for parameters:
00:18:48 ~ umamipe ~ INFO : Received parameters for waveform generation: {'geocent_time': 0.0, 'mass_1': np.float64(70.72298046846382), 'mass_2': np.float64(53.60216242767434), 'luminosity_distance': np.float64(2899.0313662572776), 'dec': np.float64(0.4166651541896706), 'ra': np.float64(0.14067013208805232), 'theta_jn': np.float64(2.494486100269234), 'psi': np.float64(0.8045320365088966), 'phase': np.float64(1.1995150931827612), 'chi_1': np.float64(-0.1206689722628941), 'chi_2': np.float64(-0.5342870061314464), 'chi_1z': np.float64(-0.17670334767941376), 'chi_2z': np.float64(0.34359655369256314), 'spin_1z': np.float64(-0.17670334767941376), 'spin_2z': np.float64(0.34359655369256314), 'model_path': '../v0p1/trained-models/model-20251004_072338-10', 'config_path': 'modelconfig-cvae-paper-I'}
00:18:48 ~ root ~ INFO : Model set to evaluation mode for generation.
00:18:48 ~ root ~ DEBUG : torch.Size([1, 15])
00:18:48 ~ root ~ DEBUG : torch.Size([1, 1, 800])
00:18:48 ~ root ~ DEBUG : torch.Size([1, 64, 10])
00:18:48 ~ root ~ DEBUG : torch.Size([1, 640])
00:18:48 ~ root ~ DEBUG : amp shape: (8190,), freq shape: (8189,)
00:18:48 ~ root ~ DEBUG : freq shape: (8189,), dt: 0.0001220703125, theta0: 0.0
00:18:48 ~ root ~ DEBUG : amp shape: (8190,), freq shape: (8189,), phase shape: (8190,)
00:18:48 ~ umamipe ~ INFO : Generated waveform from ML model with shape: (1, 2, 8190)
00:18:48 ~ umamipe ~ INFO : Waveform shapes after adding dummy element at the start: (8192,), (8192,)
00:18:48 ~ umamipe ~ INFO : Generating waveform using ML model for parameters:
00:18:48 ~ umamipe ~ INFO : Converted (a_i, tilt_i, phi_i) to (spin_i_z): -0.4004788417140171, 0.24683834193328624
00:18:48 ~ umamipe ~ INFO : Formatted parameters for waveform generation:
00:18:48 ~ umamipe ~ INFO : Final parameters for waveform generation:
00:18:48 ~ umamipe ~ INFO : Generating waveform using ML model for parameters:
00:18:48 ~ umamipe ~ INFO : Using model: None and transformed model <bound method MLWaveformGenerator.get_ml_waveform of MLWaveformGenerator(duration=1.0, sampling_frequency=8192, start_time=0.0, frequency_domain_source_model=None, time_domain_source_model=umamipe.get_ml_waveform, parameter_conversion=umamipe.convert_to_ml_parameters, waveform_arguments={'model_path': '../v0p1/trained-models/model-20251004_072338-10', 'config_path': 'modelconfig-cvae-paper-I'})>
00:18:48 ~ umamipe ~ INFO : Generating waveform using ML model for parameters:
00:18:48 ~ umamipe ~ INFO : Generating waveform using ML model for parameters:
00:18:48 ~ umamipe ~ INFO : Received parameters for waveform generation: {'geocent_time': 0.0, 'mass_1': np.float64(52.419286257530416), 'mass_2': np.float64(60.0590564845038), 'luminosity_distance': np.float64(2207.5350139119155), 'dec': np.float64(-0.20566593724261703), 'ra': np.float64(3.263997789839217), 'theta_jn': np.float64(1.7164274928516954), 'psi': np.float64(0.5855818246706163), 'phase': np.float64(5.074734843017565), 'chi_1': np.float64(-0.45842881244137007), 'chi_2': np.float64(-0.43825725228180357), 'chi_1z': np.float64(-0.4004788417140171), 'chi_2z': np.float64(0.24683834193328624), 'spin_1z': np.float64(-0.4004788417140171), 'spin_2z': np.float64(0.24683834193328624), 'model_path': '../v0p1/trained-models/model-20251004_072338-10', 'config_path': 'modelconfig-cvae-paper-I'}
00:18:48 ~ root ~ INFO : Model set to evaluation mode for generation.
00:18:48 ~ root ~ DEBUG : torch.Size([1, 15])
00:18:48 ~ root ~ DEBUG : torch.Size([1, 1, 800])
00:18:49 ~ root ~ DEBUG : torch.Size([1, 64, 10])
00:18:49 ~ root ~ DEBUG : torch.Size([1, 640])
00:18:49 ~ root ~ DEBUG : amp shape: (8190,), freq shape: (8189,)
00:18:49 ~ root ~ DEBUG : freq shape: (8189,), dt: 0.0001220703125, theta0: 0.0
00:18:49 ~ root ~ DEBUG : amp shape: (8190,), freq shape: (8189,), phase shape: (8190,)
00:18:49 ~ umamipe ~ INFO : Generated waveform from ML model with shape: (1, 2, 8190)
00:18:49 ~ umamipe ~ INFO : Waveform shapes after adding dummy element at the start: (8192,), (8192,)
00:18:49 ~ umamipe ~ INFO : Generating waveform using ML model for parameters:
00:18:49 ~ umamipe ~ INFO : Converted (a_i, tilt_i, phi_i) to (spin_i_z): 0.7840638460194749, 0.429744902381449
00:18:49 ~ umamipe ~ INFO : Formatted parameters for waveform generation:
00:18:49 ~ umamipe ~ INFO : Final parameters for waveform generation:
00:18:49 ~ umamipe ~ INFO : Generating waveform using ML model for parameters:
00:18:49 ~ umamipe ~ INFO : Using model: None and transformed model <bound method MLWaveformGenerator.get_ml_waveform of MLWaveformGenerator(duration=1.0, sampling_frequency=8192, start_time=0.0, frequency_domain_source_model=None, time_domain_source_model=umamipe.get_ml_waveform, parameter_conversion=umamipe.convert_to_ml_parameters, waveform_arguments={'model_path': '../v0p1/trained-models/model-20251004_072338-10', 'config_path': 'modelconfig-cvae-paper-I'})>
00:18:49 ~ umamipe ~ INFO : Generating waveform using ML model for parameters:
00:18:49 ~ umamipe ~ INFO : Generating waveform using ML model for parameters:
00:18:49 ~ umamipe ~ INFO : Received parameters for waveform generation: {'geocent_time': 0.0, 'mass_1': np.float64(33.46892232671034), 'mass_2': np.float64(30.347651870209397), 'luminosity_distance': np.float64(3281.9191783256365), 'dec': np.float64(-0.3117091518352116), 'ra': np.float64(0.9848661384133521), 'theta_jn': np.float64(1.8879334608163525), 'psi': np.float64(2.0151162199904413), 'phase': np.float64(0.7658754425884715), 'chi_1': np.float64(-0.20959463333146314), 'chi_2': np.float64(-0.07454696375541965), 'chi_1z': np.float64(0.7840638460194749), 'chi_2z': np.float64(0.429744902381449), 'spin_1z': np.float64(0.7840638460194749), 'spin_2z': np.float64(0.429744902381449), 'model_path': '../v0p1/trained-models/model-20251004_072338-10', 'config_path': 'modelconfig-cvae-paper-I'}
00:18:49 ~ root ~ INFO : Model set to evaluation mode for generation.
00:18:49 ~ root ~ DEBUG : torch.Size([1, 15])
00:18:49 ~ root ~ DEBUG : torch.Size([1, 1, 800])
00:18:49 ~ root ~ DEBUG : torch.Size([1, 64, 10])
00:18:49 ~ root ~ DEBUG : torch.Size([1, 640])
00:18:49 ~ root ~ DEBUG : amp shape: (8190,), freq shape: (8189,)
00:18:49 ~ root ~ DEBUG : freq shape: (8189,), dt: 0.0001220703125, theta0: 0.0
00:18:49 ~ root ~ DEBUG : amp shape: (8190,), freq shape: (8189,), phase shape: (8190,)
00:18:49 ~ umamipe ~ INFO : Generated waveform from ML model with shape: (1, 2, 8190)
00:18:49 ~ umamipe ~ INFO : Waveform shapes after adding dummy element at the start: (8192,), (8192,)
00:18:49 ~ umamipe ~ INFO : Generating waveform using ML model for parameters:
00:18:49 ~ umamipe ~ INFO : Converted (a_i, tilt_i, phi_i) to (spin_i_z): -0.2445992421027675, -0.12637380632830042
00:18:49 ~ umamipe ~ INFO : Formatted parameters for waveform generation:
00:18:49 ~ umamipe ~ INFO : Final parameters for waveform generation:
00:18:49 ~ umamipe ~ INFO : Generating waveform using ML model for parameters:
00:18:49 ~ umamipe ~ INFO : Using model: None and transformed model <bound method MLWaveformGenerator.get_ml_waveform of MLWaveformGenerator(duration=1.0, sampling_frequency=8192, start_time=0.0, frequency_domain_source_model=None, time_domain_source_model=umamipe.get_ml_waveform, parameter_conversion=umamipe.convert_to_ml_parameters, waveform_arguments={'model_path': '../v0p1/trained-models/model-20251004_072338-10', 'config_path': 'modelconfig-cvae-paper-I'})>
00:18:49 ~ umamipe ~ INFO : Generating waveform using ML model for parameters:
00:18:49 ~ umamipe ~ INFO : Generating waveform using ML model for parameters:
00:18:49 ~ umamipe ~ INFO : Received parameters for waveform generation: {'geocent_time': 0.0, 'mass_1': np.float64(45.172440156358704), 'mass_2': np.float64(73.44470199385117), 'luminosity_distance': np.float64(3218.299780105559), 'dec': np.float64(-0.24168203901110402), 'ra': np.float64(5.933122575779513), 'theta_jn': np.float64(2.062752478329117), 'psi': np.float64(1.7211035108626822), 'phase': np.float64(3.774287786538782), 'chi_1': np.float64(0.6820017512809676), 'chi_2': np.float64(-0.3252210136658875), 'chi_1z': np.float64(-0.2445992421027675), 'chi_2z': np.float64(-0.12637380632830042), 'spin_1z': np.float64(-0.2445992421027675), 'spin_2z': np.float64(-0.12637380632830042), 'model_path': '../v0p1/trained-models/model-20251004_072338-10', 'config_path': 'modelconfig-cvae-paper-I'}
00:18:49 ~ root ~ INFO : Model set to evaluation mode for generation.
00:18:49 ~ root ~ DEBUG : torch.Size([1, 15])
00:18:49 ~ root ~ DEBUG : torch.Size([1, 1, 800])
00:18:49 ~ root ~ DEBUG : torch.Size([1, 64, 10])
00:18:49 ~ root ~ DEBUG : torch.Size([1, 640])
00:18:49 ~ root ~ DEBUG : amp shape: (8190,), freq shape: (8189,)
00:18:49 ~ root ~ DEBUG : freq shape: (8189,), dt: 0.0001220703125, theta0: 0.0
00:18:49 ~ root ~ DEBUG : amp shape: (8190,), freq shape: (8189,), phase shape: (8190,)
00:18:49 ~ umamipe ~ INFO : Generated waveform from ML model with shape: (1, 2, 8190)
00:18:49 ~ umamipe ~ INFO : Waveform shapes after adding dummy element at the start: (8192,), (8192,)
00:18:49 ~ umamipe ~ INFO : Generating waveform using ML model for parameters:
00:18:49 ~ umamipe ~ INFO : Converted (a_i, tilt_i, phi_i) to (spin_i_z): 0.5519670264965417, -0.6386898480295105
00:18:49 ~ umamipe ~ INFO : Formatted parameters for waveform generation:
00:18:49 ~ umamipe ~ INFO : Final parameters for waveform generation:
00:18:49 ~ umamipe ~ INFO : Generating waveform using ML model for parameters:
00:18:49 ~ umamipe ~ INFO : Using model: None and transformed model <bound method MLWaveformGenerator.get_ml_waveform of MLWaveformGenerator(duration=1.0, sampling_frequency=8192, start_time=0.0, frequency_domain_source_model=None, time_domain_source_model=umamipe.get_ml_waveform, parameter_conversion=umamipe.convert_to_ml_parameters, waveform_arguments={'model_path': '../v0p1/trained-models/model-20251004_072338-10', 'config_path': 'modelconfig-cvae-paper-I'})>
00:18:49 ~ umamipe ~ INFO : Generating waveform using ML model for parameters:
00:18:49 ~ umamipe ~ INFO : Generating waveform using ML model for parameters:
00:18:49 ~ umamipe ~ INFO : Received parameters for waveform generation: {'geocent_time': 0.0, 'mass_1': np.float64(74.31147223282358), 'mass_2': np.float64(33.78873406185538), 'luminosity_distance': np.float64(1636.441547683903), 'dec': np.float64(-0.12962199435300328), 'ra': np.float64(1.0633892444485842), 'theta_jn': np.float64(1.9494397475037906), 'psi': np.float64(1.1331018858379063), 'phase': np.float64(5.316878308157155), 'chi_1': np.float64(0.1831826721182504), 'chi_2': np.float64(-0.010406071931066187), 'chi_1z': np.float64(0.5519670264965417), 'chi_2z': np.float64(-0.6386898480295105), 'spin_1z': np.float64(0.5519670264965417), 'spin_2z': np.float64(-0.6386898480295105), 'model_path': '../v0p1/trained-models/model-20251004_072338-10', 'config_path': 'modelconfig-cvae-paper-I'}
00:18:49 ~ root ~ INFO : Model set to evaluation mode for generation.
00:18:49 ~ root ~ DEBUG : torch.Size([1, 15])
00:18:49 ~ root ~ DEBUG : torch.Size([1, 1, 800])
00:18:49 ~ root ~ DEBUG : torch.Size([1, 64, 10])
00:18:49 ~ root ~ DEBUG : torch.Size([1, 640])
00:18:49 ~ root ~ DEBUG : amp shape: (8190,), freq shape: (8189,)
00:18:49 ~ root ~ DEBUG : freq shape: (8189,), dt: 0.0001220703125, theta0: 0.0
00:18:49 ~ root ~ DEBUG : amp shape: (8190,), freq shape: (8189,), phase shape: (8190,)
00:18:49 ~ umamipe ~ INFO : Generated waveform from ML model with shape: (1, 2, 8190)
00:18:49 ~ umamipe ~ INFO : Waveform shapes after adding dummy element at the start: (8192,), (8192,)
00:18:49 ~ umamipe ~ INFO : Generating waveform using ML model for parameters:
00:18:49 ~ umamipe ~ INFO : Converted (a_i, tilt_i, phi_i) to (spin_i_z): -0.61809840754468, 0.7990537376340998
00:18:49 ~ umamipe ~ INFO : Formatted parameters for waveform generation:
00:18:49 ~ umamipe ~ INFO : Final parameters for waveform generation:
00:18:49 ~ umamipe ~ INFO : Generating waveform using ML model for parameters:
00:18:49 ~ umamipe ~ INFO : Using model: None and transformed model <bound method MLWaveformGenerator.get_ml_waveform of MLWaveformGenerator(duration=1.0, sampling_frequency=8192, start_time=0.0, frequency_domain_source_model=None, time_domain_source_model=umamipe.get_ml_waveform, parameter_conversion=umamipe.convert_to_ml_parameters, waveform_arguments={'model_path': '../v0p1/trained-models/model-20251004_072338-10', 'config_path': 'modelconfig-cvae-paper-I'})>
00:18:49 ~ umamipe ~ INFO : Generating waveform using ML model for parameters:
00:18:49 ~ umamipe ~ INFO : Generating waveform using ML model for parameters:
00:18:49 ~ umamipe ~ INFO : Received parameters for waveform generation: {'geocent_time': 0.0, 'mass_1': np.float64(56.14945520678526), 'mass_2': np.float64(57.23098350644159), 'luminosity_distance': np.float64(2361.690563396076), 'dec': np.float64(-1.1215101168678818), 'ra': np.float64(3.3627542573680893), 'theta_jn': np.float64(1.5981538383329645), 'psi': np.float64(2.053381901475407), 'phase': np.float64(1.337870736468992), 'chi_1': np.float64(-0.28054861271725323), 'chi_2': np.float64(0.7107272154970358), 'chi_1z': np.float64(-0.61809840754468), 'chi_2z': np.float64(0.7990537376340998), 'spin_1z': np.float64(-0.61809840754468), 'spin_2z': np.float64(0.7990537376340998), 'model_path': '../v0p1/trained-models/model-20251004_072338-10', 'config_path': 'modelconfig-cvae-paper-I'}
00:18:49 ~ root ~ INFO : Model set to evaluation mode for generation.
00:18:49 ~ root ~ DEBUG : torch.Size([1, 15])
00:18:49 ~ root ~ DEBUG : torch.Size([1, 1, 800])
00:18:49 ~ root ~ DEBUG : torch.Size([1, 64, 10])
00:18:49 ~ root ~ DEBUG : torch.Size([1, 640])
00:18:49 ~ root ~ DEBUG : amp shape: (8190,), freq shape: (8189,)
00:18:49 ~ root ~ DEBUG : freq shape: (8189,), dt: 0.0001220703125, theta0: 0.0
00:18:49 ~ root ~ DEBUG : amp shape: (8190,), freq shape: (8189,), phase shape: (8190,)
00:18:49 ~ umamipe ~ INFO : Generated waveform from ML model with shape: (1, 2, 8190)
00:18:49 ~ umamipe ~ INFO : Waveform shapes after adding dummy element at the start: (8192,), (8192,)
00:18:49 ~ umamipe ~ INFO : Generating waveform using ML model for parameters:
00:18:49 ~ umamipe ~ INFO : Converted (a_i, tilt_i, phi_i) to (spin_i_z): -0.775111390035185, -0.007364160982922918
00:18:49 ~ umamipe ~ INFO : Formatted parameters for waveform generation:
00:18:49 ~ umamipe ~ INFO : Final parameters for waveform generation:
00:18:49 ~ umamipe ~ INFO : Generating waveform using ML model for parameters:
00:18:49 ~ umamipe ~ INFO : Using model: None and transformed model <bound method MLWaveformGenerator.get_ml_waveform of MLWaveformGenerator(duration=1.0, sampling_frequency=8192, start_time=0.0, frequency_domain_source_model=None, time_domain_source_model=umamipe.get_ml_waveform, parameter_conversion=umamipe.convert_to_ml_parameters, waveform_arguments={'model_path': '../v0p1/trained-models/model-20251004_072338-10', 'config_path': 'modelconfig-cvae-paper-I'})>
00:18:49 ~ umamipe ~ INFO : Generating waveform using ML model for parameters:
00:18:49 ~ umamipe ~ INFO : Generating waveform using ML model for parameters:
00:18:49 ~ umamipe ~ INFO : Received parameters for waveform generation: {'geocent_time': 0.0, 'mass_1': np.float64(62.39895483685892), 'mass_2': np.float64(58.319500723961866), 'luminosity_distance': np.float64(2769.9934230666486), 'dec': np.float64(0.8265611350356888), 'ra': np.float64(5.718085750970005), 'theta_jn': np.float64(2.0305953363255873), 'psi': np.float64(2.2301807452118676), 'phase': np.float64(3.0985819432369603), 'chi_1': np.float64(-0.49181231716400514), 'chi_2': np.float64(0.9289472967740513), 'chi_1z': np.float64(-0.775111390035185), 'chi_2z': np.float64(-0.007364160982922918), 'spin_1z': np.float64(-0.775111390035185), 'spin_2z': np.float64(-0.007364160982922918), 'model_path': '../v0p1/trained-models/model-20251004_072338-10', 'config_path': 'modelconfig-cvae-paper-I'}
00:18:49 ~ root ~ INFO : Model set to evaluation mode for generation.
00:18:49 ~ root ~ DEBUG : torch.Size([1, 15])
00:18:49 ~ root ~ DEBUG : torch.Size([1, 1, 800])
00:18:49 ~ root ~ DEBUG : torch.Size([1, 64, 10])
00:18:49 ~ root ~ DEBUG : torch.Size([1, 640])
00:18:49 ~ root ~ DEBUG : amp shape: (8190,), freq shape: (8189,)
00:18:49 ~ root ~ DEBUG : freq shape: (8189,), dt: 0.0001220703125, theta0: 0.0
00:18:49 ~ root ~ DEBUG : amp shape: (8190,), freq shape: (8189,), phase shape: (8190,)
00:18:49 ~ umamipe ~ INFO : Generated waveform from ML model with shape: (1, 2, 8190)
00:18:49 ~ umamipe ~ INFO : Waveform shapes after adding dummy element at the start: (8192,), (8192,)
00:18:49 ~ umamipe ~ INFO : Generating waveform using ML model for parameters:
00:18:49 ~ umamipe ~ INFO : Converted (a_i, tilt_i, phi_i) to (spin_i_z): -0.6196605240910746, 0.5795685505969759
00:18:49 ~ umamipe ~ INFO : Formatted parameters for waveform generation:
00:18:49 ~ umamipe ~ INFO : Final parameters for waveform generation:
00:18:49 ~ umamipe ~ INFO : Generating waveform using ML model for parameters:
00:18:49 ~ umamipe ~ INFO : Using model: None and transformed model <bound method MLWaveformGenerator.get_ml_waveform of MLWaveformGenerator(duration=1.0, sampling_frequency=8192, start_time=0.0, frequency_domain_source_model=None, time_domain_source_model=umamipe.get_ml_waveform, parameter_conversion=umamipe.convert_to_ml_parameters, waveform_arguments={'model_path': '../v0p1/trained-models/model-20251004_072338-10', 'config_path': 'modelconfig-cvae-paper-I'})>
00:18:49 ~ umamipe ~ INFO : Generating waveform using ML model for parameters:
00:18:49 ~ umamipe ~ INFO : Generating waveform using ML model for parameters:
00:18:49 ~ umamipe ~ INFO : Received parameters for waveform generation: {'geocent_time': 0.0, 'mass_1': np.float64(46.52104407095369), 'mass_2': np.float64(64.92595614106003), 'luminosity_distance': np.float64(4181.4626408208915), 'dec': np.float64(0.25898487703248796), 'ra': np.float64(0.46959611288490866), 'theta_jn': np.float64(1.0165517627930127), 'psi': np.float64(0.2958074314318888), 'phase': np.float64(6.151089892009799), 'chi_1': np.float64(-0.3728939093454813), 'chi_2': np.float64(0.653747389583628), 'chi_1z': np.float64(-0.6196605240910746), 'chi_2z': np.float64(0.5795685505969759), 'spin_1z': np.float64(-0.6196605240910746), 'spin_2z': np.float64(0.5795685505969759), 'model_path': '../v0p1/trained-models/model-20251004_072338-10', 'config_path': 'modelconfig-cvae-paper-I'}
00:18:49 ~ root ~ INFO : Model set to evaluation mode for generation.
00:18:49 ~ root ~ DEBUG : torch.Size([1, 15])
00:18:49 ~ root ~ DEBUG : torch.Size([1, 1, 800])
00:18:49 ~ root ~ DEBUG : torch.Size([1, 64, 10])
00:18:49 ~ root ~ DEBUG : torch.Size([1, 640])
00:18:49 ~ root ~ DEBUG : amp shape: (8190,), freq shape: (8189,)
00:18:49 ~ root ~ DEBUG : freq shape: (8189,), dt: 0.0001220703125, theta0: 0.0
00:18:49 ~ root ~ DEBUG : amp shape: (8190,), freq shape: (8189,), phase shape: (8190,)
00:18:49 ~ umamipe ~ INFO : Generated waveform from ML model with shape: (1, 2, 8190)
00:18:49 ~ umamipe ~ INFO : Waveform shapes after adding dummy element at the start: (8192,), (8192,)
00:18:49 ~ umamipe ~ INFO : Generating waveform using ML model for parameters:
00:18:49 ~ umamipe ~ INFO : Converted (a_i, tilt_i, phi_i) to (spin_i_z): 0.05288161149682513, 0.6109227751906467
00:18:49 ~ umamipe ~ INFO : Formatted parameters for waveform generation:
00:18:49 ~ umamipe ~ INFO : Final parameters for waveform generation:
00:18:49 ~ umamipe ~ INFO : Generating waveform using ML model for parameters:
00:18:49 ~ umamipe ~ INFO : Using model: None and transformed model <bound method MLWaveformGenerator.get_ml_waveform of MLWaveformGenerator(duration=1.0, sampling_frequency=8192, start_time=0.0, frequency_domain_source_model=None, time_domain_source_model=umamipe.get_ml_waveform, parameter_conversion=umamipe.convert_to_ml_parameters, waveform_arguments={'model_path': '../v0p1/trained-models/model-20251004_072338-10', 'config_path': 'modelconfig-cvae-paper-I'})>
00:18:49 ~ umamipe ~ INFO : Generating waveform using ML model for parameters:
00:18:49 ~ umamipe ~ INFO : Generating waveform using ML model for parameters:
00:18:49 ~ umamipe ~ INFO : Received parameters for waveform generation: {'geocent_time': 0.0, 'mass_1': np.float64(55.85835786500142), 'mass_2': np.float64(67.42765463713802), 'luminosity_distance': np.float64(3847.5484016429587), 'dec': np.float64(0.5676763781645979), 'ra': np.float64(4.591824710353333), 'theta_jn': np.float64(1.0705678353197818), 'psi': np.float64(2.937540846481334), 'phase': np.float64(4.044147745087749), 'chi_1': np.float64(-0.2469726421834646), 'chi_2': np.float64(-0.1251774464337116), 'chi_1z': np.float64(0.05288161149682513), 'chi_2z': np.float64(0.6109227751906467), 'spin_1z': np.float64(0.05288161149682513), 'spin_2z': np.float64(0.6109227751906467), 'model_path': '../v0p1/trained-models/model-20251004_072338-10', 'config_path': 'modelconfig-cvae-paper-I'}
00:18:49 ~ root ~ INFO : Model set to evaluation mode for generation.
00:18:49 ~ root ~ DEBUG : torch.Size([1, 15])
00:18:49 ~ root ~ DEBUG : torch.Size([1, 1, 800])
00:18:49 ~ root ~ DEBUG : torch.Size([1, 64, 10])
00:18:49 ~ root ~ DEBUG : torch.Size([1, 640])
00:18:49 ~ root ~ DEBUG : amp shape: (8190,), freq shape: (8189,)
00:18:49 ~ root ~ DEBUG : freq shape: (8189,), dt: 0.0001220703125, theta0: 0.0
00:18:49 ~ root ~ DEBUG : amp shape: (8190,), freq shape: (8189,), phase shape: (8190,)
00:18:49 ~ umamipe ~ INFO : Generated waveform from ML model with shape: (1, 2, 8190)
00:18:49 ~ umamipe ~ INFO : Waveform shapes after adding dummy element at the start: (8192,), (8192,)
00:18:49 ~ umamipe ~ INFO : Generating waveform using ML model for parameters:
00:18:49 ~ umamipe ~ INFO : Converted (a_i, tilt_i, phi_i) to (spin_i_z): -0.5663696143957356, -0.6370191115223124
00:18:49 ~ umamipe ~ INFO : Formatted parameters for waveform generation:
00:18:49 ~ umamipe ~ INFO : Final parameters for waveform generation:
00:18:49 ~ umamipe ~ INFO : Generating waveform using ML model for parameters:
00:18:49 ~ umamipe ~ INFO : Using model: None and transformed model <bound method MLWaveformGenerator.get_ml_waveform of MLWaveformGenerator(duration=1.0, sampling_frequency=8192, start_time=0.0, frequency_domain_source_model=None, time_domain_source_model=umamipe.get_ml_waveform, parameter_conversion=umamipe.convert_to_ml_parameters, waveform_arguments={'model_path': '../v0p1/trained-models/model-20251004_072338-10', 'config_path': 'modelconfig-cvae-paper-I'})>
00:18:49 ~ umamipe ~ INFO : Generating waveform using ML model for parameters:
00:18:49 ~ umamipe ~ INFO : Generating waveform using ML model for parameters:
00:18:49 ~ umamipe ~ INFO : Received parameters for waveform generation: {'geocent_time': 0.0, 'mass_1': np.float64(65.853890399822), 'mass_2': np.float64(43.59216030195004), 'luminosity_distance': np.float64(4027.915583752095), 'dec': np.float64(-1.4893654748129121), 'ra': np.float64(2.0900453421599563), 'theta_jn': np.float64(2.3174554093489395), 'psi': np.float64(0.4750125725548851), 'phase': np.float64(2.220447929270492), 'chi_1': np.float64(-0.9267377488558224), 'chi_2': np.float64(-0.7045438485574479), 'chi_1z': np.float64(-0.5663696143957356), 'chi_2z': np.float64(-0.6370191115223124), 'spin_1z': np.float64(-0.5663696143957356), 'spin_2z': np.float64(-0.6370191115223124), 'model_path': '../v0p1/trained-models/model-20251004_072338-10', 'config_path': 'modelconfig-cvae-paper-I'}
00:18:49 ~ root ~ INFO : Model set to evaluation mode for generation.
00:18:49 ~ root ~ DEBUG : torch.Size([1, 15])
00:18:49 ~ root ~ DEBUG : torch.Size([1, 1, 800])
00:18:49 ~ root ~ DEBUG : torch.Size([1, 64, 10])
00:18:49 ~ root ~ DEBUG : torch.Size([1, 640])
00:18:49 ~ root ~ DEBUG : amp shape: (8190,), freq shape: (8189,)
00:18:49 ~ root ~ DEBUG : freq shape: (8189,), dt: 0.0001220703125, theta0: 0.0
00:18:49 ~ root ~ DEBUG : amp shape: (8190,), freq shape: (8189,), phase shape: (8190,)
00:18:49 ~ umamipe ~ INFO : Generated waveform from ML model with shape: (1, 2, 8190)
00:18:49 ~ umamipe ~ INFO : Waveform shapes after adding dummy element at the start: (8192,), (8192,)
00:18:49 ~ umamipe ~ INFO : Generating waveform using ML model for parameters:
00:18:49 ~ umamipe ~ INFO : Converted (a_i, tilt_i, phi_i) to (spin_i_z): -0.3129450458757328, -0.7130650726487092
00:18:49 ~ umamipe ~ INFO : Formatted parameters for waveform generation:
00:18:49 ~ umamipe ~ INFO : Final parameters for waveform generation:
00:18:49 ~ umamipe ~ INFO : Generating waveform using ML model for parameters:
00:18:49 ~ umamipe ~ INFO : Using model: None and transformed model <bound method MLWaveformGenerator.get_ml_waveform of MLWaveformGenerator(duration=1.0, sampling_frequency=8192, start_time=0.0, frequency_domain_source_model=None, time_domain_source_model=umamipe.get_ml_waveform, parameter_conversion=umamipe.convert_to_ml_parameters, waveform_arguments={'model_path': '../v0p1/trained-models/model-20251004_072338-10', 'config_path': 'modelconfig-cvae-paper-I'})>
00:18:49 ~ umamipe ~ INFO : Generating waveform using ML model for parameters:
00:18:49 ~ umamipe ~ INFO : Generating waveform using ML model for parameters:
00:18:49 ~ umamipe ~ INFO : Received parameters for waveform generation: {'geocent_time': 0.0, 'mass_1': np.float64(52.03782046793975), 'mass_2': np.float64(70.50019647408965), 'luminosity_distance': np.float64(1448.261118712216), 'dec': np.float64(0.8325854183514355), 'ra': np.float64(4.198159512631068), 'theta_jn': np.float64(0.8470317154865163), 'psi': np.float64(0.910234041666584), 'phase': np.float64(1.2200908044921148), 'chi_1': np.float64(0.23489972449500074), 'chi_2': np.float64(0.15677927794801205), 'chi_1z': np.float64(-0.3129450458757328), 'chi_2z': np.float64(-0.7130650726487092), 'spin_1z': np.float64(-0.3129450458757328), 'spin_2z': np.float64(-0.7130650726487092), 'model_path': '../v0p1/trained-models/model-20251004_072338-10', 'config_path': 'modelconfig-cvae-paper-I'}
00:18:49 ~ root ~ INFO : Model set to evaluation mode for generation.
00:18:49 ~ root ~ DEBUG : torch.Size([1, 15])
00:18:49 ~ root ~ DEBUG : torch.Size([1, 1, 800])
00:18:49 ~ root ~ DEBUG : torch.Size([1, 64, 10])
00:18:49 ~ root ~ DEBUG : torch.Size([1, 640])
00:18:49 ~ root ~ DEBUG : amp shape: (8190,), freq shape: (8189,)
00:18:49 ~ root ~ DEBUG : freq shape: (8189,), dt: 0.0001220703125, theta0: 0.0
00:18:49 ~ root ~ DEBUG : amp shape: (8190,), freq shape: (8189,), phase shape: (8190,)
00:18:49 ~ umamipe ~ INFO : Generated waveform from ML model with shape: (1, 2, 8190)
00:18:49 ~ umamipe ~ INFO : Waveform shapes after adding dummy element at the start: (8192,), (8192,)
00:18:49 ~ umamipe ~ INFO : Generating waveform using ML model for parameters:
00:18:49 ~ umamipe ~ INFO : Converted (a_i, tilt_i, phi_i) to (spin_i_z): -0.05005278447625372, -0.14912678334405993
00:18:49 ~ umamipe ~ INFO : Formatted parameters for waveform generation:
00:18:49 ~ umamipe ~ INFO : Final parameters for waveform generation:
00:18:49 ~ umamipe ~ INFO : Generating waveform using ML model for parameters:
00:18:49 ~ umamipe ~ INFO : Using model: None and transformed model <bound method MLWaveformGenerator.get_ml_waveform of MLWaveformGenerator(duration=1.0, sampling_frequency=8192, start_time=0.0, frequency_domain_source_model=None, time_domain_source_model=umamipe.get_ml_waveform, parameter_conversion=umamipe.convert_to_ml_parameters, waveform_arguments={'model_path': '../v0p1/trained-models/model-20251004_072338-10', 'config_path': 'modelconfig-cvae-paper-I'})>
00:18:49 ~ umamipe ~ INFO : Generating waveform using ML model for parameters:
00:18:49 ~ umamipe ~ INFO : Generating waveform using ML model for parameters:
00:18:49 ~ umamipe ~ INFO : Received parameters for waveform generation: {'geocent_time': 0.0, 'mass_1': np.float64(37.59333419876105), 'mass_2': np.float64(58.34443625967829), 'luminosity_distance': np.float64(1490.3308976085523), 'dec': np.float64(0.0729958094178753), 'ra': np.float64(3.851146563645467), 'theta_jn': np.float64(1.9557403068226558), 'psi': np.float64(0.3938166876262288), 'phase': np.float64(2.8884172362422498), 'chi_1': np.float64(-0.013732908019403195), 'chi_2': np.float64(0.30479357519323935), 'chi_1z': np.float64(-0.05005278447625372), 'chi_2z': np.float64(-0.14912678334405993), 'spin_1z': np.float64(-0.05005278447625372), 'spin_2z': np.float64(-0.14912678334405993), 'model_path': '../v0p1/trained-models/model-20251004_072338-10', 'config_path': 'modelconfig-cvae-paper-I'}
00:18:49 ~ root ~ INFO : Model set to evaluation mode for generation.
00:18:49 ~ root ~ DEBUG : torch.Size([1, 15])
00:18:49 ~ root ~ DEBUG : torch.Size([1, 1, 800])
00:18:49 ~ root ~ DEBUG : torch.Size([1, 64, 10])
00:18:49 ~ root ~ DEBUG : torch.Size([1, 640])
00:18:49 ~ root ~ DEBUG : amp shape: (8190,), freq shape: (8189,)
00:18:49 ~ root ~ DEBUG : freq shape: (8189,), dt: 0.0001220703125, theta0: 0.0
00:18:49 ~ root ~ DEBUG : amp shape: (8190,), freq shape: (8189,), phase shape: (8190,)
00:18:49 ~ umamipe ~ INFO : Generated waveform from ML model with shape: (1, 2, 8190)
00:18:49 ~ umamipe ~ INFO : Waveform shapes after adding dummy element at the start: (8192,), (8192,)
00:18:49 ~ umamipe ~ INFO : Generating waveform using ML model for parameters:
00:18:49 ~ umamipe ~ INFO : Converted (a_i, tilt_i, phi_i) to (spin_i_z): 0.3408638489327007, 0.7535638403437181
00:18:49 ~ umamipe ~ INFO : Formatted parameters for waveform generation:
00:18:49 ~ umamipe ~ INFO : Final parameters for waveform generation:
00:18:49 ~ umamipe ~ INFO : Generating waveform using ML model for parameters:
00:18:49 ~ umamipe ~ INFO : Using model: None and transformed model <bound method MLWaveformGenerator.get_ml_waveform of MLWaveformGenerator(duration=1.0, sampling_frequency=8192, start_time=0.0, frequency_domain_source_model=None, time_domain_source_model=umamipe.get_ml_waveform, parameter_conversion=umamipe.convert_to_ml_parameters, waveform_arguments={'model_path': '../v0p1/trained-models/model-20251004_072338-10', 'config_path': 'modelconfig-cvae-paper-I'})>
00:18:49 ~ umamipe ~ INFO : Generating waveform using ML model for parameters:
00:18:49 ~ umamipe ~ INFO : Generating waveform using ML model for parameters:
00:18:49 ~ umamipe ~ INFO : Received parameters for waveform generation: {'geocent_time': 0.0, 'mass_1': np.float64(35.55572020727718), 'mass_2': np.float64(61.25089580043614), 'luminosity_distance': np.float64(3799.6608296539416), 'dec': np.float64(0.4488166666768264), 'ra': np.float64(4.12354930495779), 'theta_jn': np.float64(2.419717038210554), 'psi': np.float64(2.7562640821229545), 'phase': np.float64(1.9332309239695464), 'chi_1': np.float64(-0.2762276632904373), 'chi_2': np.float64(0.5042394600548574), 'chi_1z': np.float64(0.3408638489327007), 'chi_2z': np.float64(0.7535638403437181), 'spin_1z': np.float64(0.3408638489327007), 'spin_2z': np.float64(0.7535638403437181), 'model_path': '../v0p1/trained-models/model-20251004_072338-10', 'config_path': 'modelconfig-cvae-paper-I'}
00:18:49 ~ root ~ INFO : Model set to evaluation mode for generation.
00:18:49 ~ root ~ DEBUG : torch.Size([1, 15])
00:18:49 ~ root ~ DEBUG : torch.Size([1, 1, 800])
00:18:49 ~ root ~ DEBUG : torch.Size([1, 64, 10])
00:18:49 ~ root ~ DEBUG : torch.Size([1, 640])
00:18:49 ~ root ~ DEBUG : amp shape: (8190,), freq shape: (8189,)
00:18:49 ~ root ~ DEBUG : freq shape: (8189,), dt: 0.0001220703125, theta0: 0.0
00:18:49 ~ root ~ DEBUG : amp shape: (8190,), freq shape: (8189,), phase shape: (8190,)
00:18:49 ~ umamipe ~ INFO : Generated waveform from ML model with shape: (1, 2, 8190)
00:18:49 ~ umamipe ~ INFO : Waveform shapes after adding dummy element at the start: (8192,), (8192,)
00:18:49 ~ umamipe ~ INFO : Generating waveform using ML model for parameters:
00:18:49 ~ umamipe ~ INFO : Converted (a_i, tilt_i, phi_i) to (spin_i_z): 0.744587495633853, 0.6267999945707501
00:18:49 ~ umamipe ~ INFO : Formatted parameters for waveform generation:
00:18:49 ~ umamipe ~ INFO : Final parameters for waveform generation:
00:18:49 ~ umamipe ~ INFO : Generating waveform using ML model for parameters:
00:18:49 ~ umamipe ~ INFO : Using model: None and transformed model <bound method MLWaveformGenerator.get_ml_waveform of MLWaveformGenerator(duration=1.0, sampling_frequency=8192, start_time=0.0, frequency_domain_source_model=None, time_domain_source_model=umamipe.get_ml_waveform, parameter_conversion=umamipe.convert_to_ml_parameters, waveform_arguments={'model_path': '../v0p1/trained-models/model-20251004_072338-10', 'config_path': 'modelconfig-cvae-paper-I'})>
00:18:49 ~ umamipe ~ INFO : Generating waveform using ML model for parameters:
00:18:49 ~ umamipe ~ INFO : Generating waveform using ML model for parameters:
00:18:49 ~ umamipe ~ INFO : Received parameters for waveform generation: {'geocent_time': 0.0, 'mass_1': np.float64(52.36300666203343), 'mass_2': np.float64(73.30095104668092), 'luminosity_distance': np.float64(1707.292062554447), 'dec': np.float64(0.18172773242897405), 'ra': np.float64(3.121079972862769), 'theta_jn': np.float64(0.10290299607334373), 'psi': np.float64(0.6060091849222988), 'phase': np.float64(0.9642939656276993), 'chi_1': np.float64(-0.543791876027243), 'chi_2': np.float64(0.574849691437265), 'chi_1z': np.float64(0.744587495633853), 'chi_2z': np.float64(0.6267999945707501), 'spin_1z': np.float64(0.744587495633853), 'spin_2z': np.float64(0.6267999945707501), 'model_path': '../v0p1/trained-models/model-20251004_072338-10', 'config_path': 'modelconfig-cvae-paper-I'}
00:18:49 ~ root ~ INFO : Model set to evaluation mode for generation.
00:18:49 ~ root ~ DEBUG : torch.Size([1, 15])
00:18:49 ~ root ~ DEBUG : torch.Size([1, 1, 800])
00:18:49 ~ root ~ DEBUG : torch.Size([1, 64, 10])
00:18:49 ~ root ~ DEBUG : torch.Size([1, 640])
00:18:49 ~ root ~ DEBUG : amp shape: (8190,), freq shape: (8189,)
00:18:49 ~ root ~ DEBUG : freq shape: (8189,), dt: 0.0001220703125, theta0: 0.0
00:18:49 ~ root ~ DEBUG : amp shape: (8190,), freq shape: (8189,), phase shape: (8190,)
00:18:49 ~ umamipe ~ INFO : Generated waveform from ML model with shape: (1, 2, 8190)
00:18:49 ~ umamipe ~ INFO : Waveform shapes after adding dummy element at the start: (8192,), (8192,)
00:18:49 ~ umamipe ~ INFO : Generating waveform using ML model for parameters:
00:18:49 ~ umamipe ~ INFO : Converted (a_i, tilt_i, phi_i) to (spin_i_z): -0.3442642435327084, 0.39708736255055777
00:18:49 ~ umamipe ~ INFO : Formatted parameters for waveform generation:
00:18:49 ~ umamipe ~ INFO : Final parameters for waveform generation:
00:18:49 ~ umamipe ~ INFO : Generating waveform using ML model for parameters:
00:18:49 ~ umamipe ~ INFO : Using model: None and transformed model <bound method MLWaveformGenerator.get_ml_waveform of MLWaveformGenerator(duration=1.0, sampling_frequency=8192, start_time=0.0, frequency_domain_source_model=None, time_domain_source_model=umamipe.get_ml_waveform, parameter_conversion=umamipe.convert_to_ml_parameters, waveform_arguments={'model_path': '../v0p1/trained-models/model-20251004_072338-10', 'config_path': 'modelconfig-cvae-paper-I'})>
00:18:49 ~ umamipe ~ INFO : Generating waveform using ML model for parameters:
00:18:49 ~ umamipe ~ INFO : Generating waveform using ML model for parameters:
00:18:49 ~ umamipe ~ INFO : Received parameters for waveform generation: {'geocent_time': 0.0, 'mass_1': np.float64(74.4996392163263), 'mass_2': np.float64(67.37988978154544), 'luminosity_distance': np.float64(4795.086274608779), 'dec': np.float64(-0.6494365307331698), 'ra': np.float64(1.6140488906609505), 'theta_jn': np.float64(2.3805715870730335), 'psi': np.float64(1.5062797285716942), 'phase': np.float64(4.504870620760223), 'chi_1': np.float64(0.026538999484528543), 'chi_2': np.float64(-0.1255638657281485), 'chi_1z': np.float64(-0.3442642435327084), 'chi_2z': np.float64(0.39708736255055777), 'spin_1z': np.float64(-0.3442642435327084), 'spin_2z': np.float64(0.39708736255055777), 'model_path': '../v0p1/trained-models/model-20251004_072338-10', 'config_path': 'modelconfig-cvae-paper-I'}
00:18:49 ~ root ~ INFO : Model set to evaluation mode for generation.
00:18:49 ~ root ~ DEBUG : torch.Size([1, 15])
00:18:49 ~ root ~ DEBUG : torch.Size([1, 1, 800])
00:18:49 ~ root ~ DEBUG : torch.Size([1, 64, 10])
00:18:49 ~ root ~ DEBUG : torch.Size([1, 640])
00:18:49 ~ root ~ DEBUG : amp shape: (8190,), freq shape: (8189,)
00:18:49 ~ root ~ DEBUG : freq shape: (8189,), dt: 0.0001220703125, theta0: 0.0
00:18:49 ~ root ~ DEBUG : amp shape: (8190,), freq shape: (8189,), phase shape: (8190,)
00:18:49 ~ umamipe ~ INFO : Generated waveform from ML model with shape: (1, 2, 8190)
00:18:49 ~ umamipe ~ INFO : Waveform shapes after adding dummy element at the start: (8192,), (8192,)
00:18:49 ~ umamipe ~ INFO : Generating waveform using ML model for parameters:
00:18:49 ~ umamipe ~ INFO : Converted (a_i, tilt_i, phi_i) to (spin_i_z): 0.5563010474839152, 0.625483778907739
00:18:49 ~ umamipe ~ INFO : Formatted parameters for waveform generation:
00:18:49 ~ umamipe ~ INFO : Final parameters for waveform generation:
00:18:49 ~ umamipe ~ INFO : Generating waveform using ML model for parameters:
00:18:49 ~ umamipe ~ INFO : Using model: None and transformed model <bound method MLWaveformGenerator.get_ml_waveform of MLWaveformGenerator(duration=1.0, sampling_frequency=8192, start_time=0.0, frequency_domain_source_model=None, time_domain_source_model=umamipe.get_ml_waveform, parameter_conversion=umamipe.convert_to_ml_parameters, waveform_arguments={'model_path': '../v0p1/trained-models/model-20251004_072338-10', 'config_path': 'modelconfig-cvae-paper-I'})>
00:18:49 ~ umamipe ~ INFO : Generating waveform using ML model for parameters:
00:18:49 ~ umamipe ~ INFO : Generating waveform using ML model for parameters:
00:18:49 ~ umamipe ~ INFO : Received parameters for waveform generation: {'geocent_time': 0.0, 'mass_1': np.float64(53.94428008631806), 'mass_2': np.float64(46.17235562802595), 'luminosity_distance': np.float64(3790.3805153845506), 'dec': np.float64(-0.16081711424994433), 'ra': np.float64(2.984983274902835), 'theta_jn': np.float64(1.9345870319425196), 'psi': np.float64(1.4387401141107583), 'phase': np.float64(5.968652901400982), 'chi_1': np.float64(-0.004602917285956841), 'chi_2': np.float64(0.6292467257412885), 'chi_1z': np.float64(0.5563010474839152), 'chi_2z': np.float64(0.625483778907739), 'spin_1z': np.float64(0.5563010474839152), 'spin_2z': np.float64(0.625483778907739), 'model_path': '../v0p1/trained-models/model-20251004_072338-10', 'config_path': 'modelconfig-cvae-paper-I'}
00:18:49 ~ root ~ INFO : Model set to evaluation mode for generation.
00:18:49 ~ root ~ DEBUG : torch.Size([1, 15])
00:18:49 ~ root ~ DEBUG : torch.Size([1, 1, 800])
00:18:49 ~ root ~ DEBUG : torch.Size([1, 64, 10])
00:18:49 ~ root ~ DEBUG : torch.Size([1, 640])
00:18:49 ~ root ~ DEBUG : amp shape: (8190,), freq shape: (8189,)
00:18:49 ~ root ~ DEBUG : freq shape: (8189,), dt: 0.0001220703125, theta0: 0.0
00:18:49 ~ root ~ DEBUG : amp shape: (8190,), freq shape: (8189,), phase shape: (8190,)
00:18:49 ~ umamipe ~ INFO : Generated waveform from ML model with shape: (1, 2, 8190)
00:18:49 ~ umamipe ~ INFO : Waveform shapes after adding dummy element at the start: (8192,), (8192,)
00:18:49 ~ umamipe ~ INFO : Generating waveform using ML model for parameters:
00:18:49 ~ umamipe ~ INFO : Converted (a_i, tilt_i, phi_i) to (spin_i_z): -0.5793230424695145, -0.6935252296742652
00:18:49 ~ umamipe ~ INFO : Formatted parameters for waveform generation:
00:18:49 ~ umamipe ~ INFO : Final parameters for waveform generation:
00:18:49 ~ umamipe ~ INFO : Generating waveform using ML model for parameters:
00:18:49 ~ umamipe ~ INFO : Using model: None and transformed model <bound method MLWaveformGenerator.get_ml_waveform of MLWaveformGenerator(duration=1.0, sampling_frequency=8192, start_time=0.0, frequency_domain_source_model=None, time_domain_source_model=umamipe.get_ml_waveform, parameter_conversion=umamipe.convert_to_ml_parameters, waveform_arguments={'model_path': '../v0p1/trained-models/model-20251004_072338-10', 'config_path': 'modelconfig-cvae-paper-I'})>
00:18:49 ~ umamipe ~ INFO : Generating waveform using ML model for parameters:
00:18:49 ~ umamipe ~ INFO : Generating waveform using ML model for parameters:
00:18:49 ~ umamipe ~ INFO : Received parameters for waveform generation: {'geocent_time': 0.0, 'mass_1': np.float64(64.34738983966808), 'mass_2': np.float64(57.20365384338247), 'luminosity_distance': np.float64(3499.3501237191613), 'dec': np.float64(0.10349490195366297), 'ra': np.float64(1.2657774704497302), 'theta_jn': np.float64(0.9628167522875287), 'psi': np.float64(0.10732254864690186), 'phase': np.float64(4.6844935381498125), 'chi_1': np.float64(-0.3788625712654281), 'chi_2': np.float64(0.03823841133264837), 'chi_1z': np.float64(-0.5793230424695145), 'chi_2z': np.float64(-0.6935252296742652), 'spin_1z': np.float64(-0.5793230424695145), 'spin_2z': np.float64(-0.6935252296742652), 'model_path': '../v0p1/trained-models/model-20251004_072338-10', 'config_path': 'modelconfig-cvae-paper-I'}
00:18:49 ~ root ~ INFO : Model set to evaluation mode for generation.
00:18:49 ~ root ~ DEBUG : torch.Size([1, 15])
00:18:49 ~ root ~ DEBUG : torch.Size([1, 1, 800])
00:18:49 ~ root ~ DEBUG : torch.Size([1, 64, 10])
00:18:49 ~ root ~ DEBUG : torch.Size([1, 640])
00:18:49 ~ root ~ DEBUG : amp shape: (8190,), freq shape: (8189,)
00:18:49 ~ root ~ DEBUG : freq shape: (8189,), dt: 0.0001220703125, theta0: 0.0
00:18:49 ~ root ~ DEBUG : amp shape: (8190,), freq shape: (8189,), phase shape: (8190,)
00:18:49 ~ umamipe ~ INFO : Generated waveform from ML model with shape: (1, 2, 8190)
00:18:49 ~ umamipe ~ INFO : Waveform shapes after adding dummy element at the start: (8192,), (8192,)
00:18:49 ~ umamipe ~ INFO : Generating waveform using ML model for parameters:
00:18:49 ~ umamipe ~ INFO : Converted (a_i, tilt_i, phi_i) to (spin_i_z): 0.34050189921752017, 0.2472641240509792
00:18:49 ~ umamipe ~ INFO : Formatted parameters for waveform generation:
00:18:49 ~ umamipe ~ INFO : Final parameters for waveform generation:
00:18:49 ~ umamipe ~ INFO : Generating waveform using ML model for parameters:
00:18:49 ~ umamipe ~ INFO : Using model: None and transformed model <bound method MLWaveformGenerator.get_ml_waveform of MLWaveformGenerator(duration=1.0, sampling_frequency=8192, start_time=0.0, frequency_domain_source_model=None, time_domain_source_model=umamipe.get_ml_waveform, parameter_conversion=umamipe.convert_to_ml_parameters, waveform_arguments={'model_path': '../v0p1/trained-models/model-20251004_072338-10', 'config_path': 'modelconfig-cvae-paper-I'})>
00:18:49 ~ umamipe ~ INFO : Generating waveform using ML model for parameters:
00:18:49 ~ umamipe ~ INFO : Generating waveform using ML model for parameters:
00:18:49 ~ umamipe ~ INFO : Received parameters for waveform generation: {'geocent_time': 0.0, 'mass_1': np.float64(54.01174658464768), 'mass_2': np.float64(69.28931517551409), 'luminosity_distance': np.float64(2836.108120705398), 'dec': np.float64(0.9944420268493451), 'ra': np.float64(0.06476165911225751), 'theta_jn': np.float64(1.5022206084821617), 'psi': np.float64(0.46107408992165155), 'phase': np.float64(1.9841073266938551), 'chi_1': np.float64(-0.7010821920205896), 'chi_2': np.float64(-0.6418882235282526), 'chi_1z': np.float64(0.34050189921752017), 'chi_2z': np.float64(0.2472641240509792), 'spin_1z': np.float64(0.34050189921752017), 'spin_2z': np.float64(0.2472641240509792), 'model_path': '../v0p1/trained-models/model-20251004_072338-10', 'config_path': 'modelconfig-cvae-paper-I'}
00:18:49 ~ root ~ INFO : Model set to evaluation mode for generation.
00:18:49 ~ root ~ DEBUG : torch.Size([1, 15])
00:18:49 ~ root ~ DEBUG : torch.Size([1, 1, 800])
00:18:49 ~ root ~ DEBUG : torch.Size([1, 64, 10])
00:18:49 ~ root ~ DEBUG : torch.Size([1, 640])
00:18:49 ~ root ~ DEBUG : amp shape: (8190,), freq shape: (8189,)
00:18:49 ~ root ~ DEBUG : freq shape: (8189,), dt: 0.0001220703125, theta0: 0.0
00:18:49 ~ root ~ DEBUG : amp shape: (8190,), freq shape: (8189,), phase shape: (8190,)
00:18:49 ~ umamipe ~ INFO : Generated waveform from ML model with shape: (1, 2, 8190)
00:18:49 ~ umamipe ~ INFO : Waveform shapes after adding dummy element at the start: (8192,), (8192,)
00:18:49 ~ umamipe ~ INFO : Generating waveform using ML model for parameters:
00:18:49 ~ umamipe ~ INFO : Converted (a_i, tilt_i, phi_i) to (spin_i_z): -0.32547348257969716, -0.15495492059571236
00:18:49 ~ umamipe ~ INFO : Formatted parameters for waveform generation:
00:18:49 ~ umamipe ~ INFO : Final parameters for waveform generation:
00:18:49 ~ umamipe ~ INFO : Generating waveform using ML model for parameters:
00:18:49 ~ umamipe ~ INFO : Using model: None and transformed model <bound method MLWaveformGenerator.get_ml_waveform of MLWaveformGenerator(duration=1.0, sampling_frequency=8192, start_time=0.0, frequency_domain_source_model=None, time_domain_source_model=umamipe.get_ml_waveform, parameter_conversion=umamipe.convert_to_ml_parameters, waveform_arguments={'model_path': '../v0p1/trained-models/model-20251004_072338-10', 'config_path': 'modelconfig-cvae-paper-I'})>
00:18:49 ~ umamipe ~ INFO : Generating waveform using ML model for parameters:
00:18:49 ~ umamipe ~ INFO : Generating waveform using ML model for parameters:
00:18:49 ~ umamipe ~ INFO : Received parameters for waveform generation: {'geocent_time': 0.0, 'mass_1': np.float64(39.37509530900255), 'mass_2': np.float64(70.55170398561077), 'luminosity_distance': np.float64(4026.2467231804553), 'dec': np.float64(-0.3338192193656878), 'ra': np.float64(2.561360462909016), 'theta_jn': np.float64(1.1429761750807172), 'psi': np.float64(2.60940123997379), 'phase': np.float64(3.1036418015161598), 'chi_1': np.float64(-0.3579462002537007), 'chi_2': np.float64(-0.24750122486273343), 'chi_1z': np.float64(-0.32547348257969716), 'chi_2z': np.float64(-0.15495492059571236), 'spin_1z': np.float64(-0.32547348257969716), 'spin_2z': np.float64(-0.15495492059571236), 'model_path': '../v0p1/trained-models/model-20251004_072338-10', 'config_path': 'modelconfig-cvae-paper-I'}
00:18:49 ~ root ~ INFO : Model set to evaluation mode for generation.
00:18:49 ~ root ~ DEBUG : torch.Size([1, 15])
00:18:49 ~ root ~ DEBUG : torch.Size([1, 1, 800])
00:18:49 ~ root ~ DEBUG : torch.Size([1, 64, 10])
00:18:49 ~ root ~ DEBUG : torch.Size([1, 640])
00:18:49 ~ root ~ DEBUG : amp shape: (8190,), freq shape: (8189,)
00:18:49 ~ root ~ DEBUG : freq shape: (8189,), dt: 0.0001220703125, theta0: 0.0
00:18:49 ~ root ~ DEBUG : amp shape: (8190,), freq shape: (8189,), phase shape: (8190,)
00:18:49 ~ umamipe ~ INFO : Generated waveform from ML model with shape: (1, 2, 8190)
00:18:49 ~ umamipe ~ INFO : Waveform shapes after adding dummy element at the start: (8192,), (8192,)
00:18:49 ~ umamipe ~ INFO : Generating waveform using ML model for parameters:
00:18:49 ~ umamipe ~ INFO : Converted (a_i, tilt_i, phi_i) to (spin_i_z): 0.6240617636282131, 0.5418866062089005
00:18:49 ~ umamipe ~ INFO : Formatted parameters for waveform generation:
00:18:49 ~ umamipe ~ INFO : Final parameters for waveform generation:
00:18:49 ~ umamipe ~ INFO : Generating waveform using ML model for parameters:
00:18:49 ~ umamipe ~ INFO : Using model: None and transformed model <bound method MLWaveformGenerator.get_ml_waveform of MLWaveformGenerator(duration=1.0, sampling_frequency=8192, start_time=0.0, frequency_domain_source_model=None, time_domain_source_model=umamipe.get_ml_waveform, parameter_conversion=umamipe.convert_to_ml_parameters, waveform_arguments={'model_path': '../v0p1/trained-models/model-20251004_072338-10', 'config_path': 'modelconfig-cvae-paper-I'})>
00:18:49 ~ umamipe ~ INFO : Generating waveform using ML model for parameters:
00:18:49 ~ umamipe ~ INFO : Generating waveform using ML model for parameters:
00:18:49 ~ umamipe ~ INFO : Received parameters for waveform generation: {'geocent_time': 0.0, 'mass_1': np.float64(56.66879557916411), 'mass_2': np.float64(73.38742410706661), 'luminosity_distance': np.float64(2434.7227078120804), 'dec': np.float64(-0.35031412244317267), 'ra': np.float64(0.15049485759605455), 'theta_jn': np.float64(1.313056084766426), 'psi': np.float64(2.120818408526922), 'phase': np.float64(6.051092052443716), 'chi_1': np.float64(0.17345627090762186), 'chi_2': np.float64(-0.3933006555160288), 'chi_1z': np.float64(0.6240617636282131), 'chi_2z': np.float64(0.5418866062089005), 'spin_1z': np.float64(0.6240617636282131), 'spin_2z': np.float64(0.5418866062089005), 'model_path': '../v0p1/trained-models/model-20251004_072338-10', 'config_path': 'modelconfig-cvae-paper-I'}
00:18:49 ~ root ~ INFO : Model set to evaluation mode for generation.
00:18:49 ~ root ~ DEBUG : torch.Size([1, 15])
00:18:49 ~ root ~ DEBUG : torch.Size([1, 1, 800])
00:18:49 ~ root ~ DEBUG : torch.Size([1, 64, 10])
00:18:49 ~ root ~ DEBUG : torch.Size([1, 640])
00:18:49 ~ root ~ DEBUG : amp shape: (8190,), freq shape: (8189,)
00:18:49 ~ root ~ DEBUG : freq shape: (8189,), dt: 0.0001220703125, theta0: 0.0
00:18:49 ~ root ~ DEBUG : amp shape: (8190,), freq shape: (8189,), phase shape: (8190,)
00:18:49 ~ umamipe ~ INFO : Generated waveform from ML model with shape: (1, 2, 8190)
00:18:49 ~ umamipe ~ INFO : Waveform shapes after adding dummy element at the start: (8192,), (8192,)
00:18:49 ~ umamipe ~ INFO : Generating waveform using ML model for parameters:
00:18:49 ~ umamipe ~ INFO : Converted (a_i, tilt_i, phi_i) to (spin_i_z): -0.23135437771808476, 0.3768752780821176
00:18:49 ~ umamipe ~ INFO : Formatted parameters for waveform generation:
00:18:49 ~ umamipe ~ INFO : Final parameters for waveform generation:
00:18:49 ~ umamipe ~ INFO : Generating waveform using ML model for parameters:
00:18:49 ~ umamipe ~ INFO : Using model: None and transformed model <bound method MLWaveformGenerator.get_ml_waveform of MLWaveformGenerator(duration=1.0, sampling_frequency=8192, start_time=0.0, frequency_domain_source_model=None, time_domain_source_model=umamipe.get_ml_waveform, parameter_conversion=umamipe.convert_to_ml_parameters, waveform_arguments={'model_path': '../v0p1/trained-models/model-20251004_072338-10', 'config_path': 'modelconfig-cvae-paper-I'})>
00:18:49 ~ umamipe ~ INFO : Generating waveform using ML model for parameters:
00:18:49 ~ umamipe ~ INFO : Generating waveform using ML model for parameters:
00:18:49 ~ umamipe ~ INFO : Received parameters for waveform generation: {'geocent_time': 0.0, 'mass_1': np.float64(38.506009978075866), 'mass_2': np.float64(72.0454294418122), 'luminosity_distance': np.float64(4111.404185613903), 'dec': np.float64(0.6012026784638832), 'ra': np.float64(2.8848595918413045), 'theta_jn': np.float64(0.9290033524279877), 'psi': np.float64(2.51046307144029), 'phase': np.float64(2.9998612389875468), 'chi_1': np.float64(0.6548835166262993), 'chi_2': np.float64(-0.32445173372419917), 'chi_1z': np.float64(-0.23135437771808476), 'chi_2z': np.float64(0.3768752780821176), 'spin_1z': np.float64(-0.23135437771808476), 'spin_2z': np.float64(0.3768752780821176), 'model_path': '../v0p1/trained-models/model-20251004_072338-10', 'config_path': 'modelconfig-cvae-paper-I'}
00:18:49 ~ root ~ INFO : Model set to evaluation mode for generation.
00:18:49 ~ root ~ DEBUG : torch.Size([1, 15])
00:18:49 ~ root ~ DEBUG : torch.Size([1, 1, 800])
00:18:49 ~ root ~ DEBUG : torch.Size([1, 64, 10])
00:18:49 ~ root ~ DEBUG : torch.Size([1, 640])
00:18:49 ~ root ~ DEBUG : amp shape: (8190,), freq shape: (8189,)
00:18:49 ~ root ~ DEBUG : freq shape: (8189,), dt: 0.0001220703125, theta0: 0.0
00:18:49 ~ root ~ DEBUG : amp shape: (8190,), freq shape: (8189,), phase shape: (8190,)
00:18:49 ~ umamipe ~ INFO : Generated waveform from ML model with shape: (1, 2, 8190)
00:18:49 ~ umamipe ~ INFO : Waveform shapes after adding dummy element at the start: (8192,), (8192,)
00:18:49 ~ umamipe ~ INFO : Generating waveform using ML model for parameters:
00:18:49 ~ umamipe ~ INFO : Converted (a_i, tilt_i, phi_i) to (spin_i_z): -0.005165204028614867, -0.770072471645979
00:18:49 ~ umamipe ~ INFO : Formatted parameters for waveform generation:
00:18:49 ~ umamipe ~ INFO : Final parameters for waveform generation:
00:18:49 ~ umamipe ~ INFO : Generating waveform using ML model for parameters:
00:18:49 ~ umamipe ~ INFO : Using model: None and transformed model <bound method MLWaveformGenerator.get_ml_waveform of MLWaveformGenerator(duration=1.0, sampling_frequency=8192, start_time=0.0, frequency_domain_source_model=None, time_domain_source_model=umamipe.get_ml_waveform, parameter_conversion=umamipe.convert_to_ml_parameters, waveform_arguments={'model_path': '../v0p1/trained-models/model-20251004_072338-10', 'config_path': 'modelconfig-cvae-paper-I'})>
00:18:49 ~ umamipe ~ INFO : Generating waveform using ML model for parameters:
00:18:49 ~ umamipe ~ INFO : Generating waveform using ML model for parameters:
00:18:49 ~ umamipe ~ INFO : Received parameters for waveform generation: {'geocent_time': 0.0, 'mass_1': np.float64(55.75267274273783), 'mass_2': np.float64(49.49737831835233), 'luminosity_distance': np.float64(4070.7972098254836), 'dec': np.float64(0.4855582129211911), 'ra': np.float64(3.6272766773362366), 'theta_jn': np.float64(1.2006056450853062), 'psi': np.float64(1.9438901549064715), 'phase': np.float64(3.4258596681283824), 'chi_1': np.float64(0.24660223642229764), 'chi_2': np.float64(0.08918446074085866), 'chi_1z': np.float64(-0.005165204028614867), 'chi_2z': np.float64(-0.770072471645979), 'spin_1z': np.float64(-0.005165204028614867), 'spin_2z': np.float64(-0.770072471645979), 'model_path': '../v0p1/trained-models/model-20251004_072338-10', 'config_path': 'modelconfig-cvae-paper-I'}
00:18:49 ~ root ~ INFO : Model set to evaluation mode for generation.
00:18:49 ~ root ~ DEBUG : torch.Size([1, 15])
00:18:49 ~ root ~ DEBUG : torch.Size([1, 1, 800])
00:18:49 ~ root ~ DEBUG : torch.Size([1, 64, 10])
00:18:49 ~ root ~ DEBUG : torch.Size([1, 640])
00:18:49 ~ root ~ DEBUG : amp shape: (8190,), freq shape: (8189,)
00:18:49 ~ root ~ DEBUG : freq shape: (8189,), dt: 0.0001220703125, theta0: 0.0
00:18:49 ~ root ~ DEBUG : amp shape: (8190,), freq shape: (8189,), phase shape: (8190,)
00:18:49 ~ umamipe ~ INFO : Generated waveform from ML model with shape: (1, 2, 8190)
00:18:49 ~ umamipe ~ INFO : Waveform shapes after adding dummy element at the start: (8192,), (8192,)
00:18:49 ~ umamipe ~ INFO : Generating waveform using ML model for parameters:
00:18:49 ~ umamipe ~ INFO : Converted (a_i, tilt_i, phi_i) to (spin_i_z): -0.15892324100021415, -0.07417697947174928
00:18:49 ~ umamipe ~ INFO : Formatted parameters for waveform generation:
00:18:49 ~ umamipe ~ INFO : Final parameters for waveform generation:
00:18:49 ~ umamipe ~ INFO : Generating waveform using ML model for parameters:
00:18:49 ~ umamipe ~ INFO : Using model: None and transformed model <bound method MLWaveformGenerator.get_ml_waveform of MLWaveformGenerator(duration=1.0, sampling_frequency=8192, start_time=0.0, frequency_domain_source_model=None, time_domain_source_model=umamipe.get_ml_waveform, parameter_conversion=umamipe.convert_to_ml_parameters, waveform_arguments={'model_path': '../v0p1/trained-models/model-20251004_072338-10', 'config_path': 'modelconfig-cvae-paper-I'})>
00:18:49 ~ umamipe ~ INFO : Generating waveform using ML model for parameters:
00:18:49 ~ umamipe ~ INFO : Generating waveform using ML model for parameters:
00:18:49 ~ umamipe ~ INFO : Received parameters for waveform generation: {'geocent_time': 0.0, 'mass_1': np.float64(37.51231434907789), 'mass_2': np.float64(45.14674315137265), 'luminosity_distance': np.float64(3737.2965384866684), 'dec': np.float64(0.6245317852096506), 'ra': np.float64(6.031569609326468), 'theta_jn': np.float64(1.7717570261589657), 'psi': np.float64(2.289730941502963), 'phase': np.float64(3.904630248301614), 'chi_1': np.float64(-0.03090787474006293), 'chi_2': np.float64(0.05610915162574793), 'chi_1z': np.float64(-0.15892324100021415), 'chi_2z': np.float64(-0.07417697947174928), 'spin_1z': np.float64(-0.15892324100021415), 'spin_2z': np.float64(-0.07417697947174928), 'model_path': '../v0p1/trained-models/model-20251004_072338-10', 'config_path': 'modelconfig-cvae-paper-I'}
00:18:49 ~ root ~ INFO : Model set to evaluation mode for generation.
00:18:49 ~ root ~ DEBUG : torch.Size([1, 15])
00:18:49 ~ root ~ DEBUG : torch.Size([1, 1, 800])
00:18:49 ~ root ~ DEBUG : torch.Size([1, 64, 10])
00:18:49 ~ root ~ DEBUG : torch.Size([1, 640])
00:18:49 ~ root ~ DEBUG : amp shape: (8190,), freq shape: (8189,)
00:18:49 ~ root ~ DEBUG : freq shape: (8189,), dt: 0.0001220703125, theta0: 0.0
00:18:49 ~ root ~ DEBUG : amp shape: (8190,), freq shape: (8189,), phase shape: (8190,)
00:18:49 ~ umamipe ~ INFO : Generated waveform from ML model with shape: (1, 2, 8190)
00:18:49 ~ umamipe ~ INFO : Waveform shapes after adding dummy element at the start: (8192,), (8192,)
00:18:49 ~ umamipe ~ INFO : Generating waveform using ML model for parameters:
00:18:49 ~ umamipe ~ INFO : Converted (a_i, tilt_i, phi_i) to (spin_i_z): -0.7861845218593715, -0.7751919848205931
00:18:49 ~ umamipe ~ INFO : Formatted parameters for waveform generation:
00:18:49 ~ umamipe ~ INFO : Final parameters for waveform generation:
00:18:49 ~ umamipe ~ INFO : Generating waveform using ML model for parameters:
00:18:49 ~ umamipe ~ INFO : Using model: None and transformed model <bound method MLWaveformGenerator.get_ml_waveform of MLWaveformGenerator(duration=1.0, sampling_frequency=8192, start_time=0.0, frequency_domain_source_model=None, time_domain_source_model=umamipe.get_ml_waveform, parameter_conversion=umamipe.convert_to_ml_parameters, waveform_arguments={'model_path': '../v0p1/trained-models/model-20251004_072338-10', 'config_path': 'modelconfig-cvae-paper-I'})>
00:18:49 ~ umamipe ~ INFO : Generating waveform using ML model for parameters:
00:18:49 ~ umamipe ~ INFO : Generating waveform using ML model for parameters:
00:18:49 ~ umamipe ~ INFO : Received parameters for waveform generation: {'geocent_time': 0.0, 'mass_1': np.float64(70.99517497158394), 'mass_2': np.float64(55.37368479127109), 'luminosity_distance': np.float64(1561.0710755390962), 'dec': np.float64(0.04754926464165599), 'ra': np.float64(5.989510576168176), 'theta_jn': np.float64(0.6436439893811866), 'psi': np.float64(3.0510749124550953), 'phase': np.float64(6.2055273383993), 'chi_1': np.float64(0.025886945990977503), 'chi_2': np.float64(-0.1011029115547119), 'chi_1z': np.float64(-0.7861845218593715), 'chi_2z': np.float64(-0.7751919848205931), 'spin_1z': np.float64(-0.7861845218593715), 'spin_2z': np.float64(-0.7751919848205931), 'model_path': '../v0p1/trained-models/model-20251004_072338-10', 'config_path': 'modelconfig-cvae-paper-I'}
00:18:49 ~ root ~ INFO : Model set to evaluation mode for generation.
00:18:49 ~ root ~ DEBUG : torch.Size([1, 15])
00:18:49 ~ root ~ DEBUG : torch.Size([1, 1, 800])
00:18:49 ~ root ~ DEBUG : torch.Size([1, 64, 10])
00:18:49 ~ root ~ DEBUG : torch.Size([1, 640])
00:18:49 ~ root ~ DEBUG : amp shape: (8190,), freq shape: (8189,)
00:18:49 ~ root ~ DEBUG : freq shape: (8189,), dt: 0.0001220703125, theta0: 0.0
00:18:49 ~ root ~ DEBUG : amp shape: (8190,), freq shape: (8189,), phase shape: (8190,)
00:18:49 ~ umamipe ~ INFO : Generated waveform from ML model with shape: (1, 2, 8190)
00:18:49 ~ umamipe ~ INFO : Waveform shapes after adding dummy element at the start: (8192,), (8192,)
00:18:49 ~ umamipe ~ INFO : Generating waveform using ML model for parameters:
00:18:49 ~ umamipe ~ INFO : Converted (a_i, tilt_i, phi_i) to (spin_i_z): -0.5795524350538024, 0.26471930793067733
00:18:49 ~ umamipe ~ INFO : Formatted parameters for waveform generation:
00:18:49 ~ umamipe ~ INFO : Final parameters for waveform generation:
00:18:49 ~ umamipe ~ INFO : Generating waveform using ML model for parameters:
00:18:49 ~ umamipe ~ INFO : Using model: None and transformed model <bound method MLWaveformGenerator.get_ml_waveform of MLWaveformGenerator(duration=1.0, sampling_frequency=8192, start_time=0.0, frequency_domain_source_model=None, time_domain_source_model=umamipe.get_ml_waveform, parameter_conversion=umamipe.convert_to_ml_parameters, waveform_arguments={'model_path': '../v0p1/trained-models/model-20251004_072338-10', 'config_path': 'modelconfig-cvae-paper-I'})>
00:18:49 ~ umamipe ~ INFO : Generating waveform using ML model for parameters:
00:18:49 ~ umamipe ~ INFO : Generating waveform using ML model for parameters:
00:18:49 ~ umamipe ~ INFO : Received parameters for waveform generation: {'geocent_time': 0.0, 'mass_1': np.float64(47.464293065757374), 'mass_2': np.float64(65.23823072709317), 'luminosity_distance': np.float64(4826.07513401829), 'dec': np.float64(-0.7621018098411617), 'ra': np.float64(3.0646400036984747), 'theta_jn': np.float64(1.5742476030128483), 'psi': np.float64(1.1947582902785276), 'phase': np.float64(3.3926440221948337), 'chi_1': np.float64(0.4999950604582769), 'chi_2': np.float64(-0.026299538688137343), 'chi_1z': np.float64(-0.5795524350538024), 'chi_2z': np.float64(0.26471930793067733), 'spin_1z': np.float64(-0.5795524350538024), 'spin_2z': np.float64(0.26471930793067733), 'model_path': '../v0p1/trained-models/model-20251004_072338-10', 'config_path': 'modelconfig-cvae-paper-I'}
00:18:49 ~ root ~ INFO : Model set to evaluation mode for generation.
00:18:49 ~ root ~ DEBUG : torch.Size([1, 15])
00:18:49 ~ root ~ DEBUG : torch.Size([1, 1, 800])
00:18:49 ~ root ~ DEBUG : torch.Size([1, 64, 10])
00:18:49 ~ root ~ DEBUG : torch.Size([1, 640])
00:18:49 ~ root ~ DEBUG : amp shape: (8190,), freq shape: (8189,)
00:18:49 ~ root ~ DEBUG : freq shape: (8189,), dt: 0.0001220703125, theta0: 0.0
00:18:49 ~ root ~ DEBUG : amp shape: (8190,), freq shape: (8189,), phase shape: (8190,)
00:18:49 ~ umamipe ~ INFO : Generated waveform from ML model with shape: (1, 2, 8190)
00:18:49 ~ umamipe ~ INFO : Waveform shapes after adding dummy element at the start: (8192,), (8192,)
00:18:49 ~ umamipe ~ INFO : Generating waveform using ML model for parameters:
00:18:49 ~ umamipe ~ INFO : Converted (a_i, tilt_i, phi_i) to (spin_i_z): 0.042096302236186545, -0.6160509416519204
00:18:49 ~ umamipe ~ INFO : Formatted parameters for waveform generation:
00:18:49 ~ umamipe ~ INFO : Final parameters for waveform generation:
00:18:49 ~ umamipe ~ INFO : Generating waveform using ML model for parameters:
00:18:49 ~ umamipe ~ INFO : Using model: None and transformed model <bound method MLWaveformGenerator.get_ml_waveform of MLWaveformGenerator(duration=1.0, sampling_frequency=8192, start_time=0.0, frequency_domain_source_model=None, time_domain_source_model=umamipe.get_ml_waveform, parameter_conversion=umamipe.convert_to_ml_parameters, waveform_arguments={'model_path': '../v0p1/trained-models/model-20251004_072338-10', 'config_path': 'modelconfig-cvae-paper-I'})>
00:18:49 ~ umamipe ~ INFO : Generating waveform using ML model for parameters:
00:18:49 ~ umamipe ~ INFO : Generating waveform using ML model for parameters:
00:18:49 ~ umamipe ~ INFO : Received parameters for waveform generation: {'geocent_time': 0.0, 'mass_1': np.float64(31.411853604003074), 'mass_2': np.float64(72.30518690212448), 'luminosity_distance': np.float64(4818.523952792913), 'dec': np.float64(-0.953963815072064), 'ra': np.float64(3.4613241357027915), 'theta_jn': np.float64(2.2077891945688726), 'psi': np.float64(1.4595163389860069), 'phase': np.float64(3.008210899704712), 'chi_1': np.float64(0.6684936146092324), 'chi_2': np.float64(-0.20869453503918006), 'chi_1z': np.float64(0.042096302236186545), 'chi_2z': np.float64(-0.6160509416519204), 'spin_1z': np.float64(0.042096302236186545), 'spin_2z': np.float64(-0.6160509416519204), 'model_path': '../v0p1/trained-models/model-20251004_072338-10', 'config_path': 'modelconfig-cvae-paper-I'}
00:18:49 ~ root ~ INFO : Model set to evaluation mode for generation.
00:18:49 ~ root ~ DEBUG : torch.Size([1, 15])
00:18:49 ~ root ~ DEBUG : torch.Size([1, 1, 800])
00:18:49 ~ root ~ DEBUG : torch.Size([1, 64, 10])
00:18:49 ~ root ~ DEBUG : torch.Size([1, 640])
00:18:49 ~ root ~ DEBUG : amp shape: (8190,), freq shape: (8189,)
00:18:49 ~ root ~ DEBUG : freq shape: (8189,), dt: 0.0001220703125, theta0: 0.0
00:18:49 ~ root ~ DEBUG : amp shape: (8190,), freq shape: (8189,), phase shape: (8190,)
00:18:49 ~ umamipe ~ INFO : Generated waveform from ML model with shape: (1, 2, 8190)
00:18:49 ~ umamipe ~ INFO : Waveform shapes after adding dummy element at the start: (8192,), (8192,)
00:18:49 ~ umamipe ~ INFO : Generating waveform using ML model for parameters:
00:18:49 ~ umamipe ~ INFO : Converted (a_i, tilt_i, phi_i) to (spin_i_z): 0.09942325574250632, -0.2552504931899122
00:18:49 ~ umamipe ~ INFO : Formatted parameters for waveform generation:
00:18:49 ~ umamipe ~ INFO : Final parameters for waveform generation:
00:18:49 ~ umamipe ~ INFO : Generating waveform using ML model for parameters:
00:18:49 ~ umamipe ~ INFO : Using model: None and transformed model <bound method MLWaveformGenerator.get_ml_waveform of MLWaveformGenerator(duration=1.0, sampling_frequency=8192, start_time=0.0, frequency_domain_source_model=None, time_domain_source_model=umamipe.get_ml_waveform, parameter_conversion=umamipe.convert_to_ml_parameters, waveform_arguments={'model_path': '../v0p1/trained-models/model-20251004_072338-10', 'config_path': 'modelconfig-cvae-paper-I'})>
00:18:49 ~ umamipe ~ INFO : Generating waveform using ML model for parameters:
00:18:49 ~ umamipe ~ INFO : Generating waveform using ML model for parameters:
00:18:49 ~ umamipe ~ INFO : Received parameters for waveform generation: {'geocent_time': 0.0, 'mass_1': np.float64(43.609806762547784), 'mass_2': np.float64(68.29069923701583), 'luminosity_distance': np.float64(4119.022876610186), 'dec': np.float64(0.2259246128482705), 'ra': np.float64(0.7155829579374213), 'theta_jn': np.float64(2.348152033989687), 'psi': np.float64(0.9365379781057069), 'phase': np.float64(3.361396344704928), 'chi_1': np.float64(-0.20494338067119425), 'chi_2': np.float64(0.006879532286173917), 'chi_1z': np.float64(0.09942325574250632), 'chi_2z': np.float64(-0.2552504931899122), 'spin_1z': np.float64(0.09942325574250632), 'spin_2z': np.float64(-0.2552504931899122), 'model_path': '../v0p1/trained-models/model-20251004_072338-10', 'config_path': 'modelconfig-cvae-paper-I'}
00:18:49 ~ root ~ INFO : Model set to evaluation mode for generation.
00:18:49 ~ root ~ DEBUG : torch.Size([1, 15])
00:18:49 ~ root ~ DEBUG : torch.Size([1, 1, 800])
00:18:49 ~ root ~ DEBUG : torch.Size([1, 64, 10])
00:18:49 ~ root ~ DEBUG : torch.Size([1, 640])
00:18:49 ~ root ~ DEBUG : amp shape: (8190,), freq shape: (8189,)
00:18:49 ~ root ~ DEBUG : freq shape: (8189,), dt: 0.0001220703125, theta0: 0.0
00:18:49 ~ root ~ DEBUG : amp shape: (8190,), freq shape: (8189,), phase shape: (8190,)
00:18:49 ~ umamipe ~ INFO : Generated waveform from ML model with shape: (1, 2, 8190)
00:18:49 ~ umamipe ~ INFO : Waveform shapes after adding dummy element at the start: (8192,), (8192,)
00:18:49 ~ umamipe ~ INFO : Generating waveform using ML model for parameters:
00:18:49 ~ umamipe ~ INFO : Converted (a_i, tilt_i, phi_i) to (spin_i_z): -0.4797855174624244, -0.7743222005433321
00:18:49 ~ umamipe ~ INFO : Formatted parameters for waveform generation:
00:18:49 ~ umamipe ~ INFO : Final parameters for waveform generation:
00:18:49 ~ umamipe ~ INFO : Generating waveform using ML model for parameters:
00:18:49 ~ umamipe ~ INFO : Using model: None and transformed model <bound method MLWaveformGenerator.get_ml_waveform of MLWaveformGenerator(duration=1.0, sampling_frequency=8192, start_time=0.0, frequency_domain_source_model=None, time_domain_source_model=umamipe.get_ml_waveform, parameter_conversion=umamipe.convert_to_ml_parameters, waveform_arguments={'model_path': '../v0p1/trained-models/model-20251004_072338-10', 'config_path': 'modelconfig-cvae-paper-I'})>
00:18:49 ~ umamipe ~ INFO : Generating waveform using ML model for parameters:
00:18:49 ~ umamipe ~ INFO : Generating waveform using ML model for parameters:
00:18:49 ~ umamipe ~ INFO : Received parameters for waveform generation: {'geocent_time': 0.0, 'mass_1': np.float64(52.76647411318159), 'mass_2': np.float64(48.27235691316014), 'luminosity_distance': np.float64(4057.3749594097226), 'dec': np.float64(0.08789579828826506), 'ra': np.float64(5.517114852048491), 'theta_jn': np.float64(0.44938120380322527), 'psi': np.float64(0.08368781436978906), 'phase': np.float64(1.1846905225349145), 'chi_1': np.float64(-0.3920586275475637), 'chi_2': np.float64(0.008994856375246506), 'chi_1z': np.float64(-0.4797855174624244), 'chi_2z': np.float64(-0.7743222005433321), 'spin_1z': np.float64(-0.4797855174624244), 'spin_2z': np.float64(-0.7743222005433321), 'model_path': '../v0p1/trained-models/model-20251004_072338-10', 'config_path': 'modelconfig-cvae-paper-I'}
00:18:49 ~ root ~ INFO : Model set to evaluation mode for generation.
00:18:49 ~ root ~ DEBUG : torch.Size([1, 15])
00:18:49 ~ root ~ DEBUG : torch.Size([1, 1, 800])
00:18:49 ~ root ~ DEBUG : torch.Size([1, 64, 10])
00:18:49 ~ root ~ DEBUG : torch.Size([1, 640])
00:18:49 ~ root ~ DEBUG : amp shape: (8190,), freq shape: (8189,)
00:18:49 ~ root ~ DEBUG : freq shape: (8189,), dt: 0.0001220703125, theta0: 0.0
00:18:49 ~ root ~ DEBUG : amp shape: (8190,), freq shape: (8189,), phase shape: (8190,)
00:18:49 ~ umamipe ~ INFO : Generated waveform from ML model with shape: (1, 2, 8190)
00:18:49 ~ umamipe ~ INFO : Waveform shapes after adding dummy element at the start: (8192,), (8192,)
00:18:49 ~ umamipe ~ INFO : Generating waveform using ML model for parameters:
00:18:49 ~ umamipe ~ INFO : Converted (a_i, tilt_i, phi_i) to (spin_i_z): 0.7385617400418276, 0.34657039299563497
00:18:49 ~ umamipe ~ INFO : Formatted parameters for waveform generation:
00:18:49 ~ umamipe ~ INFO : Final parameters for waveform generation:
00:18:49 ~ umamipe ~ INFO : Generating waveform using ML model for parameters:
00:18:49 ~ umamipe ~ INFO : Using model: None and transformed model <bound method MLWaveformGenerator.get_ml_waveform of MLWaveformGenerator(duration=1.0, sampling_frequency=8192, start_time=0.0, frequency_domain_source_model=None, time_domain_source_model=umamipe.get_ml_waveform, parameter_conversion=umamipe.convert_to_ml_parameters, waveform_arguments={'model_path': '../v0p1/trained-models/model-20251004_072338-10', 'config_path': 'modelconfig-cvae-paper-I'})>
00:18:49 ~ umamipe ~ INFO : Generating waveform using ML model for parameters:
00:18:49 ~ umamipe ~ INFO : Generating waveform using ML model for parameters:
00:18:49 ~ umamipe ~ INFO : Received parameters for waveform generation: {'geocent_time': 0.0, 'mass_1': np.float64(42.717992494264095), 'mass_2': np.float64(52.91413669832865), 'luminosity_distance': np.float64(4111.910678529072), 'dec': np.float64(-0.12352427396410838), 'ra': np.float64(6.0489125230690775), 'theta_jn': np.float64(0.9259261703907303), 'psi': np.float64(1.6149733534998592), 'phase': np.float64(1.5908002876721568), 'chi_1': np.float64(0.2596853025568235), 'chi_2': np.float64(-0.2680309263450474), 'chi_1z': np.float64(0.7385617400418276), 'chi_2z': np.float64(0.34657039299563497), 'spin_1z': np.float64(0.7385617400418276), 'spin_2z': np.float64(0.34657039299563497), 'model_path': '../v0p1/trained-models/model-20251004_072338-10', 'config_path': 'modelconfig-cvae-paper-I'}
00:18:49 ~ root ~ INFO : Model set to evaluation mode for generation.
00:18:49 ~ root ~ DEBUG : torch.Size([1, 15])
00:18:49 ~ root ~ DEBUG : torch.Size([1, 1, 800])
00:18:49 ~ root ~ DEBUG : torch.Size([1, 64, 10])
00:18:49 ~ root ~ DEBUG : torch.Size([1, 640])
00:18:49 ~ root ~ DEBUG : amp shape: (8190,), freq shape: (8189,)
00:18:49 ~ root ~ DEBUG : freq shape: (8189,), dt: 0.0001220703125, theta0: 0.0
00:18:49 ~ root ~ DEBUG : amp shape: (8190,), freq shape: (8189,), phase shape: (8190,)
00:18:49 ~ umamipe ~ INFO : Generated waveform from ML model with shape: (1, 2, 8190)
00:18:49 ~ umamipe ~ INFO : Waveform shapes after adding dummy element at the start: (8192,), (8192,)
00:18:49 ~ umamipe ~ INFO : Generating waveform using ML model for parameters:
00:18:49 ~ umamipe ~ INFO : Converted (a_i, tilt_i, phi_i) to (spin_i_z): 0.005064048298838997, 0.24673581338143125
00:18:49 ~ umamipe ~ INFO : Formatted parameters for waveform generation:
00:18:49 ~ umamipe ~ INFO : Final parameters for waveform generation:
00:18:49 ~ umamipe ~ INFO : Generating waveform using ML model for parameters:
00:18:49 ~ umamipe ~ INFO : Using model: None and transformed model <bound method MLWaveformGenerator.get_ml_waveform of MLWaveformGenerator(duration=1.0, sampling_frequency=8192, start_time=0.0, frequency_domain_source_model=None, time_domain_source_model=umamipe.get_ml_waveform, parameter_conversion=umamipe.convert_to_ml_parameters, waveform_arguments={'model_path': '../v0p1/trained-models/model-20251004_072338-10', 'config_path': 'modelconfig-cvae-paper-I'})>
00:18:49 ~ umamipe ~ INFO : Generating waveform using ML model for parameters:
00:18:49 ~ umamipe ~ INFO : Generating waveform using ML model for parameters:
00:18:49 ~ umamipe ~ INFO : Received parameters for waveform generation: {'geocent_time': 0.0, 'mass_1': np.float64(55.05892865145998), 'mass_2': np.float64(53.95566318004692), 'luminosity_distance': np.float64(2862.1007065033104), 'dec': np.float64(-1.27976299229186), 'ra': np.float64(5.749892200279213), 'theta_jn': np.float64(2.2016999532568837), 'psi': np.float64(0.42366916094006446), 'phase': np.float64(0.767048787936592), 'chi_1': np.float64(-0.12321388061465581), 'chi_2': np.float64(0.2007146681306652), 'chi_1z': np.float64(0.005064048298838997), 'chi_2z': np.float64(0.24673581338143125), 'spin_1z': np.float64(0.005064048298838997), 'spin_2z': np.float64(0.24673581338143125), 'model_path': '../v0p1/trained-models/model-20251004_072338-10', 'config_path': 'modelconfig-cvae-paper-I'}
00:18:49 ~ root ~ INFO : Model set to evaluation mode for generation.
00:18:49 ~ root ~ DEBUG : torch.Size([1, 15])
00:18:49 ~ root ~ DEBUG : torch.Size([1, 1, 800])
00:18:49 ~ root ~ DEBUG : torch.Size([1, 64, 10])
00:18:49 ~ root ~ DEBUG : torch.Size([1, 640])
00:18:49 ~ root ~ DEBUG : amp shape: (8190,), freq shape: (8189,)
00:18:49 ~ root ~ DEBUG : freq shape: (8189,), dt: 0.0001220703125, theta0: 0.0
00:18:49 ~ root ~ DEBUG : amp shape: (8190,), freq shape: (8189,), phase shape: (8190,)
00:18:49 ~ umamipe ~ INFO : Generated waveform from ML model with shape: (1, 2, 8190)
00:18:49 ~ umamipe ~ INFO : Waveform shapes after adding dummy element at the start: (8192,), (8192,)
00:18:49 ~ umamipe ~ INFO : Generating waveform using ML model for parameters:
00:18:49 ~ umamipe ~ INFO : Converted (a_i, tilt_i, phi_i) to (spin_i_z): -0.5517425298655371, -0.3766863469283912
00:18:49 ~ umamipe ~ INFO : Formatted parameters for waveform generation:
00:18:49 ~ umamipe ~ INFO : Final parameters for waveform generation:
00:18:49 ~ umamipe ~ INFO : Generating waveform using ML model for parameters:
00:18:49 ~ umamipe ~ INFO : Using model: None and transformed model <bound method MLWaveformGenerator.get_ml_waveform of MLWaveformGenerator(duration=1.0, sampling_frequency=8192, start_time=0.0, frequency_domain_source_model=None, time_domain_source_model=umamipe.get_ml_waveform, parameter_conversion=umamipe.convert_to_ml_parameters, waveform_arguments={'model_path': '../v0p1/trained-models/model-20251004_072338-10', 'config_path': 'modelconfig-cvae-paper-I'})>
00:18:49 ~ umamipe ~ INFO : Generating waveform using ML model for parameters:
00:18:49 ~ umamipe ~ INFO : Generating waveform using ML model for parameters:
00:18:49 ~ umamipe ~ INFO : Received parameters for waveform generation: {'geocent_time': 0.0, 'mass_1': np.float64(30.278742599864948), 'mass_2': np.float64(71.56670466793467), 'luminosity_distance': np.float64(1958.324982156578), 'dec': np.float64(-0.37062433854071564), 'ra': np.float64(5.951122514905317), 'theta_jn': np.float64(2.0553201788764315), 'psi': np.float64(1.6055634073564105), 'phase': np.float64(5.421861222401122), 'chi_1': np.float64(-0.5422982030965727), 'chi_2': np.float64(-0.4962044305746511), 'chi_1z': np.float64(-0.5517425298655371), 'chi_2z': np.float64(-0.3766863469283912), 'spin_1z': np.float64(-0.5517425298655371), 'spin_2z': np.float64(-0.3766863469283912), 'model_path': '../v0p1/trained-models/model-20251004_072338-10', 'config_path': 'modelconfig-cvae-paper-I'}
00:18:49 ~ root ~ INFO : Model set to evaluation mode for generation.
00:18:49 ~ root ~ DEBUG : torch.Size([1, 15])
00:18:49 ~ root ~ DEBUG : torch.Size([1, 1, 800])
00:18:49 ~ root ~ DEBUG : torch.Size([1, 64, 10])
00:18:49 ~ root ~ DEBUG : torch.Size([1, 640])
00:18:49 ~ root ~ DEBUG : amp shape: (8190,), freq shape: (8189,)
00:18:49 ~ root ~ DEBUG : freq shape: (8189,), dt: 0.0001220703125, theta0: 0.0
00:18:49 ~ root ~ DEBUG : amp shape: (8190,), freq shape: (8189,), phase shape: (8190,)
00:18:49 ~ umamipe ~ INFO : Generated waveform from ML model with shape: (1, 2, 8190)
00:18:49 ~ umamipe ~ INFO : Waveform shapes after adding dummy element at the start: (8192,), (8192,)
00:18:49 ~ umamipe ~ INFO : Generating waveform using ML model for parameters:
00:18:49 ~ umamipe ~ INFO : Converted (a_i, tilt_i, phi_i) to (spin_i_z): 0.5698036857338031, 0.46552617351879344
00:18:49 ~ umamipe ~ INFO : Formatted parameters for waveform generation:
00:18:49 ~ umamipe ~ INFO : Final parameters for waveform generation:
00:18:49 ~ umamipe ~ INFO : Generating waveform using ML model for parameters:
00:18:49 ~ umamipe ~ INFO : Using model: None and transformed model <bound method MLWaveformGenerator.get_ml_waveform of MLWaveformGenerator(duration=1.0, sampling_frequency=8192, start_time=0.0, frequency_domain_source_model=None, time_domain_source_model=umamipe.get_ml_waveform, parameter_conversion=umamipe.convert_to_ml_parameters, waveform_arguments={'model_path': '../v0p1/trained-models/model-20251004_072338-10', 'config_path': 'modelconfig-cvae-paper-I'})>
00:18:49 ~ umamipe ~ INFO : Generating waveform using ML model for parameters:
00:18:49 ~ umamipe ~ INFO : Generating waveform using ML model for parameters:
00:18:49 ~ umamipe ~ INFO : Received parameters for waveform generation: {'geocent_time': 0.0, 'mass_1': np.float64(61.90633505775589), 'mass_2': np.float64(53.95879331022435), 'luminosity_distance': np.float64(3109.931879110668), 'dec': np.float64(0.6006477691790798), 'ra': np.float64(1.9927788116428065), 'theta_jn': np.float64(0.5933269792118545), 'psi': np.float64(1.2464783550204952), 'phase': np.float64(4.8155040532645215), 'chi_1': np.float64(-0.009002653855229024), 'chi_2': np.float64(0.7061831217264883), 'chi_1z': np.float64(0.5698036857338031), 'chi_2z': np.float64(0.46552617351879344), 'spin_1z': np.float64(0.5698036857338031), 'spin_2z': np.float64(0.46552617351879344), 'model_path': '../v0p1/trained-models/model-20251004_072338-10', 'config_path': 'modelconfig-cvae-paper-I'}
00:18:49 ~ root ~ INFO : Model set to evaluation mode for generation.
00:18:49 ~ root ~ DEBUG : torch.Size([1, 15])
00:18:49 ~ root ~ DEBUG : torch.Size([1, 1, 800])
00:18:49 ~ root ~ DEBUG : torch.Size([1, 64, 10])
00:18:49 ~ root ~ DEBUG : torch.Size([1, 640])
00:18:49 ~ root ~ DEBUG : amp shape: (8190,), freq shape: (8189,)
00:18:49 ~ root ~ DEBUG : freq shape: (8189,), dt: 0.0001220703125, theta0: 0.0
00:18:49 ~ root ~ DEBUG : amp shape: (8190,), freq shape: (8189,), phase shape: (8190,)
00:18:49 ~ umamipe ~ INFO : Generated waveform from ML model with shape: (1, 2, 8190)
00:18:49 ~ umamipe ~ INFO : Waveform shapes after adding dummy element at the start: (8192,), (8192,)
00:18:49 ~ umamipe ~ INFO : Generating waveform using ML model for parameters:
00:18:49 ~ umamipe ~ INFO : Converted (a_i, tilt_i, phi_i) to (spin_i_z): -0.16206944238707788, -0.25481396627179986
00:18:49 ~ umamipe ~ INFO : Formatted parameters for waveform generation:
00:18:49 ~ umamipe ~ INFO : Final parameters for waveform generation:
00:18:49 ~ umamipe ~ INFO : Generating waveform using ML model for parameters:
00:18:49 ~ umamipe ~ INFO : Using model: None and transformed model <bound method MLWaveformGenerator.get_ml_waveform of MLWaveformGenerator(duration=1.0, sampling_frequency=8192, start_time=0.0, frequency_domain_source_model=None, time_domain_source_model=umamipe.get_ml_waveform, parameter_conversion=umamipe.convert_to_ml_parameters, waveform_arguments={'model_path': '../v0p1/trained-models/model-20251004_072338-10', 'config_path': 'modelconfig-cvae-paper-I'})>
00:18:49 ~ umamipe ~ INFO : Generating waveform using ML model for parameters:
00:18:49 ~ umamipe ~ INFO : Generating waveform using ML model for parameters:
00:18:49 ~ umamipe ~ INFO : Received parameters for waveform generation: {'geocent_time': 0.0, 'mass_1': np.float64(64.79312698822554), 'mass_2': np.float64(56.150583127649135), 'luminosity_distance': np.float64(4700.286497255291), 'dec': np.float64(0.18072643549014303), 'ra': np.float64(2.3407159058244815), 'theta_jn': np.float64(0.9170087914680652), 'psi': np.float64(2.5544130053571577), 'phase': np.float64(2.331924429634055), 'chi_1': np.float64(0.2371157519667331), 'chi_2': np.float64(0.7433424449285737), 'chi_1z': np.float64(-0.16206944238707788), 'chi_2z': np.float64(-0.25481396627179986), 'spin_1z': np.float64(-0.16206944238707788), 'spin_2z': np.float64(-0.25481396627179986), 'model_path': '../v0p1/trained-models/model-20251004_072338-10', 'config_path': 'modelconfig-cvae-paper-I'}
00:18:49 ~ root ~ INFO : Model set to evaluation mode for generation.
00:18:49 ~ root ~ DEBUG : torch.Size([1, 15])
00:18:49 ~ root ~ DEBUG : torch.Size([1, 1, 800])
00:18:49 ~ root ~ DEBUG : torch.Size([1, 64, 10])
00:18:49 ~ root ~ DEBUG : torch.Size([1, 640])
00:18:49 ~ root ~ DEBUG : amp shape: (8190,), freq shape: (8189,)
00:18:49 ~ root ~ DEBUG : freq shape: (8189,), dt: 0.0001220703125, theta0: 0.0
00:18:49 ~ root ~ DEBUG : amp shape: (8190,), freq shape: (8189,), phase shape: (8190,)
00:18:49 ~ umamipe ~ INFO : Generated waveform from ML model with shape: (1, 2, 8190)
00:18:49 ~ umamipe ~ INFO : Waveform shapes after adding dummy element at the start: (8192,), (8192,)
00:18:49 ~ umamipe ~ INFO : Generating waveform using ML model for parameters:
00:18:49 ~ umamipe ~ INFO : Converted (a_i, tilt_i, phi_i) to (spin_i_z): -0.3551002509888436, -0.7778849076268385
00:18:49 ~ umamipe ~ INFO : Formatted parameters for waveform generation:
00:18:49 ~ umamipe ~ INFO : Final parameters for waveform generation:
00:18:49 ~ umamipe ~ INFO : Generating waveform using ML model for parameters:
00:18:49 ~ umamipe ~ INFO : Using model: None and transformed model <bound method MLWaveformGenerator.get_ml_waveform of MLWaveformGenerator(duration=1.0, sampling_frequency=8192, start_time=0.0, frequency_domain_source_model=None, time_domain_source_model=umamipe.get_ml_waveform, parameter_conversion=umamipe.convert_to_ml_parameters, waveform_arguments={'model_path': '../v0p1/trained-models/model-20251004_072338-10', 'config_path': 'modelconfig-cvae-paper-I'})>
00:18:49 ~ umamipe ~ INFO : Generating waveform using ML model for parameters:
00:18:49 ~ umamipe ~ INFO : Generating waveform using ML model for parameters:
00:18:49 ~ umamipe ~ INFO : Received parameters for waveform generation: {'geocent_time': 0.0, 'mass_1': np.float64(37.65417536123263), 'mass_2': np.float64(51.390822051200395), 'luminosity_distance': np.float64(3914.2240521926683), 'dec': np.float64(-0.38377823381004406), 'ra': np.float64(3.0515270184787315), 'theta_jn': np.float64(1.6450100291820073), 'psi': np.float64(0.8646836098381481), 'phase': np.float64(0.14772673838338943), 'chi_1': np.float64(-0.22819188761769596), 'chi_2': np.float64(0.25451850493448874), 'chi_1z': np.float64(-0.3551002509888436), 'chi_2z': np.float64(-0.7778849076268385), 'spin_1z': np.float64(-0.3551002509888436), 'spin_2z': np.float64(-0.7778849076268385), 'model_path': '../v0p1/trained-models/model-20251004_072338-10', 'config_path': 'modelconfig-cvae-paper-I'}
00:18:49 ~ root ~ INFO : Model set to evaluation mode for generation.
00:18:49 ~ root ~ DEBUG : torch.Size([1, 15])
00:18:49 ~ root ~ DEBUG : torch.Size([1, 1, 800])
00:18:49 ~ root ~ DEBUG : torch.Size([1, 64, 10])
00:18:49 ~ root ~ DEBUG : torch.Size([1, 640])
00:18:49 ~ root ~ DEBUG : amp shape: (8190,), freq shape: (8189,)
00:18:49 ~ root ~ DEBUG : freq shape: (8189,), dt: 0.0001220703125, theta0: 0.0
00:18:49 ~ root ~ DEBUG : amp shape: (8190,), freq shape: (8189,), phase shape: (8190,)
00:18:49 ~ umamipe ~ INFO : Generated waveform from ML model with shape: (1, 2, 8190)
00:18:49 ~ umamipe ~ INFO : Waveform shapes after adding dummy element at the start: (8192,), (8192,)
00:18:49 ~ umamipe ~ INFO : Generating waveform using ML model for parameters:
00:18:49 ~ umamipe ~ INFO : Converted (a_i, tilt_i, phi_i) to (spin_i_z): -0.12727953970491124, 0.622334159769468
00:18:49 ~ umamipe ~ INFO : Formatted parameters for waveform generation:
00:18:49 ~ umamipe ~ INFO : Final parameters for waveform generation:
00:18:49 ~ umamipe ~ INFO : Generating waveform using ML model for parameters:
00:18:49 ~ umamipe ~ INFO : Using model: None and transformed model <bound method MLWaveformGenerator.get_ml_waveform of MLWaveformGenerator(duration=1.0, sampling_frequency=8192, start_time=0.0, frequency_domain_source_model=None, time_domain_source_model=umamipe.get_ml_waveform, parameter_conversion=umamipe.convert_to_ml_parameters, waveform_arguments={'model_path': '../v0p1/trained-models/model-20251004_072338-10', 'config_path': 'modelconfig-cvae-paper-I'})>
00:18:49 ~ umamipe ~ INFO : Generating waveform using ML model for parameters:
00:18:49 ~ umamipe ~ INFO : Generating waveform using ML model for parameters:
00:18:49 ~ umamipe ~ INFO : Received parameters for waveform generation: {'geocent_time': 0.0, 'mass_1': np.float64(49.12268955083401), 'mass_2': np.float64(60.711205857988965), 'luminosity_distance': np.float64(4234.834892070145), 'dec': np.float64(-0.17306596743479524), 'ra': np.float64(3.593092243176758), 'theta_jn': np.float64(2.0840525480988807), 'psi': np.float64(2.7936345710519483), 'phase': np.float64(4.020605477035734), 'chi_1': np.float64(0.12223084012247969), 'chi_2': np.float64(-0.4373160559237367), 'chi_1z': np.float64(-0.12727953970491124), 'chi_2z': np.float64(0.622334159769468), 'spin_1z': np.float64(-0.12727953970491124), 'spin_2z': np.float64(0.622334159769468), 'model_path': '../v0p1/trained-models/model-20251004_072338-10', 'config_path': 'modelconfig-cvae-paper-I'}
00:18:49 ~ root ~ INFO : Model set to evaluation mode for generation.
00:18:49 ~ root ~ DEBUG : torch.Size([1, 15])
00:18:49 ~ root ~ DEBUG : torch.Size([1, 1, 800])
00:18:49 ~ root ~ DEBUG : torch.Size([1, 64, 10])
00:18:49 ~ root ~ DEBUG : torch.Size([1, 640])
00:18:49 ~ root ~ DEBUG : amp shape: (8190,), freq shape: (8189,)
00:18:49 ~ root ~ DEBUG : freq shape: (8189,), dt: 0.0001220703125, theta0: 0.0
00:18:49 ~ root ~ DEBUG : amp shape: (8190,), freq shape: (8189,), phase shape: (8190,)
00:18:49 ~ umamipe ~ INFO : Generated waveform from ML model with shape: (1, 2, 8190)
00:18:49 ~ umamipe ~ INFO : Waveform shapes after adding dummy element at the start: (8192,), (8192,)
00:18:49 ~ umamipe ~ INFO : Generating waveform using ML model for parameters:
00:18:49 ~ umamipe ~ INFO : Converted (a_i, tilt_i, phi_i) to (spin_i_z): 0.6781064793635341, 0.737852942281191
00:18:49 ~ umamipe ~ INFO : Formatted parameters for waveform generation:
00:18:49 ~ umamipe ~ INFO : Final parameters for waveform generation:
00:18:49 ~ umamipe ~ INFO : Generating waveform using ML model for parameters:
00:18:49 ~ umamipe ~ INFO : Using model: None and transformed model <bound method MLWaveformGenerator.get_ml_waveform of MLWaveformGenerator(duration=1.0, sampling_frequency=8192, start_time=0.0, frequency_domain_source_model=None, time_domain_source_model=umamipe.get_ml_waveform, parameter_conversion=umamipe.convert_to_ml_parameters, waveform_arguments={'model_path': '../v0p1/trained-models/model-20251004_072338-10', 'config_path': 'modelconfig-cvae-paper-I'})>
00:18:49 ~ umamipe ~ INFO : Generating waveform using ML model for parameters:
00:18:49 ~ umamipe ~ INFO : Generating waveform using ML model for parameters:
00:18:49 ~ umamipe ~ INFO : Received parameters for waveform generation: {'geocent_time': 0.0, 'mass_1': np.float64(37.232402517521024), 'mass_2': np.float64(43.94817395106192), 'luminosity_distance': np.float64(3993.3747725706667), 'dec': np.float64(0.9342406463032995), 'ra': np.float64(0.37096156419075377), 'theta_jn': np.float64(2.4053307592161186), 'psi': np.float64(0.6921642193534254), 'phase': np.float64(5.408916582647854), 'chi_1': np.float64(0.4091540120005326), 'chi_2': np.float64(0.21640365104575238), 'chi_1z': np.float64(0.6781064793635341), 'chi_2z': np.float64(0.737852942281191), 'spin_1z': np.float64(0.6781064793635341), 'spin_2z': np.float64(0.737852942281191), 'model_path': '../v0p1/trained-models/model-20251004_072338-10', 'config_path': 'modelconfig-cvae-paper-I'}
00:18:49 ~ root ~ INFO : Model set to evaluation mode for generation.
00:18:49 ~ root ~ DEBUG : torch.Size([1, 15])
00:18:49 ~ root ~ DEBUG : torch.Size([1, 1, 800])
00:18:49 ~ root ~ DEBUG : torch.Size([1, 64, 10])
00:18:49 ~ root ~ DEBUG : torch.Size([1, 640])
00:18:49 ~ root ~ DEBUG : amp shape: (8190,), freq shape: (8189,)
00:18:49 ~ root ~ DEBUG : freq shape: (8189,), dt: 0.0001220703125, theta0: 0.0
00:18:49 ~ root ~ DEBUG : amp shape: (8190,), freq shape: (8189,), phase shape: (8190,)
00:18:49 ~ umamipe ~ INFO : Generated waveform from ML model with shape: (1, 2, 8190)
00:18:49 ~ umamipe ~ INFO : Waveform shapes after adding dummy element at the start: (8192,), (8192,)
00:18:49 ~ umamipe ~ INFO : Generating waveform using ML model for parameters:
00:18:49 ~ umamipe ~ INFO : Converted (a_i, tilt_i, phi_i) to (spin_i_z): -0.4236075015296688, -0.7217414567726771
00:18:49 ~ umamipe ~ INFO : Formatted parameters for waveform generation:
00:18:49 ~ umamipe ~ INFO : Final parameters for waveform generation:
00:18:49 ~ umamipe ~ INFO : Generating waveform using ML model for parameters:
00:18:49 ~ umamipe ~ INFO : Using model: None and transformed model <bound method MLWaveformGenerator.get_ml_waveform of MLWaveformGenerator(duration=1.0, sampling_frequency=8192, start_time=0.0, frequency_domain_source_model=None, time_domain_source_model=umamipe.get_ml_waveform, parameter_conversion=umamipe.convert_to_ml_parameters, waveform_arguments={'model_path': '../v0p1/trained-models/model-20251004_072338-10', 'config_path': 'modelconfig-cvae-paper-I'})>
00:18:49 ~ umamipe ~ INFO : Generating waveform using ML model for parameters:
00:18:49 ~ umamipe ~ INFO : Generating waveform using ML model for parameters:
00:18:49 ~ umamipe ~ INFO : Received parameters for waveform generation: {'geocent_time': 0.0, 'mass_1': np.float64(71.63337462366017), 'mass_2': np.float64(53.09080816309571), 'luminosity_distance': np.float64(3250.6487314893106), 'dec': np.float64(-0.9101364534082997), 'ra': np.float64(1.357739601201267), 'theta_jn': np.float64(1.8804520705477241), 'psi': np.float64(0.40005613451957683), 'phase': np.float64(5.921151496927138), 'chi_1': np.float64(-0.21312767553569445), 'chi_2': np.float64(-0.46435539031252787), 'chi_1z': np.float64(-0.4236075015296688), 'chi_2z': np.float64(-0.7217414567726771), 'spin_1z': np.float64(-0.4236075015296688), 'spin_2z': np.float64(-0.7217414567726771), 'model_path': '../v0p1/trained-models/model-20251004_072338-10', 'config_path': 'modelconfig-cvae-paper-I'}
00:18:49 ~ root ~ INFO : Model set to evaluation mode for generation.
00:18:49 ~ root ~ DEBUG : torch.Size([1, 15])
00:18:49 ~ root ~ DEBUG : torch.Size([1, 1, 800])
00:18:49 ~ root ~ DEBUG : torch.Size([1, 64, 10])
00:18:49 ~ root ~ DEBUG : torch.Size([1, 640])
00:18:49 ~ root ~ DEBUG : amp shape: (8190,), freq shape: (8189,)
00:18:49 ~ root ~ DEBUG : freq shape: (8189,), dt: 0.0001220703125, theta0: 0.0
00:18:49 ~ root ~ DEBUG : amp shape: (8190,), freq shape: (8189,), phase shape: (8190,)
00:18:49 ~ umamipe ~ INFO : Generated waveform from ML model with shape: (1, 2, 8190)
00:18:49 ~ umamipe ~ INFO : Waveform shapes after adding dummy element at the start: (8192,), (8192,)
00:18:49 ~ umamipe ~ INFO : Generating waveform using ML model for parameters:
00:18:49 ~ umamipe ~ INFO : Converted (a_i, tilt_i, phi_i) to (spin_i_z): 0.32136160367120015, -0.5200305452865234
00:18:49 ~ umamipe ~ INFO : Formatted parameters for waveform generation:
00:18:49 ~ umamipe ~ INFO : Final parameters for waveform generation:
00:18:49 ~ umamipe ~ INFO : Generating waveform using ML model for parameters:
00:18:49 ~ umamipe ~ INFO : Using model: None and transformed model <bound method MLWaveformGenerator.get_ml_waveform of MLWaveformGenerator(duration=1.0, sampling_frequency=8192, start_time=0.0, frequency_domain_source_model=None, time_domain_source_model=umamipe.get_ml_waveform, parameter_conversion=umamipe.convert_to_ml_parameters, waveform_arguments={'model_path': '../v0p1/trained-models/model-20251004_072338-10', 'config_path': 'modelconfig-cvae-paper-I'})>
00:18:49 ~ umamipe ~ INFO : Generating waveform using ML model for parameters:
00:18:49 ~ umamipe ~ INFO : Generating waveform using ML model for parameters:
00:18:49 ~ umamipe ~ INFO : Received parameters for waveform generation: {'geocent_time': 0.0, 'mass_1': np.float64(37.4740331340182), 'mass_2': np.float64(56.44578286080008), 'luminosity_distance': np.float64(2555.842842184735), 'dec': np.float64(0.646405339552689), 'ra': np.float64(2.5430170578619706), 'theta_jn': np.float64(2.0129966964181545), 'psi': np.float64(2.225170874271166), 'phase': np.float64(0.8531198489391941), 'chi_1': np.float64(-0.5580742732508891), 'chi_2': np.float64(0.31625407876409184), 'chi_1z': np.float64(0.32136160367120015), 'chi_2z': np.float64(-0.5200305452865234), 'spin_1z': np.float64(0.32136160367120015), 'spin_2z': np.float64(-0.5200305452865234), 'model_path': '../v0p1/trained-models/model-20251004_072338-10', 'config_path': 'modelconfig-cvae-paper-I'}
00:18:49 ~ root ~ INFO : Model set to evaluation mode for generation.
00:18:49 ~ root ~ DEBUG : torch.Size([1, 15])
00:18:49 ~ root ~ DEBUG : torch.Size([1, 1, 800])
00:18:49 ~ root ~ DEBUG : torch.Size([1, 64, 10])
00:18:49 ~ root ~ DEBUG : torch.Size([1, 640])
00:18:49 ~ root ~ DEBUG : amp shape: (8190,), freq shape: (8189,)
00:18:49 ~ root ~ DEBUG : freq shape: (8189,), dt: 0.0001220703125, theta0: 0.0
00:18:49 ~ root ~ DEBUG : amp shape: (8190,), freq shape: (8189,), phase shape: (8190,)
00:18:49 ~ umamipe ~ INFO : Generated waveform from ML model with shape: (1, 2, 8190)
00:18:49 ~ umamipe ~ INFO : Waveform shapes after adding dummy element at the start: (8192,), (8192,)
00:18:49 ~ umamipe ~ INFO : Generating waveform using ML model for parameters:
00:18:49 ~ umamipe ~ INFO : Converted (a_i, tilt_i, phi_i) to (spin_i_z): -0.04393976194525617, 0.5551858747099707
00:18:49 ~ umamipe ~ INFO : Formatted parameters for waveform generation:
00:18:49 ~ umamipe ~ INFO : Final parameters for waveform generation:
00:18:49 ~ umamipe ~ INFO : Generating waveform using ML model for parameters:
00:18:49 ~ umamipe ~ INFO : Using model: None and transformed model <bound method MLWaveformGenerator.get_ml_waveform of MLWaveformGenerator(duration=1.0, sampling_frequency=8192, start_time=0.0, frequency_domain_source_model=None, time_domain_source_model=umamipe.get_ml_waveform, parameter_conversion=umamipe.convert_to_ml_parameters, waveform_arguments={'model_path': '../v0p1/trained-models/model-20251004_072338-10', 'config_path': 'modelconfig-cvae-paper-I'})>
00:18:49 ~ umamipe ~ INFO : Generating waveform using ML model for parameters:
00:18:49 ~ umamipe ~ INFO : Generating waveform using ML model for parameters:
00:18:49 ~ umamipe ~ INFO : Received parameters for waveform generation: {'geocent_time': 0.0, 'mass_1': np.float64(60.59963535518409), 'mass_2': np.float64(44.82605908545358), 'luminosity_distance': np.float64(1220.0728140778513), 'dec': np.float64(-0.5733799508097019), 'ra': np.float64(4.748861944683393), 'theta_jn': np.float64(1.350472633174193), 'psi': np.float64(1.7117345177989398), 'phase': np.float64(0.857919814600378), 'chi_1': np.float64(-0.45219811703667634), 'chi_2': np.float64(-0.19776096545992736), 'chi_1z': np.float64(-0.04393976194525617), 'chi_2z': np.float64(0.5551858747099707), 'spin_1z': np.float64(-0.04393976194525617), 'spin_2z': np.float64(0.5551858747099707), 'model_path': '../v0p1/trained-models/model-20251004_072338-10', 'config_path': 'modelconfig-cvae-paper-I'}
00:18:49 ~ root ~ INFO : Model set to evaluation mode for generation.
00:18:49 ~ root ~ DEBUG : torch.Size([1, 15])
00:18:49 ~ root ~ DEBUG : torch.Size([1, 1, 800])
00:18:49 ~ root ~ DEBUG : torch.Size([1, 64, 10])
00:18:49 ~ root ~ DEBUG : torch.Size([1, 640])
00:18:49 ~ root ~ DEBUG : amp shape: (8190,), freq shape: (8189,)
00:18:49 ~ root ~ DEBUG : freq shape: (8189,), dt: 0.0001220703125, theta0: 0.0
00:18:49 ~ root ~ DEBUG : amp shape: (8190,), freq shape: (8189,), phase shape: (8190,)
00:18:49 ~ umamipe ~ INFO : Generated waveform from ML model with shape: (1, 2, 8190)
00:18:49 ~ umamipe ~ INFO : Waveform shapes after adding dummy element at the start: (8192,), (8192,)
00:18:49 ~ umamipe ~ INFO : Generating waveform using ML model for parameters:
00:18:49 ~ umamipe ~ INFO : Converted (a_i, tilt_i, phi_i) to (spin_i_z): 0.20276495218328905, -0.04775796058186155
00:18:49 ~ umamipe ~ INFO : Formatted parameters for waveform generation:
00:18:49 ~ umamipe ~ INFO : Final parameters for waveform generation:
00:18:49 ~ umamipe ~ INFO : Generating waveform using ML model for parameters:
00:18:49 ~ umamipe ~ INFO : Using model: None and transformed model <bound method MLWaveformGenerator.get_ml_waveform of MLWaveformGenerator(duration=1.0, sampling_frequency=8192, start_time=0.0, frequency_domain_source_model=None, time_domain_source_model=umamipe.get_ml_waveform, parameter_conversion=umamipe.convert_to_ml_parameters, waveform_arguments={'model_path': '../v0p1/trained-models/model-20251004_072338-10', 'config_path': 'modelconfig-cvae-paper-I'})>
00:18:49 ~ umamipe ~ INFO : Generating waveform using ML model for parameters:
00:18:49 ~ umamipe ~ INFO : Generating waveform using ML model for parameters:
00:18:49 ~ umamipe ~ INFO : Received parameters for waveform generation: {'geocent_time': 0.0, 'mass_1': np.float64(64.3526227370681), 'mass_2': np.float64(37.202898509559354), 'luminosity_distance': np.float64(1346.0249867543807), 'dec': np.float64(-0.5811488070357456), 'ra': np.float64(5.355337811987279), 'theta_jn': np.float64(1.6024966227900312), 'psi': np.float64(2.5349592216036627), 'phase': np.float64(2.3221534547173714), 'chi_1': np.float64(0.04338736809252306), 'chi_2': np.float64(0.04613028527674355), 'chi_1z': np.float64(0.20276495218328905), 'chi_2z': np.float64(-0.04775796058186155), 'spin_1z': np.float64(0.20276495218328905), 'spin_2z': np.float64(-0.04775796058186155), 'model_path': '../v0p1/trained-models/model-20251004_072338-10', 'config_path': 'modelconfig-cvae-paper-I'}
00:18:49 ~ root ~ INFO : Model set to evaluation mode for generation.
00:18:49 ~ root ~ DEBUG : torch.Size([1, 15])
00:18:49 ~ root ~ DEBUG : torch.Size([1, 1, 800])
00:18:49 ~ root ~ DEBUG : torch.Size([1, 64, 10])
00:18:49 ~ root ~ DEBUG : torch.Size([1, 640])
00:18:49 ~ root ~ DEBUG : amp shape: (8190,), freq shape: (8189,)
00:18:49 ~ root ~ DEBUG : freq shape: (8189,), dt: 0.0001220703125, theta0: 0.0
00:18:49 ~ root ~ DEBUG : amp shape: (8190,), freq shape: (8189,), phase shape: (8190,)
00:18:49 ~ umamipe ~ INFO : Generated waveform from ML model with shape: (1, 2, 8190)
00:18:49 ~ umamipe ~ INFO : Waveform shapes after adding dummy element at the start: (8192,), (8192,)
00:18:49 ~ umamipe ~ INFO : Generating waveform using ML model for parameters:
00:18:49 ~ umamipe ~ INFO : Converted (a_i, tilt_i, phi_i) to (spin_i_z): 0.6583856224849229, 0.7690957046120943
00:18:49 ~ umamipe ~ INFO : Formatted parameters for waveform generation:
00:18:49 ~ umamipe ~ INFO : Final parameters for waveform generation:
00:18:49 ~ umamipe ~ INFO : Generating waveform using ML model for parameters:
00:18:49 ~ umamipe ~ INFO : Using model: None and transformed model <bound method MLWaveformGenerator.get_ml_waveform of MLWaveformGenerator(duration=1.0, sampling_frequency=8192, start_time=0.0, frequency_domain_source_model=None, time_domain_source_model=umamipe.get_ml_waveform, parameter_conversion=umamipe.convert_to_ml_parameters, waveform_arguments={'model_path': '../v0p1/trained-models/model-20251004_072338-10', 'config_path': 'modelconfig-cvae-paper-I'})>
00:18:49 ~ umamipe ~ INFO : Generating waveform using ML model for parameters:
00:18:49 ~ umamipe ~ INFO : Generating waveform using ML model for parameters:
00:18:49 ~ umamipe ~ INFO : Received parameters for waveform generation: {'geocent_time': 0.0, 'mass_1': np.float64(40.765782055920376), 'mass_2': np.float64(49.28181820922887), 'luminosity_distance': np.float64(4924.076733229865), 'dec': np.float64(-0.4732432724664332), 'ra': np.float64(4.554230731201051), 'theta_jn': np.float64(2.666954843532229), 'psi': np.float64(1.7789446649037872), 'phase': np.float64(3.0745886680895995), 'chi_1': np.float64(-0.3872570622859772), 'chi_2': np.float64(0.18869601774709652), 'chi_1z': np.float64(0.6583856224849229), 'chi_2z': np.float64(0.7690957046120943), 'spin_1z': np.float64(0.6583856224849229), 'spin_2z': np.float64(0.7690957046120943), 'model_path': '../v0p1/trained-models/model-20251004_072338-10', 'config_path': 'modelconfig-cvae-paper-I'}
00:18:49 ~ root ~ INFO : Model set to evaluation mode for generation.
00:18:49 ~ root ~ DEBUG : torch.Size([1, 15])
00:18:49 ~ root ~ DEBUG : torch.Size([1, 1, 800])
00:18:49 ~ root ~ DEBUG : torch.Size([1, 64, 10])
00:18:49 ~ root ~ DEBUG : torch.Size([1, 640])
00:18:49 ~ root ~ DEBUG : amp shape: (8190,), freq shape: (8189,)
00:18:49 ~ root ~ DEBUG : freq shape: (8189,), dt: 0.0001220703125, theta0: 0.0
00:18:49 ~ root ~ DEBUG : amp shape: (8190,), freq shape: (8189,), phase shape: (8190,)
00:18:49 ~ umamipe ~ INFO : Generated waveform from ML model with shape: (1, 2, 8190)
00:18:49 ~ umamipe ~ INFO : Waveform shapes after adding dummy element at the start: (8192,), (8192,)
00:18:49 ~ umamipe ~ INFO : Generating waveform using ML model for parameters:
00:18:49 ~ umamipe ~ INFO : Converted (a_i, tilt_i, phi_i) to (spin_i_z): 0.6048586588897935, -0.0632405260935609
00:18:49 ~ umamipe ~ INFO : Formatted parameters for waveform generation:
00:18:49 ~ umamipe ~ INFO : Final parameters for waveform generation:
00:18:49 ~ umamipe ~ INFO : Generating waveform using ML model for parameters:
00:18:49 ~ umamipe ~ INFO : Using model: None and transformed model <bound method MLWaveformGenerator.get_ml_waveform of MLWaveformGenerator(duration=1.0, sampling_frequency=8192, start_time=0.0, frequency_domain_source_model=None, time_domain_source_model=umamipe.get_ml_waveform, parameter_conversion=umamipe.convert_to_ml_parameters, waveform_arguments={'model_path': '../v0p1/trained-models/model-20251004_072338-10', 'config_path': 'modelconfig-cvae-paper-I'})>
00:18:49 ~ umamipe ~ INFO : Generating waveform using ML model for parameters:
00:18:49 ~ umamipe ~ INFO : Generating waveform using ML model for parameters:
00:18:49 ~ umamipe ~ INFO : Received parameters for waveform generation: {'geocent_time': 0.0, 'mass_1': np.float64(39.074587548948905), 'mass_2': np.float64(71.40249358565794), 'luminosity_distance': np.float64(2893.2755696736017), 'dec': np.float64(0.24062022284648396), 'ra': np.float64(1.4052383914598174), 'theta_jn': np.float64(1.0434748780671383), 'psi': np.float64(1.9445144028690213), 'phase': np.float64(3.0462948303039585), 'chi_1': np.float64(0.6407291220974454), 'chi_2': np.float64(-0.16821238665279914), 'chi_1z': np.float64(0.6048586588897935), 'chi_2z': np.float64(-0.0632405260935609), 'spin_1z': np.float64(0.6048586588897935), 'spin_2z': np.float64(-0.0632405260935609), 'model_path': '../v0p1/trained-models/model-20251004_072338-10', 'config_path': 'modelconfig-cvae-paper-I'}
00:18:49 ~ root ~ INFO : Model set to evaluation mode for generation.
00:18:49 ~ root ~ DEBUG : torch.Size([1, 15])
00:18:49 ~ root ~ DEBUG : torch.Size([1, 1, 800])
00:18:49 ~ root ~ DEBUG : torch.Size([1, 64, 10])
00:18:49 ~ root ~ DEBUG : torch.Size([1, 640])
00:18:49 ~ root ~ DEBUG : amp shape: (8190,), freq shape: (8189,)
00:18:49 ~ root ~ DEBUG : freq shape: (8189,), dt: 0.0001220703125, theta0: 0.0
00:18:49 ~ root ~ DEBUG : amp shape: (8190,), freq shape: (8189,), phase shape: (8190,)
00:18:49 ~ umamipe ~ INFO : Generated waveform from ML model with shape: (1, 2, 8190)
00:18:49 ~ umamipe ~ INFO : Waveform shapes after adding dummy element at the start: (8192,), (8192,)
00:18:49 ~ umamipe ~ INFO : Generating waveform using ML model for parameters:
00:18:49 ~ umamipe ~ INFO : Converted (a_i, tilt_i, phi_i) to (spin_i_z): -0.36257669786582325, -0.6209149883769816
00:18:49 ~ umamipe ~ INFO : Formatted parameters for waveform generation:
00:18:49 ~ umamipe ~ INFO : Final parameters for waveform generation:
00:18:49 ~ umamipe ~ INFO : Generating waveform using ML model for parameters:
00:18:49 ~ umamipe ~ INFO : Using model: None and transformed model <bound method MLWaveformGenerator.get_ml_waveform of MLWaveformGenerator(duration=1.0, sampling_frequency=8192, start_time=0.0, frequency_domain_source_model=None, time_domain_source_model=umamipe.get_ml_waveform, parameter_conversion=umamipe.convert_to_ml_parameters, waveform_arguments={'model_path': '../v0p1/trained-models/model-20251004_072338-10', 'config_path': 'modelconfig-cvae-paper-I'})>
00:18:49 ~ umamipe ~ INFO : Generating waveform using ML model for parameters:
00:18:49 ~ umamipe ~ INFO : Generating waveform using ML model for parameters:
00:18:49 ~ umamipe ~ INFO : Received parameters for waveform generation: {'geocent_time': 0.0, 'mass_1': np.float64(36.05493295336667), 'mass_2': np.float64(40.760702208490635), 'luminosity_distance': np.float64(4245.358963918501), 'dec': np.float64(0.7118920969010868), 'ra': np.float64(0.24858379262001387), 'theta_jn': np.float64(1.3898701325431742), 'psi': np.float64(1.5524891683034157), 'phase': np.float64(3.864368543691177), 'chi_1': np.float64(0.0868604013572877), 'chi_2': np.float64(0.2969407841718648), 'chi_1z': np.float64(-0.36257669786582325), 'chi_2z': np.float64(-0.6209149883769816), 'spin_1z': np.float64(-0.36257669786582325), 'spin_2z': np.float64(-0.6209149883769816), 'model_path': '../v0p1/trained-models/model-20251004_072338-10', 'config_path': 'modelconfig-cvae-paper-I'}
00:18:49 ~ root ~ INFO : Model set to evaluation mode for generation.
00:18:49 ~ root ~ DEBUG : torch.Size([1, 15])
00:18:49 ~ root ~ DEBUG : torch.Size([1, 1, 800])
00:18:49 ~ root ~ DEBUG : torch.Size([1, 64, 10])
00:18:49 ~ root ~ DEBUG : torch.Size([1, 640])
00:18:49 ~ root ~ DEBUG : amp shape: (8190,), freq shape: (8189,)
00:18:49 ~ root ~ DEBUG : freq shape: (8189,), dt: 0.0001220703125, theta0: 0.0
00:18:49 ~ root ~ DEBUG : amp shape: (8190,), freq shape: (8189,), phase shape: (8190,)
00:18:49 ~ umamipe ~ INFO : Generated waveform from ML model with shape: (1, 2, 8190)
00:18:49 ~ umamipe ~ INFO : Waveform shapes after adding dummy element at the start: (8192,), (8192,)
00:18:49 ~ umamipe ~ INFO : Generating waveform using ML model for parameters:
00:18:49 ~ umamipe ~ INFO : Converted (a_i, tilt_i, phi_i) to (spin_i_z): -0.3806293573170241, -0.3750080414346796
00:18:49 ~ umamipe ~ INFO : Formatted parameters for waveform generation:
00:18:49 ~ umamipe ~ INFO : Final parameters for waveform generation:
00:18:49 ~ umamipe ~ INFO : Generating waveform using ML model for parameters:
00:18:49 ~ umamipe ~ INFO : Using model: None and transformed model <bound method MLWaveformGenerator.get_ml_waveform of MLWaveformGenerator(duration=1.0, sampling_frequency=8192, start_time=0.0, frequency_domain_source_model=None, time_domain_source_model=umamipe.get_ml_waveform, parameter_conversion=umamipe.convert_to_ml_parameters, waveform_arguments={'model_path': '../v0p1/trained-models/model-20251004_072338-10', 'config_path': 'modelconfig-cvae-paper-I'})>
00:18:49 ~ umamipe ~ INFO : Generating waveform using ML model for parameters:
00:18:49 ~ umamipe ~ INFO : Generating waveform using ML model for parameters:
00:18:49 ~ umamipe ~ INFO : Received parameters for waveform generation: {'geocent_time': 0.0, 'mass_1': np.float64(38.3919048138367), 'mass_2': np.float64(72.15808040246705), 'luminosity_distance': np.float64(3548.600256326426), 'dec': np.float64(-0.5965723679095397), 'ra': np.float64(4.937733992621923), 'theta_jn': np.float64(1.7457015433369492), 'psi': np.float64(1.1539943147445213), 'phase': np.float64(0.11499818880834187), 'chi_1': np.float64(0.2260540033418349), 'chi_2': np.float64(0.14866654421310047), 'chi_1z': np.float64(-0.3806293573170241), 'chi_2z': np.float64(-0.3750080414346796), 'spin_1z': np.float64(-0.3806293573170241), 'spin_2z': np.float64(-0.3750080414346796), 'model_path': '../v0p1/trained-models/model-20251004_072338-10', 'config_path': 'modelconfig-cvae-paper-I'}
00:18:49 ~ root ~ INFO : Model set to evaluation mode for generation.
00:18:49 ~ root ~ DEBUG : torch.Size([1, 15])
00:18:49 ~ root ~ DEBUG : torch.Size([1, 1, 800])
00:18:49 ~ root ~ DEBUG : torch.Size([1, 64, 10])
00:18:49 ~ root ~ DEBUG : torch.Size([1, 640])
00:18:49 ~ root ~ DEBUG : amp shape: (8190,), freq shape: (8189,)
00:18:49 ~ root ~ DEBUG : freq shape: (8189,), dt: 0.0001220703125, theta0: 0.0
00:18:49 ~ root ~ DEBUG : amp shape: (8190,), freq shape: (8189,), phase shape: (8190,)
00:18:49 ~ umamipe ~ INFO : Generated waveform from ML model with shape: (1, 2, 8190)
00:18:49 ~ umamipe ~ INFO : Waveform shapes after adding dummy element at the start: (8192,), (8192,)
00:18:49 ~ umamipe ~ INFO : Generating waveform using ML model for parameters:
00:18:49 ~ umamipe ~ INFO : Converted (a_i, tilt_i, phi_i) to (spin_i_z): 0.6139051764792371, 0.785282905997422
00:18:49 ~ umamipe ~ INFO : Formatted parameters for waveform generation:
00:18:49 ~ umamipe ~ INFO : Final parameters for waveform generation:
00:18:49 ~ umamipe ~ INFO : Generating waveform using ML model for parameters:
00:18:49 ~ umamipe ~ INFO : Using model: None and transformed model <bound method MLWaveformGenerator.get_ml_waveform of MLWaveformGenerator(duration=1.0, sampling_frequency=8192, start_time=0.0, frequency_domain_source_model=None, time_domain_source_model=umamipe.get_ml_waveform, parameter_conversion=umamipe.convert_to_ml_parameters, waveform_arguments={'model_path': '../v0p1/trained-models/model-20251004_072338-10', 'config_path': 'modelconfig-cvae-paper-I'})>
00:18:49 ~ umamipe ~ INFO : Generating waveform using ML model for parameters:
00:18:49 ~ umamipe ~ INFO : Generating waveform using ML model for parameters:
00:18:49 ~ umamipe ~ INFO : Received parameters for waveform generation: {'geocent_time': 0.0, 'mass_1': np.float64(42.21696132775932), 'mass_2': np.float64(60.16889008894151), 'luminosity_distance': np.float64(2577.652622623395), 'dec': np.float64(-0.3890120760573369), 'ra': np.float64(2.3663669288206837), 'theta_jn': np.float64(2.8592401523711737), 'psi': np.float64(1.4454417751753923), 'phase': np.float64(2.371119287848712), 'chi_1': np.float64(-0.010747981560223274), 'chi_2': np.float64(0.15051255183273723), 'chi_1z': np.float64(0.6139051764792371), 'chi_2z': np.float64(0.785282905997422), 'spin_1z': np.float64(0.6139051764792371), 'spin_2z': np.float64(0.785282905997422), 'model_path': '../v0p1/trained-models/model-20251004_072338-10', 'config_path': 'modelconfig-cvae-paper-I'}
00:18:49 ~ root ~ INFO : Model set to evaluation mode for generation.
00:18:49 ~ root ~ DEBUG : torch.Size([1, 15])
00:18:49 ~ root ~ DEBUG : torch.Size([1, 1, 800])
00:18:49 ~ root ~ DEBUG : torch.Size([1, 64, 10])
00:18:49 ~ root ~ DEBUG : torch.Size([1, 640])
00:18:49 ~ root ~ DEBUG : amp shape: (8190,), freq shape: (8189,)
00:18:49 ~ root ~ DEBUG : freq shape: (8189,), dt: 0.0001220703125, theta0: 0.0
00:18:49 ~ root ~ DEBUG : amp shape: (8190,), freq shape: (8189,), phase shape: (8190,)
00:18:49 ~ umamipe ~ INFO : Generated waveform from ML model with shape: (1, 2, 8190)
00:18:49 ~ umamipe ~ INFO : Waveform shapes after adding dummy element at the start: (8192,), (8192,)
00:18:49 ~ umamipe ~ INFO : Generating waveform using ML model for parameters:
00:18:49 ~ umamipe ~ INFO : Converted (a_i, tilt_i, phi_i) to (spin_i_z): -0.24072628956390474, -0.6910102708932341
00:18:49 ~ umamipe ~ INFO : Formatted parameters for waveform generation:
00:18:49 ~ umamipe ~ INFO : Final parameters for waveform generation:
00:18:49 ~ umamipe ~ INFO : Generating waveform using ML model for parameters:
00:18:49 ~ umamipe ~ INFO : Using model: None and transformed model <bound method MLWaveformGenerator.get_ml_waveform of MLWaveformGenerator(duration=1.0, sampling_frequency=8192, start_time=0.0, frequency_domain_source_model=None, time_domain_source_model=umamipe.get_ml_waveform, parameter_conversion=umamipe.convert_to_ml_parameters, waveform_arguments={'model_path': '../v0p1/trained-models/model-20251004_072338-10', 'config_path': 'modelconfig-cvae-paper-I'})>
00:18:49 ~ umamipe ~ INFO : Generating waveform using ML model for parameters:
00:18:49 ~ umamipe ~ INFO : Generating waveform using ML model for parameters:
00:18:49 ~ umamipe ~ INFO : Received parameters for waveform generation: {'geocent_time': 0.0, 'mass_1': np.float64(51.87289029015514), 'mass_2': np.float64(50.706436528952636), 'luminosity_distance': np.float64(2730.878224644384), 'dec': np.float64(0.592196968499761), 'ra': np.float64(4.11916937835694), 'theta_jn': np.float64(1.294004527565269), 'psi': np.float64(1.6290467374830382), 'phase': np.float64(1.2932100586176833), 'chi_1': np.float64(0.12521160952474292), 'chi_2': np.float64(-0.1823223951876888), 'chi_1z': np.float64(-0.24072628956390474), 'chi_2z': np.float64(-0.6910102708932341), 'spin_1z': np.float64(-0.24072628956390474), 'spin_2z': np.float64(-0.6910102708932341), 'model_path': '../v0p1/trained-models/model-20251004_072338-10', 'config_path': 'modelconfig-cvae-paper-I'}
00:18:49 ~ root ~ INFO : Model set to evaluation mode for generation.
00:18:49 ~ root ~ DEBUG : torch.Size([1, 15])
00:18:49 ~ root ~ DEBUG : torch.Size([1, 1, 800])
00:18:49 ~ root ~ DEBUG : torch.Size([1, 64, 10])
00:18:49 ~ root ~ DEBUG : torch.Size([1, 640])
00:18:49 ~ root ~ DEBUG : amp shape: (8190,), freq shape: (8189,)
00:18:49 ~ root ~ DEBUG : freq shape: (8189,), dt: 0.0001220703125, theta0: 0.0
00:18:49 ~ root ~ DEBUG : amp shape: (8190,), freq shape: (8189,), phase shape: (8190,)
00:18:49 ~ umamipe ~ INFO : Generated waveform from ML model with shape: (1, 2, 8190)
00:18:49 ~ umamipe ~ INFO : Waveform shapes after adding dummy element at the start: (8192,), (8192,)
00:18:49 ~ umamipe ~ INFO : Generating waveform using ML model for parameters:
00:18:49 ~ umamipe ~ INFO : Converted (a_i, tilt_i, phi_i) to (spin_i_z): 0.4743211291044165, 0.3564399337939801
00:18:49 ~ umamipe ~ INFO : Formatted parameters for waveform generation:
00:18:49 ~ umamipe ~ INFO : Final parameters for waveform generation:
00:18:49 ~ umamipe ~ INFO : Generating waveform using ML model for parameters:
00:18:49 ~ umamipe ~ INFO : Using model: None and transformed model <bound method MLWaveformGenerator.get_ml_waveform of MLWaveformGenerator(duration=1.0, sampling_frequency=8192, start_time=0.0, frequency_domain_source_model=None, time_domain_source_model=umamipe.get_ml_waveform, parameter_conversion=umamipe.convert_to_ml_parameters, waveform_arguments={'model_path': '../v0p1/trained-models/model-20251004_072338-10', 'config_path': 'modelconfig-cvae-paper-I'})>
00:18:49 ~ umamipe ~ INFO : Generating waveform using ML model for parameters:
00:18:49 ~ umamipe ~ INFO : Generating waveform using ML model for parameters:
00:18:49 ~ umamipe ~ INFO : Received parameters for waveform generation: {'geocent_time': 0.0, 'mass_1': np.float64(39.89416970774467), 'mass_2': np.float64(38.769714787119696), 'luminosity_distance': np.float64(4179.937759526402), 'dec': np.float64(0.3994759174745683), 'ra': np.float64(3.3812572729468906), 'theta_jn': np.float64(1.342942876031521), 'psi': np.float64(2.794173722502727), 'phase': np.float64(5.55485950073623), 'chi_1': np.float64(0.0514589902777232), 'chi_2': np.float64(0.09290996635696805), 'chi_1z': np.float64(0.4743211291044165), 'chi_2z': np.float64(0.3564399337939801), 'spin_1z': np.float64(0.4743211291044165), 'spin_2z': np.float64(0.3564399337939801), 'model_path': '../v0p1/trained-models/model-20251004_072338-10', 'config_path': 'modelconfig-cvae-paper-I'}
00:18:49 ~ root ~ INFO : Model set to evaluation mode for generation.
00:18:49 ~ root ~ DEBUG : torch.Size([1, 15])
00:18:49 ~ root ~ DEBUG : torch.Size([1, 1, 800])
00:18:49 ~ root ~ DEBUG : torch.Size([1, 64, 10])
00:18:49 ~ root ~ DEBUG : torch.Size([1, 640])
00:18:49 ~ root ~ DEBUG : amp shape: (8190,), freq shape: (8189,)
00:18:49 ~ root ~ DEBUG : freq shape: (8189,), dt: 0.0001220703125, theta0: 0.0
00:18:49 ~ root ~ DEBUG : amp shape: (8190,), freq shape: (8189,), phase shape: (8190,)
00:18:49 ~ umamipe ~ INFO : Generated waveform from ML model with shape: (1, 2, 8190)
00:18:49 ~ umamipe ~ INFO : Waveform shapes after adding dummy element at the start: (8192,), (8192,)
00:18:49 ~ umamipe ~ INFO : Generating waveform using ML model for parameters:
00:18:49 ~ umamipe ~ INFO : Converted (a_i, tilt_i, phi_i) to (spin_i_z): 0.5654363699820741, -0.47680086331538085
00:18:49 ~ umamipe ~ INFO : Formatted parameters for waveform generation:
00:18:49 ~ umamipe ~ INFO : Final parameters for waveform generation:
00:18:49 ~ umamipe ~ INFO : Generating waveform using ML model for parameters:
00:18:49 ~ umamipe ~ INFO : Using model: None and transformed model <bound method MLWaveformGenerator.get_ml_waveform of MLWaveformGenerator(duration=1.0, sampling_frequency=8192, start_time=0.0, frequency_domain_source_model=None, time_domain_source_model=umamipe.get_ml_waveform, parameter_conversion=umamipe.convert_to_ml_parameters, waveform_arguments={'model_path': '../v0p1/trained-models/model-20251004_072338-10', 'config_path': 'modelconfig-cvae-paper-I'})>
00:18:49 ~ umamipe ~ INFO : Generating waveform using ML model for parameters:
00:18:49 ~ umamipe ~ INFO : Generating waveform using ML model for parameters:
00:18:49 ~ umamipe ~ INFO : Received parameters for waveform generation: {'geocent_time': 0.0, 'mass_1': np.float64(40.12056669844114), 'mass_2': np.float64(52.65123157632708), 'luminosity_distance': np.float64(1881.241785194458), 'dec': np.float64(0.6671654415736828), 'ra': np.float64(4.106544548049141), 'theta_jn': np.float64(2.8513778678669026), 'psi': np.float64(0.4288578280526352), 'phase': np.float64(3.205352436831618), 'chi_1': np.float64(0.15561052588257962), 'chi_2': np.float64(0.3631405368578616), 'chi_1z': np.float64(0.5654363699820741), 'chi_2z': np.float64(-0.47680086331538085), 'spin_1z': np.float64(0.5654363699820741), 'spin_2z': np.float64(-0.47680086331538085), 'model_path': '../v0p1/trained-models/model-20251004_072338-10', 'config_path': 'modelconfig-cvae-paper-I'}
00:18:49 ~ root ~ INFO : Model set to evaluation mode for generation.
00:18:49 ~ root ~ DEBUG : torch.Size([1, 15])
00:18:49 ~ root ~ DEBUG : torch.Size([1, 1, 800])
00:18:49 ~ root ~ DEBUG : torch.Size([1, 64, 10])
00:18:49 ~ root ~ DEBUG : torch.Size([1, 640])
00:18:49 ~ root ~ DEBUG : amp shape: (8190,), freq shape: (8189,)
00:18:49 ~ root ~ DEBUG : freq shape: (8189,), dt: 0.0001220703125, theta0: 0.0
00:18:49 ~ root ~ DEBUG : amp shape: (8190,), freq shape: (8189,), phase shape: (8190,)
00:18:49 ~ umamipe ~ INFO : Generated waveform from ML model with shape: (1, 2, 8190)
00:18:49 ~ umamipe ~ INFO : Waveform shapes after adding dummy element at the start: (8192,), (8192,)
00:18:49 ~ umamipe ~ INFO : Generating waveform using ML model for parameters:
00:18:49 ~ umamipe ~ INFO : Converted (a_i, tilt_i, phi_i) to (spin_i_z): 0.23867320037152817, -0.061996612763307035
00:18:49 ~ umamipe ~ INFO : Formatted parameters for waveform generation:
00:18:49 ~ umamipe ~ INFO : Final parameters for waveform generation:
00:18:49 ~ umamipe ~ INFO : Generating waveform using ML model for parameters:
00:18:49 ~ umamipe ~ INFO : Using model: None and transformed model <bound method MLWaveformGenerator.get_ml_waveform of MLWaveformGenerator(duration=1.0, sampling_frequency=8192, start_time=0.0, frequency_domain_source_model=None, time_domain_source_model=umamipe.get_ml_waveform, parameter_conversion=umamipe.convert_to_ml_parameters, waveform_arguments={'model_path': '../v0p1/trained-models/model-20251004_072338-10', 'config_path': 'modelconfig-cvae-paper-I'})>
00:18:49 ~ umamipe ~ INFO : Generating waveform using ML model for parameters:
00:18:49 ~ umamipe ~ INFO : Generating waveform using ML model for parameters:
00:18:49 ~ umamipe ~ INFO : Received parameters for waveform generation: {'geocent_time': 0.0, 'mass_1': np.float64(74.20444223969409), 'mass_2': np.float64(74.16042544388998), 'luminosity_distance': np.float64(4906.877880272766), 'dec': np.float64(0.2292278297195889), 'ra': np.float64(5.227203392567474), 'theta_jn': np.float64(0.5587229248897337), 'psi': np.float64(0.802552568413198), 'phase': np.float64(0.5780272901343244), 'chi_1': np.float64(0.0014659732720389174), 'chi_2': np.float64(0.6422432682791005), 'chi_1z': np.float64(0.23867320037152817), 'chi_2z': np.float64(-0.061996612763307035), 'spin_1z': np.float64(0.23867320037152817), 'spin_2z': np.float64(-0.061996612763307035), 'model_path': '../v0p1/trained-models/model-20251004_072338-10', 'config_path': 'modelconfig-cvae-paper-I'}
00:18:49 ~ root ~ INFO : Model set to evaluation mode for generation.
00:18:49 ~ root ~ DEBUG : torch.Size([1, 15])
00:18:49 ~ root ~ DEBUG : torch.Size([1, 1, 800])
00:18:49 ~ root ~ DEBUG : torch.Size([1, 64, 10])
00:18:49 ~ root ~ DEBUG : torch.Size([1, 640])
00:18:49 ~ root ~ DEBUG : amp shape: (8190,), freq shape: (8189,)
00:18:49 ~ root ~ DEBUG : freq shape: (8189,), dt: 0.0001220703125, theta0: 0.0
00:18:49 ~ root ~ DEBUG : amp shape: (8190,), freq shape: (8189,), phase shape: (8190,)
00:18:49 ~ umamipe ~ INFO : Generated waveform from ML model with shape: (1, 2, 8190)
00:18:49 ~ umamipe ~ INFO : Waveform shapes after adding dummy element at the start: (8192,), (8192,)
00:18:49 ~ umamipe ~ INFO : Generating waveform using ML model for parameters:
00:18:49 ~ umamipe ~ INFO : Converted (a_i, tilt_i, phi_i) to (spin_i_z): 0.6476058145773753, -0.12322834598574395
00:18:49 ~ umamipe ~ INFO : Formatted parameters for waveform generation:
00:18:49 ~ umamipe ~ INFO : Final parameters for waveform generation:
00:18:49 ~ umamipe ~ INFO : Generating waveform using ML model for parameters:
00:18:49 ~ umamipe ~ INFO : Using model: None and transformed model <bound method MLWaveformGenerator.get_ml_waveform of MLWaveformGenerator(duration=1.0, sampling_frequency=8192, start_time=0.0, frequency_domain_source_model=None, time_domain_source_model=umamipe.get_ml_waveform, parameter_conversion=umamipe.convert_to_ml_parameters, waveform_arguments={'model_path': '../v0p1/trained-models/model-20251004_072338-10', 'config_path': 'modelconfig-cvae-paper-I'})>
00:18:49 ~ umamipe ~ INFO : Generating waveform using ML model for parameters:
00:18:49 ~ umamipe ~ INFO : Generating waveform using ML model for parameters:
00:18:49 ~ umamipe ~ INFO : Received parameters for waveform generation: {'geocent_time': 0.0, 'mass_1': np.float64(65.67760811697161), 'mass_2': np.float64(54.765129158963646), 'luminosity_distance': np.float64(3228.3672458115907), 'dec': np.float64(0.261630969695521), 'ra': np.float64(3.2157385559189935), 'theta_jn': np.float64(1.8578111467812704), 'psi': np.float64(2.521558567901509), 'phase': np.float64(2.90546119751125), 'chi_1': np.float64(-0.03997214414535472), 'chi_2': np.float64(0.024780924121900503), 'chi_1z': np.float64(0.6476058145773753), 'chi_2z': np.float64(-0.12322834598574395), 'spin_1z': np.float64(0.6476058145773753), 'spin_2z': np.float64(-0.12322834598574395), 'model_path': '../v0p1/trained-models/model-20251004_072338-10', 'config_path': 'modelconfig-cvae-paper-I'}
00:18:49 ~ root ~ INFO : Model set to evaluation mode for generation.
00:18:49 ~ root ~ DEBUG : torch.Size([1, 15])
00:18:49 ~ root ~ DEBUG : torch.Size([1, 1, 800])
00:18:49 ~ root ~ DEBUG : torch.Size([1, 64, 10])
00:18:49 ~ root ~ DEBUG : torch.Size([1, 640])
00:18:49 ~ root ~ DEBUG : amp shape: (8190,), freq shape: (8189,)
00:18:49 ~ root ~ DEBUG : freq shape: (8189,), dt: 0.0001220703125, theta0: 0.0
00:18:49 ~ root ~ DEBUG : amp shape: (8190,), freq shape: (8189,), phase shape: (8190,)
00:18:49 ~ umamipe ~ INFO : Generated waveform from ML model with shape: (1, 2, 8190)
00:18:49 ~ umamipe ~ INFO : Waveform shapes after adding dummy element at the start: (8192,), (8192,)
00:18:49 ~ umamipe ~ INFO : Generating waveform using ML model for parameters:
00:18:49 ~ umamipe ~ INFO : Converted (a_i, tilt_i, phi_i) to (spin_i_z): -0.0075703353280841545, -0.1773151906769529
00:18:49 ~ umamipe ~ INFO : Formatted parameters for waveform generation:
00:18:49 ~ umamipe ~ INFO : Final parameters for waveform generation:
00:18:49 ~ umamipe ~ INFO : Generating waveform using ML model for parameters:
00:18:49 ~ umamipe ~ INFO : Using model: None and transformed model <bound method MLWaveformGenerator.get_ml_waveform of MLWaveformGenerator(duration=1.0, sampling_frequency=8192, start_time=0.0, frequency_domain_source_model=None, time_domain_source_model=umamipe.get_ml_waveform, parameter_conversion=umamipe.convert_to_ml_parameters, waveform_arguments={'model_path': '../v0p1/trained-models/model-20251004_072338-10', 'config_path': 'modelconfig-cvae-paper-I'})>
00:18:49 ~ umamipe ~ INFO : Generating waveform using ML model for parameters:
00:18:49 ~ umamipe ~ INFO : Generating waveform using ML model for parameters:
00:18:49 ~ umamipe ~ INFO : Received parameters for waveform generation: {'geocent_time': 0.0, 'mass_1': np.float64(68.14873739944585), 'mass_2': np.float64(57.77232917616509), 'luminosity_distance': np.float64(661.8274277737714), 'dec': np.float64(-0.04761284445062351), 'ra': np.float64(1.3228331075710698), 'theta_jn': np.float64(0.7964243283887555), 'psi': np.float64(0.7365083413922815), 'phase': np.float64(4.476262774581196), 'chi_1': np.float64(0.06878786014225709), 'chi_2': np.float64(0.013848615979351882), 'chi_1z': np.float64(-0.0075703353280841545), 'chi_2z': np.float64(-0.1773151906769529), 'spin_1z': np.float64(-0.0075703353280841545), 'spin_2z': np.float64(-0.1773151906769529), 'model_path': '../v0p1/trained-models/model-20251004_072338-10', 'config_path': 'modelconfig-cvae-paper-I'}
00:18:49 ~ root ~ INFO : Model set to evaluation mode for generation.
00:18:49 ~ root ~ DEBUG : torch.Size([1, 15])
00:18:49 ~ root ~ DEBUG : torch.Size([1, 1, 800])
00:18:49 ~ root ~ DEBUG : torch.Size([1, 64, 10])
00:18:49 ~ root ~ DEBUG : torch.Size([1, 640])
00:18:49 ~ root ~ DEBUG : amp shape: (8190,), freq shape: (8189,)
00:18:49 ~ root ~ DEBUG : freq shape: (8189,), dt: 0.0001220703125, theta0: 0.0
00:18:49 ~ root ~ DEBUG : amp shape: (8190,), freq shape: (8189,), phase shape: (8190,)
00:18:49 ~ umamipe ~ INFO : Generated waveform from ML model with shape: (1, 2, 8190)
00:18:49 ~ umamipe ~ INFO : Waveform shapes after adding dummy element at the start: (8192,), (8192,)
00:18:49 ~ umamipe ~ INFO : Generating waveform using ML model for parameters:
00:18:49 ~ umamipe ~ INFO : Converted (a_i, tilt_i, phi_i) to (spin_i_z): 0.03823769694394241, -0.3729846650441335
00:18:49 ~ umamipe ~ INFO : Formatted parameters for waveform generation:
00:18:49 ~ umamipe ~ INFO : Final parameters for waveform generation:
00:18:49 ~ umamipe ~ INFO : Generating waveform using ML model for parameters:
00:18:49 ~ umamipe ~ INFO : Using model: None and transformed model <bound method MLWaveformGenerator.get_ml_waveform of MLWaveformGenerator(duration=1.0, sampling_frequency=8192, start_time=0.0, frequency_domain_source_model=None, time_domain_source_model=umamipe.get_ml_waveform, parameter_conversion=umamipe.convert_to_ml_parameters, waveform_arguments={'model_path': '../v0p1/trained-models/model-20251004_072338-10', 'config_path': 'modelconfig-cvae-paper-I'})>
00:18:49 ~ umamipe ~ INFO : Generating waveform using ML model for parameters:
00:18:49 ~ umamipe ~ INFO : Generating waveform using ML model for parameters:
00:18:49 ~ umamipe ~ INFO : Received parameters for waveform generation: {'geocent_time': 0.0, 'mass_1': np.float64(69.89555529214351), 'mass_2': np.float64(71.96044071298334), 'luminosity_distance': np.float64(4273.253563934576), 'dec': np.float64(-0.4373616203893294), 'ra': np.float64(5.741977375494263), 'theta_jn': np.float64(2.2630461715845542), 'psi': np.float64(0.3896405613761035), 'phase': np.float64(2.146823366804606), 'chi_1': np.float64(-0.10533519645305882), 'chi_2': np.float64(0.162142975264974), 'chi_1z': np.float64(0.03823769694394241), 'chi_2z': np.float64(-0.3729846650441335), 'spin_1z': np.float64(0.03823769694394241), 'spin_2z': np.float64(-0.3729846650441335), 'model_path': '../v0p1/trained-models/model-20251004_072338-10', 'config_path': 'modelconfig-cvae-paper-I'}
00:18:49 ~ root ~ INFO : Model set to evaluation mode for generation.
00:18:49 ~ root ~ DEBUG : torch.Size([1, 15])
00:18:49 ~ root ~ DEBUG : torch.Size([1, 1, 800])
00:18:49 ~ root ~ DEBUG : torch.Size([1, 64, 10])
00:18:49 ~ root ~ DEBUG : torch.Size([1, 640])
00:18:49 ~ root ~ DEBUG : amp shape: (8190,), freq shape: (8189,)
00:18:49 ~ root ~ DEBUG : freq shape: (8189,), dt: 0.0001220703125, theta0: 0.0
00:18:49 ~ root ~ DEBUG : amp shape: (8190,), freq shape: (8189,), phase shape: (8190,)
00:18:49 ~ umamipe ~ INFO : Generated waveform from ML model with shape: (1, 2, 8190)
00:18:49 ~ umamipe ~ INFO : Waveform shapes after adding dummy element at the start: (8192,), (8192,)
00:18:49 ~ umamipe ~ INFO : Generating waveform using ML model for parameters:
00:18:49 ~ umamipe ~ INFO : Converted (a_i, tilt_i, phi_i) to (spin_i_z): -0.4505345880074801, 0.6007875666268205
00:18:49 ~ umamipe ~ INFO : Formatted parameters for waveform generation:
00:18:49 ~ umamipe ~ INFO : Final parameters for waveform generation:
00:18:49 ~ umamipe ~ INFO : Generating waveform using ML model for parameters:
00:18:49 ~ umamipe ~ INFO : Using model: None and transformed model <bound method MLWaveformGenerator.get_ml_waveform of MLWaveformGenerator(duration=1.0, sampling_frequency=8192, start_time=0.0, frequency_domain_source_model=None, time_domain_source_model=umamipe.get_ml_waveform, parameter_conversion=umamipe.convert_to_ml_parameters, waveform_arguments={'model_path': '../v0p1/trained-models/model-20251004_072338-10', 'config_path': 'modelconfig-cvae-paper-I'})>
00:18:49 ~ umamipe ~ INFO : Generating waveform using ML model for parameters:
00:18:49 ~ umamipe ~ INFO : Generating waveform using ML model for parameters:
00:18:49 ~ umamipe ~ INFO : Received parameters for waveform generation: {'geocent_time': 0.0, 'mass_1': np.float64(40.385757761478644), 'mass_2': np.float64(50.58772693952024), 'luminosity_distance': np.float64(3953.78481377569), 'dec': np.float64(0.017452754216105464), 'ra': np.float64(1.640121910436781), 'theta_jn': np.float64(1.8131314209450902), 'psi': np.float64(3.1381755675016487), 'phase': np.float64(1.1100425021232496), 'chi_1': np.float64(0.010062378205125792), 'chi_2': np.float64(-0.06654539368045419), 'chi_1z': np.float64(-0.4505345880074801), 'chi_2z': np.float64(0.6007875666268205), 'spin_1z': np.float64(-0.4505345880074801), 'spin_2z': np.float64(0.6007875666268205), 'model_path': '../v0p1/trained-models/model-20251004_072338-10', 'config_path': 'modelconfig-cvae-paper-I'}
00:18:49 ~ root ~ INFO : Model set to evaluation mode for generation.
00:18:49 ~ root ~ DEBUG : torch.Size([1, 15])
00:18:49 ~ root ~ DEBUG : torch.Size([1, 1, 800])
00:18:49 ~ root ~ DEBUG : torch.Size([1, 64, 10])
00:18:49 ~ root ~ DEBUG : torch.Size([1, 640])
00:18:49 ~ root ~ DEBUG : amp shape: (8190,), freq shape: (8189,)
00:18:49 ~ root ~ DEBUG : freq shape: (8189,), dt: 0.0001220703125, theta0: 0.0
00:18:49 ~ root ~ DEBUG : amp shape: (8190,), freq shape: (8189,), phase shape: (8190,)
00:18:49 ~ umamipe ~ INFO : Generated waveform from ML model with shape: (1, 2, 8190)
00:18:49 ~ umamipe ~ INFO : Waveform shapes after adding dummy element at the start: (8192,), (8192,)
00:18:49 ~ umamipe ~ INFO : Generating waveform using ML model for parameters:
00:18:49 ~ umamipe ~ INFO : Converted (a_i, tilt_i, phi_i) to (spin_i_z): -0.6579476985232117, 0.4443847692954275
00:18:49 ~ umamipe ~ INFO : Formatted parameters for waveform generation:
00:18:49 ~ umamipe ~ INFO : Final parameters for waveform generation:
00:18:49 ~ umamipe ~ INFO : Generating waveform using ML model for parameters:
00:18:49 ~ umamipe ~ INFO : Using model: None and transformed model <bound method MLWaveformGenerator.get_ml_waveform of MLWaveformGenerator(duration=1.0, sampling_frequency=8192, start_time=0.0, frequency_domain_source_model=None, time_domain_source_model=umamipe.get_ml_waveform, parameter_conversion=umamipe.convert_to_ml_parameters, waveform_arguments={'model_path': '../v0p1/trained-models/model-20251004_072338-10', 'config_path': 'modelconfig-cvae-paper-I'})>
00:18:49 ~ umamipe ~ INFO : Generating waveform using ML model for parameters:
00:18:49 ~ umamipe ~ INFO : Generating waveform using ML model for parameters:
00:18:49 ~ umamipe ~ INFO : Received parameters for waveform generation: {'geocent_time': 0.0, 'mass_1': np.float64(73.09967261251671), 'mass_2': np.float64(45.75881021450333), 'luminosity_distance': np.float64(2800.7118172596734), 'dec': np.float64(-0.9552806768358619), 'ra': np.float64(3.8814579291154887), 'theta_jn': np.float64(0.32731407217216174), 'psi': np.float64(1.5588910058131644), 'phase': np.float64(0.960162026455111), 'chi_1': np.float64(0.10526823965961374), 'chi_2': np.float64(0.5114548360815028), 'chi_1z': np.float64(-0.6579476985232117), 'chi_2z': np.float64(0.4443847692954275), 'spin_1z': np.float64(-0.6579476985232117), 'spin_2z': np.float64(0.4443847692954275), 'model_path': '../v0p1/trained-models/model-20251004_072338-10', 'config_path': 'modelconfig-cvae-paper-I'}
00:18:49 ~ root ~ INFO : Model set to evaluation mode for generation.
00:18:49 ~ root ~ DEBUG : torch.Size([1, 15])
00:18:49 ~ root ~ DEBUG : torch.Size([1, 1, 800])
00:18:49 ~ root ~ DEBUG : torch.Size([1, 64, 10])
00:18:49 ~ root ~ DEBUG : torch.Size([1, 640])
00:18:49 ~ root ~ DEBUG : amp shape: (8190,), freq shape: (8189,)
00:18:49 ~ root ~ DEBUG : freq shape: (8189,), dt: 0.0001220703125, theta0: 0.0
00:18:49 ~ root ~ DEBUG : amp shape: (8190,), freq shape: (8189,), phase shape: (8190,)
00:18:49 ~ umamipe ~ INFO : Generated waveform from ML model with shape: (1, 2, 8190)
00:18:49 ~ umamipe ~ INFO : Waveform shapes after adding dummy element at the start: (8192,), (8192,)
00:18:49 ~ umamipe ~ INFO : Generating waveform using ML model for parameters:
00:18:49 ~ umamipe ~ INFO : Converted (a_i, tilt_i, phi_i) to (spin_i_z): 0.6698406281957006, -0.11183389232314123
00:18:49 ~ umamipe ~ INFO : Formatted parameters for waveform generation:
00:18:49 ~ umamipe ~ INFO : Final parameters for waveform generation:
00:18:49 ~ umamipe ~ INFO : Generating waveform using ML model for parameters:
00:18:49 ~ umamipe ~ INFO : Using model: None and transformed model <bound method MLWaveformGenerator.get_ml_waveform of MLWaveformGenerator(duration=1.0, sampling_frequency=8192, start_time=0.0, frequency_domain_source_model=None, time_domain_source_model=umamipe.get_ml_waveform, parameter_conversion=umamipe.convert_to_ml_parameters, waveform_arguments={'model_path': '../v0p1/trained-models/model-20251004_072338-10', 'config_path': 'modelconfig-cvae-paper-I'})>
00:18:49 ~ umamipe ~ INFO : Generating waveform using ML model for parameters:
00:18:49 ~ umamipe ~ INFO : Generating waveform using ML model for parameters:
00:18:49 ~ umamipe ~ INFO : Received parameters for waveform generation: {'geocent_time': 0.0, 'mass_1': np.float64(67.37556462486967), 'mass_2': np.float64(37.92928382350795), 'luminosity_distance': np.float64(4766.019274008634), 'dec': np.float64(0.24425724003150806), 'ra': np.float64(3.3611079311186676), 'theta_jn': np.float64(1.9207188316110166), 'psi': np.float64(0.9051215410106107), 'phase': np.float64(0.15966118448830044), 'chi_1': np.float64(-0.024396887833333894), 'chi_2': np.float64(0.17706630180964003), 'chi_1z': np.float64(0.6698406281957006), 'chi_2z': np.float64(-0.11183389232314123), 'spin_1z': np.float64(0.6698406281957006), 'spin_2z': np.float64(-0.11183389232314123), 'model_path': '../v0p1/trained-models/model-20251004_072338-10', 'config_path': 'modelconfig-cvae-paper-I'}
00:18:49 ~ root ~ INFO : Model set to evaluation mode for generation.
00:18:49 ~ root ~ DEBUG : torch.Size([1, 15])
00:18:49 ~ root ~ DEBUG : torch.Size([1, 1, 800])
00:18:49 ~ root ~ DEBUG : torch.Size([1, 64, 10])
00:18:49 ~ root ~ DEBUG : torch.Size([1, 640])
00:18:49 ~ root ~ DEBUG : amp shape: (8190,), freq shape: (8189,)
00:18:49 ~ root ~ DEBUG : freq shape: (8189,), dt: 0.0001220703125, theta0: 0.0
00:18:49 ~ root ~ DEBUG : amp shape: (8190,), freq shape: (8189,), phase shape: (8190,)
00:18:49 ~ umamipe ~ INFO : Generated waveform from ML model with shape: (1, 2, 8190)
00:18:49 ~ umamipe ~ INFO : Waveform shapes after adding dummy element at the start: (8192,), (8192,)
00:18:49 ~ umamipe ~ INFO : Generating waveform using ML model for parameters:
00:18:49 ~ umamipe ~ INFO : Converted (a_i, tilt_i, phi_i) to (spin_i_z): 0.6523531785349941, 0.07213525876505833
00:18:49 ~ umamipe ~ INFO : Formatted parameters for waveform generation:
00:18:49 ~ umamipe ~ INFO : Final parameters for waveform generation:
00:18:49 ~ umamipe ~ INFO : Generating waveform using ML model for parameters:
00:18:49 ~ umamipe ~ INFO : Using model: None and transformed model <bound method MLWaveformGenerator.get_ml_waveform of MLWaveformGenerator(duration=1.0, sampling_frequency=8192, start_time=0.0, frequency_domain_source_model=None, time_domain_source_model=umamipe.get_ml_waveform, parameter_conversion=umamipe.convert_to_ml_parameters, waveform_arguments={'model_path': '../v0p1/trained-models/model-20251004_072338-10', 'config_path': 'modelconfig-cvae-paper-I'})>
00:18:49 ~ umamipe ~ INFO : Generating waveform using ML model for parameters:
00:18:49 ~ umamipe ~ INFO : Generating waveform using ML model for parameters:
00:18:49 ~ umamipe ~ INFO : Received parameters for waveform generation: {'geocent_time': 0.0, 'mass_1': np.float64(41.8641461220785), 'mass_2': np.float64(35.90829762509694), 'luminosity_distance': np.float64(4805.1676844061585), 'dec': np.float64(-0.5681929937823035), 'ra': np.float64(5.724429380914443), 'theta_jn': np.float64(0.8860357327228318), 'psi': np.float64(0.05696568015037885), 'phase': np.float64(1.4088178542803134), 'chi_1': np.float64(-0.0019797743155057002), 'chi_2': np.float64(-0.08741267831601104), 'chi_1z': np.float64(0.6523531785349941), 'chi_2z': np.float64(0.07213525876505833), 'spin_1z': np.float64(0.6523531785349941), 'spin_2z': np.float64(0.07213525876505833), 'model_path': '../v0p1/trained-models/model-20251004_072338-10', 'config_path': 'modelconfig-cvae-paper-I'}
00:18:49 ~ root ~ INFO : Model set to evaluation mode for generation.
00:18:49 ~ root ~ DEBUG : torch.Size([1, 15])
00:18:49 ~ root ~ DEBUG : torch.Size([1, 1, 800])
00:18:49 ~ root ~ DEBUG : torch.Size([1, 64, 10])
00:18:49 ~ root ~ DEBUG : torch.Size([1, 640])
00:18:49 ~ root ~ DEBUG : amp shape: (8190,), freq shape: (8189,)
00:18:49 ~ root ~ DEBUG : freq shape: (8189,), dt: 0.0001220703125, theta0: 0.0
00:18:49 ~ root ~ DEBUG : amp shape: (8190,), freq shape: (8189,), phase shape: (8190,)
00:18:49 ~ umamipe ~ INFO : Generated waveform from ML model with shape: (1, 2, 8190)
00:18:49 ~ umamipe ~ INFO : Waveform shapes after adding dummy element at the start: (8192,), (8192,)
00:18:49 ~ umamipe ~ INFO : Generating waveform using ML model for parameters:
00:18:49 ~ umamipe ~ INFO : Converted (a_i, tilt_i, phi_i) to (spin_i_z): -0.07914026870677104, -0.7519061302480392
00:18:49 ~ umamipe ~ INFO : Formatted parameters for waveform generation:
00:18:49 ~ umamipe ~ INFO : Final parameters for waveform generation:
00:18:49 ~ umamipe ~ INFO : Generating waveform using ML model for parameters:
00:18:49 ~ umamipe ~ INFO : Using model: None and transformed model <bound method MLWaveformGenerator.get_ml_waveform of MLWaveformGenerator(duration=1.0, sampling_frequency=8192, start_time=0.0, frequency_domain_source_model=None, time_domain_source_model=umamipe.get_ml_waveform, parameter_conversion=umamipe.convert_to_ml_parameters, waveform_arguments={'model_path': '../v0p1/trained-models/model-20251004_072338-10', 'config_path': 'modelconfig-cvae-paper-I'})>
00:18:49 ~ umamipe ~ INFO : Generating waveform using ML model for parameters:
00:18:49 ~ umamipe ~ INFO : Generating waveform using ML model for parameters:
00:18:49 ~ umamipe ~ INFO : Received parameters for waveform generation: {'geocent_time': 0.0, 'mass_1': np.float64(35.29962687090001), 'mass_2': np.float64(58.139939398158205), 'luminosity_distance': np.float64(2967.0220272941015), 'dec': np.float64(0.3659994122696779), 'ra': np.float64(4.9396938687051986), 'theta_jn': np.float64(2.9006056563512375), 'psi': np.float64(1.811587021986548), 'phase': np.float64(2.304362423457266), 'chi_1': np.float64(-0.029027024096995264), 'chi_2': np.float64(-0.04784884315328892), 'chi_1z': np.float64(-0.07914026870677104), 'chi_2z': np.float64(-0.7519061302480392), 'spin_1z': np.float64(-0.07914026870677104), 'spin_2z': np.float64(-0.7519061302480392), 'model_path': '../v0p1/trained-models/model-20251004_072338-10', 'config_path': 'modelconfig-cvae-paper-I'}
00:18:49 ~ root ~ INFO : Model set to evaluation mode for generation.
00:18:49 ~ root ~ DEBUG : torch.Size([1, 15])
00:18:49 ~ root ~ DEBUG : torch.Size([1, 1, 800])
00:18:49 ~ root ~ DEBUG : torch.Size([1, 64, 10])
00:18:49 ~ root ~ DEBUG : torch.Size([1, 640])
00:18:49 ~ root ~ DEBUG : amp shape: (8190,), freq shape: (8189,)
00:18:49 ~ root ~ DEBUG : freq shape: (8189,), dt: 0.0001220703125, theta0: 0.0
00:18:49 ~ root ~ DEBUG : amp shape: (8190,), freq shape: (8189,), phase shape: (8190,)
00:18:49 ~ umamipe ~ INFO : Generated waveform from ML model with shape: (1, 2, 8190)
00:18:49 ~ umamipe ~ INFO : Waveform shapes after adding dummy element at the start: (8192,), (8192,)
00:18:49 ~ umamipe ~ INFO : Generating waveform using ML model for parameters:
00:18:49 ~ umamipe ~ INFO : Converted (a_i, tilt_i, phi_i) to (spin_i_z): 0.46132640284435844, -0.2679493513496608
00:18:49 ~ umamipe ~ INFO : Formatted parameters for waveform generation:
00:18:49 ~ umamipe ~ INFO : Final parameters for waveform generation:
00:18:49 ~ umamipe ~ INFO : Generating waveform using ML model for parameters:
00:18:49 ~ umamipe ~ INFO : Using model: None and transformed model <bound method MLWaveformGenerator.get_ml_waveform of MLWaveformGenerator(duration=1.0, sampling_frequency=8192, start_time=0.0, frequency_domain_source_model=None, time_domain_source_model=umamipe.get_ml_waveform, parameter_conversion=umamipe.convert_to_ml_parameters, waveform_arguments={'model_path': '../v0p1/trained-models/model-20251004_072338-10', 'config_path': 'modelconfig-cvae-paper-I'})>
00:18:49 ~ umamipe ~ INFO : Generating waveform using ML model for parameters:
00:18:49 ~ umamipe ~ INFO : Generating waveform using ML model for parameters:
00:18:49 ~ umamipe ~ INFO : Received parameters for waveform generation: {'geocent_time': 0.0, 'mass_1': np.float64(41.12977074248306), 'mass_2': np.float64(74.44923620105257), 'luminosity_distance': np.float64(4782.397617851902), 'dec': np.float64(-1.1276850369124523), 'ra': np.float64(6.154888177755085), 'theta_jn': np.float64(2.194331007453394), 'psi': np.float64(0.008630351292245814), 'phase': np.float64(5.7394607887637035), 'chi_1': np.float64(0.6229652917015396), 'chi_2': np.float64(0.06981184802014939), 'chi_1z': np.float64(0.46132640284435844), 'chi_2z': np.float64(-0.2679493513496608), 'spin_1z': np.float64(0.46132640284435844), 'spin_2z': np.float64(-0.2679493513496608), 'model_path': '../v0p1/trained-models/model-20251004_072338-10', 'config_path': 'modelconfig-cvae-paper-I'}
00:18:49 ~ root ~ INFO : Model set to evaluation mode for generation.
00:18:49 ~ root ~ DEBUG : torch.Size([1, 15])
00:18:49 ~ root ~ DEBUG : torch.Size([1, 1, 800])
00:18:49 ~ root ~ DEBUG : torch.Size([1, 64, 10])
00:18:49 ~ root ~ DEBUG : torch.Size([1, 640])
00:18:49 ~ root ~ DEBUG : amp shape: (8190,), freq shape: (8189,)
00:18:49 ~ root ~ DEBUG : freq shape: (8189,), dt: 0.0001220703125, theta0: 0.0
00:18:49 ~ root ~ DEBUG : amp shape: (8190,), freq shape: (8189,), phase shape: (8190,)
00:18:49 ~ umamipe ~ INFO : Generated waveform from ML model with shape: (1, 2, 8190)
00:18:49 ~ umamipe ~ INFO : Waveform shapes after adding dummy element at the start: (8192,), (8192,)
00:18:49 ~ umamipe ~ INFO : Generating waveform using ML model for parameters:
00:18:49 ~ umamipe ~ INFO : Converted (a_i, tilt_i, phi_i) to (spin_i_z): 0.21242663109903193, -0.4125404562539348
00:18:49 ~ umamipe ~ INFO : Formatted parameters for waveform generation:
00:18:49 ~ umamipe ~ INFO : Final parameters for waveform generation:
00:18:49 ~ umamipe ~ INFO : Generating waveform using ML model for parameters:
00:18:49 ~ umamipe ~ INFO : Using model: None and transformed model <bound method MLWaveformGenerator.get_ml_waveform of MLWaveformGenerator(duration=1.0, sampling_frequency=8192, start_time=0.0, frequency_domain_source_model=None, time_domain_source_model=umamipe.get_ml_waveform, parameter_conversion=umamipe.convert_to_ml_parameters, waveform_arguments={'model_path': '../v0p1/trained-models/model-20251004_072338-10', 'config_path': 'modelconfig-cvae-paper-I'})>
00:18:49 ~ umamipe ~ INFO : Generating waveform using ML model for parameters:
00:18:49 ~ umamipe ~ INFO : Generating waveform using ML model for parameters:
00:18:49 ~ umamipe ~ INFO : Received parameters for waveform generation: {'geocent_time': 0.0, 'mass_1': np.float64(55.75445676970118), 'mass_2': np.float64(62.919747711215294), 'luminosity_distance': np.float64(3599.42612474375), 'dec': np.float64(-0.40148952453124676), 'ra': np.float64(4.079045606077802), 'theta_jn': np.float64(2.3142548047590816), 'psi': np.float64(2.626397266121736), 'phase': np.float64(0.8304546774523512), 'chi_1': np.float64(-0.02261335546479162), 'chi_2': np.float64(-0.6268016088817656), 'chi_1z': np.float64(0.21242663109903193), 'chi_2z': np.float64(-0.4125404562539348), 'spin_1z': np.float64(0.21242663109903193), 'spin_2z': np.float64(-0.4125404562539348), 'model_path': '../v0p1/trained-models/model-20251004_072338-10', 'config_path': 'modelconfig-cvae-paper-I'}
00:18:49 ~ root ~ INFO : Model set to evaluation mode for generation.
00:18:49 ~ root ~ DEBUG : torch.Size([1, 15])
00:18:49 ~ root ~ DEBUG : torch.Size([1, 1, 800])
00:18:49 ~ root ~ DEBUG : torch.Size([1, 64, 10])
00:18:49 ~ root ~ DEBUG : torch.Size([1, 640])
00:18:49 ~ root ~ DEBUG : amp shape: (8190,), freq shape: (8189,)
00:18:49 ~ root ~ DEBUG : freq shape: (8189,), dt: 0.0001220703125, theta0: 0.0
00:18:49 ~ root ~ DEBUG : amp shape: (8190,), freq shape: (8189,), phase shape: (8190,)
00:18:49 ~ umamipe ~ INFO : Generated waveform from ML model with shape: (1, 2, 8190)
00:18:49 ~ umamipe ~ INFO : Waveform shapes after adding dummy element at the start: (8192,), (8192,)
00:18:49 ~ umamipe ~ INFO : Generating waveform using ML model for parameters:
00:18:49 ~ umamipe ~ INFO : Converted (a_i, tilt_i, phi_i) to (spin_i_z): 0.4160774172178203, -0.7398023589061111
00:18:49 ~ umamipe ~ INFO : Formatted parameters for waveform generation:
00:18:49 ~ umamipe ~ INFO : Final parameters for waveform generation:
00:18:49 ~ umamipe ~ INFO : Generating waveform using ML model for parameters:
00:18:49 ~ umamipe ~ INFO : Using model: None and transformed model <bound method MLWaveformGenerator.get_ml_waveform of MLWaveformGenerator(duration=1.0, sampling_frequency=8192, start_time=0.0, frequency_domain_source_model=None, time_domain_source_model=umamipe.get_ml_waveform, parameter_conversion=umamipe.convert_to_ml_parameters, waveform_arguments={'model_path': '../v0p1/trained-models/model-20251004_072338-10', 'config_path': 'modelconfig-cvae-paper-I'})>
00:18:49 ~ umamipe ~ INFO : Generating waveform using ML model for parameters:
00:18:49 ~ umamipe ~ INFO : Generating waveform using ML model for parameters:
00:18:49 ~ umamipe ~ INFO : Received parameters for waveform generation: {'geocent_time': 0.0, 'mass_1': np.float64(71.86596771185319), 'mass_2': np.float64(57.82151742349843), 'luminosity_distance': np.float64(3012.469036763856), 'dec': np.float64(0.4812937952518405), 'ra': np.float64(1.3030804517986179), 'theta_jn': np.float64(0.6143706598633316), 'psi': np.float64(0.2745171751406755), 'phase': np.float64(3.661872817304482), 'chi_1': np.float64(0.40833253502554034), 'chi_2': np.float64(-0.2187027362512685), 'chi_1z': np.float64(0.4160774172178203), 'chi_2z': np.float64(-0.7398023589061111), 'spin_1z': np.float64(0.4160774172178203), 'spin_2z': np.float64(-0.7398023589061111), 'model_path': '../v0p1/trained-models/model-20251004_072338-10', 'config_path': 'modelconfig-cvae-paper-I'}
00:18:49 ~ root ~ INFO : Model set to evaluation mode for generation.
00:18:49 ~ root ~ DEBUG : torch.Size([1, 15])
00:18:49 ~ root ~ DEBUG : torch.Size([1, 1, 800])
00:18:49 ~ root ~ DEBUG : torch.Size([1, 64, 10])
00:18:49 ~ root ~ DEBUG : torch.Size([1, 640])
00:18:49 ~ root ~ DEBUG : amp shape: (8190,), freq shape: (8189,)
00:18:49 ~ root ~ DEBUG : freq shape: (8189,), dt: 0.0001220703125, theta0: 0.0
00:18:49 ~ root ~ DEBUG : amp shape: (8190,), freq shape: (8189,), phase shape: (8190,)
00:18:49 ~ umamipe ~ INFO : Generated waveform from ML model with shape: (1, 2, 8190)
00:18:49 ~ umamipe ~ INFO : Waveform shapes after adding dummy element at the start: (8192,), (8192,)
00:18:49 ~ umamipe ~ INFO : Generating waveform using ML model for parameters:
00:18:49 ~ umamipe ~ INFO : Converted (a_i, tilt_i, phi_i) to (spin_i_z): -0.25171633869306975, -0.40189300265870165
00:18:49 ~ umamipe ~ INFO : Formatted parameters for waveform generation:
00:18:49 ~ umamipe ~ INFO : Final parameters for waveform generation:
00:18:49 ~ umamipe ~ INFO : Generating waveform using ML model for parameters:
00:18:49 ~ umamipe ~ INFO : Using model: None and transformed model <bound method MLWaveformGenerator.get_ml_waveform of MLWaveformGenerator(duration=1.0, sampling_frequency=8192, start_time=0.0, frequency_domain_source_model=None, time_domain_source_model=umamipe.get_ml_waveform, parameter_conversion=umamipe.convert_to_ml_parameters, waveform_arguments={'model_path': '../v0p1/trained-models/model-20251004_072338-10', 'config_path': 'modelconfig-cvae-paper-I'})>
00:18:49 ~ umamipe ~ INFO : Generating waveform using ML model for parameters:
00:18:49 ~ umamipe ~ INFO : Generating waveform using ML model for parameters:
00:18:49 ~ umamipe ~ INFO : Received parameters for waveform generation: {'geocent_time': 0.0, 'mass_1': np.float64(45.90030329389458), 'mass_2': np.float64(59.417242930113126), 'luminosity_distance': np.float64(4468.391358640496), 'dec': np.float64(1.0894740785269394), 'ra': np.float64(3.9745568228682457), 'theta_jn': np.float64(1.4960752804698294), 'psi': np.float64(0.19049484370374137), 'phase': np.float64(1.731945244591365), 'chi_1': np.float64(0.4945020206888523), 'chi_2': np.float64(0.038694044584278234), 'chi_1z': np.float64(-0.25171633869306975), 'chi_2z': np.float64(-0.40189300265870165), 'spin_1z': np.float64(-0.25171633869306975), 'spin_2z': np.float64(-0.40189300265870165), 'model_path': '../v0p1/trained-models/model-20251004_072338-10', 'config_path': 'modelconfig-cvae-paper-I'}
00:18:49 ~ root ~ INFO : Model set to evaluation mode for generation.
00:18:49 ~ root ~ DEBUG : torch.Size([1, 15])
00:18:49 ~ root ~ DEBUG : torch.Size([1, 1, 800])
00:18:49 ~ root ~ DEBUG : torch.Size([1, 64, 10])
00:18:49 ~ root ~ DEBUG : torch.Size([1, 640])
00:18:49 ~ root ~ DEBUG : amp shape: (8190,), freq shape: (8189,)
00:18:49 ~ root ~ DEBUG : freq shape: (8189,), dt: 0.0001220703125, theta0: 0.0
00:18:49 ~ root ~ DEBUG : amp shape: (8190,), freq shape: (8189,), phase shape: (8190,)
00:18:49 ~ umamipe ~ INFO : Generated waveform from ML model with shape: (1, 2, 8190)
00:18:49 ~ umamipe ~ INFO : Waveform shapes after adding dummy element at the start: (8192,), (8192,)
00:18:49 ~ umamipe ~ INFO : Generating waveform using ML model for parameters:
00:18:49 ~ umamipe ~ INFO : Converted (a_i, tilt_i, phi_i) to (spin_i_z): 0.7627849396110091, 0.49302680104980223
00:18:49 ~ umamipe ~ INFO : Formatted parameters for waveform generation:
00:18:49 ~ umamipe ~ INFO : Final parameters for waveform generation:
00:18:49 ~ umamipe ~ INFO : Generating waveform using ML model for parameters:
00:18:49 ~ umamipe ~ INFO : Using model: None and transformed model <bound method MLWaveformGenerator.get_ml_waveform of MLWaveformGenerator(duration=1.0, sampling_frequency=8192, start_time=0.0, frequency_domain_source_model=None, time_domain_source_model=umamipe.get_ml_waveform, parameter_conversion=umamipe.convert_to_ml_parameters, waveform_arguments={'model_path': '../v0p1/trained-models/model-20251004_072338-10', 'config_path': 'modelconfig-cvae-paper-I'})>
00:18:49 ~ umamipe ~ INFO : Generating waveform using ML model for parameters:
00:18:49 ~ umamipe ~ INFO : Generating waveform using ML model for parameters:
00:18:49 ~ umamipe ~ INFO : Received parameters for waveform generation: {'geocent_time': 0.0, 'mass_1': np.float64(35.11456624594452), 'mass_2': np.float64(63.82222403306517), 'luminosity_distance': np.float64(3057.7962443663696), 'dec': np.float64(1.0615224015711953), 'ra': np.float64(2.8550273234887302), 'theta_jn': np.float64(2.2610763540840972), 'psi': np.float64(0.40915356040375067), 'phase': np.float64(0.9481805864463857), 'chi_1': np.float64(-0.1585982881509525), 'chi_2': np.float64(-0.26280248495612674), 'chi_1z': np.float64(0.7627849396110091), 'chi_2z': np.float64(0.49302680104980223), 'spin_1z': np.float64(0.7627849396110091), 'spin_2z': np.float64(0.49302680104980223), 'model_path': '../v0p1/trained-models/model-20251004_072338-10', 'config_path': 'modelconfig-cvae-paper-I'}
00:18:49 ~ root ~ INFO : Model set to evaluation mode for generation.
00:18:49 ~ root ~ DEBUG : torch.Size([1, 15])
00:18:49 ~ root ~ DEBUG : torch.Size([1, 1, 800])
00:18:49 ~ root ~ DEBUG : torch.Size([1, 64, 10])
00:18:49 ~ root ~ DEBUG : torch.Size([1, 640])
00:18:49 ~ root ~ DEBUG : amp shape: (8190,), freq shape: (8189,)
00:18:49 ~ root ~ DEBUG : freq shape: (8189,), dt: 0.0001220703125, theta0: 0.0
00:18:49 ~ root ~ DEBUG : amp shape: (8190,), freq shape: (8189,), phase shape: (8190,)
00:18:49 ~ umamipe ~ INFO : Generated waveform from ML model with shape: (1, 2, 8190)
00:18:49 ~ umamipe ~ INFO : Waveform shapes after adding dummy element at the start: (8192,), (8192,)
00:18:49 ~ umamipe ~ INFO : Generating waveform using ML model for parameters:
00:18:49 ~ umamipe ~ INFO : Converted (a_i, tilt_i, phi_i) to (spin_i_z): 0.6733222552067668, -0.3049002782793393
00:18:49 ~ umamipe ~ INFO : Formatted parameters for waveform generation:
00:18:49 ~ umamipe ~ INFO : Final parameters for waveform generation:
00:18:49 ~ umamipe ~ INFO : Generating waveform using ML model for parameters:
00:18:49 ~ umamipe ~ INFO : Using model: None and transformed model <bound method MLWaveformGenerator.get_ml_waveform of MLWaveformGenerator(duration=1.0, sampling_frequency=8192, start_time=0.0, frequency_domain_source_model=None, time_domain_source_model=umamipe.get_ml_waveform, parameter_conversion=umamipe.convert_to_ml_parameters, waveform_arguments={'model_path': '../v0p1/trained-models/model-20251004_072338-10', 'config_path': 'modelconfig-cvae-paper-I'})>
00:18:49 ~ umamipe ~ INFO : Generating waveform using ML model for parameters:
00:18:49 ~ umamipe ~ INFO : Generating waveform using ML model for parameters:
00:18:49 ~ umamipe ~ INFO : Received parameters for waveform generation: {'geocent_time': 0.0, 'mass_1': np.float64(45.67855095272619), 'mass_2': np.float64(53.39204207274394), 'luminosity_distance': np.float64(3501.397439877113), 'dec': np.float64(0.2160960449628392), 'ra': np.float64(0.6510432275612992), 'theta_jn': np.float64(1.2639647967013405), 'psi': np.float64(0.2699564267185704), 'phase': np.float64(5.774657078288868), 'chi_1': np.float64(-0.047306037952260745), 'chi_2': np.float64(0.1588459379793953), 'chi_1z': np.float64(0.6733222552067668), 'chi_2z': np.float64(-0.3049002782793393), 'spin_1z': np.float64(0.6733222552067668), 'spin_2z': np.float64(-0.3049002782793393), 'model_path': '../v0p1/trained-models/model-20251004_072338-10', 'config_path': 'modelconfig-cvae-paper-I'}
00:18:49 ~ root ~ INFO : Model set to evaluation mode for generation.
00:18:49 ~ root ~ DEBUG : torch.Size([1, 15])
00:18:49 ~ root ~ DEBUG : torch.Size([1, 1, 800])
00:18:49 ~ root ~ DEBUG : torch.Size([1, 64, 10])
00:18:49 ~ root ~ DEBUG : torch.Size([1, 640])
00:18:49 ~ root ~ DEBUG : amp shape: (8190,), freq shape: (8189,)
00:18:49 ~ root ~ DEBUG : freq shape: (8189,), dt: 0.0001220703125, theta0: 0.0
00:18:49 ~ root ~ DEBUG : amp shape: (8190,), freq shape: (8189,), phase shape: (8190,)
00:18:49 ~ umamipe ~ INFO : Generated waveform from ML model with shape: (1, 2, 8190)
00:18:49 ~ umamipe ~ INFO : Waveform shapes after adding dummy element at the start: (8192,), (8192,)
00:18:49 ~ umamipe ~ INFO : Generating waveform using ML model for parameters:
00:18:49 ~ umamipe ~ INFO : Converted (a_i, tilt_i, phi_i) to (spin_i_z): -0.2471054068548092, -0.6908653789801861
00:18:49 ~ umamipe ~ INFO : Formatted parameters for waveform generation:
00:18:49 ~ umamipe ~ INFO : Final parameters for waveform generation:
00:18:49 ~ umamipe ~ INFO : Generating waveform using ML model for parameters:
00:18:49 ~ umamipe ~ INFO : Using model: None and transformed model <bound method MLWaveformGenerator.get_ml_waveform of MLWaveformGenerator(duration=1.0, sampling_frequency=8192, start_time=0.0, frequency_domain_source_model=None, time_domain_source_model=umamipe.get_ml_waveform, parameter_conversion=umamipe.convert_to_ml_parameters, waveform_arguments={'model_path': '../v0p1/trained-models/model-20251004_072338-10', 'config_path': 'modelconfig-cvae-paper-I'})>
00:18:49 ~ umamipe ~ INFO : Generating waveform using ML model for parameters:
00:18:49 ~ umamipe ~ INFO : Generating waveform using ML model for parameters:
00:18:49 ~ umamipe ~ INFO : Received parameters for waveform generation: {'geocent_time': 0.0, 'mass_1': np.float64(33.95321379348052), 'mass_2': np.float64(45.12973102078386), 'luminosity_distance': np.float64(3970.395987425426), 'dec': np.float64(-0.000405067005791393), 'ra': np.float64(0.47094715612531085), 'theta_jn': np.float64(0.5362952690630883), 'psi': np.float64(2.1977375994978523), 'phase': np.float64(4.627850852227252), 'chi_1': np.float64(-0.4119809288096136), 'chi_2': np.float64(0.24244221760035775), 'chi_1z': np.float64(-0.2471054068548092), 'chi_2z': np.float64(-0.6908653789801861), 'spin_1z': np.float64(-0.2471054068548092), 'spin_2z': np.float64(-0.6908653789801861), 'model_path': '../v0p1/trained-models/model-20251004_072338-10', 'config_path': 'modelconfig-cvae-paper-I'}
00:18:49 ~ root ~ INFO : Model set to evaluation mode for generation.
00:18:49 ~ root ~ DEBUG : torch.Size([1, 15])
00:18:49 ~ root ~ DEBUG : torch.Size([1, 1, 800])
00:18:49 ~ root ~ DEBUG : torch.Size([1, 64, 10])
00:18:49 ~ root ~ DEBUG : torch.Size([1, 640])
00:18:49 ~ root ~ DEBUG : amp shape: (8190,), freq shape: (8189,)
00:18:49 ~ root ~ DEBUG : freq shape: (8189,), dt: 0.0001220703125, theta0: 0.0
00:18:49 ~ root ~ DEBUG : amp shape: (8190,), freq shape: (8189,), phase shape: (8190,)
00:18:49 ~ umamipe ~ INFO : Generated waveform from ML model with shape: (1, 2, 8190)
00:18:49 ~ umamipe ~ INFO : Waveform shapes after adding dummy element at the start: (8192,), (8192,)
00:18:49 ~ umamipe ~ INFO : Generating waveform using ML model for parameters:
00:18:49 ~ umamipe ~ INFO : Converted (a_i, tilt_i, phi_i) to (spin_i_z): -0.6360497508493563, -0.3357286941101485
00:18:49 ~ umamipe ~ INFO : Formatted parameters for waveform generation:
00:18:49 ~ umamipe ~ INFO : Final parameters for waveform generation:
00:18:49 ~ umamipe ~ INFO : Generating waveform using ML model for parameters:
00:18:49 ~ umamipe ~ INFO : Using model: None and transformed model <bound method MLWaveformGenerator.get_ml_waveform of MLWaveformGenerator(duration=1.0, sampling_frequency=8192, start_time=0.0, frequency_domain_source_model=None, time_domain_source_model=umamipe.get_ml_waveform, parameter_conversion=umamipe.convert_to_ml_parameters, waveform_arguments={'model_path': '../v0p1/trained-models/model-20251004_072338-10', 'config_path': 'modelconfig-cvae-paper-I'})>
00:18:49 ~ umamipe ~ INFO : Generating waveform using ML model for parameters:
00:18:49 ~ umamipe ~ INFO : Generating waveform using ML model for parameters:
00:18:49 ~ umamipe ~ INFO : Received parameters for waveform generation: {'geocent_time': 0.0, 'mass_1': np.float64(45.023746760492884), 'mass_2': np.float64(62.87137989583955), 'luminosity_distance': np.float64(3920.0680151413676), 'dec': np.float64(-0.037066732547544674), 'ra': np.float64(1.7571096099379302), 'theta_jn': np.float64(1.4059126012282082), 'psi': np.float64(1.1988653104620763), 'phase': np.float64(2.4505850498662856), 'chi_1': np.float64(-0.0030030043256773086), 'chi_2': np.float64(-0.017604880811594427), 'chi_1z': np.float64(-0.6360497508493563), 'chi_2z': np.float64(-0.3357286941101485), 'spin_1z': np.float64(-0.6360497508493563), 'spin_2z': np.float64(-0.3357286941101485), 'model_path': '../v0p1/trained-models/model-20251004_072338-10', 'config_path': 'modelconfig-cvae-paper-I'}
00:18:49 ~ root ~ INFO : Model set to evaluation mode for generation.
00:18:49 ~ root ~ DEBUG : torch.Size([1, 15])
00:18:49 ~ root ~ DEBUG : torch.Size([1, 1, 800])
00:18:49 ~ root ~ DEBUG : torch.Size([1, 64, 10])
00:18:49 ~ root ~ DEBUG : torch.Size([1, 640])
00:18:49 ~ root ~ DEBUG : amp shape: (8190,), freq shape: (8189,)
00:18:49 ~ root ~ DEBUG : freq shape: (8189,), dt: 0.0001220703125, theta0: 0.0
00:18:49 ~ root ~ DEBUG : amp shape: (8190,), freq shape: (8189,), phase shape: (8190,)
00:18:49 ~ umamipe ~ INFO : Generated waveform from ML model with shape: (1, 2, 8190)
00:18:49 ~ umamipe ~ INFO : Waveform shapes after adding dummy element at the start: (8192,), (8192,)
00:18:49 ~ umamipe ~ INFO : Generating waveform using ML model for parameters:
00:18:49 ~ umamipe ~ INFO : Converted (a_i, tilt_i, phi_i) to (spin_i_z): -0.5201361310827887, -0.21315568206129443
00:18:49 ~ umamipe ~ INFO : Formatted parameters for waveform generation:
00:18:49 ~ umamipe ~ INFO : Final parameters for waveform generation:
00:18:49 ~ umamipe ~ INFO : Generating waveform using ML model for parameters:
00:18:49 ~ umamipe ~ INFO : Using model: None and transformed model <bound method MLWaveformGenerator.get_ml_waveform of MLWaveformGenerator(duration=1.0, sampling_frequency=8192, start_time=0.0, frequency_domain_source_model=None, time_domain_source_model=umamipe.get_ml_waveform, parameter_conversion=umamipe.convert_to_ml_parameters, waveform_arguments={'model_path': '../v0p1/trained-models/model-20251004_072338-10', 'config_path': 'modelconfig-cvae-paper-I'})>
00:18:49 ~ umamipe ~ INFO : Generating waveform using ML model for parameters:
00:18:49 ~ umamipe ~ INFO : Generating waveform using ML model for parameters:
00:18:49 ~ umamipe ~ INFO : Received parameters for waveform generation: {'geocent_time': 0.0, 'mass_1': np.float64(35.80991831482719), 'mass_2': np.float64(57.094329656407695), 'luminosity_distance': np.float64(3097.6654804113778), 'dec': np.float64(0.3510153428127532), 'ra': np.float64(0.5504271506526295), 'theta_jn': np.float64(1.2554120109551554), 'psi': np.float64(0.5665916920221177), 'phase': np.float64(0.5786041747995657), 'chi_1': np.float64(0.21376358240821872), 'chi_2': np.float64(-0.3665542286470369), 'chi_1z': np.float64(-0.5201361310827887), 'chi_2z': np.float64(-0.21315568206129443), 'spin_1z': np.float64(-0.5201361310827887), 'spin_2z': np.float64(-0.21315568206129443), 'model_path': '../v0p1/trained-models/model-20251004_072338-10', 'config_path': 'modelconfig-cvae-paper-I'}
00:18:49 ~ root ~ INFO : Model set to evaluation mode for generation.
00:18:49 ~ root ~ DEBUG : torch.Size([1, 15])
00:18:49 ~ root ~ DEBUG : torch.Size([1, 1, 800])
00:18:49 ~ root ~ DEBUG : torch.Size([1, 64, 10])
00:18:49 ~ root ~ DEBUG : torch.Size([1, 640])
00:18:49 ~ root ~ DEBUG : amp shape: (8190,), freq shape: (8189,)
00:18:49 ~ root ~ DEBUG : freq shape: (8189,), dt: 0.0001220703125, theta0: 0.0
00:18:49 ~ root ~ DEBUG : amp shape: (8190,), freq shape: (8189,), phase shape: (8190,)
00:18:49 ~ umamipe ~ INFO : Generated waveform from ML model with shape: (1, 2, 8190)
00:18:49 ~ umamipe ~ INFO : Waveform shapes after adding dummy element at the start: (8192,), (8192,)
00:18:49 ~ umamipe ~ INFO : Generating waveform using ML model for parameters:
00:18:49 ~ umamipe ~ INFO : Converted (a_i, tilt_i, phi_i) to (spin_i_z): -0.5743862580474053, -0.23718223748719347
00:18:49 ~ umamipe ~ INFO : Formatted parameters for waveform generation:
00:18:49 ~ umamipe ~ INFO : Final parameters for waveform generation:
00:18:49 ~ umamipe ~ INFO : Generating waveform using ML model for parameters:
00:18:49 ~ umamipe ~ INFO : Using model: None and transformed model <bound method MLWaveformGenerator.get_ml_waveform of MLWaveformGenerator(duration=1.0, sampling_frequency=8192, start_time=0.0, frequency_domain_source_model=None, time_domain_source_model=umamipe.get_ml_waveform, parameter_conversion=umamipe.convert_to_ml_parameters, waveform_arguments={'model_path': '../v0p1/trained-models/model-20251004_072338-10', 'config_path': 'modelconfig-cvae-paper-I'})>
00:18:49 ~ umamipe ~ INFO : Generating waveform using ML model for parameters:
00:18:49 ~ umamipe ~ INFO : Generating waveform using ML model for parameters:
00:18:49 ~ umamipe ~ INFO : Received parameters for waveform generation: {'geocent_time': 0.0, 'mass_1': np.float64(43.17432555487825), 'mass_2': np.float64(71.39184097700289), 'luminosity_distance': np.float64(4965.898295987167), 'dec': np.float64(-0.15582848327205165), 'ra': np.float64(1.2637674342511418), 'theta_jn': np.float64(1.5670196904028795), 'psi': np.float64(1.5571888441116908), 'phase': np.float64(2.9282071319604857), 'chi_1': np.float64(-0.7214106936922364), 'chi_2': np.float64(-0.3716912533478958), 'chi_1z': np.float64(-0.5743862580474053), 'chi_2z': np.float64(-0.23718223748719347), 'spin_1z': np.float64(-0.5743862580474053), 'spin_2z': np.float64(-0.23718223748719347), 'model_path': '../v0p1/trained-models/model-20251004_072338-10', 'config_path': 'modelconfig-cvae-paper-I'}
00:18:49 ~ root ~ INFO : Model set to evaluation mode for generation.
00:18:49 ~ root ~ DEBUG : torch.Size([1, 15])
00:18:49 ~ root ~ DEBUG : torch.Size([1, 1, 800])
00:18:49 ~ root ~ DEBUG : torch.Size([1, 64, 10])
00:18:49 ~ root ~ DEBUG : torch.Size([1, 640])
00:18:49 ~ root ~ DEBUG : amp shape: (8190,), freq shape: (8189,)
00:18:49 ~ root ~ DEBUG : freq shape: (8189,), dt: 0.0001220703125, theta0: 0.0
00:18:49 ~ root ~ DEBUG : amp shape: (8190,), freq shape: (8189,), phase shape: (8190,)
00:18:49 ~ umamipe ~ INFO : Generated waveform from ML model with shape: (1, 2, 8190)
00:18:49 ~ umamipe ~ INFO : Waveform shapes after adding dummy element at the start: (8192,), (8192,)
00:18:49 ~ umamipe ~ INFO : Generating waveform using ML model for parameters:
00:18:49 ~ umamipe ~ INFO : Converted (a_i, tilt_i, phi_i) to (spin_i_z): -0.6319491391804246, -0.48845011179899595
00:18:49 ~ umamipe ~ INFO : Formatted parameters for waveform generation:
00:18:49 ~ umamipe ~ INFO : Final parameters for waveform generation:
00:18:49 ~ umamipe ~ INFO : Generating waveform using ML model for parameters:
00:18:49 ~ umamipe ~ INFO : Using model: None and transformed model <bound method MLWaveformGenerator.get_ml_waveform of MLWaveformGenerator(duration=1.0, sampling_frequency=8192, start_time=0.0, frequency_domain_source_model=None, time_domain_source_model=umamipe.get_ml_waveform, parameter_conversion=umamipe.convert_to_ml_parameters, waveform_arguments={'model_path': '../v0p1/trained-models/model-20251004_072338-10', 'config_path': 'modelconfig-cvae-paper-I'})>
00:18:49 ~ umamipe ~ INFO : Generating waveform using ML model for parameters:
00:18:49 ~ umamipe ~ INFO : Generating waveform using ML model for parameters:
00:18:49 ~ umamipe ~ INFO : Received parameters for waveform generation: {'geocent_time': 0.0, 'mass_1': np.float64(56.13545410040125), 'mass_2': np.float64(69.50295872724159), 'luminosity_distance': np.float64(2254.2804886336035), 'dec': np.float64(0.5732913547911213), 'ra': np.float64(1.4213058983137037), 'theta_jn': np.float64(0.36319481756104594), 'psi': np.float64(2.0415901613999283), 'phase': np.float64(1.348578477100748), 'chi_1': np.float64(0.48478051289355395), 'chi_2': np.float64(0.5252528852467866), 'chi_1z': np.float64(-0.6319491391804246), 'chi_2z': np.float64(-0.48845011179899595), 'spin_1z': np.float64(-0.6319491391804246), 'spin_2z': np.float64(-0.48845011179899595), 'model_path': '../v0p1/trained-models/model-20251004_072338-10', 'config_path': 'modelconfig-cvae-paper-I'}
00:18:49 ~ root ~ INFO : Model set to evaluation mode for generation.
00:18:49 ~ root ~ DEBUG : torch.Size([1, 15])
00:18:49 ~ root ~ DEBUG : torch.Size([1, 1, 800])
00:18:49 ~ root ~ DEBUG : torch.Size([1, 64, 10])
00:18:49 ~ root ~ DEBUG : torch.Size([1, 640])
00:18:49 ~ root ~ DEBUG : amp shape: (8190,), freq shape: (8189,)
00:18:49 ~ root ~ DEBUG : freq shape: (8189,), dt: 0.0001220703125, theta0: 0.0
00:18:49 ~ root ~ DEBUG : amp shape: (8190,), freq shape: (8189,), phase shape: (8190,)
00:18:49 ~ umamipe ~ INFO : Generated waveform from ML model with shape: (1, 2, 8190)
00:18:49 ~ umamipe ~ INFO : Waveform shapes after adding dummy element at the start: (8192,), (8192,)
00:18:49 ~ umamipe ~ INFO : Generating waveform using ML model for parameters:
00:18:49 ~ umamipe ~ INFO : Converted (a_i, tilt_i, phi_i) to (spin_i_z): -0.4205879131698176, -0.053839579199243426
00:18:49 ~ umamipe ~ INFO : Formatted parameters for waveform generation:
00:18:49 ~ umamipe ~ INFO : Final parameters for waveform generation:
00:18:49 ~ umamipe ~ INFO : Generating waveform using ML model for parameters:
00:18:49 ~ umamipe ~ INFO : Using model: None and transformed model <bound method MLWaveformGenerator.get_ml_waveform of MLWaveformGenerator(duration=1.0, sampling_frequency=8192, start_time=0.0, frequency_domain_source_model=None, time_domain_source_model=umamipe.get_ml_waveform, parameter_conversion=umamipe.convert_to_ml_parameters, waveform_arguments={'model_path': '../v0p1/trained-models/model-20251004_072338-10', 'config_path': 'modelconfig-cvae-paper-I'})>
00:18:49 ~ umamipe ~ INFO : Generating waveform using ML model for parameters:
00:18:49 ~ umamipe ~ INFO : Generating waveform using ML model for parameters:
00:18:49 ~ umamipe ~ INFO : Received parameters for waveform generation: {'geocent_time': 0.0, 'mass_1': np.float64(39.468612396960594), 'mass_2': np.float64(71.0147327776711), 'luminosity_distance': np.float64(1397.9352345044533), 'dec': np.float64(0.5262983494591527), 'ra': np.float64(1.8077014851021032), 'theta_jn': np.float64(1.7364216435964717), 'psi': np.float64(0.5569480107250224), 'phase': np.float64(5.067575294797137), 'chi_1': np.float64(0.1039060690014724), 'chi_2': np.float64(-0.7163953978658637), 'chi_1z': np.float64(-0.4205879131698176), 'chi_2z': np.float64(-0.053839579199243426), 'spin_1z': np.float64(-0.4205879131698176), 'spin_2z': np.float64(-0.053839579199243426), 'model_path': '../v0p1/trained-models/model-20251004_072338-10', 'config_path': 'modelconfig-cvae-paper-I'}
00:18:49 ~ root ~ INFO : Model set to evaluation mode for generation.
00:18:49 ~ root ~ DEBUG : torch.Size([1, 15])
00:18:49 ~ root ~ DEBUG : torch.Size([1, 1, 800])
00:18:49 ~ root ~ DEBUG : torch.Size([1, 64, 10])
00:18:49 ~ root ~ DEBUG : torch.Size([1, 640])
00:18:49 ~ root ~ DEBUG : amp shape: (8190,), freq shape: (8189,)
00:18:49 ~ root ~ DEBUG : freq shape: (8189,), dt: 0.0001220703125, theta0: 0.0
00:18:49 ~ root ~ DEBUG : amp shape: (8190,), freq shape: (8189,), phase shape: (8190,)
00:18:49 ~ umamipe ~ INFO : Generated waveform from ML model with shape: (1, 2, 8190)
00:18:49 ~ umamipe ~ INFO : Waveform shapes after adding dummy element at the start: (8192,), (8192,)
00:18:49 ~ umamipe ~ INFO : Generating waveform using ML model for parameters:
00:18:49 ~ umamipe ~ INFO : Converted (a_i, tilt_i, phi_i) to (spin_i_z): 0.3188530614935039, -0.7838437126584297
00:18:49 ~ umamipe ~ INFO : Formatted parameters for waveform generation:
00:18:49 ~ umamipe ~ INFO : Final parameters for waveform generation:
00:18:49 ~ umamipe ~ INFO : Generating waveform using ML model for parameters:
00:18:49 ~ umamipe ~ INFO : Using model: None and transformed model <bound method MLWaveformGenerator.get_ml_waveform of MLWaveformGenerator(duration=1.0, sampling_frequency=8192, start_time=0.0, frequency_domain_source_model=None, time_domain_source_model=umamipe.get_ml_waveform, parameter_conversion=umamipe.convert_to_ml_parameters, waveform_arguments={'model_path': '../v0p1/trained-models/model-20251004_072338-10', 'config_path': 'modelconfig-cvae-paper-I'})>
00:18:49 ~ umamipe ~ INFO : Generating waveform using ML model for parameters:
00:18:49 ~ umamipe ~ INFO : Generating waveform using ML model for parameters:
00:18:49 ~ umamipe ~ INFO : Received parameters for waveform generation: {'geocent_time': 0.0, 'mass_1': np.float64(53.90289532873338), 'mass_2': np.float64(67.2272165850716), 'luminosity_distance': np.float64(2959.2564048284553), 'dec': np.float64(1.0230278989596007), 'ra': np.float64(1.2182179047227213), 'theta_jn': np.float64(2.368029907628191), 'psi': np.float64(2.8409407601728582), 'phase': np.float64(3.937590342434644), 'chi_1': np.float64(0.6553316927163301), 'chi_2': np.float64(-0.04273661458147776), 'chi_1z': np.float64(0.3188530614935039), 'chi_2z': np.float64(-0.7838437126584297), 'spin_1z': np.float64(0.3188530614935039), 'spin_2z': np.float64(-0.7838437126584297), 'model_path': '../v0p1/trained-models/model-20251004_072338-10', 'config_path': 'modelconfig-cvae-paper-I'}
00:18:49 ~ root ~ INFO : Model set to evaluation mode for generation.
00:18:49 ~ root ~ DEBUG : torch.Size([1, 15])
00:18:49 ~ root ~ DEBUG : torch.Size([1, 1, 800])
00:18:49 ~ root ~ DEBUG : torch.Size([1, 64, 10])
00:18:49 ~ root ~ DEBUG : torch.Size([1, 640])
00:18:49 ~ root ~ DEBUG : amp shape: (8190,), freq shape: (8189,)
00:18:49 ~ root ~ DEBUG : freq shape: (8189,), dt: 0.0001220703125, theta0: 0.0
00:18:49 ~ root ~ DEBUG : amp shape: (8190,), freq shape: (8189,), phase shape: (8190,)
00:18:49 ~ umamipe ~ INFO : Generated waveform from ML model with shape: (1, 2, 8190)
00:18:49 ~ umamipe ~ INFO : Waveform shapes after adding dummy element at the start: (8192,), (8192,)
00:18:49 ~ umamipe ~ INFO : Generating waveform using ML model for parameters:
00:18:49 ~ umamipe ~ INFO : Converted (a_i, tilt_i, phi_i) to (spin_i_z): -0.021984843198384896, 0.4599331738203165
00:18:49 ~ umamipe ~ INFO : Formatted parameters for waveform generation:
00:18:49 ~ umamipe ~ INFO : Final parameters for waveform generation:
00:18:49 ~ umamipe ~ INFO : Generating waveform using ML model for parameters:
00:18:49 ~ umamipe ~ INFO : Using model: None and transformed model <bound method MLWaveformGenerator.get_ml_waveform of MLWaveformGenerator(duration=1.0, sampling_frequency=8192, start_time=0.0, frequency_domain_source_model=None, time_domain_source_model=umamipe.get_ml_waveform, parameter_conversion=umamipe.convert_to_ml_parameters, waveform_arguments={'model_path': '../v0p1/trained-models/model-20251004_072338-10', 'config_path': 'modelconfig-cvae-paper-I'})>
00:18:49 ~ umamipe ~ INFO : Generating waveform using ML model for parameters:
00:18:49 ~ umamipe ~ INFO : Generating waveform using ML model for parameters:
00:18:49 ~ umamipe ~ INFO : Received parameters for waveform generation: {'geocent_time': 0.0, 'mass_1': np.float64(42.36062044174929), 'mass_2': np.float64(55.48660528480292), 'luminosity_distance': np.float64(4622.72378694671), 'dec': np.float64(1.1333852277785001), 'ra': np.float64(3.64068725232303), 'theta_jn': np.float64(2.362770025497308), 'psi': np.float64(2.510862664875082), 'phase': np.float64(4.861137040829116), 'chi_1': np.float64(-0.40760166409340604), 'chi_2': np.float64(-0.007129244643974184), 'chi_1z': np.float64(-0.021984843198384896), 'chi_2z': np.float64(0.4599331738203165), 'spin_1z': np.float64(-0.021984843198384896), 'spin_2z': np.float64(0.4599331738203165), 'model_path': '../v0p1/trained-models/model-20251004_072338-10', 'config_path': 'modelconfig-cvae-paper-I'}
00:18:49 ~ root ~ INFO : Model set to evaluation mode for generation.
00:18:49 ~ root ~ DEBUG : torch.Size([1, 15])
00:18:49 ~ root ~ DEBUG : torch.Size([1, 1, 800])
00:18:49 ~ root ~ DEBUG : torch.Size([1, 64, 10])
00:18:49 ~ root ~ DEBUG : torch.Size([1, 640])
00:18:49 ~ root ~ DEBUG : amp shape: (8190,), freq shape: (8189,)
00:18:49 ~ root ~ DEBUG : freq shape: (8189,), dt: 0.0001220703125, theta0: 0.0
00:18:49 ~ root ~ DEBUG : amp shape: (8190,), freq shape: (8189,), phase shape: (8190,)
00:18:49 ~ umamipe ~ INFO : Generated waveform from ML model with shape: (1, 2, 8190)
00:18:49 ~ umamipe ~ INFO : Waveform shapes after adding dummy element at the start: (8192,), (8192,)
00:18:49 ~ umamipe ~ INFO : Generating waveform using ML model for parameters:
00:18:49 ~ umamipe ~ INFO : Converted (a_i, tilt_i, phi_i) to (spin_i_z): 0.40310621124018553, -0.2726666796330781
00:18:49 ~ umamipe ~ INFO : Formatted parameters for waveform generation:
00:18:49 ~ umamipe ~ INFO : Final parameters for waveform generation:
00:18:49 ~ umamipe ~ INFO : Generating waveform using ML model for parameters:
00:18:49 ~ umamipe ~ INFO : Using model: None and transformed model <bound method MLWaveformGenerator.get_ml_waveform of MLWaveformGenerator(duration=1.0, sampling_frequency=8192, start_time=0.0, frequency_domain_source_model=None, time_domain_source_model=umamipe.get_ml_waveform, parameter_conversion=umamipe.convert_to_ml_parameters, waveform_arguments={'model_path': '../v0p1/trained-models/model-20251004_072338-10', 'config_path': 'modelconfig-cvae-paper-I'})>
00:18:49 ~ umamipe ~ INFO : Generating waveform using ML model for parameters:
00:18:49 ~ umamipe ~ INFO : Generating waveform using ML model for parameters:
00:18:49 ~ umamipe ~ INFO : Received parameters for waveform generation: {'geocent_time': 0.0, 'mass_1': np.float64(56.37483805749969), 'mass_2': np.float64(66.89337149870518), 'luminosity_distance': np.float64(4868.7589857891435), 'dec': np.float64(0.10954667852435636), 'ra': np.float64(4.974467135071504), 'theta_jn': np.float64(1.6922144111505124), 'psi': np.float64(1.9657029444016054), 'phase': np.float64(2.9908359612542923), 'chi_1': np.float64(0.619676210101898), 'chi_2': np.float64(0.27621117106395804), 'chi_1z': np.float64(0.40310621124018553), 'chi_2z': np.float64(-0.2726666796330781), 'spin_1z': np.float64(0.40310621124018553), 'spin_2z': np.float64(-0.2726666796330781), 'model_path': '../v0p1/trained-models/model-20251004_072338-10', 'config_path': 'modelconfig-cvae-paper-I'}
00:18:49 ~ root ~ INFO : Model set to evaluation mode for generation.
00:18:49 ~ root ~ DEBUG : torch.Size([1, 15])
00:18:49 ~ root ~ DEBUG : torch.Size([1, 1, 800])
00:18:49 ~ root ~ DEBUG : torch.Size([1, 64, 10])
00:18:49 ~ root ~ DEBUG : torch.Size([1, 640])
00:18:49 ~ root ~ DEBUG : amp shape: (8190,), freq shape: (8189,)
00:18:49 ~ root ~ DEBUG : freq shape: (8189,), dt: 0.0001220703125, theta0: 0.0
00:18:49 ~ root ~ DEBUG : amp shape: (8190,), freq shape: (8189,), phase shape: (8190,)
00:18:49 ~ umamipe ~ INFO : Generated waveform from ML model with shape: (1, 2, 8190)
00:18:49 ~ umamipe ~ INFO : Waveform shapes after adding dummy element at the start: (8192,), (8192,)
00:18:49 ~ umamipe ~ INFO : Generating waveform using ML model for parameters:
00:18:49 ~ umamipe ~ INFO : Converted (a_i, tilt_i, phi_i) to (spin_i_z): -0.7819987534417043, 0.6950170270544447
00:18:49 ~ umamipe ~ INFO : Formatted parameters for waveform generation:
00:18:49 ~ umamipe ~ INFO : Final parameters for waveform generation:
00:18:49 ~ umamipe ~ INFO : Generating waveform using ML model for parameters:
00:18:49 ~ umamipe ~ INFO : Using model: None and transformed model <bound method MLWaveformGenerator.get_ml_waveform of MLWaveformGenerator(duration=1.0, sampling_frequency=8192, start_time=0.0, frequency_domain_source_model=None, time_domain_source_model=umamipe.get_ml_waveform, parameter_conversion=umamipe.convert_to_ml_parameters, waveform_arguments={'model_path': '../v0p1/trained-models/model-20251004_072338-10', 'config_path': 'modelconfig-cvae-paper-I'})>
00:18:49 ~ umamipe ~ INFO : Generating waveform using ML model for parameters:
00:18:49 ~ umamipe ~ INFO : Generating waveform using ML model for parameters:
00:18:49 ~ umamipe ~ INFO : Received parameters for waveform generation: {'geocent_time': 0.0, 'mass_1': np.float64(51.84367458400163), 'mass_2': np.float64(68.8309038626933), 'luminosity_distance': np.float64(4807.871151607668), 'dec': np.float64(1.4717611213389667), 'ra': np.float64(4.614555009713772), 'theta_jn': np.float64(2.050681255396029), 'psi': np.float64(0.2949181117601048), 'phase': np.float64(4.722070317980865), 'chi_1': np.float64(-0.08902069525961877), 'chi_2': np.float64(0.35781217316924385), 'chi_1z': np.float64(-0.7819987534417043), 'chi_2z': np.float64(0.6950170270544447), 'spin_1z': np.float64(-0.7819987534417043), 'spin_2z': np.float64(0.6950170270544447), 'model_path': '../v0p1/trained-models/model-20251004_072338-10', 'config_path': 'modelconfig-cvae-paper-I'}
00:18:49 ~ root ~ INFO : Model set to evaluation mode for generation.
00:18:49 ~ root ~ DEBUG : torch.Size([1, 15])
00:18:49 ~ root ~ DEBUG : torch.Size([1, 1, 800])
00:18:49 ~ root ~ DEBUG : torch.Size([1, 64, 10])
00:18:49 ~ root ~ DEBUG : torch.Size([1, 640])
00:18:49 ~ root ~ DEBUG : amp shape: (8190,), freq shape: (8189,)
00:18:49 ~ root ~ DEBUG : freq shape: (8189,), dt: 0.0001220703125, theta0: 0.0
00:18:49 ~ root ~ DEBUG : amp shape: (8190,), freq shape: (8189,), phase shape: (8190,)
00:18:49 ~ umamipe ~ INFO : Generated waveform from ML model with shape: (1, 2, 8190)
00:18:49 ~ umamipe ~ INFO : Waveform shapes after adding dummy element at the start: (8192,), (8192,)
00:18:49 ~ umamipe ~ INFO : Generating waveform using ML model for parameters:
00:18:49 ~ umamipe ~ INFO : Converted (a_i, tilt_i, phi_i) to (spin_i_z): 0.4448111777091839, -0.7444125193283633
00:18:49 ~ umamipe ~ INFO : Formatted parameters for waveform generation:
00:18:49 ~ umamipe ~ INFO : Final parameters for waveform generation:
00:18:49 ~ umamipe ~ INFO : Generating waveform using ML model for parameters:
00:18:49 ~ umamipe ~ INFO : Using model: None and transformed model <bound method MLWaveformGenerator.get_ml_waveform of MLWaveformGenerator(duration=1.0, sampling_frequency=8192, start_time=0.0, frequency_domain_source_model=None, time_domain_source_model=umamipe.get_ml_waveform, parameter_conversion=umamipe.convert_to_ml_parameters, waveform_arguments={'model_path': '../v0p1/trained-models/model-20251004_072338-10', 'config_path': 'modelconfig-cvae-paper-I'})>
00:18:49 ~ umamipe ~ INFO : Generating waveform using ML model for parameters:
00:18:49 ~ umamipe ~ INFO : Generating waveform using ML model for parameters:
00:18:49 ~ umamipe ~ INFO : Received parameters for waveform generation: {'geocent_time': 0.0, 'mass_1': np.float64(51.77463781983792), 'mass_2': np.float64(35.758008981917186), 'luminosity_distance': np.float64(3736.003490168857), 'dec': np.float64(0.39420220843789355), 'ra': np.float64(4.899617326326541), 'theta_jn': np.float64(1.9863483621866818), 'psi': np.float64(1.7384797587364689), 'phase': np.float64(0.5148694955679263), 'chi_1': np.float64(0.35447115141596863), 'chi_2': np.float64(0.7461362264259608), 'chi_1z': np.float64(0.4448111777091839), 'chi_2z': np.float64(-0.7444125193283633), 'spin_1z': np.float64(0.4448111777091839), 'spin_2z': np.float64(-0.7444125193283633), 'model_path': '../v0p1/trained-models/model-20251004_072338-10', 'config_path': 'modelconfig-cvae-paper-I'}
00:18:49 ~ root ~ INFO : Model set to evaluation mode for generation.
00:18:49 ~ root ~ DEBUG : torch.Size([1, 15])
00:18:49 ~ root ~ DEBUG : torch.Size([1, 1, 800])
00:18:49 ~ root ~ DEBUG : torch.Size([1, 64, 10])
00:18:49 ~ root ~ DEBUG : torch.Size([1, 640])
00:18:49 ~ root ~ DEBUG : amp shape: (8190,), freq shape: (8189,)
00:18:49 ~ root ~ DEBUG : freq shape: (8189,), dt: 0.0001220703125, theta0: 0.0
00:18:49 ~ root ~ DEBUG : amp shape: (8190,), freq shape: (8189,), phase shape: (8190,)
00:18:49 ~ umamipe ~ INFO : Generated waveform from ML model with shape: (1, 2, 8190)
00:18:49 ~ umamipe ~ INFO : Waveform shapes after adding dummy element at the start: (8192,), (8192,)
00:18:49 ~ umamipe ~ INFO : Generating waveform using ML model for parameters:
00:18:49 ~ umamipe ~ INFO : Converted (a_i, tilt_i, phi_i) to (spin_i_z): 0.6073212109519275, -0.08599027805438964
00:18:49 ~ umamipe ~ INFO : Formatted parameters for waveform generation:
00:18:49 ~ umamipe ~ INFO : Final parameters for waveform generation:
00:18:49 ~ umamipe ~ INFO : Generating waveform using ML model for parameters:
00:18:49 ~ umamipe ~ INFO : Using model: None and transformed model <bound method MLWaveformGenerator.get_ml_waveform of MLWaveformGenerator(duration=1.0, sampling_frequency=8192, start_time=0.0, frequency_domain_source_model=None, time_domain_source_model=umamipe.get_ml_waveform, parameter_conversion=umamipe.convert_to_ml_parameters, waveform_arguments={'model_path': '../v0p1/trained-models/model-20251004_072338-10', 'config_path': 'modelconfig-cvae-paper-I'})>
00:18:49 ~ umamipe ~ INFO : Generating waveform using ML model for parameters:
00:18:49 ~ umamipe ~ INFO : Generating waveform using ML model for parameters:
00:18:49 ~ umamipe ~ INFO : Received parameters for waveform generation: {'geocent_time': 0.0, 'mass_1': np.float64(64.00640439409952), 'mass_2': np.float64(42.13384665987413), 'luminosity_distance': np.float64(4885.852529833019), 'dec': np.float64(-1.0612889311236666), 'ra': np.float64(0.5796765782916575), 'theta_jn': np.float64(0.8798596316690032), 'psi': np.float64(2.366115988355741), 'phase': np.float64(4.092898087570007), 'chi_1': np.float64(0.1590837296787024), 'chi_2': np.float64(-0.08322939165824343), 'chi_1z': np.float64(0.6073212109519275), 'chi_2z': np.float64(-0.08599027805438964), 'spin_1z': np.float64(0.6073212109519275), 'spin_2z': np.float64(-0.08599027805438964), 'model_path': '../v0p1/trained-models/model-20251004_072338-10', 'config_path': 'modelconfig-cvae-paper-I'}
00:18:49 ~ root ~ INFO : Model set to evaluation mode for generation.
00:18:49 ~ root ~ DEBUG : torch.Size([1, 15])
00:18:49 ~ root ~ DEBUG : torch.Size([1, 1, 800])
00:18:49 ~ root ~ DEBUG : torch.Size([1, 64, 10])
00:18:49 ~ root ~ DEBUG : torch.Size([1, 640])
00:18:50 ~ root ~ DEBUG : amp shape: (8190,), freq shape: (8189,)
00:18:50 ~ root ~ DEBUG : freq shape: (8189,), dt: 0.0001220703125, theta0: 0.0
00:18:50 ~ root ~ DEBUG : amp shape: (8190,), freq shape: (8189,), phase shape: (8190,)
00:18:50 ~ umamipe ~ INFO : Generated waveform from ML model with shape: (1, 2, 8190)
00:18:50 ~ umamipe ~ INFO : Waveform shapes after adding dummy element at the start: (8192,), (8192,)
00:18:50 ~ umamipe ~ INFO : Generating waveform using ML model for parameters:
00:18:50 ~ umamipe ~ INFO : Converted (a_i, tilt_i, phi_i) to (spin_i_z): -0.3746092648184114, -0.42606170898236506
00:18:50 ~ umamipe ~ INFO : Formatted parameters for waveform generation:
00:18:50 ~ umamipe ~ INFO : Final parameters for waveform generation:
00:18:50 ~ umamipe ~ INFO : Generating waveform using ML model for parameters:
00:18:50 ~ umamipe ~ INFO : Using model: None and transformed model <bound method MLWaveformGenerator.get_ml_waveform of MLWaveformGenerator(duration=1.0, sampling_frequency=8192, start_time=0.0, frequency_domain_source_model=None, time_domain_source_model=umamipe.get_ml_waveform, parameter_conversion=umamipe.convert_to_ml_parameters, waveform_arguments={'model_path': '../v0p1/trained-models/model-20251004_072338-10', 'config_path': 'modelconfig-cvae-paper-I'})>
00:18:50 ~ umamipe ~ INFO : Generating waveform using ML model for parameters:
00:18:50 ~ umamipe ~ INFO : Generating waveform using ML model for parameters:
00:18:50 ~ umamipe ~ INFO : Received parameters for waveform generation: {'geocent_time': 0.0, 'mass_1': np.float64(36.035149892289425), 'mass_2': np.float64(64.53633168000425), 'luminosity_distance': np.float64(3488.2986106168364), 'dec': np.float64(0.18792621124646663), 'ra': np.float64(2.4197854290681224), 'theta_jn': np.float64(2.0058279510429475), 'psi': np.float64(0.1117400236773981), 'phase': np.float64(3.0861483545044224), 'chi_1': np.float64(-0.03270413325613671), 'chi_2': np.float64(0.18069021779887454), 'chi_1z': np.float64(-0.3746092648184114), 'chi_2z': np.float64(-0.42606170898236506), 'spin_1z': np.float64(-0.3746092648184114), 'spin_2z': np.float64(-0.42606170898236506), 'model_path': '../v0p1/trained-models/model-20251004_072338-10', 'config_path': 'modelconfig-cvae-paper-I'}
00:18:50 ~ root ~ INFO : Model set to evaluation mode for generation.
00:18:50 ~ root ~ DEBUG : torch.Size([1, 15])
00:18:50 ~ root ~ DEBUG : torch.Size([1, 1, 800])
00:18:50 ~ root ~ DEBUG : torch.Size([1, 64, 10])
00:18:50 ~ root ~ DEBUG : torch.Size([1, 640])
00:18:50 ~ root ~ DEBUG : amp shape: (8190,), freq shape: (8189,)
00:18:50 ~ root ~ DEBUG : freq shape: (8189,), dt: 0.0001220703125, theta0: 0.0
00:18:50 ~ root ~ DEBUG : amp shape: (8190,), freq shape: (8189,), phase shape: (8190,)
00:18:50 ~ umamipe ~ INFO : Generated waveform from ML model with shape: (1, 2, 8190)
00:18:50 ~ umamipe ~ INFO : Waveform shapes after adding dummy element at the start: (8192,), (8192,)
00:18:50 ~ umamipe ~ INFO : Generating waveform using ML model for parameters:
00:18:50 ~ umamipe ~ INFO : Converted (a_i, tilt_i, phi_i) to (spin_i_z): 0.410935816789044, 0.03680732445195667
00:18:50 ~ umamipe ~ INFO : Formatted parameters for waveform generation:
00:18:50 ~ umamipe ~ INFO : Final parameters for waveform generation:
00:18:50 ~ umamipe ~ INFO : Generating waveform using ML model for parameters:
00:18:50 ~ umamipe ~ INFO : Using model: None and transformed model <bound method MLWaveformGenerator.get_ml_waveform of MLWaveformGenerator(duration=1.0, sampling_frequency=8192, start_time=0.0, frequency_domain_source_model=None, time_domain_source_model=umamipe.get_ml_waveform, parameter_conversion=umamipe.convert_to_ml_parameters, waveform_arguments={'model_path': '../v0p1/trained-models/model-20251004_072338-10', 'config_path': 'modelconfig-cvae-paper-I'})>
00:18:50 ~ umamipe ~ INFO : Generating waveform using ML model for parameters:
00:18:50 ~ umamipe ~ INFO : Generating waveform using ML model for parameters:
00:18:50 ~ umamipe ~ INFO : Received parameters for waveform generation: {'geocent_time': 0.0, 'mass_1': np.float64(44.39245217661042), 'mass_2': np.float64(51.62446157743441), 'luminosity_distance': np.float64(2188.2946354179608), 'dec': np.float64(0.37730247528357586), 'ra': np.float64(2.083574998605288), 'theta_jn': np.float64(1.4131991798246255), 'psi': np.float64(1.7517314142246547), 'phase': np.float64(2.367977563213984), 'chi_1': np.float64(0.13223162489930412), 'chi_2': np.float64(0.09144802968711638), 'chi_1z': np.float64(0.410935816789044), 'chi_2z': np.float64(0.03680732445195667), 'spin_1z': np.float64(0.410935816789044), 'spin_2z': np.float64(0.03680732445195667), 'model_path': '../v0p1/trained-models/model-20251004_072338-10', 'config_path': 'modelconfig-cvae-paper-I'}
00:18:50 ~ root ~ INFO : Model set to evaluation mode for generation.
00:18:50 ~ root ~ DEBUG : torch.Size([1, 15])
00:18:50 ~ root ~ DEBUG : torch.Size([1, 1, 800])
00:18:50 ~ root ~ DEBUG : torch.Size([1, 64, 10])
00:18:50 ~ root ~ DEBUG : torch.Size([1, 640])
00:18:50 ~ root ~ DEBUG : amp shape: (8190,), freq shape: (8189,)
00:18:50 ~ root ~ DEBUG : freq shape: (8189,), dt: 0.0001220703125, theta0: 0.0
00:18:50 ~ root ~ DEBUG : amp shape: (8190,), freq shape: (8189,), phase shape: (8190,)
00:18:50 ~ umamipe ~ INFO : Generated waveform from ML model with shape: (1, 2, 8190)
00:18:50 ~ umamipe ~ INFO : Waveform shapes after adding dummy element at the start: (8192,), (8192,)
00:18:50 ~ umamipe ~ INFO : Generating waveform using ML model for parameters:
00:18:50 ~ umamipe ~ INFO : Converted (a_i, tilt_i, phi_i) to (spin_i_z): 0.6056260582356188, 0.36078387076447127
00:18:50 ~ umamipe ~ INFO : Formatted parameters for waveform generation:
00:18:50 ~ umamipe ~ INFO : Final parameters for waveform generation:
00:18:50 ~ umamipe ~ INFO : Generating waveform using ML model for parameters:
00:18:50 ~ umamipe ~ INFO : Using model: None and transformed model <bound method MLWaveformGenerator.get_ml_waveform of MLWaveformGenerator(duration=1.0, sampling_frequency=8192, start_time=0.0, frequency_domain_source_model=None, time_domain_source_model=umamipe.get_ml_waveform, parameter_conversion=umamipe.convert_to_ml_parameters, waveform_arguments={'model_path': '../v0p1/trained-models/model-20251004_072338-10', 'config_path': 'modelconfig-cvae-paper-I'})>
00:18:50 ~ umamipe ~ INFO : Generating waveform using ML model for parameters:
00:18:50 ~ umamipe ~ INFO : Generating waveform using ML model for parameters:
00:18:50 ~ umamipe ~ INFO : Received parameters for waveform generation: {'geocent_time': 0.0, 'mass_1': np.float64(46.533983454784774), 'mass_2': np.float64(39.05074699737797), 'luminosity_distance': np.float64(3150.8831984283966), 'dec': np.float64(0.8420792879996187), 'ra': np.float64(0.7604294058435785), 'theta_jn': np.float64(0.9652680716156434), 'psi': np.float64(2.0899313453013946), 'phase': np.float64(3.6125280517991105), 'chi_1': np.float64(0.475290397267288), 'chi_2': np.float64(-0.6723884828538955), 'chi_1z': np.float64(0.6056260582356188), 'chi_2z': np.float64(0.36078387076447127), 'spin_1z': np.float64(0.6056260582356188), 'spin_2z': np.float64(0.36078387076447127), 'model_path': '../v0p1/trained-models/model-20251004_072338-10', 'config_path': 'modelconfig-cvae-paper-I'}
00:18:50 ~ root ~ INFO : Model set to evaluation mode for generation.
00:18:50 ~ root ~ DEBUG : torch.Size([1, 15])
00:18:50 ~ root ~ DEBUG : torch.Size([1, 1, 800])
00:18:50 ~ root ~ DEBUG : torch.Size([1, 64, 10])
00:18:50 ~ root ~ DEBUG : torch.Size([1, 640])
00:18:50 ~ root ~ DEBUG : amp shape: (8190,), freq shape: (8189,)
00:18:50 ~ root ~ DEBUG : freq shape: (8189,), dt: 0.0001220703125, theta0: 0.0
00:18:50 ~ root ~ DEBUG : amp shape: (8190,), freq shape: (8189,), phase shape: (8190,)
00:18:50 ~ umamipe ~ INFO : Generated waveform from ML model with shape: (1, 2, 8190)
00:18:50 ~ umamipe ~ INFO : Waveform shapes after adding dummy element at the start: (8192,), (8192,)
00:18:50 ~ umamipe ~ INFO : Generating waveform using ML model for parameters:
00:18:50 ~ umamipe ~ INFO : Converted (a_i, tilt_i, phi_i) to (spin_i_z): -0.1189068265905473, 0.39575123720375815
00:18:50 ~ umamipe ~ INFO : Formatted parameters for waveform generation:
00:18:50 ~ umamipe ~ INFO : Final parameters for waveform generation:
00:18:50 ~ umamipe ~ INFO : Generating waveform using ML model for parameters:
00:18:50 ~ umamipe ~ INFO : Using model: None and transformed model <bound method MLWaveformGenerator.get_ml_waveform of MLWaveformGenerator(duration=1.0, sampling_frequency=8192, start_time=0.0, frequency_domain_source_model=None, time_domain_source_model=umamipe.get_ml_waveform, parameter_conversion=umamipe.convert_to_ml_parameters, waveform_arguments={'model_path': '../v0p1/trained-models/model-20251004_072338-10', 'config_path': 'modelconfig-cvae-paper-I'})>
00:18:50 ~ umamipe ~ INFO : Generating waveform using ML model for parameters:
00:18:50 ~ umamipe ~ INFO : Generating waveform using ML model for parameters:
00:18:50 ~ umamipe ~ INFO : Received parameters for waveform generation: {'geocent_time': 0.0, 'mass_1': np.float64(64.89825092080687), 'mass_2': np.float64(47.04001856685819), 'luminosity_distance': np.float64(2634.1825970864566), 'dec': np.float64(-1.3304026939108495), 'ra': np.float64(4.947412560261551), 'theta_jn': np.float64(0.8272621559118886), 'psi': np.float64(0.7104057547520884), 'phase': np.float64(1.7376868231300866), 'chi_1': np.float64(0.36777377432693836), 'chi_2': np.float64(-0.14314275541084792), 'chi_1z': np.float64(-0.1189068265905473), 'chi_2z': np.float64(0.39575123720375815), 'spin_1z': np.float64(-0.1189068265905473), 'spin_2z': np.float64(0.39575123720375815), 'model_path': '../v0p1/trained-models/model-20251004_072338-10', 'config_path': 'modelconfig-cvae-paper-I'}
00:18:50 ~ root ~ INFO : Model set to evaluation mode for generation.
00:18:50 ~ root ~ DEBUG : torch.Size([1, 15])
00:18:50 ~ root ~ DEBUG : torch.Size([1, 1, 800])
00:18:50 ~ root ~ DEBUG : torch.Size([1, 64, 10])
00:18:50 ~ root ~ DEBUG : torch.Size([1, 640])
00:18:50 ~ root ~ DEBUG : amp shape: (8190,), freq shape: (8189,)
00:18:50 ~ root ~ DEBUG : freq shape: (8189,), dt: 0.0001220703125, theta0: 0.0
00:18:50 ~ root ~ DEBUG : amp shape: (8190,), freq shape: (8189,), phase shape: (8190,)
00:18:50 ~ umamipe ~ INFO : Generated waveform from ML model with shape: (1, 2, 8190)
00:18:50 ~ umamipe ~ INFO : Waveform shapes after adding dummy element at the start: (8192,), (8192,)
00:18:50 ~ umamipe ~ INFO : Generating waveform using ML model for parameters:
00:18:50 ~ umamipe ~ INFO : Converted (a_i, tilt_i, phi_i) to (spin_i_z): 0.3617067267615435, -0.7164308662250959
00:18:50 ~ umamipe ~ INFO : Formatted parameters for waveform generation:
00:18:50 ~ umamipe ~ INFO : Final parameters for waveform generation:
00:18:50 ~ umamipe ~ INFO : Generating waveform using ML model for parameters:
00:18:50 ~ umamipe ~ INFO : Using model: None and transformed model <bound method MLWaveformGenerator.get_ml_waveform of MLWaveformGenerator(duration=1.0, sampling_frequency=8192, start_time=0.0, frequency_domain_source_model=None, time_domain_source_model=umamipe.get_ml_waveform, parameter_conversion=umamipe.convert_to_ml_parameters, waveform_arguments={'model_path': '../v0p1/trained-models/model-20251004_072338-10', 'config_path': 'modelconfig-cvae-paper-I'})>
00:18:50 ~ umamipe ~ INFO : Generating waveform using ML model for parameters:
00:18:50 ~ umamipe ~ INFO : Generating waveform using ML model for parameters:
00:18:50 ~ umamipe ~ INFO : Received parameters for waveform generation: {'geocent_time': 0.0, 'mass_1': np.float64(70.15219503480017), 'mass_2': np.float64(65.60321371757155), 'luminosity_distance': np.float64(3509.032077544922), 'dec': np.float64(-1.477398615085898), 'ra': np.float64(0.9917522925612958), 'theta_jn': np.float64(1.0554979967457006), 'psi': np.float64(1.2998828247409135), 'phase': np.float64(2.2757044650244715), 'chi_1': np.float64(0.004455528793862962), 'chi_2': np.float64(-0.041832281429668945), 'chi_1z': np.float64(0.3617067267615435), 'chi_2z': np.float64(-0.7164308662250959), 'spin_1z': np.float64(0.3617067267615435), 'spin_2z': np.float64(-0.7164308662250959), 'model_path': '../v0p1/trained-models/model-20251004_072338-10', 'config_path': 'modelconfig-cvae-paper-I'}
00:18:50 ~ root ~ INFO : Model set to evaluation mode for generation.
00:18:50 ~ root ~ DEBUG : torch.Size([1, 15])
00:18:50 ~ root ~ DEBUG : torch.Size([1, 1, 800])
00:18:50 ~ root ~ DEBUG : torch.Size([1, 64, 10])
00:18:50 ~ root ~ DEBUG : torch.Size([1, 640])
00:18:50 ~ root ~ DEBUG : amp shape: (8190,), freq shape: (8189,)
00:18:50 ~ root ~ DEBUG : freq shape: (8189,), dt: 0.0001220703125, theta0: 0.0
00:18:50 ~ root ~ DEBUG : amp shape: (8190,), freq shape: (8189,), phase shape: (8190,)
00:18:50 ~ umamipe ~ INFO : Generated waveform from ML model with shape: (1, 2, 8190)
00:18:50 ~ umamipe ~ INFO : Waveform shapes after adding dummy element at the start: (8192,), (8192,)
00:18:50 ~ umamipe ~ INFO : Generating waveform using ML model for parameters:
00:18:50 ~ umamipe ~ INFO : Converted (a_i, tilt_i, phi_i) to (spin_i_z): 0.3088028966918004, -0.3606472622693584
00:18:50 ~ umamipe ~ INFO : Formatted parameters for waveform generation:
00:18:50 ~ umamipe ~ INFO : Final parameters for waveform generation:
00:18:50 ~ umamipe ~ INFO : Generating waveform using ML model for parameters:
00:18:50 ~ umamipe ~ INFO : Using model: None and transformed model <bound method MLWaveformGenerator.get_ml_waveform of MLWaveformGenerator(duration=1.0, sampling_frequency=8192, start_time=0.0, frequency_domain_source_model=None, time_domain_source_model=umamipe.get_ml_waveform, parameter_conversion=umamipe.convert_to_ml_parameters, waveform_arguments={'model_path': '../v0p1/trained-models/model-20251004_072338-10', 'config_path': 'modelconfig-cvae-paper-I'})>
00:18:50 ~ umamipe ~ INFO : Generating waveform using ML model for parameters:
00:18:50 ~ umamipe ~ INFO : Generating waveform using ML model for parameters:
00:18:50 ~ umamipe ~ INFO : Received parameters for waveform generation: {'geocent_time': 0.0, 'mass_1': np.float64(74.76276791428094), 'mass_2': np.float64(67.93764836417758), 'luminosity_distance': np.float64(2750.1526828560345), 'dec': np.float64(-0.20788999116053422), 'ra': np.float64(6.0551478366406455), 'theta_jn': np.float64(2.629270608965777), 'psi': np.float64(1.2351911850908095), 'phase': np.float64(0.374577299425583), 'chi_1': np.float64(0.7808954574748831), 'chi_2': np.float64(0.08942770406646569), 'chi_1z': np.float64(0.3088028966918004), 'chi_2z': np.float64(-0.3606472622693584), 'spin_1z': np.float64(0.3088028966918004), 'spin_2z': np.float64(-0.3606472622693584), 'model_path': '../v0p1/trained-models/model-20251004_072338-10', 'config_path': 'modelconfig-cvae-paper-I'}
00:18:50 ~ root ~ INFO : Model set to evaluation mode for generation.
00:18:50 ~ root ~ DEBUG : torch.Size([1, 15])
00:18:50 ~ root ~ DEBUG : torch.Size([1, 1, 800])
00:18:50 ~ root ~ DEBUG : torch.Size([1, 64, 10])
00:18:50 ~ root ~ DEBUG : torch.Size([1, 640])
00:18:50 ~ root ~ DEBUG : amp shape: (8190,), freq shape: (8189,)
00:18:50 ~ root ~ DEBUG : freq shape: (8189,), dt: 0.0001220703125, theta0: 0.0
00:18:50 ~ root ~ DEBUG : amp shape: (8190,), freq shape: (8189,), phase shape: (8190,)
00:18:50 ~ umamipe ~ INFO : Generated waveform from ML model with shape: (1, 2, 8190)
00:18:50 ~ umamipe ~ INFO : Waveform shapes after adding dummy element at the start: (8192,), (8192,)
00:18:50 ~ umamipe ~ INFO : Generating waveform using ML model for parameters:
00:18:50 ~ umamipe ~ INFO : Converted (a_i, tilt_i, phi_i) to (spin_i_z): -0.28642328114179083, -0.34009779604842283
00:18:50 ~ umamipe ~ INFO : Formatted parameters for waveform generation:
00:18:50 ~ umamipe ~ INFO : Final parameters for waveform generation:
00:18:50 ~ umamipe ~ INFO : Generating waveform using ML model for parameters:
00:18:50 ~ umamipe ~ INFO : Using model: None and transformed model <bound method MLWaveformGenerator.get_ml_waveform of MLWaveformGenerator(duration=1.0, sampling_frequency=8192, start_time=0.0, frequency_domain_source_model=None, time_domain_source_model=umamipe.get_ml_waveform, parameter_conversion=umamipe.convert_to_ml_parameters, waveform_arguments={'model_path': '../v0p1/trained-models/model-20251004_072338-10', 'config_path': 'modelconfig-cvae-paper-I'})>
00:18:50 ~ umamipe ~ INFO : Generating waveform using ML model for parameters:
00:18:50 ~ umamipe ~ INFO : Generating waveform using ML model for parameters:
00:18:50 ~ umamipe ~ INFO : Received parameters for waveform generation: {'geocent_time': 0.0, 'mass_1': np.float64(66.8417011384712), 'mass_2': np.float64(55.08668443610206), 'luminosity_distance': np.float64(3274.80530404621), 'dec': np.float64(0.5033970767566701), 'ra': np.float64(2.336713322546466), 'theta_jn': np.float64(1.4291326054348534), 'psi': np.float64(2.0493451706076513), 'phase': np.float64(4.018639997616464), 'chi_1': np.float64(0.6735129701052011), 'chi_2': np.float64(0.02705586357611338), 'chi_1z': np.float64(-0.28642328114179083), 'chi_2z': np.float64(-0.34009779604842283), 'spin_1z': np.float64(-0.28642328114179083), 'spin_2z': np.float64(-0.34009779604842283), 'model_path': '../v0p1/trained-models/model-20251004_072338-10', 'config_path': 'modelconfig-cvae-paper-I'}
00:18:50 ~ root ~ INFO : Model set to evaluation mode for generation.
00:18:50 ~ root ~ DEBUG : torch.Size([1, 15])
00:18:50 ~ root ~ DEBUG : torch.Size([1, 1, 800])
00:18:50 ~ root ~ DEBUG : torch.Size([1, 64, 10])
00:18:50 ~ root ~ DEBUG : torch.Size([1, 640])
00:18:50 ~ root ~ DEBUG : amp shape: (8190,), freq shape: (8189,)
00:18:50 ~ root ~ DEBUG : freq shape: (8189,), dt: 0.0001220703125, theta0: 0.0
00:18:50 ~ root ~ DEBUG : amp shape: (8190,), freq shape: (8189,), phase shape: (8190,)
00:18:50 ~ umamipe ~ INFO : Generated waveform from ML model with shape: (1, 2, 8190)
00:18:50 ~ umamipe ~ INFO : Waveform shapes after adding dummy element at the start: (8192,), (8192,)
00:18:50 ~ umamipe ~ INFO : Generating waveform using ML model for parameters:
00:18:50 ~ umamipe ~ INFO : Converted (a_i, tilt_i, phi_i) to (spin_i_z): 0.6481120425957936, 0.04217903170431825
00:18:50 ~ umamipe ~ INFO : Formatted parameters for waveform generation:
00:18:50 ~ umamipe ~ INFO : Final parameters for waveform generation:
00:18:50 ~ umamipe ~ INFO : Generating waveform using ML model for parameters:
00:18:50 ~ umamipe ~ INFO : Using model: None and transformed model <bound method MLWaveformGenerator.get_ml_waveform of MLWaveformGenerator(duration=1.0, sampling_frequency=8192, start_time=0.0, frequency_domain_source_model=None, time_domain_source_model=umamipe.get_ml_waveform, parameter_conversion=umamipe.convert_to_ml_parameters, waveform_arguments={'model_path': '../v0p1/trained-models/model-20251004_072338-10', 'config_path': 'modelconfig-cvae-paper-I'})>
00:18:50 ~ umamipe ~ INFO : Generating waveform using ML model for parameters:
00:18:50 ~ umamipe ~ INFO : Generating waveform using ML model for parameters:
00:18:50 ~ umamipe ~ INFO : Received parameters for waveform generation: {'geocent_time': 0.0, 'mass_1': np.float64(54.030855288165924), 'mass_2': np.float64(35.38015238114637), 'luminosity_distance': np.float64(3691.9687635069877), 'dec': np.float64(-0.22129181380145924), 'ra': np.float64(2.2116628719099736), 'theta_jn': np.float64(0.9083529202982578), 'psi': np.float64(1.5563869799162209), 'phase': np.float64(0.23645474334687183), 'chi_1': np.float64(0.05439883722541391), 'chi_2': np.float64(-0.14556064909750346), 'chi_1z': np.float64(0.6481120425957936), 'chi_2z': np.float64(0.04217903170431825), 'spin_1z': np.float64(0.6481120425957936), 'spin_2z': np.float64(0.04217903170431825), 'model_path': '../v0p1/trained-models/model-20251004_072338-10', 'config_path': 'modelconfig-cvae-paper-I'}
00:18:50 ~ root ~ INFO : Model set to evaluation mode for generation.
00:18:50 ~ root ~ DEBUG : torch.Size([1, 15])
00:18:50 ~ root ~ DEBUG : torch.Size([1, 1, 800])
00:18:50 ~ root ~ DEBUG : torch.Size([1, 64, 10])
00:18:50 ~ root ~ DEBUG : torch.Size([1, 640])
00:18:50 ~ root ~ DEBUG : amp shape: (8190,), freq shape: (8189,)
00:18:50 ~ root ~ DEBUG : freq shape: (8189,), dt: 0.0001220703125, theta0: 0.0
00:18:50 ~ root ~ DEBUG : amp shape: (8190,), freq shape: (8189,), phase shape: (8190,)
00:18:50 ~ umamipe ~ INFO : Generated waveform from ML model with shape: (1, 2, 8190)
00:18:50 ~ umamipe ~ INFO : Waveform shapes after adding dummy element at the start: (8192,), (8192,)
00:18:50 ~ umamipe ~ INFO : Generating waveform using ML model for parameters:
00:18:50 ~ umamipe ~ INFO : Converted (a_i, tilt_i, phi_i) to (spin_i_z): -0.6171958160375809, -0.5307096972035608
00:18:50 ~ umamipe ~ INFO : Formatted parameters for waveform generation:
00:18:50 ~ umamipe ~ INFO : Final parameters for waveform generation:
00:18:50 ~ umamipe ~ INFO : Generating waveform using ML model for parameters:
00:18:50 ~ umamipe ~ INFO : Using model: None and transformed model <bound method MLWaveformGenerator.get_ml_waveform of MLWaveformGenerator(duration=1.0, sampling_frequency=8192, start_time=0.0, frequency_domain_source_model=None, time_domain_source_model=umamipe.get_ml_waveform, parameter_conversion=umamipe.convert_to_ml_parameters, waveform_arguments={'model_path': '../v0p1/trained-models/model-20251004_072338-10', 'config_path': 'modelconfig-cvae-paper-I'})>
00:18:50 ~ umamipe ~ INFO : Generating waveform using ML model for parameters:
00:18:50 ~ umamipe ~ INFO : Generating waveform using ML model for parameters:
00:18:50 ~ umamipe ~ INFO : Received parameters for waveform generation: {'geocent_time': 0.0, 'mass_1': np.float64(65.12642566580558), 'mass_2': np.float64(68.30349881297845), 'luminosity_distance': np.float64(4632.12997362989), 'dec': np.float64(0.8349485518284367), 'ra': np.float64(1.4166618516617462), 'theta_jn': np.float64(1.1665032810163238), 'psi': np.float64(2.2240531715379306), 'phase': np.float64(3.3779559531396126), 'chi_1': np.float64(0.05587176287713861), 'chi_2': np.float64(0.11009730758187146), 'chi_1z': np.float64(-0.6171958160375809), 'chi_2z': np.float64(-0.5307096972035608), 'spin_1z': np.float64(-0.6171958160375809), 'spin_2z': np.float64(-0.5307096972035608), 'model_path': '../v0p1/trained-models/model-20251004_072338-10', 'config_path': 'modelconfig-cvae-paper-I'}
00:18:50 ~ root ~ INFO : Model set to evaluation mode for generation.
00:18:50 ~ root ~ DEBUG : torch.Size([1, 15])
00:18:50 ~ root ~ DEBUG : torch.Size([1, 1, 800])
00:18:50 ~ root ~ DEBUG : torch.Size([1, 64, 10])
00:18:50 ~ root ~ DEBUG : torch.Size([1, 640])
00:18:50 ~ root ~ DEBUG : amp shape: (8190,), freq shape: (8189,)
00:18:50 ~ root ~ DEBUG : freq shape: (8189,), dt: 0.0001220703125, theta0: 0.0
00:18:50 ~ root ~ DEBUG : amp shape: (8190,), freq shape: (8189,), phase shape: (8190,)
00:18:50 ~ umamipe ~ INFO : Generated waveform from ML model with shape: (1, 2, 8190)
00:18:50 ~ umamipe ~ INFO : Waveform shapes after adding dummy element at the start: (8192,), (8192,)
00:18:50 ~ umamipe ~ INFO : Generating waveform using ML model for parameters:
00:18:50 ~ umamipe ~ INFO : Converted (a_i, tilt_i, phi_i) to (spin_i_z): -0.6674843274311014, 0.028250612880359682
00:18:50 ~ umamipe ~ INFO : Formatted parameters for waveform generation:
00:18:50 ~ umamipe ~ INFO : Final parameters for waveform generation:
00:18:50 ~ umamipe ~ INFO : Generating waveform using ML model for parameters:
00:18:50 ~ umamipe ~ INFO : Using model: None and transformed model <bound method MLWaveformGenerator.get_ml_waveform of MLWaveformGenerator(duration=1.0, sampling_frequency=8192, start_time=0.0, frequency_domain_source_model=None, time_domain_source_model=umamipe.get_ml_waveform, parameter_conversion=umamipe.convert_to_ml_parameters, waveform_arguments={'model_path': '../v0p1/trained-models/model-20251004_072338-10', 'config_path': 'modelconfig-cvae-paper-I'})>
00:18:50 ~ umamipe ~ INFO : Generating waveform using ML model for parameters:
00:18:50 ~ umamipe ~ INFO : Generating waveform using ML model for parameters:
00:18:50 ~ umamipe ~ INFO : Received parameters for waveform generation: {'geocent_time': 0.0, 'mass_1': 42.99145855543398, 'mass_2': 52.69126685472437, 'luminosity_distance': 2216.0355845043505, 'dec': np.float64(-1.0736325431521243), 'ra': 3.139601205710598, 'theta_jn': np.float64(1.3971349828298705), 'psi': 0.10125055712868024, 'phase': 4.531896609828861, 'chi_1': 0.08182315073110893, 'chi_2': -0.503419662912872, 'chi_1z': -0.6674843274311014, 'chi_2z': 0.028250612880359682, 'spin_1z': -0.6674843274311014, 'spin_2z': 0.028250612880359682, 'model_path': '../v0p1/trained-models/model-20251004_072338-10', 'config_path': 'modelconfig-cvae-paper-I'}
00:18:50 ~ root ~ INFO : Model set to evaluation mode for generation.
00:18:50 ~ root ~ DEBUG : torch.Size([1, 15])
00:18:50 ~ root ~ DEBUG : torch.Size([1, 1, 800])
00:18:50 ~ root ~ DEBUG : torch.Size([1, 64, 10])
00:18:50 ~ root ~ DEBUG : torch.Size([1, 640])
00:18:50 ~ root ~ DEBUG : amp shape: (8190,), freq shape: (8189,)
00:18:50 ~ root ~ DEBUG : freq shape: (8189,), dt: 0.0001220703125, theta0: 0.0
00:18:50 ~ root ~ DEBUG : amp shape: (8190,), freq shape: (8189,), phase shape: (8190,)
00:18:50 ~ umamipe ~ INFO : Generated waveform from ML model with shape: (1, 2, 8190)
00:18:50 ~ umamipe ~ INFO : Waveform shapes after adding dummy element at the start: (8192,), (8192,)
00:18:50 ~ nessai.proposal.utils ~ DEBUG : Found the following external proposals: dict_keys([])
00:18:50 ~ umamipe ~ INFO : Generating waveform using ML model for parameters:
00:18:50 ~ umamipe ~ INFO : Converted (a_i, tilt_i, phi_i) to (spin_i_z): 0.45151617429278423, 0.5650655751551568
00:18:50 ~ umamipe ~ INFO : Formatted parameters for waveform generation:
00:18:50 ~ umamipe ~ INFO : Final parameters for waveform generation:
00:18:50 ~ umamipe ~ INFO : Generating waveform using ML model for parameters:
00:18:50 ~ umamipe ~ INFO : Using model: None and transformed model <bound method MLWaveformGenerator.get_ml_waveform of MLWaveformGenerator(duration=1.0, sampling_frequency=8192, start_time=0.0, frequency_domain_source_model=None, time_domain_source_model=umamipe.get_ml_waveform, parameter_conversion=umamipe.convert_to_ml_parameters, waveform_arguments={'model_path': '../v0p1/trained-models/model-20251004_072338-10', 'config_path': 'modelconfig-cvae-paper-I'})>
00:18:50 ~ umamipe ~ INFO : Generating waveform using ML model for parameters:
00:18:50 ~ umamipe ~ INFO : Generating waveform using ML model for parameters:
00:18:50 ~ umamipe ~ INFO : Received parameters for waveform generation: {'geocent_time': 0.0, 'mass_1': 52.45434972961357, 'mass_2': 63.63326379580043, 'luminosity_distance': 2953.7708842920533, 'dec': np.float64(-0.6114909271860729), 'ra': 3.0561914859970187, 'theta_jn': np.float64(1.2497852711160886), 'psi': 0.4752486698356395, 'phase': 2.9599045999016784, 'chi_1': -0.24790615218787324, 'chi_2': -0.010628522223650596, 'chi_1z': 0.45151617429278423, 'chi_2z': 0.5650655751551568, 'spin_1z': 0.45151617429278423, 'spin_2z': 0.5650655751551568, 'model_path': '../v0p1/trained-models/model-20251004_072338-10', 'config_path': 'modelconfig-cvae-paper-I'}
00:18:50 ~ root ~ INFO : Model set to evaluation mode for generation.
00:18:50 ~ root ~ DEBUG : torch.Size([1, 15])
00:18:50 ~ root ~ DEBUG : torch.Size([1, 1, 800])
00:18:50 ~ root ~ DEBUG : torch.Size([1, 64, 10])
00:18:50 ~ root ~ DEBUG : torch.Size([1, 640])
00:18:50 ~ root ~ DEBUG : amp shape: (8190,), freq shape: (8189,)
00:18:50 ~ root ~ DEBUG : freq shape: (8189,), dt: 0.0001220703125, theta0: 0.0
00:18:50 ~ root ~ DEBUG : amp shape: (8190,), freq shape: (8189,), phase shape: (8190,)
00:18:50 ~ umamipe ~ INFO : Generated waveform from ML model with shape: (1, 2, 8190)
00:18:50 ~ umamipe ~ INFO : Waveform shapes after adding dummy element at the start: (8192,), (8192,)
